[2026-01-30 00:32:11.000]  [ExtensionConfiguration] ErrorCode:0 INFO: Initializing ExtensionConfiguration
[2026-01-30 00:32:11.000]  [FindConfigSequenceNumber] ErrorCode:1110 WARN: Unable to read ConfigSequenceNumber environment variable for extension, 0
[2026-01-30 00:32:11.000]  [FindLatestSettingsFileNumber] ErrorCode:0 INFO: Looking in folder C:\Packages\Plugins\Microsoft.Azure.Monitor.AzureMonitorWindowsAgent\1.39.0.0\RuntimeSettings
[2026-01-30 00:32:11.000]  [FindLatestSettingsFileNumber] ErrorCode:0 WARN: No config file found. Assuming 0
[2026-01-30 00:32:11.000]  [FindLatestSettingsFileNumber] ErrorCode:0 INFO: Config File:0
[2026-01-30 00:32:11.000]  [ParseExtensionSettingsJson] ErrorCode:0 WARN: extension settings file C:\Packages\Plugins\Microsoft.Azure.Monitor.AzureMonitorWindowsAgent\1.39.0.0\RuntimeSettings\0.settings does not exist
[2026-01-30 00:32:11.000]  [StatusReporting] ErrorCode:0 INFO: Status file :C:\Packages\Plugins\Microsoft.Azure.Monitor.AzureMonitorWindowsAgent\1.39.0.0\Status\0.status
[2026-01-30 00:32:11.000]  [HeartbeatReporting] ErrorCode:0 INFO: HeartBeat file :C:\Packages\Plugins\Microsoft.Azure.Monitor.AzureMonitorWindowsAgent\1.39.0.0\Status\HeartBeat.Json
[2026-01-30 00:32:11.000]  [QueryRegValueString] ErrorCode:0 INFO: Query Registry for Key:SOFTWARE\Microsoft\Windows Azure, Name:VMType
[2026-01-30 00:32:11.000]  [QueryRegValueString] ErrorCode:0 INFO: Query Registry for Key:SOFTWARE\Microsoft\Windows Azure, Name:VMType, Value:IAAS
[2026-01-30 00:32:11.000]  [StatusAggregator] ErrorCode:0 INFO: StatusAggregator getting initialized
[2026-01-30 00:32:11.000]  [StatusAggregator] ErrorCode:0 INFO: Completed Setting the event for status aggregator thread
[2026-01-30 00:32:11.000]  [HeartbeatAggregator] ErrorCode:0 INFO: Heartbeat aggregator getting initialized
[2026-01-30 00:32:11.000]  [HeartbeatAggregator] ErrorCode:0 INFO: Completed Setting the event for heartbeat aggregator thread
[2026-01-30 00:32:11.000]  [ParseHealthMonitorCommand] ErrorCode:0 INFO: ShutdownEventName:Global\AMA-HealthMonitor-ShutdownEvent MaResetSignal:AzureMonitorAgent-ResetEvent Operation:enable
[2026-01-30 00:32:11.000]  [StartSendingStatus] ErrorCode:0 INFO: Start the thread for sending constant Status
[2026-01-30 00:32:11.000]  [StartSendingStatus] ErrorCode:0 INFO: Started the thread for sending constant Status
[2026-01-30 00:32:11.000]  [StartSendingHeartbeat] ErrorCode:0 INFO: Start the thread for sending constant heartbeat
[2026-01-30 00:32:11.000]  [StartSendingHeartbeat] ErrorCode:0 INFO: Started the thread for sending constant heartbeat
[2026-01-30 00:32:11.000]  [StartAggregatingHeartbeat] ErrorCode:0 INFO: Start the thread for sending constant heartbeat aggregation
[2026-01-30 00:32:11.000]  [StartAggregatingHeartbeat] ErrorCode:0 INFO: Started the thread for sending constant heartbeat aggregation
[2026-01-30 00:33:11.000]  [WriteHeartbeatToFile] ErrorCode:0 INFO: Sending the heartbeat.
[2026-01-30 00:33:11.000]  [WriteStatusToFile] ErrorCode:0 INFO: Sending the status.
[2026-01-30 00:33:11.000]  [WriteStatusToFile] ErrorCode:0 INFO: Done Sending the status.
[2026-01-30 00:33:11.000]  [WriteHeartbeatToFile] ErrorCode:0 INFO: Done Sending the heartbeat.
[2026-01-30 00:33:11.000]  [StartMetricsExtension] ErrorCode:0 INFO: MetricsExtension launch arguments: -stopEvent AMA-MetricsExtension-ShutdownEvent -diagnosticsProvider 410033f0-fd73-11f0-8b37-002248784a84 -TokenSource AMCS -ExecutionPriorityLevel 0 -OperationEnvironment AMA-Windows/1.39.0.0 -ManagedIdentity sai -Input etw,otlp_grpc -OtlpGrpcHost 127.0.0.1 -ConfigOverrides {\"enableInternalMetricsGigQosTarget\":false}
[2026-01-30 00:33:11.000]  [StartProcess] ErrorCode:0 INFO: Starting the command: Monitoring\Agent\Extensions\MetricsExtension\MetricsExtension.Native.exe -stopEvent AMA-MetricsExtension-ShutdownEvent -diagnosticsProvider 410033f0-fd73-11f0-8b37-002248784a84 -TokenSource AMCS -ExecutionPriorityLevel 0 -OperationEnvironment AMA-Windows/1.39.0.0 -ManagedIdentity sai -Input etw,otlp_grpc -OtlpGrpcHost 127.0.0.1 -ConfigOverrides {\"enableInternalMetricsGigQosTarget\":false}.
[2026-01-30 00:33:11.000]  [StartMetricsExtension] ErrorCode:0 INFO: Metrics extension started successfully
[2026-01-30 00:33:11.000]  [StartMetricsExtension] ErrorCode:0 INFO: Job object created or opened for metrics extension
[2026-01-30 00:33:11.000]  [StartMetricsExtension] ErrorCode:0 INFO: Job object limits set successfully for metrics extension.
[2026-01-30 00:33:11.000]  [AggregateHeartbeat] ErrorCode:0 INFO: Start heartbeat aggregation.
[2026-01-30 00:33:11.000]  [QueryRegValueDWORD] ErrorCode:0 INFO: Query Registry for Key:SOFTWARE\Microsoft\Windows Azure\CurrentVersion\AzureMonitorAgentExtension\47.4.1.0, Name:MaServiceProcess
[2026-01-30 00:33:11.000]  [QueryRegValueDWORD] ErrorCode:0 INFO: Query Registry for Key:SOFTWARE\Microsoft\Windows Azure\CurrentVersion\AzureMonitorAgentExtension\47.4.1.0, Name:MaServiceProcess, Value:1904
[2026-01-30 00:33:11.000]  [FindProcessById] ErrorCode:0 INFO: Attempt to find the process MonAgentLauncher.exe with ID: 1904.
[2026-01-30 00:33:11.000]  [FindProcessById] ErrorCode:0 INFO: No Running Process MonAgentLauncher.exe found. ID: 1904.
[2026-01-30 00:33:11.000]  [CheckIfMAServiceIsRunByExtension] ErrorCode:1301 INFO: The MA process is not running based on the m_registry
[2026-01-30 00:33:11.000]  [QueryRegValueDWORD] ErrorCode:0 INFO: Query Registry for Key:SOFTWARE\Microsoft\Windows Azure\CurrentVersion\AzureMonitorAgentExtension\47.4.1.0, Name:AMAMultitenantServiceProcess
[2026-01-30 00:33:11.000]  [QueryRegValueDWORD] ErrorCode:0 ERROR: RegQueryValueExA: failed to query REG_DWORD value, Key:SOFTWARE\Microsoft\Windows Azure\CurrentVersion\AzureMonitorAgentExtension\47.4.1.0, name=AMAMultitenantServiceProcess, error=2, type=0
[2026-01-30 00:33:11.000]  [CheckIfMAServiceIsRunByExtension] ErrorCode:1205 INFO: Unable to read the m_registry for MA process. Assume it is not running.
[2026-01-30 00:33:11.000]  [CheckIfMAServiceIsRunByCustomer] ErrorCode:0 INFO: MA Serivce is not run by customer.
[2026-01-30 00:33:11.000]  [AggregateHeartbeat] ErrorCode:0 INFO: Configured MA Service is not running on the node.
[2026-01-30 00:33:11.000]  [SetImdsEnvironmentVariable] ErrorCode:0 INFO: Querying IMDS information
[2026-01-30 00:33:11.000]  [SetImdsEnvironmentVariable] ErrorCode:-1 INFO: Preparing to call IMDS. Endpoint: http://169.254.169.254
[2026-01-30 00:33:11.000]  [QueryIMDSEndpoint] ErrorCode:0 INFO: Queried IMDS successfully.
[2026-01-30 00:33:11.000]  [GetValueFromJsonOrDefault] ErrorCode:0 INFO: Read Imds response field with Name:location Value: westus2
[2026-01-30 00:33:11.000]  [GetValueFromJsonOrDefault] ErrorCode:0 INFO: Read Imds response field with Name:name Value: amawin
[2026-01-30 00:33:11.000]  [GetValueFromJsonOrDefault] ErrorCode:0 INFO: Read Imds response field with Name:subscriptionId Value: 351651ce-5feb-4e59-975d-f1f344e2b717
[2026-01-30 00:33:11.000]  [GetValueFromJsonOrDefault] ErrorCode:0 INFO: Read Imds response field with Name:vmId Value: 22afd636-aec1-4782-9055-f85ea283dc20
[2026-01-30 00:33:11.000]  [GetValueFromJsonOrDefault] ErrorCode:0 INFO: Read Imds response field with Name:vmScaleSetName Value: 
[2026-01-30 00:33:11.000]  [GetValueFromJsonOrDefault] ErrorCode:0 INFO: Read Imds response field with Name:resourceGroupName Value: AMAWin_group
[2026-01-30 00:33:11.000]  [GetValueFromJsonOrDefault] ErrorCode:0 INFO: Read Imds response field with Name:osType Value: Windows
[2026-01-30 00:33:11.000]  [GetValueFromJsonOrDefault] ErrorCode:0 INFO: Read Imds response field with Name:resourceId Value: /subscriptions/351651ce-5feb-4e59-975d-f1f344e2b717/resourceGroups/AMAWin_group/providers/Microsoft.Compute/virtualMachines/amawin
[2026-01-30 00:33:11.000]  [GetValueFromJsonOrDefault] ErrorCode:0 INFO: Read Imds response field with Name:azEnvironment Value: AzurePublicCloud
[2026-01-30 00:33:11.000]  [SetImdsEnvironmentVariable] ErrorCode:0 INFO: Successfully set Environment variables from Imds
[2026-01-30 00:33:11.000]  [StartAzureMA] ErrorCode:0 INFO: Starting agent with MCS:Monitoring\Agent\MonAgentLauncher.exe  -useenv -ShutDownEvent AzureMonitorAgentExtension-ShutdownEventName -TotalShutDownEvent AzureMonitorAgentExtension-TotalShutdownEventName -StartEvent AzureMonitorAgentExtension-StartAgentEventName -StopEvent AzureMonitorAgentExtension-StopAgentEventName
[2026-01-30 00:33:11.000]  [SetSecurityAttributesOnDir] ErrorCode:0 INFO: Explicit ACE is already set by user. Skipping setting security info.
[2026-01-30 00:33:11.000]  [ValidateDataStorePersistence] ErrorCode:0 INFO: Validating persistence key for the data store at path: C:\WindowsAzure\Resources\AMADataStore.amawin\.persistencekey.
[2026-01-30 00:33:11.000]  [ValidateDataStorePersistence] ErrorCode:0 INFO: Key file exist in data store
[2026-01-30 00:33:11.000]  [ValidateDataStorePersistence] ErrorCode:0 INFO: The key file's real path: \\?\C:\WindowsAzure\Resources\AMADataStore.amawin\.persistencekey.
[2026-01-30 00:33:11.000]  [DoesRegValueExist] ErrorCode:0 INFO: Query Registry for Key:SOFTWARE\Microsoft\AzureMonitorAgent\Secrets, Name:PersistenceKeyCreated
[2026-01-30 00:33:11.000]  [ValidateDataStorePersistence] ErrorCode:0 INFO: The registry value  exist
[2026-01-30 00:33:11.000]  [SetRegSecurityDescriptorOnSubKey] ErrorCode:0 INFO: Setting security descriptor for registry key: SOFTWARE\Microsoft\AzureMonitorAgent\Secrets
[2026-01-30 00:33:11.000]  [ValidateDataStorePersistence] ErrorCode:0 INFO: Validating persistence key in file and registry.
[2026-01-30 00:33:11.000]  [ValidateDataStorePersistence] ErrorCode:0 INFO: Validated persistence key in file. Launching AMA.
[2026-01-30 00:33:11.000]  [StartAzureMA] ErrorCode:0 INFO: Successfully validated datastore persistence C:\WindowsAzure\Resources\AMADataStore.amawin\
[2026-01-30 00:33:11.000]  [StartHealthMonitor] ErrorCode:0 ERROR: Environment variable MA_RoleEnvironment_VmScaleSetName not found.
[2026-01-30 00:33:11.000]  [AddAgentVersionToEnvVars] ErrorCode:0 INFO: Agent version=[1.39.0.0]
[2026-01-30 00:33:11.000]  [AddSystemUuidToEnvVars] ErrorCode:0 INFO: Env Var: 22AFD636-AEC1-4782-9055-F85EA283DC20
[2026-01-30 00:33:11.000]  [AddSmBiosAssestTagToEnvVars] ErrorCode:0 INFO: Env Var: 7783-7084-3265-9085-8269-3286-77
[2026-01-30 00:33:11.000]  [AddParentJobObjectLimitsEnabledToEnvVars] ErrorCode:0 INFO: Parent job cpu rate flags=0x0
[2026-01-30 00:33:11.000]  [AddLargeEventsEnableEnvironmentVariable] ErrorCode:0 INFO: LargeEvents feature Enabled.
[2026-01-30 00:33:11.000]  [AddMeDiagProviderIdToEnvVars] ErrorCode:0 INFO: Successfully added ME diagnostics provider id: AmaMeDiagnosticProvider=410033f0-fd73-11f0-8b37-002248784a84
[2026-01-30 00:33:11.000]  [StartAzureMA] ErrorCode:0 INFO: MCS endpoints, regional=[MCS_REGIONAL_ENDPOINT=https://westus2.handler.control.monitor.azure.com], global=[MCS_GLOBAL_ENDPOINT=https://global.handler.control.monitor.azure.com], resource=[MCS_AZURE_RESOURCE_ENDPOINT=https://monitor.azure.com/]
[2026-01-30 00:33:11.000]  [GetArcProxyAddress] ErrorCode:0 INFO: expandedArcAgentConfigFilePath: C:\ProgramData\AzureConnectedMachineAgent\Config\localconfig.json
[2026-01-30 00:33:11.000]  [GetArcProxyAddress] ErrorCode:0 INFO: Arc agent config file does not exist.
[2026-01-30 00:33:11.000]  [StartProcess] ErrorCode:0 INFO: Starting the command: Monitoring\Agent\MonAgentLauncher.exe -useenv -ShutDownEvent AzureMonitorAgentExtension-ShutdownEventName -TotalShutDownEvent AzureMonitorAgentExtension-TotalShutdownEventName -StartEvent AzureMonitorAgentExtension-StartAgentEventName -StopEvent AzureMonitorAgentExtension-StopAgentEventName.
[2026-01-30 00:33:11.000]  [SetRegValueDWORD] ErrorCode:0 INFO: Set Registry for Key:SOFTWARE\Microsoft\Windows Azure\CurrentVersion\AzureMonitorAgentExtension\47.4.1.0, Name:MaServiceProcess, Value:5676
[2026-01-30 00:33:11.000]  [SetRegValueDWORD] ErrorCode:0 INFO: Set Registry for Key:SOFTWARE\Microsoft\Windows Azure\CurrentVersion\AzureMonitorAgentExtension\47.4.1.0, Name:MaServiceProcess, Value:5676
[2026-01-30 00:33:11.000]  [AggregateHeartbeat] ErrorCode:0 INFO: Completed heartbeat aggregation.
[2026-01-30 00:33:41.000]  [WriteStatusToFile] ErrorCode:0 INFO: Sending the status.
[2026-01-30 00:33:41.000]  [WriteHeartbeatToFile] ErrorCode:0 INFO: Sending the heartbeat.
[2026-01-30 00:33:41.000]  [WriteHeartbeatToFile] ErrorCode:0 INFO: Done Sending the heartbeat.
[2026-01-30 00:33:41.000]  [WriteStatusToFile] ErrorCode:0 INFO: Done Sending the status.
[2026-01-30 00:34:11.000]  [WriteHeartbeatToFile] ErrorCode:0 INFO: Sending the heartbeat.
[2026-01-30 00:34:11.000]  [WriteStatusToFile] ErrorCode:0 INFO: Sending the status.
[2026-01-30 00:34:11.000]  [WriteHeartbeatToFile] ErrorCode:0 INFO: Done Sending the heartbeat.
[2026-01-30 00:34:11.000]  [WriteStatusToFile] ErrorCode:0 INFO: Done Sending the status.
[2026-01-30 00:34:11.000]  [FindProcessById] ErrorCode:0 INFO: Attempt to find the process MetricsExtension.Native.exe with ID: 3300.
[2026-01-30 00:34:11.000]  [FindProcessById] ErrorCode:0 INFO: Running Process MetricsExtension.Native.exe found. ID: 3300.
[2026-01-30 00:34:11.000]  [StartMetricsExtension] ErrorCode:0 ERROR: Metrics extension is already running
[2026-01-30 00:34:41.000]  [WriteStatusToFile] ErrorCode:0 INFO: Sending the status.
[2026-01-30 00:34:41.000]  [WriteHeartbeatToFile] ErrorCode:0 INFO: Sending the heartbeat.
[2026-01-30 00:34:41.000]  [WriteHeartbeatToFile] ErrorCode:0 INFO: Done Sending the heartbeat.
[2026-01-30 00:34:41.000]  [WriteStatusToFile] ErrorCode:0 INFO: Done Sending the status.
[2026-01-30 00:35:11.000]  [WriteHeartbeatToFile] ErrorCode:0 INFO: Sending the heartbeat.
[2026-01-30 00:35:11.000]  [WriteStatusToFile] ErrorCode:0 INFO: Sending the status.
[2026-01-30 00:35:11.000]  [WriteStatusToFile] ErrorCode:0 INFO: Done Sending the status.
[2026-01-30 00:35:11.000]  [WriteHeartbeatToFile] ErrorCode:0 INFO: Done Sending the heartbeat.
[2026-01-30 00:35:11.000]  [FindProcessById] ErrorCode:0 INFO: Attempt to find the process MetricsExtension.Native.exe with ID: 3300.
[2026-01-30 00:35:11.000]  [FindProcessById] ErrorCode:0 INFO: Running Process MetricsExtension.Native.exe found. ID: 3300.
[2026-01-30 00:35:11.000]  [StartMetricsExtension] ErrorCode:0 ERROR: Metrics extension is already running
[2026-01-30 00:35:41.000]  [WriteHeartbeatToFile] ErrorCode:0 INFO: Sending the heartbeat.
[2026-01-30 00:35:41.000]  [WriteStatusToFile] ErrorCode:0 INFO: Sending the status.
[2026-01-30 00:35:41.000]  [WriteStatusToFile] ErrorCode:0 INFO: Done Sending the status.
[2026-01-30 00:35:41.000]  [WriteHeartbeatToFile] ErrorCode:0 INFO: Done Sending the heartbeat.
[2026-01-30 00:36:11.000]  [WriteStatusToFile] ErrorCode:0 INFO: Sending the status.
[2026-01-30 00:36:11.000]  [WriteHeartbeatToFile] ErrorCode:0 INFO: Sending the heartbeat.
[2026-01-30 00:36:11.000]  [WriteStatusToFile] ErrorCode:0 INFO: Done Sending the status.
[2026-01-30 00:36:11.000]  [WriteHeartbeatToFile] ErrorCode:0 INFO: Done Sending the heartbeat.
[2026-01-30 00:36:11.000]  [FindProcessById] ErrorCode:0 INFO: Attempt to find the process MetricsExtension.Native.exe with ID: 3300.
[2026-01-30 00:36:11.000]  [FindProcessById] ErrorCode:0 INFO: Running Process MetricsExtension.Native.exe found. ID: 3300.
[2026-01-30 00:36:11.000]  [StartMetricsExtension] ErrorCode:0 ERROR: Metrics extension is already running
[2026-01-30 00:36:41.000]  [WriteHeartbeatToFile] ErrorCode:0 INFO: Sending the heartbeat.
[2026-01-30 00:36:41.000]  [WriteStatusToFile] ErrorCode:0 INFO: Sending the status.
[2026-01-30 00:36:41.000]  [WriteHeartbeatToFile] ErrorCode:0 INFO: Done Sending the heartbeat.
[2026-01-30 00:36:41.000]  [WriteStatusToFile] ErrorCode:0 INFO: Done Sending the status.
[2026-01-30 00:37:11.000]  [WriteStatusToFile] ErrorCode:0 INFO: Sending the status.
[2026-01-30 00:37:11.000]  [WriteHeartbeatToFile] ErrorCode:0 INFO: Sending the heartbeat.
[2026-01-30 00:37:11.000]  [WriteHeartbeatToFile] ErrorCode:0 INFO: Done Sending the heartbeat.
[2026-01-30 00:37:11.000]  [WriteStatusToFile] ErrorCode:0 INFO: Done Sending the status.
[2026-01-30 00:37:11.000]  [FindProcessById] ErrorCode:0 INFO: Attempt to find the process MetricsExtension.Native.exe with ID: 3300.
[2026-01-30 00:37:11.000]  [FindProcessById] ErrorCode:0 INFO: Running Process MetricsExtension.Native.exe found. ID: 3300.
[2026-01-30 00:37:11.000]  [StartMetricsExtension] ErrorCode:0 ERROR: Metrics extension is already running
[2026-01-30 00:37:41.000]  [WriteStatusToFile] ErrorCode:0 INFO: Sending the status.
[2026-01-30 00:37:41.000]  [WriteHeartbeatToFile] ErrorCode:0 INFO: Sending the heartbeat.
[2026-01-30 00:37:41.000]  [WriteStatusToFile] ErrorCode:0 INFO: Done Sending the status.
[2026-01-30 00:37:41.000]  [WriteHeartbeatToFile] ErrorCode:0 INFO: Done Sending the heartbeat.
[2026-01-30 00:38:11.000]  [WriteHeartbeatToFile] ErrorCode:0 INFO: Sending the heartbeat.
[2026-01-30 00:38:11.000]  [WriteStatusToFile] ErrorCode:0 INFO: Sending the status.
[2026-01-30 00:38:11.000]  [WriteHeartbeatToFile] ErrorCode:0 INFO: Done Sending the heartbeat.
[2026-01-30 00:38:11.000]  [WriteStatusToFile] ErrorCode:0 INFO: Done Sending the status.
[2026-01-30 00:38:11.000]  [FindProcessById] ErrorCode:0 INFO: Attempt to find the process MetricsExtension.Native.exe with ID: 3300.
[2026-01-30 00:38:11.000]  [FindProcessById] ErrorCode:0 INFO: Running Process MetricsExtension.Native.exe found. ID: 3300.
[2026-01-30 00:38:11.000]  [StartMetricsExtension] ErrorCode:0 ERROR: Metrics extension is already running
[2026-01-30 00:38:11.000]  [AggregateHeartbeat] ErrorCode:0 INFO: Start heartbeat aggregation.
[2026-01-30 00:38:11.000]  [QueryRegValueDWORD] ErrorCode:0 INFO: Query Registry for Key:SOFTWARE\Microsoft\Windows Azure\CurrentVersion\AzureMonitorAgentExtension\47.4.1.0, Name:MaServiceProcess
[2026-01-30 00:38:11.000]  [QueryRegValueDWORD] ErrorCode:0 INFO: Query Registry for Key:SOFTWARE\Microsoft\Windows Azure\CurrentVersion\AzureMonitorAgentExtension\47.4.1.0, Name:MaServiceProcess, Value:5676
[2026-01-30 00:38:11.000]  [FindProcessById] ErrorCode:0 INFO: Attempt to find the process MonAgentLauncher.exe with ID: 5676.
[2026-01-30 00:38:11.000]  [FindProcessById] ErrorCode:0 INFO: Running Process MonAgentLauncher.exe found. ID: 5676.
[2026-01-30 00:38:11.000]  [CheckIfMAServiceIsRunByExtension] ErrorCode:0 INFO: The MA process is running based on the m_registry
[2026-01-30 00:38:11.000]  [QueryRegValueDWORD] ErrorCode:0 INFO: Query Registry for Key:SOFTWARE\Microsoft\Windows Azure\CurrentVersion\AzureMonitorAgentExtension\47.4.1.0, Name:AMAMultitenantServiceProcess
[2026-01-30 00:38:11.000]  [QueryRegValueDWORD] ErrorCode:0 ERROR: RegQueryValueExA: failed to query REG_DWORD value, Key:SOFTWARE\Microsoft\Windows Azure\CurrentVersion\AzureMonitorAgentExtension\47.4.1.0, name=AMAMultitenantServiceProcess, error=2, type=0
[2026-01-30 00:38:11.000]  [CheckIfMAServiceIsRunByExtension] ErrorCode:1205 INFO: Unable to read the m_registry for MA process. Assume it is not running.
[2026-01-30 00:38:11.000]  [AggregateHeartbeat] ErrorCode:0 INFO: Configured MA Service is not running on the node.
[2026-01-30 00:38:11.000]  [SetImdsEnvironmentVariable] ErrorCode:0 INFO: Querying IMDS information
[2026-01-30 00:38:11.000]  [SetImdsEnvironmentVariable] ErrorCode:-1 INFO: Preparing to call IMDS. Endpoint: http://169.254.169.254
[2026-01-30 00:38:11.000]  [QueryIMDSEndpoint] ErrorCode:0 INFO: Queried IMDS successfully.
[2026-01-30 00:38:11.000]  [GetValueFromJsonOrDefault] ErrorCode:0 INFO: Read Imds response field with Name:location Value: westus2
[2026-01-30 00:38:11.000]  [GetValueFromJsonOrDefault] ErrorCode:0 INFO: Read Imds response field with Name:name Value: amawin
[2026-01-30 00:38:11.000]  [GetValueFromJsonOrDefault] ErrorCode:0 INFO: Read Imds response field with Name:subscriptionId Value: 351651ce-5feb-4e59-975d-f1f344e2b717
[2026-01-30 00:38:11.000]  [GetValueFromJsonOrDefault] ErrorCode:0 INFO: Read Imds response field with Name:vmId Value: 22afd636-aec1-4782-9055-f85ea283dc20
[2026-01-30 00:38:11.000]  [GetValueFromJsonOrDefault] ErrorCode:0 INFO: Read Imds response field with Name:vmScaleSetName Value: 
[2026-01-30 00:38:11.000]  [GetValueFromJsonOrDefault] ErrorCode:0 INFO: Read Imds response field with Name:resourceGroupName Value: AMAWin_group
[2026-01-30 00:38:11.000]  [GetValueFromJsonOrDefault] ErrorCode:0 INFO: Read Imds response field with Name:osType Value: Windows
[2026-01-30 00:38:11.000]  [GetValueFromJsonOrDefault] ErrorCode:0 INFO: Read Imds response field with Name:resourceId Value: /subscriptions/351651ce-5feb-4e59-975d-f1f344e2b717/resourceGroups/AMAWin_group/providers/Microsoft.Compute/virtualMachines/amawin
[2026-01-30 00:38:11.000]  [GetValueFromJsonOrDefault] ErrorCode:0 INFO: Read Imds response field with Name:azEnvironment Value: AzurePublicCloud
[2026-01-30 00:38:11.000]  [SetImdsEnvironmentVariable] ErrorCode:0 INFO: Successfully set Environment variables from Imds
[2026-01-30 00:38:11.000]  [AggregateHeartbeat] ErrorCode:0 INFO: Completed heartbeat aggregation.
[2026-01-30 00:38:41.000]  [WriteHeartbeatToFile] ErrorCode:0 INFO: Sending the heartbeat.
[2026-01-30 00:38:41.000]  [WriteStatusToFile] ErrorCode:0 INFO: Sending the status.
[2026-01-30 00:38:41.000]  [WriteStatusToFile] ErrorCode:0 INFO: Done Sending the status.
[2026-01-30 00:38:41.000]  [WriteHeartbeatToFile] ErrorCode:0 INFO: Done Sending the heartbeat.
[2026-01-30 00:39:11.000]  [WriteHeartbeatToFile] ErrorCode:0 INFO: Sending the heartbeat.
[2026-01-30 00:39:11.000]  [WriteStatusToFile] ErrorCode:0 INFO: Sending the status.
[2026-01-30 00:39:11.000]  [WriteStatusToFile] ErrorCode:0 INFO: Done Sending the status.
[2026-01-30 00:39:11.000]  [WriteHeartbeatToFile] ErrorCode:0 INFO: Done Sending the heartbeat.
[2026-01-30 00:39:11.000]  [FindProcessById] ErrorCode:0 INFO: Attempt to find the process MetricsExtension.Native.exe with ID: 3300.
[2026-01-30 00:39:11.000]  [FindProcessById] ErrorCode:0 INFO: Running Process MetricsExtension.Native.exe found. ID: 3300.
[2026-01-30 00:39:11.000]  [StartMetricsExtension] ErrorCode:0 ERROR: Metrics extension is already running
[2026-01-30 00:39:41.000]  [WriteStatusToFile] ErrorCode:0 INFO: Sending the status.
[2026-01-30 00:39:41.000]  [WriteHeartbeatToFile] ErrorCode:0 INFO: Sending the heartbeat.
[2026-01-30 00:39:41.000]  [WriteHeartbeatToFile] ErrorCode:0 INFO: Done Sending the heartbeat.
[2026-01-30 00:39:41.000]  [WriteStatusToFile] ErrorCode:0 INFO: Done Sending the status.
[2026-01-30 00:40:11.000]  [WriteStatusToFile] ErrorCode:0 INFO: Sending the status.
[2026-01-30 00:40:11.000]  [WriteHeartbeatToFile] ErrorCode:0 INFO: Sending the heartbeat.
[2026-01-30 00:40:11.000]  [WriteStatusToFile] ErrorCode:0 INFO: Done Sending the status.
[2026-01-30 00:40:11.000]  [WriteHeartbeatToFile] ErrorCode:0 INFO: Done Sending the heartbeat.
[2026-01-30 00:40:11.000]  [FindProcessById] ErrorCode:0 INFO: Attempt to find the process MetricsExtension.Native.exe with ID: 3300.
[2026-01-30 00:40:11.000]  [FindProcessById] ErrorCode:0 INFO: Running Process MetricsExtension.Native.exe found. ID: 3300.
[2026-01-30 00:40:11.000]  [StartMetricsExtension] ErrorCode:0 ERROR: Metrics extension is already running
[2026-01-30 00:40:41.000]  [WriteHeartbeatToFile] ErrorCode:0 INFO: Sending the heartbeat.
[2026-01-30 00:40:41.000]  [WriteStatusToFile] ErrorCode:0 INFO: Sending the status.
[2026-01-30 00:40:41.000]  [WriteStatusToFile] ErrorCode:0 INFO: Done Sending the status.
[2026-01-30 00:40:41.000]  [WriteHeartbeatToFile] ErrorCode:0 INFO: Done Sending the heartbeat.
[2026-01-30 00:41:11.000]  [WriteStatusToFile] ErrorCode:0 INFO: Sending the status.
[2026-01-30 00:41:11.000]  [WriteHeartbeatToFile] ErrorCode:0 INFO: Sending the heartbeat.
[2026-01-30 00:41:11.000]  [WriteHeartbeatToFile] ErrorCode:0 INFO: Done Sending the heartbeat.
[2026-01-30 00:41:11.000]  [WriteStatusToFile] ErrorCode:0 INFO: Done Sending the status.
[2026-01-30 00:41:11.000]  [FindProcessById] ErrorCode:0 INFO: Attempt to find the process MetricsExtension.Native.exe with ID: 3300.
[2026-01-30 00:41:11.000]  [FindProcessById] ErrorCode:0 INFO: Running Process MetricsExtension.Native.exe found. ID: 3300.
[2026-01-30 00:41:11.000]  [StartMetricsExtension] ErrorCode:0 ERROR: Metrics extension is already running
[2026-01-30 00:41:41.000]  [WriteHeartbeatToFile] ErrorCode:0 INFO: Sending the heartbeat.
[2026-01-30 00:41:41.000]  [WriteStatusToFile] ErrorCode:0 INFO: Sending the status.
[2026-01-30 00:41:41.000]  [WriteHeartbeatToFile] ErrorCode:0 INFO: Done Sending the heartbeat.
[2026-01-30 00:41:41.000]  [WriteStatusToFile] ErrorCode:0 INFO: Done Sending the status.
[2026-01-30 00:42:11.000]  [WriteHeartbeatToFile] ErrorCode:0 INFO: Sending the heartbeat.
[2026-01-30 00:42:11.000]  [WriteStatusToFile] ErrorCode:0 INFO: Sending the status.
[2026-01-30 00:42:11.000]  [WriteHeartbeatToFile] ErrorCode:0 INFO: Done Sending the heartbeat.
[2026-01-30 00:42:11.000]  [WriteStatusToFile] ErrorCode:0 INFO: Done Sending the status.
[2026-01-30 00:42:11.000]  [FindProcessById] ErrorCode:0 INFO: Attempt to find the process MetricsExtension.Native.exe with ID: 3300.
[2026-01-30 00:42:11.000]  [FindProcessById] ErrorCode:0 INFO: Running Process MetricsExtension.Native.exe found. ID: 3300.
[2026-01-30 00:42:11.000]  [StartMetricsExtension] ErrorCode:0 ERROR: Metrics extension is already running
[2026-01-30 00:42:41.000]  [WriteStatusToFile] ErrorCode:0 INFO: Sending the status.
[2026-01-30 00:42:41.000]  [WriteHeartbeatToFile] ErrorCode:0 INFO: Sending the heartbeat.
[2026-01-30 00:42:41.000]  [WriteStatusToFile] ErrorCode:0 INFO: Done Sending the status.
[2026-01-30 00:42:41.000]  [WriteHeartbeatToFile] ErrorCode:0 INFO: Done Sending the heartbeat.
[2026-01-30 00:43:11.000]  [WriteHeartbeatToFile] ErrorCode:0 INFO: Sending the heartbeat.
[2026-01-30 00:43:11.000]  [WriteStatusToFile] ErrorCode:0 INFO: Sending the status.
[2026-01-30 00:43:11.000]  [WriteStatusToFile] ErrorCode:0 INFO: Done Sending the status.
[2026-01-30 00:43:11.000]  [WriteHeartbeatToFile] ErrorCode:0 INFO: Done Sending the heartbeat.
[2026-01-30 00:43:11.000]  [FindProcessById] ErrorCode:0 INFO: Attempt to find the process MetricsExtension.Native.exe with ID: 3300.
[2026-01-30 00:43:11.000]  [FindProcessById] ErrorCode:0 INFO: Running Process MetricsExtension.Native.exe found. ID: 3300.
[2026-01-30 00:43:11.000]  [StartMetricsExtension] ErrorCode:0 ERROR: Metrics extension is already running
[2026-01-30 00:43:11.000]  [AggregateHeartbeat] ErrorCode:0 INFO: Start heartbeat aggregation.
[2026-01-30 00:43:11.000]  [QueryRegValueDWORD] ErrorCode:0 INFO: Query Registry for Key:SOFTWARE\Microsoft\Windows Azure\CurrentVersion\AzureMonitorAgentExtension\47.4.1.0, Name:MaServiceProcess
[2026-01-30 00:43:11.000]  [QueryRegValueDWORD] ErrorCode:0 INFO: Query Registry for Key:SOFTWARE\Microsoft\Windows Azure\CurrentVersion\AzureMonitorAgentExtension\47.4.1.0, Name:MaServiceProcess, Value:5676
[2026-01-30 00:43:11.000]  [FindProcessById] ErrorCode:0 INFO: Attempt to find the process MonAgentLauncher.exe with ID: 5676.
[2026-01-30 00:43:11.000]  [FindProcessById] ErrorCode:0 INFO: Running Process MonAgentLauncher.exe found. ID: 5676.
[2026-01-30 00:43:11.000]  [CheckIfMAServiceIsRunByExtension] ErrorCode:0 INFO: The MA process is running based on the m_registry
[2026-01-30 00:43:11.000]  [QueryRegValueDWORD] ErrorCode:0 INFO: Query Registry for Key:SOFTWARE\Microsoft\Windows Azure\CurrentVersion\AzureMonitorAgentExtension\47.4.1.0, Name:AMAMultitenantServiceProcess
[2026-01-30 00:43:11.000]  [QueryRegValueDWORD] ErrorCode:0 ERROR: RegQueryValueExA: failed to query REG_DWORD value, Key:SOFTWARE\Microsoft\Windows Azure\CurrentVersion\AzureMonitorAgentExtension\47.4.1.0, name=AMAMultitenantServiceProcess, error=2, type=0
[2026-01-30 00:43:11.000]  [CheckIfMAServiceIsRunByExtension] ErrorCode:1205 INFO: Unable to read the m_registry for MA process. Assume it is not running.
[2026-01-30 00:43:11.000]  [AggregateHeartbeat] ErrorCode:0 INFO: Configured MA Service is not running on the node.
[2026-01-30 00:43:11.000]  [SetImdsEnvironmentVariable] ErrorCode:0 INFO: Querying IMDS information
[2026-01-30 00:43:11.000]  [SetImdsEnvironmentVariable] ErrorCode:-1 INFO: Preparing to call IMDS. Endpoint: http://169.254.169.254
[2026-01-30 00:43:11.000]  [QueryIMDSEndpoint] ErrorCode:0 INFO: Queried IMDS successfully.
[2026-01-30 00:43:11.000]  [GetValueFromJsonOrDefault] ErrorCode:0 INFO: Read Imds response field with Name:location Value: westus2
[2026-01-30 00:43:11.000]  [GetValueFromJsonOrDefault] ErrorCode:0 INFO: Read Imds response field with Name:name Value: amawin
[2026-01-30 00:43:11.000]  [GetValueFromJsonOrDefault] ErrorCode:0 INFO: Read Imds response field with Name:subscriptionId Value: 351651ce-5feb-4e59-975d-f1f344e2b717
[2026-01-30 00:43:11.000]  [GetValueFromJsonOrDefault] ErrorCode:0 INFO: Read Imds response field with Name:vmId Value: 22afd636-aec1-4782-9055-f85ea283dc20
[2026-01-30 00:43:11.000]  [GetValueFromJsonOrDefault] ErrorCode:0 INFO: Read Imds response field with Name:vmScaleSetName Value: 
[2026-01-30 00:43:11.000]  [GetValueFromJsonOrDefault] ErrorCode:0 INFO: Read Imds response field with Name:resourceGroupName Value: AMAWin_group
[2026-01-30 00:43:11.000]  [GetValueFromJsonOrDefault] ErrorCode:0 INFO: Read Imds response field with Name:osType Value: Windows
[2026-01-30 00:43:11.000]  [GetValueFromJsonOrDefault] ErrorCode:0 INFO: Read Imds response field with Name:resourceId Value: /subscriptions/351651ce-5feb-4e59-975d-f1f344e2b717/resourceGroups/AMAWin_group/providers/Microsoft.Compute/virtualMachines/amawin
[2026-01-30 00:43:11.000]  [GetValueFromJsonOrDefault] ErrorCode:0 INFO: Read Imds response field with Name:azEnvironment Value: AzurePublicCloud
[2026-01-30 00:43:11.000]  [SetImdsEnvironmentVariable] ErrorCode:0 INFO: Successfully set Environment variables from Imds
[2026-01-30 00:43:11.000]  [AggregateHeartbeat] ErrorCode:0 INFO: Completed heartbeat aggregation.
[2026-01-30 00:43:41.000]  [WriteHeartbeatToFile] ErrorCode:0 INFO: Sending the heartbeat.
[2026-01-30 00:43:41.000]  [WriteStatusToFile] ErrorCode:0 INFO: Sending the status.
[2026-01-30 00:43:41.000]  [WriteHeartbeatToFile] ErrorCode:0 INFO: Done Sending the heartbeat.
[2026-01-30 00:43:41.000]  [WriteStatusToFile] ErrorCode:0 INFO: Done Sending the status.
[2026-01-30 00:44:11.000]  [WriteStatusToFile] ErrorCode:0 INFO: Sending the status.
[2026-01-30 00:44:11.000]  [WriteHeartbeatToFile] ErrorCode:0 INFO: Sending the heartbeat.
[2026-01-30 00:44:11.000]  [WriteStatusToFile] ErrorCode:0 INFO: Done Sending the status.
[2026-01-30 00:44:11.000]  [WriteHeartbeatToFile] ErrorCode:0 INFO: Done Sending the heartbeat.
[2026-01-30 00:44:11.000]  [FindProcessById] ErrorCode:0 INFO: Attempt to find the process MetricsExtension.Native.exe with ID: 3300.
[2026-01-30 00:44:11.000]  [FindProcessById] ErrorCode:0 INFO: Running Process MetricsExtension.Native.exe found. ID: 3300.
[2026-01-30 00:44:11.000]  [StartMetricsExtension] ErrorCode:0 ERROR: Metrics extension is already running
[2026-01-30 00:44:41.000]  [WriteHeartbeatToFile] ErrorCode:0 INFO: Sending the heartbeat.
[2026-01-30 00:44:41.000]  [WriteStatusToFile] ErrorCode:0 INFO: Sending the status.
[2026-01-30 00:44:41.000]  [WriteHeartbeatToFile] ErrorCode:0 INFO: Done Sending the heartbeat.
[2026-01-30 00:44:41.000]  [WriteStatusToFile] ErrorCode:0 INFO: Done Sending the status.
[2026-01-30 00:45:11.000]  [WriteHeartbeatToFile] ErrorCode:0 INFO: Sending the heartbeat.
[2026-01-30 00:45:11.000]  [WriteStatusToFile] ErrorCode:0 INFO: Sending the status.
[2026-01-30 00:45:11.000]  [WriteStatusToFile] ErrorCode:0 INFO: Done Sending the status.
[2026-01-30 00:45:11.000]  [WriteHeartbeatToFile] ErrorCode:0 INFO: Done Sending the heartbeat.
[2026-01-30 00:45:11.000]  [FindProcessById] ErrorCode:0 INFO: Attempt to find the process MetricsExtension.Native.exe with ID: 3300.
[2026-01-30 00:45:11.000]  [FindProcessById] ErrorCode:0 INFO: Running Process MetricsExtension.Native.exe found. ID: 3300.
[2026-01-30 00:45:11.000]  [StartMetricsExtension] ErrorCode:0 ERROR: Metrics extension is already running
[2026-01-30 00:45:41.000]  [WriteHeartbeatToFile] ErrorCode:0 INFO: Sending the heartbeat.
[2026-01-30 00:45:41.000]  [WriteStatusToFile] ErrorCode:0 INFO: Sending the status.
[2026-01-30 00:45:41.000]  [WriteHeartbeatToFile] ErrorCode:0 INFO: Done Sending the heartbeat.
[2026-01-30 00:45:41.000]  [WriteStatusToFile] ErrorCode:0 INFO: Done Sending the status.
[2026-01-30 00:46:11.000]  [WriteHeartbeatToFile] ErrorCode:0 INFO: Sending the heartbeat.
[2026-01-30 00:46:11.000]  [WriteStatusToFile] ErrorCode:0 INFO: Sending the status.
[2026-01-30 00:46:11.000]  [WriteHeartbeatToFile] ErrorCode:0 INFO: Done Sending the heartbeat.
[2026-01-30 00:46:11.000]  [WriteStatusToFile] ErrorCode:0 INFO: Done Sending the status.
[2026-01-30 00:46:11.000]  [FindProcessById] ErrorCode:0 INFO: Attempt to find the process MetricsExtension.Native.exe with ID: 3300.
[2026-01-30 00:46:11.000]  [FindProcessById] ErrorCode:0 INFO: Running Process MetricsExtension.Native.exe found. ID: 3300.
[2026-01-30 00:46:11.000]  [StartMetricsExtension] ErrorCode:0 ERROR: Metrics extension is already running
[2026-01-30 00:46:41.000]  [WriteHeartbeatToFile] ErrorCode:0 INFO: Sending the heartbeat.
[2026-01-30 00:46:41.000]  [WriteStatusToFile] ErrorCode:0 INFO: Sending the status.
[2026-01-30 00:46:41.000]  [WriteStatusToFile] ErrorCode:0 INFO: Done Sending the status.
[2026-01-30 00:46:41.000]  [WriteHeartbeatToFile] ErrorCode:0 INFO: Done Sending the heartbeat.
[2026-01-30 00:47:11.000]  [WriteStatusToFile] ErrorCode:0 INFO: Sending the status.
[2026-01-30 00:47:11.000]  [WriteHeartbeatToFile] ErrorCode:0 INFO: Sending the heartbeat.
[2026-01-30 00:47:11.000]  [WriteHeartbeatToFile] ErrorCode:0 INFO: Done Sending the heartbeat.
[2026-01-30 00:47:11.000]  [WriteStatusToFile] ErrorCode:0 INFO: Done Sending the status.
[2026-01-30 00:47:11.000]  [FindProcessById] ErrorCode:0 INFO: Attempt to find the process MetricsExtension.Native.exe with ID: 3300.
[2026-01-30 00:47:11.000]  [FindProcessById] ErrorCode:0 INFO: Running Process MetricsExtension.Native.exe found. ID: 3300.
[2026-01-30 00:47:11.000]  [StartMetricsExtension] ErrorCode:0 ERROR: Metrics extension is already running
[2026-01-30 00:47:41.000]  [WriteHeartbeatToFile] ErrorCode:0 INFO: Sending the heartbeat.
[2026-01-30 00:47:41.000]  [WriteStatusToFile] ErrorCode:0 INFO: Sending the status.
[2026-01-30 00:47:41.000]  [WriteHeartbeatToFile] ErrorCode:0 INFO: Done Sending the heartbeat.
[2026-01-30 00:47:41.000]  [WriteStatusToFile] ErrorCode:0 INFO: Done Sending the status.
[2026-01-30 00:48:11.000]  [WriteHeartbeatToFile] ErrorCode:0 INFO: Sending the heartbeat.
[2026-01-30 00:48:11.000]  [WriteStatusToFile] ErrorCode:0 INFO: Sending the status.
[2026-01-30 00:48:11.000]  [WriteHeartbeatToFile] ErrorCode:0 INFO: Done Sending the heartbeat.
[2026-01-30 00:48:11.000]  [WriteStatusToFile] ErrorCode:0 INFO: Done Sending the status.
[2026-01-30 00:48:11.000]  [FindProcessById] ErrorCode:0 INFO: Attempt to find the process MetricsExtension.Native.exe with ID: 3300.
[2026-01-30 00:48:11.000]  [FindProcessById] ErrorCode:0 INFO: Running Process MetricsExtension.Native.exe found. ID: 3300.
[2026-01-30 00:48:11.000]  [StartMetricsExtension] ErrorCode:0 ERROR: Metrics extension is already running
[2026-01-30 00:48:11.000]  [AggregateHeartbeat] ErrorCode:0 INFO: Start heartbeat aggregation.
[2026-01-30 00:48:11.000]  [QueryRegValueDWORD] ErrorCode:0 INFO: Query Registry for Key:SOFTWARE\Microsoft\Windows Azure\CurrentVersion\AzureMonitorAgentExtension\47.4.1.0, Name:MaServiceProcess
[2026-01-30 00:48:11.000]  [QueryRegValueDWORD] ErrorCode:0 INFO: Query Registry for Key:SOFTWARE\Microsoft\Windows Azure\CurrentVersion\AzureMonitorAgentExtension\47.4.1.0, Name:MaServiceProcess, Value:5676
[2026-01-30 00:48:11.000]  [FindProcessById] ErrorCode:0 INFO: Attempt to find the process MonAgentLauncher.exe with ID: 5676.
[2026-01-30 00:48:11.000]  [FindProcessById] ErrorCode:0 INFO: Running Process MonAgentLauncher.exe found. ID: 5676.
[2026-01-30 00:48:11.000]  [CheckIfMAServiceIsRunByExtension] ErrorCode:0 INFO: The MA process is running based on the m_registry
[2026-01-30 00:48:11.000]  [QueryRegValueDWORD] ErrorCode:0 INFO: Query Registry for Key:SOFTWARE\Microsoft\Windows Azure\CurrentVersion\AzureMonitorAgentExtension\47.4.1.0, Name:AMAMultitenantServiceProcess
[2026-01-30 00:48:11.000]  [QueryRegValueDWORD] ErrorCode:0 ERROR: RegQueryValueExA: failed to query REG_DWORD value, Key:SOFTWARE\Microsoft\Windows Azure\CurrentVersion\AzureMonitorAgentExtension\47.4.1.0, name=AMAMultitenantServiceProcess, error=2, type=0
[2026-01-30 00:48:11.000]  [CheckIfMAServiceIsRunByExtension] ErrorCode:1205 INFO: Unable to read the m_registry for MA process. Assume it is not running.
[2026-01-30 00:48:11.000]  [AggregateHeartbeat] ErrorCode:0 INFO: Configured MA Service is not running on the node.
[2026-01-30 00:48:11.000]  [SetImdsEnvironmentVariable] ErrorCode:0 INFO: Querying IMDS information
[2026-01-30 00:48:11.000]  [SetImdsEnvironmentVariable] ErrorCode:-1 INFO: Preparing to call IMDS. Endpoint: http://169.254.169.254
[2026-01-30 00:48:11.000]  [QueryIMDSEndpoint] ErrorCode:0 INFO: Queried IMDS successfully.
[2026-01-30 00:48:11.000]  [GetValueFromJsonOrDefault] ErrorCode:0 INFO: Read Imds response field with Name:location Value: westus2
[2026-01-30 00:48:11.000]  [GetValueFromJsonOrDefault] ErrorCode:0 INFO: Read Imds response field with Name:name Value: amawin
[2026-01-30 00:48:11.000]  [GetValueFromJsonOrDefault] ErrorCode:0 INFO: Read Imds response field with Name:subscriptionId Value: 351651ce-5feb-4e59-975d-f1f344e2b717
[2026-01-30 00:48:11.000]  [GetValueFromJsonOrDefault] ErrorCode:0 INFO: Read Imds response field with Name:vmId Value: 22afd636-aec1-4782-9055-f85ea283dc20
[2026-01-30 00:48:11.000]  [GetValueFromJsonOrDefault] ErrorCode:0 INFO: Read Imds response field with Name:vmScaleSetName Value: 
[2026-01-30 00:48:11.000]  [GetValueFromJsonOrDefault] ErrorCode:0 INFO: Read Imds response field with Name:resourceGroupName Value: AMAWin_group
[2026-01-30 00:48:11.000]  [GetValueFromJsonOrDefault] ErrorCode:0 INFO: Read Imds response field with Name:osType Value: Windows
[2026-01-30 00:48:11.000]  [GetValueFromJsonOrDefault] ErrorCode:0 INFO: Read Imds response field with Name:resourceId Value: /subscriptions/351651ce-5feb-4e59-975d-f1f344e2b717/resourceGroups/AMAWin_group/providers/Microsoft.Compute/virtualMachines/amawin
[2026-01-30 00:48:11.000]  [GetValueFromJsonOrDefault] ErrorCode:0 INFO: Read Imds response field with Name:azEnvironment Value: AzurePublicCloud
[2026-01-30 00:48:11.000]  [SetImdsEnvironmentVariable] ErrorCode:0 INFO: Successfully set Environment variables from Imds
[2026-01-30 00:48:11.000]  [AggregateHeartbeat] ErrorCode:0 INFO: Completed heartbeat aggregation.
[2026-01-30 00:48:41.000]  [WriteStatusToFile] ErrorCode:0 INFO: Sending the status.
[2026-01-30 00:48:41.000]  [WriteHeartbeatToFile] ErrorCode:0 INFO: Sending the heartbeat.
[2026-01-30 00:48:41.000]  [WriteStatusToFile] ErrorCode:0 INFO: Done Sending the status.
[2026-01-30 00:48:41.000]  [WriteHeartbeatToFile] ErrorCode:0 INFO: Done Sending the heartbeat.
[2026-01-30 00:49:11.000]  [WriteHeartbeatToFile] ErrorCode:0 INFO: Sending the heartbeat.
[2026-01-30 00:49:11.000]  [WriteStatusToFile] ErrorCode:0 INFO: Sending the status.
[2026-01-30 00:49:11.000]  [WriteHeartbeatToFile] ErrorCode:0 INFO: Done Sending the heartbeat.
[2026-01-30 00:49:11.000]  [WriteStatusToFile] ErrorCode:0 INFO: Done Sending the status.
[2026-01-30 00:49:11.000]  [FindProcessById] ErrorCode:0 INFO: Attempt to find the process MetricsExtension.Native.exe with ID: 3300.
[2026-01-30 00:49:11.000]  [FindProcessById] ErrorCode:0 INFO: Running Process MetricsExtension.Native.exe found. ID: 3300.
[2026-01-30 00:49:11.000]  [StartMetricsExtension] ErrorCode:0 ERROR: Metrics extension is already running
[2026-01-30 00:49:41.000]  [WriteHeartbeatToFile] ErrorCode:0 INFO: Sending the heartbeat.
[2026-01-30 00:49:41.000]  [WriteStatusToFile] ErrorCode:0 INFO: Sending the status.
[2026-01-30 00:49:41.000]  [WriteStatusToFile] ErrorCode:0 INFO: Done Sending the status.
[2026-01-30 00:49:41.000]  [WriteHeartbeatToFile] ErrorCode:0 INFO: Done Sending the heartbeat.
[2026-01-30 00:50:11.000]  [WriteStatusToFile] ErrorCode:0 INFO: Sending the status.
[2026-01-30 00:50:11.000]  [WriteHeartbeatToFile] ErrorCode:0 INFO: Sending the heartbeat.
[2026-01-30 00:50:11.000]  [WriteStatusToFile] ErrorCode:0 INFO: Done Sending the status.
[2026-01-30 00:50:11.000]  [WriteHeartbeatToFile] ErrorCode:0 INFO: Done Sending the heartbeat.
[2026-01-30 00:50:11.000]  [FindProcessById] ErrorCode:0 INFO: Attempt to find the process MetricsExtension.Native.exe with ID: 3300.
[2026-01-30 00:50:11.000]  [FindProcessById] ErrorCode:0 INFO: Running Process MetricsExtension.Native.exe found. ID: 3300.
[2026-01-30 00:50:11.000]  [StartMetricsExtension] ErrorCode:0 ERROR: Metrics extension is already running
[2026-01-30 00:50:41.000]  [WriteHeartbeatToFile] ErrorCode:0 INFO: Sending the heartbeat.
[2026-01-30 00:50:41.000]  [WriteStatusToFile] ErrorCode:0 INFO: Sending the status.
[2026-01-30 00:50:41.000]  [WriteStatusToFile] ErrorCode:0 INFO: Done Sending the status.
[2026-01-30 00:50:41.000]  [WriteHeartbeatToFile] ErrorCode:0 INFO: Done Sending the heartbeat.
[2026-01-30 00:51:11.000]  [WriteStatusToFile] ErrorCode:0 INFO: Sending the status.
[2026-01-30 00:51:11.000]  [WriteHeartbeatToFile] ErrorCode:0 INFO: Sending the heartbeat.
[2026-01-30 00:51:11.000]  [WriteStatusToFile] ErrorCode:0 INFO: Done Sending the status.
[2026-01-30 00:51:11.000]  [WriteHeartbeatToFile] ErrorCode:0 INFO: Done Sending the heartbeat.
[2026-01-30 00:51:11.000]  [FindProcessById] ErrorCode:0 INFO: Attempt to find the process MetricsExtension.Native.exe with ID: 3300.
[2026-01-30 00:51:11.000]  [FindProcessById] ErrorCode:0 INFO: Running Process MetricsExtension.Native.exe found. ID: 3300.
[2026-01-30 00:51:11.000]  [StartMetricsExtension] ErrorCode:0 ERROR: Metrics extension is already running
[2026-01-30 00:51:41.000]  [WriteStatusToFile] ErrorCode:0 INFO: Sending the status.
[2026-01-30 00:51:41.000]  [WriteHeartbeatToFile] ErrorCode:0 INFO: Sending the heartbeat.
[2026-01-30 00:51:41.000]  [WriteStatusToFile] ErrorCode:0 INFO: Done Sending the status.
[2026-01-30 00:51:41.000]  [WriteHeartbeatToFile] ErrorCode:0 INFO: Done Sending the heartbeat.
[2026-01-30 00:52:11.000]  [WriteStatusToFile] ErrorCode:0 INFO: Sending the status.
[2026-01-30 00:52:11.000]  [WriteHeartbeatToFile] ErrorCode:0 INFO: Sending the heartbeat.
[2026-01-30 00:52:11.000]  [WriteHeartbeatToFile] ErrorCode:0 INFO: Done Sending the heartbeat.
[2026-01-30 00:52:11.000]  [WriteStatusToFile] ErrorCode:0 INFO: Done Sending the status.
[2026-01-30 00:52:11.000]  [FindProcessById] ErrorCode:0 INFO: Attempt to find the process MetricsExtension.Native.exe with ID: 3300.
[2026-01-30 00:52:11.000]  [FindProcessById] ErrorCode:0 INFO: Running Process MetricsExtension.Native.exe found. ID: 3300.
[2026-01-30 00:52:11.000]  [StartMetricsExtension] ErrorCode:0 ERROR: Metrics extension is already running
[2026-01-30 00:52:41.000]  [WriteHeartbeatToFile] ErrorCode:0 INFO: Sending the heartbeat.
[2026-01-30 00:52:41.000]  [WriteStatusToFile] ErrorCode:0 INFO: Sending the status.
[2026-01-30 00:52:41.000]  [WriteHeartbeatToFile] ErrorCode:0 INFO: Done Sending the heartbeat.
[2026-01-30 00:52:41.000]  [WriteStatusToFile] ErrorCode:0 INFO: Done Sending the status.
[2026-01-30 00:53:11.000]  [WriteHeartbeatToFile] ErrorCode:0 INFO: Sending the heartbeat.
[2026-01-30 00:53:11.000]  [WriteStatusToFile] ErrorCode:0 INFO: Sending the status.
[2026-01-30 00:53:11.000]  [WriteHeartbeatToFile] ErrorCode:0 INFO: Done Sending the heartbeat.
[2026-01-30 00:53:11.000]  [WriteStatusToFile] ErrorCode:0 INFO: Done Sending the status.
[2026-01-30 00:53:11.000]  [FindProcessById] ErrorCode:0 INFO: Attempt to find the process MetricsExtension.Native.exe with ID: 3300.
[2026-01-30 00:53:11.000]  [FindProcessById] ErrorCode:0 INFO: Running Process MetricsExtension.Native.exe found. ID: 3300.
[2026-01-30 00:53:11.000]  [StartMetricsExtension] ErrorCode:0 ERROR: Metrics extension is already running
[2026-01-30 00:53:11.000]  [AggregateHeartbeat] ErrorCode:0 INFO: Start heartbeat aggregation.
[2026-01-30 00:53:11.000]  [QueryRegValueDWORD] ErrorCode:0 INFO: Query Registry for Key:SOFTWARE\Microsoft\Windows Azure\CurrentVersion\AzureMonitorAgentExtension\47.4.1.0, Name:MaServiceProcess
[2026-01-30 00:53:11.000]  [QueryRegValueDWORD] ErrorCode:0 INFO: Query Registry for Key:SOFTWARE\Microsoft\Windows Azure\CurrentVersion\AzureMonitorAgentExtension\47.4.1.0, Name:MaServiceProcess, Value:5676
[2026-01-30 00:53:11.000]  [FindProcessById] ErrorCode:0 INFO: Attempt to find the process MonAgentLauncher.exe with ID: 5676.
[2026-01-30 00:53:11.000]  [FindProcessById] ErrorCode:0 INFO: Running Process MonAgentLauncher.exe found. ID: 5676.
[2026-01-30 00:53:11.000]  [CheckIfMAServiceIsRunByExtension] ErrorCode:0 INFO: The MA process is running based on the m_registry
[2026-01-30 00:53:11.000]  [QueryRegValueDWORD] ErrorCode:0 INFO: Query Registry for Key:SOFTWARE\Microsoft\Windows Azure\CurrentVersion\AzureMonitorAgentExtension\47.4.1.0, Name:AMAMultitenantServiceProcess
[2026-01-30 00:53:11.000]  [QueryRegValueDWORD] ErrorCode:0 ERROR: RegQueryValueExA: failed to query REG_DWORD value, Key:SOFTWARE\Microsoft\Windows Azure\CurrentVersion\AzureMonitorAgentExtension\47.4.1.0, name=AMAMultitenantServiceProcess, error=2, type=0
[2026-01-30 00:53:11.000]  [CheckIfMAServiceIsRunByExtension] ErrorCode:1205 INFO: Unable to read the m_registry for MA process. Assume it is not running.
[2026-01-30 00:53:11.000]  [AggregateHeartbeat] ErrorCode:0 INFO: Configured MA Service is not running on the node.
[2026-01-30 00:53:11.000]  [SetImdsEnvironmentVariable] ErrorCode:0 INFO: Querying IMDS information
[2026-01-30 00:53:11.000]  [SetImdsEnvironmentVariable] ErrorCode:-1 INFO: Preparing to call IMDS. Endpoint: http://169.254.169.254
[2026-01-30 00:53:11.000]  [QueryIMDSEndpoint] ErrorCode:0 INFO: Queried IMDS successfully.
[2026-01-30 00:53:11.000]  [GetValueFromJsonOrDefault] ErrorCode:0 INFO: Read Imds response field with Name:location Value: westus2
[2026-01-30 00:53:11.000]  [GetValueFromJsonOrDefault] ErrorCode:0 INFO: Read Imds response field with Name:name Value: amawin
[2026-01-30 00:53:11.000]  [GetValueFromJsonOrDefault] ErrorCode:0 INFO: Read Imds response field with Name:subscriptionId Value: 351651ce-5feb-4e59-975d-f1f344e2b717
[2026-01-30 00:53:11.000]  [GetValueFromJsonOrDefault] ErrorCode:0 INFO: Read Imds response field with Name:vmId Value: 22afd636-aec1-4782-9055-f85ea283dc20
[2026-01-30 00:53:11.000]  [GetValueFromJsonOrDefault] ErrorCode:0 INFO: Read Imds response field with Name:vmScaleSetName Value: 
[2026-01-30 00:53:11.000]  [GetValueFromJsonOrDefault] ErrorCode:0 INFO: Read Imds response field with Name:resourceGroupName Value: AMAWin_group
[2026-01-30 00:53:11.000]  [GetValueFromJsonOrDefault] ErrorCode:0 INFO: Read Imds response field with Name:osType Value: Windows
[2026-01-30 00:53:11.000]  [GetValueFromJsonOrDefault] ErrorCode:0 INFO: Read Imds response field with Name:resourceId Value: /subscriptions/351651ce-5feb-4e59-975d-f1f344e2b717/resourceGroups/AMAWin_group/providers/Microsoft.Compute/virtualMachines/amawin
[2026-01-30 00:53:11.000]  [GetValueFromJsonOrDefault] ErrorCode:0 INFO: Read Imds response field with Name:azEnvironment Value: AzurePublicCloud
[2026-01-30 00:53:11.000]  [SetImdsEnvironmentVariable] ErrorCode:0 INFO: Successfully set Environment variables from Imds
[2026-01-30 00:53:11.000]  [AggregateHeartbeat] ErrorCode:0 INFO: Completed heartbeat aggregation.
[2026-01-30 00:53:41.000]  [WriteStatusToFile] ErrorCode:0 INFO: Sending the status.
[2026-01-30 00:53:41.000]  [WriteHeartbeatToFile] ErrorCode:0 INFO: Sending the heartbeat.
[2026-01-30 00:53:41.000]  [WriteHeartbeatToFile] ErrorCode:0 INFO: Done Sending the heartbeat.
[2026-01-30 00:53:41.000]  [WriteStatusToFile] ErrorCode:0 INFO: Done Sending the status.
[2026-01-30 00:54:11.000]  [WriteHeartbeatToFile] ErrorCode:0 INFO: Sending the heartbeat.
[2026-01-30 00:54:11.000]  [WriteStatusToFile] ErrorCode:0 INFO: Sending the status.
[2026-01-30 00:54:11.000]  [WriteHeartbeatToFile] ErrorCode:0 INFO: Done Sending the heartbeat.
[2026-01-30 00:54:11.000]  [WriteStatusToFile] ErrorCode:0 INFO: Done Sending the status.
[2026-01-30 00:54:11.000]  [FindProcessById] ErrorCode:0 INFO: Attempt to find the process MetricsExtension.Native.exe with ID: 3300.
[2026-01-30 00:54:11.000]  [FindProcessById] ErrorCode:0 INFO: Running Process MetricsExtension.Native.exe found. ID: 3300.
[2026-01-30 00:54:11.000]  [StartMetricsExtension] ErrorCode:0 ERROR: Metrics extension is already running
[2026-01-30 00:54:41.000]  [WriteStatusToFile] ErrorCode:0 INFO: Sending the status.
[2026-01-30 00:54:41.000]  [WriteHeartbeatToFile] ErrorCode:0 INFO: Sending the heartbeat.
[2026-01-30 00:54:41.000]  [WriteHeartbeatToFile] ErrorCode:0 INFO: Done Sending the heartbeat.
[2026-01-30 00:54:41.000]  [WriteStatusToFile] ErrorCode:0 INFO: Done Sending the status.
[2026-01-30 00:55:11.000]  [WriteStatusToFile] ErrorCode:0 INFO: Sending the status.
[2026-01-30 00:55:11.000]  [WriteHeartbeatToFile] ErrorCode:0 INFO: Sending the heartbeat.
[2026-01-30 00:55:11.000]  [WriteStatusToFile] ErrorCode:0 INFO: Done Sending the status.
[2026-01-30 00:55:11.000]  [WriteHeartbeatToFile] ErrorCode:0 INFO: Done Sending the heartbeat.
[2026-01-30 00:55:11.000]  [FindProcessById] ErrorCode:0 INFO: Attempt to find the process MetricsExtension.Native.exe with ID: 3300.
[2026-01-30 00:55:11.000]  [FindProcessById] ErrorCode:0 INFO: Running Process MetricsExtension.Native.exe found. ID: 3300.
[2026-01-30 00:55:11.000]  [StartMetricsExtension] ErrorCode:0 ERROR: Metrics extension is already running
[2026-01-30 00:55:41.000]  [WriteHeartbeatToFile] ErrorCode:0 INFO: Sending the heartbeat.
[2026-01-30 00:55:41.000]  [WriteStatusToFile] ErrorCode:0 INFO: Sending the status.
[2026-01-30 00:55:41.000]  [WriteHeartbeatToFile] ErrorCode:0 INFO: Done Sending the heartbeat.
[2026-01-30 00:55:41.000]  [WriteStatusToFile] ErrorCode:0 INFO: Done Sending the status.
[2026-01-30 00:56:11.000]  [WriteHeartbeatToFile] ErrorCode:0 INFO: Sending the heartbeat.
[2026-01-30 00:56:11.000]  [WriteStatusToFile] ErrorCode:0 INFO: Sending the status.
[2026-01-30 00:56:11.000]  [WriteStatusToFile] ErrorCode:0 INFO: Done Sending the status.
[2026-01-30 00:56:11.000]  [WriteHeartbeatToFile] ErrorCode:0 INFO: Done Sending the heartbeat.
[2026-01-30 00:56:11.000]  [FindProcessById] ErrorCode:0 INFO: Attempt to find the process MetricsExtension.Native.exe with ID: 3300.
[2026-01-30 00:56:11.000]  [FindProcessById] ErrorCode:0 INFO: Running Process MetricsExtension.Native.exe found. ID: 3300.
[2026-01-30 00:56:11.000]  [StartMetricsExtension] ErrorCode:0 ERROR: Metrics extension is already running
[2026-01-30 00:56:41.000]  [WriteHeartbeatToFile] ErrorCode:0 INFO: Sending the heartbeat.
[2026-01-30 00:56:41.000]  [WriteStatusToFile] ErrorCode:0 INFO: Sending the status.
[2026-01-30 00:56:41.000]  [WriteStatusToFile] ErrorCode:0 INFO: Done Sending the status.
[2026-01-30 00:56:41.000]  [WriteHeartbeatToFile] ErrorCode:0 INFO: Done Sending the heartbeat.
[2026-01-30 00:57:11.000]  [WriteHeartbeatToFile] ErrorCode:0 INFO: Sending the heartbeat.
[2026-01-30 00:57:11.000]  [WriteStatusToFile] ErrorCode:0 INFO: Sending the status.
[2026-01-30 00:57:11.000]  [WriteStatusToFile] ErrorCode:0 INFO: Done Sending the status.
[2026-01-30 00:57:11.000]  [WriteHeartbeatToFile] ErrorCode:0 INFO: Done Sending the heartbeat.
[2026-01-30 00:57:11.000]  [FindProcessById] ErrorCode:0 INFO: Attempt to find the process MetricsExtension.Native.exe with ID: 3300.
[2026-01-30 00:57:11.000]  [FindProcessById] ErrorCode:0 INFO: Running Process MetricsExtension.Native.exe found. ID: 3300.
[2026-01-30 00:57:11.000]  [StartMetricsExtension] ErrorCode:0 ERROR: Metrics extension is already running
[2026-01-30 00:57:41.000]  [WriteHeartbeatToFile] ErrorCode:0 INFO: Sending the heartbeat.
[2026-01-30 00:57:41.000]  [WriteStatusToFile] ErrorCode:0 INFO: Sending the status.
[2026-01-30 00:57:41.000]  [WriteStatusToFile] ErrorCode:0 INFO: Done Sending the status.
[2026-01-30 00:57:41.000]  [WriteHeartbeatToFile] ErrorCode:0 INFO: Done Sending the heartbeat.
[2026-01-30 00:58:11.000]  [WriteStatusToFile] ErrorCode:0 INFO: Sending the status.
[2026-01-30 00:58:11.000]  [WriteHeartbeatToFile] ErrorCode:0 INFO: Sending the heartbeat.
[2026-01-30 00:58:11.000]  [WriteHeartbeatToFile] ErrorCode:0 INFO: Done Sending the heartbeat.
[2026-01-30 00:58:11.000]  [WriteStatusToFile] ErrorCode:0 INFO: Done Sending the status.
[2026-01-30 00:58:11.000]  [FindProcessById] ErrorCode:0 INFO: Attempt to find the process MetricsExtension.Native.exe with ID: 3300.
[2026-01-30 00:58:11.000]  [FindProcessById] ErrorCode:0 INFO: Running Process MetricsExtension.Native.exe found. ID: 3300.
[2026-01-30 00:58:11.000]  [StartMetricsExtension] ErrorCode:0 ERROR: Metrics extension is already running
[2026-01-30 00:58:11.000]  [AggregateHeartbeat] ErrorCode:0 INFO: Start heartbeat aggregation.
[2026-01-30 00:58:11.000]  [QueryRegValueDWORD] ErrorCode:0 INFO: Query Registry for Key:SOFTWARE\Microsoft\Windows Azure\CurrentVersion\AzureMonitorAgentExtension\47.4.1.0, Name:MaServiceProcess
[2026-01-30 00:58:11.000]  [QueryRegValueDWORD] ErrorCode:0 INFO: Query Registry for Key:SOFTWARE\Microsoft\Windows Azure\CurrentVersion\AzureMonitorAgentExtension\47.4.1.0, Name:MaServiceProcess, Value:5676
[2026-01-30 00:58:11.000]  [FindProcessById] ErrorCode:0 INFO: Attempt to find the process MonAgentLauncher.exe with ID: 5676.
[2026-01-30 00:58:11.000]  [FindProcessById] ErrorCode:0 INFO: Running Process MonAgentLauncher.exe found. ID: 5676.
[2026-01-30 00:58:11.000]  [CheckIfMAServiceIsRunByExtension] ErrorCode:0 INFO: The MA process is running based on the m_registry
[2026-01-30 00:58:11.000]  [QueryRegValueDWORD] ErrorCode:0 INFO: Query Registry for Key:SOFTWARE\Microsoft\Windows Azure\CurrentVersion\AzureMonitorAgentExtension\47.4.1.0, Name:AMAMultitenantServiceProcess
[2026-01-30 00:58:11.000]  [QueryRegValueDWORD] ErrorCode:0 ERROR: RegQueryValueExA: failed to query REG_DWORD value, Key:SOFTWARE\Microsoft\Windows Azure\CurrentVersion\AzureMonitorAgentExtension\47.4.1.0, name=AMAMultitenantServiceProcess, error=2, type=0
[2026-01-30 00:58:11.000]  [CheckIfMAServiceIsRunByExtension] ErrorCode:1205 INFO: Unable to read the m_registry for MA process. Assume it is not running.
[2026-01-30 00:58:11.000]  [AggregateHeartbeat] ErrorCode:0 INFO: Configured MA Service is not running on the node.
[2026-01-30 00:58:11.000]  [SetImdsEnvironmentVariable] ErrorCode:0 INFO: Querying IMDS information
[2026-01-30 00:58:11.000]  [SetImdsEnvironmentVariable] ErrorCode:-1 INFO: Preparing to call IMDS. Endpoint: http://169.254.169.254
[2026-01-30 00:58:11.000]  [QueryIMDSEndpoint] ErrorCode:0 INFO: Queried IMDS successfully.
[2026-01-30 00:58:11.000]  [GetValueFromJsonOrDefault] ErrorCode:0 INFO: Read Imds response field with Name:location Value: westus2
[2026-01-30 00:58:11.000]  [GetValueFromJsonOrDefault] ErrorCode:0 INFO: Read Imds response field with Name:name Value: amawin
[2026-01-30 00:58:11.000]  [GetValueFromJsonOrDefault] ErrorCode:0 INFO: Read Imds response field with Name:subscriptionId Value: 351651ce-5feb-4e59-975d-f1f344e2b717
[2026-01-30 00:58:11.000]  [GetValueFromJsonOrDefault] ErrorCode:0 INFO: Read Imds response field with Name:vmId Value: 22afd636-aec1-4782-9055-f85ea283dc20
[2026-01-30 00:58:11.000]  [GetValueFromJsonOrDefault] ErrorCode:0 INFO: Read Imds response field with Name:vmScaleSetName Value: 
[2026-01-30 00:58:11.000]  [GetValueFromJsonOrDefault] ErrorCode:0 INFO: Read Imds response field with Name:resourceGroupName Value: AMAWin_group
[2026-01-30 00:58:11.000]  [GetValueFromJsonOrDefault] ErrorCode:0 INFO: Read Imds response field with Name:osType Value: Windows
[2026-01-30 00:58:11.000]  [GetValueFromJsonOrDefault] ErrorCode:0 INFO: Read Imds response field with Name:resourceId Value: /subscriptions/351651ce-5feb-4e59-975d-f1f344e2b717/resourceGroups/AMAWin_group/providers/Microsoft.Compute/virtualMachines/amawin
[2026-01-30 00:58:11.000]  [GetValueFromJsonOrDefault] ErrorCode:0 INFO: Read Imds response field with Name:azEnvironment Value: AzurePublicCloud
[2026-01-30 00:58:11.000]  [SetImdsEnvironmentVariable] ErrorCode:0 INFO: Successfully set Environment variables from Imds
[2026-01-30 00:58:11.000]  [AggregateHeartbeat] ErrorCode:0 INFO: Completed heartbeat aggregation.
[2026-01-30 00:58:41.000]  [WriteStatusToFile] ErrorCode:0 INFO: Sending the status.
[2026-01-30 00:58:41.000]  [WriteHeartbeatToFile] ErrorCode:0 INFO: Sending the heartbeat.
[2026-01-30 00:58:41.000]  [WriteStatusToFile] ErrorCode:0 INFO: Done Sending the status.
[2026-01-30 00:58:41.000]  [WriteHeartbeatToFile] ErrorCode:0 INFO: Done Sending the heartbeat.
[2026-01-30 00:59:11.000]  [WriteHeartbeatToFile] ErrorCode:0 INFO: Sending the heartbeat.
[2026-01-30 00:59:11.000]  [WriteStatusToFile] ErrorCode:0 INFO: Sending the status.
[2026-01-30 00:59:11.000]  [WriteStatusToFile] ErrorCode:0 INFO: Done Sending the status.
[2026-01-30 00:59:11.000]  [WriteHeartbeatToFile] ErrorCode:0 INFO: Done Sending the heartbeat.
[2026-01-30 00:59:11.000]  [FindProcessById] ErrorCode:0 INFO: Attempt to find the process MetricsExtension.Native.exe with ID: 3300.
[2026-01-30 00:59:11.000]  [FindProcessById] ErrorCode:0 INFO: Running Process MetricsExtension.Native.exe found. ID: 3300.
[2026-01-30 00:59:11.000]  [StartMetricsExtension] ErrorCode:0 ERROR: Metrics extension is already running
[2026-01-30 00:59:41.000]  [WriteHeartbeatToFile] ErrorCode:0 INFO: Sending the heartbeat.
[2026-01-30 00:59:41.000]  [WriteStatusToFile] ErrorCode:0 INFO: Sending the status.
[2026-01-30 00:59:41.000]  [WriteHeartbeatToFile] ErrorCode:0 INFO: Done Sending the heartbeat.
[2026-01-30 00:59:41.000]  [WriteStatusToFile] ErrorCode:0 INFO: Done Sending the status.
[2026-01-30 01:00:11.000]  [WriteStatusToFile] ErrorCode:0 INFO: Sending the status.
[2026-01-30 01:00:11.000]  [WriteHeartbeatToFile] ErrorCode:0 INFO: Sending the heartbeat.
[2026-01-30 01:00:11.000]  [WriteStatusToFile] ErrorCode:0 INFO: Done Sending the status.
[2026-01-30 01:00:11.000]  [WriteHeartbeatToFile] ErrorCode:0 INFO: Done Sending the heartbeat.
[2026-01-30 01:00:11.000]  [FindProcessById] ErrorCode:0 INFO: Attempt to find the process MetricsExtension.Native.exe with ID: 3300.
[2026-01-30 01:00:11.000]  [FindProcessById] ErrorCode:0 INFO: Running Process MetricsExtension.Native.exe found. ID: 3300.
[2026-01-30 01:00:11.000]  [StartMetricsExtension] ErrorCode:0 ERROR: Metrics extension is already running
[2026-01-30 01:00:41.000]  [WriteHeartbeatToFile] ErrorCode:0 INFO: Sending the heartbeat.
[2026-01-30 01:00:41.000]  [WriteStatusToFile] ErrorCode:0 INFO: Sending the status.
[2026-01-30 01:00:41.000]  [WriteStatusToFile] ErrorCode:0 INFO: Done Sending the status.
[2026-01-30 01:00:41.000]  [WriteHeartbeatToFile] ErrorCode:0 INFO: Done Sending the heartbeat.
[2026-01-30 01:01:11.000]  [WriteStatusToFile] ErrorCode:0 INFO: Sending the status.
[2026-01-30 01:01:11.000]  [WriteHeartbeatToFile] ErrorCode:0 INFO: Sending the heartbeat.
[2026-01-30 01:01:11.000]  [WriteHeartbeatToFile] ErrorCode:0 INFO: Done Sending the heartbeat.
[2026-01-30 01:01:11.000]  [WriteStatusToFile] ErrorCode:0 INFO: Done Sending the status.
[2026-01-30 01:01:11.000]  [FindProcessById] ErrorCode:0 INFO: Attempt to find the process MetricsExtension.Native.exe with ID: 3300.
[2026-01-30 01:01:11.000]  [FindProcessById] ErrorCode:0 INFO: Running Process MetricsExtension.Native.exe found. ID: 3300.
[2026-01-30 01:01:11.000]  [StartMetricsExtension] ErrorCode:0 ERROR: Metrics extension is already running
[2026-01-30 01:01:41.000]  [WriteHeartbeatToFile] ErrorCode:0 INFO: Sending the heartbeat.
[2026-01-30 01:01:41.000]  [WriteStatusToFile] ErrorCode:0 INFO: Sending the status.
[2026-01-30 01:01:41.000]  [WriteHeartbeatToFile] ErrorCode:0 INFO: Done Sending the heartbeat.
[2026-01-30 01:01:41.000]  [WriteStatusToFile] ErrorCode:0 INFO: Done Sending the status.
[2026-01-30 01:02:11.000]  [WriteStatusToFile] ErrorCode:0 INFO: Sending the status.
[2026-01-30 01:02:11.000]  [WriteHeartbeatToFile] ErrorCode:0 INFO: Sending the heartbeat.
[2026-01-30 01:02:11.000]  [WriteStatusToFile] ErrorCode:0 INFO: Done Sending the status.
[2026-01-30 01:02:11.000]  [WriteHeartbeatToFile] ErrorCode:0 INFO: Done Sending the heartbeat.
[2026-01-30 01:02:11.000]  [FindProcessById] ErrorCode:0 INFO: Attempt to find the process MetricsExtension.Native.exe with ID: 3300.
[2026-01-30 01:02:11.000]  [FindProcessById] ErrorCode:0 INFO: Running Process MetricsExtension.Native.exe found. ID: 3300.
[2026-01-30 01:02:11.000]  [StartMetricsExtension] ErrorCode:0 ERROR: Metrics extension is already running
[2026-01-30 01:02:41.000]  [WriteStatusToFile] ErrorCode:0 INFO: Sending the status.
[2026-01-30 01:02:41.000]  [WriteHeartbeatToFile] ErrorCode:0 INFO: Sending the heartbeat.
[2026-01-30 01:02:41.000]  [WriteStatusToFile] ErrorCode:0 INFO: Done Sending the status.
[2026-01-30 01:02:41.000]  [WriteHeartbeatToFile] ErrorCode:0 INFO: Done Sending the heartbeat.
[2026-01-30 01:03:11.000]  [WriteHeartbeatToFile] ErrorCode:0 INFO: Sending the heartbeat.
[2026-01-30 01:03:11.000]  [WriteStatusToFile] ErrorCode:0 INFO: Sending the status.
[2026-01-30 01:03:11.000]  [WriteStatusToFile] ErrorCode:0 INFO: Done Sending the status.
[2026-01-30 01:03:11.000]  [WriteHeartbeatToFile] ErrorCode:0 INFO: Done Sending the heartbeat.
[2026-01-30 01:03:11.000]  [FindProcessById] ErrorCode:0 INFO: Attempt to find the process MetricsExtension.Native.exe with ID: 3300.
[2026-01-30 01:03:11.000]  [FindProcessById] ErrorCode:0 INFO: Running Process MetricsExtension.Native.exe found. ID: 3300.
[2026-01-30 01:03:11.000]  [StartMetricsExtension] ErrorCode:0 ERROR: Metrics extension is already running
[2026-01-30 01:03:11.000]  [AggregateHeartbeat] ErrorCode:0 INFO: Start heartbeat aggregation.
[2026-01-30 01:03:11.000]  [QueryRegValueDWORD] ErrorCode:0 INFO: Query Registry for Key:SOFTWARE\Microsoft\Windows Azure\CurrentVersion\AzureMonitorAgentExtension\47.4.1.0, Name:MaServiceProcess
[2026-01-30 01:03:11.000]  [QueryRegValueDWORD] ErrorCode:0 INFO: Query Registry for Key:SOFTWARE\Microsoft\Windows Azure\CurrentVersion\AzureMonitorAgentExtension\47.4.1.0, Name:MaServiceProcess, Value:5676
[2026-01-30 01:03:11.000]  [FindProcessById] ErrorCode:0 INFO: Attempt to find the process MonAgentLauncher.exe with ID: 5676.
[2026-01-30 01:03:11.000]  [FindProcessById] ErrorCode:0 INFO: Running Process MonAgentLauncher.exe found. ID: 5676.
[2026-01-30 01:03:11.000]  [CheckIfMAServiceIsRunByExtension] ErrorCode:0 INFO: The MA process is running based on the m_registry
[2026-01-30 01:03:11.000]  [QueryRegValueDWORD] ErrorCode:0 INFO: Query Registry for Key:SOFTWARE\Microsoft\Windows Azure\CurrentVersion\AzureMonitorAgentExtension\47.4.1.0, Name:AMAMultitenantServiceProcess
[2026-01-30 01:03:11.000]  [QueryRegValueDWORD] ErrorCode:0 ERROR: RegQueryValueExA: failed to query REG_DWORD value, Key:SOFTWARE\Microsoft\Windows Azure\CurrentVersion\AzureMonitorAgentExtension\47.4.1.0, name=AMAMultitenantServiceProcess, error=2, type=0
[2026-01-30 01:03:11.000]  [CheckIfMAServiceIsRunByExtension] ErrorCode:1205 INFO: Unable to read the m_registry for MA process. Assume it is not running.
[2026-01-30 01:03:11.000]  [AggregateHeartbeat] ErrorCode:0 INFO: Configured MA Service is not running on the node.
[2026-01-30 01:03:11.000]  [SetImdsEnvironmentVariable] ErrorCode:0 INFO: Querying IMDS information
[2026-01-30 01:03:11.000]  [SetImdsEnvironmentVariable] ErrorCode:-1 INFO: Preparing to call IMDS. Endpoint: http://169.254.169.254
[2026-01-30 01:03:11.000]  [QueryIMDSEndpoint] ErrorCode:0 INFO: Queried IMDS successfully.
[2026-01-30 01:03:11.000]  [GetValueFromJsonOrDefault] ErrorCode:0 INFO: Read Imds response field with Name:location Value: westus2
[2026-01-30 01:03:11.000]  [GetValueFromJsonOrDefault] ErrorCode:0 INFO: Read Imds response field with Name:name Value: amawin
[2026-01-30 01:03:11.000]  [GetValueFromJsonOrDefault] ErrorCode:0 INFO: Read Imds response field with Name:subscriptionId Value: 351651ce-5feb-4e59-975d-f1f344e2b717
[2026-01-30 01:03:11.000]  [GetValueFromJsonOrDefault] ErrorCode:0 INFO: Read Imds response field with Name:vmId Value: 22afd636-aec1-4782-9055-f85ea283dc20
[2026-01-30 01:03:11.000]  [GetValueFromJsonOrDefault] ErrorCode:0 INFO: Read Imds response field with Name:vmScaleSetName Value: 
[2026-01-30 01:03:11.000]  [GetValueFromJsonOrDefault] ErrorCode:0 INFO: Read Imds response field with Name:resourceGroupName Value: AMAWin_group
[2026-01-30 01:03:11.000]  [GetValueFromJsonOrDefault] ErrorCode:0 INFO: Read Imds response field with Name:osType Value: Windows
[2026-01-30 01:03:11.000]  [GetValueFromJsonOrDefault] ErrorCode:0 INFO: Read Imds response field with Name:resourceId Value: /subscriptions/351651ce-5feb-4e59-975d-f1f344e2b717/resourceGroups/AMAWin_group/providers/Microsoft.Compute/virtualMachines/amawin
[2026-01-30 01:03:11.000]  [GetValueFromJsonOrDefault] ErrorCode:0 INFO: Read Imds response field with Name:azEnvironment Value: AzurePublicCloud
[2026-01-30 01:03:11.000]  [SetImdsEnvironmentVariable] ErrorCode:0 INFO: Successfully set Environment variables from Imds
[2026-01-30 01:03:11.000]  [AggregateHeartbeat] ErrorCode:0 INFO: Completed heartbeat aggregation.
[2026-01-30 01:03:41.000]  [WriteHeartbeatToFile] ErrorCode:0 INFO: Sending the heartbeat.
[2026-01-30 01:03:41.000]  [WriteStatusToFile] ErrorCode:0 INFO: Sending the status.
[2026-01-30 01:03:41.000]  [WriteStatusToFile] ErrorCode:0 INFO: Done Sending the status.
[2026-01-30 01:03:41.000]  [WriteHeartbeatToFile] ErrorCode:0 INFO: Done Sending the heartbeat.
[2026-01-30 01:04:11.000]  [WriteHeartbeatToFile] ErrorCode:0 INFO: Sending the heartbeat.
[2026-01-30 01:04:11.000]  [WriteStatusToFile] ErrorCode:0 INFO: Sending the status.
[2026-01-30 01:04:11.000]  [WriteStatusToFile] ErrorCode:0 INFO: Done Sending the status.
[2026-01-30 01:04:11.000]  [WriteHeartbeatToFile] ErrorCode:0 INFO: Done Sending the heartbeat.
[2026-01-30 01:04:11.000]  [FindProcessById] ErrorCode:0 INFO: Attempt to find the process MetricsExtension.Native.exe with ID: 3300.
[2026-01-30 01:04:11.000]  [FindProcessById] ErrorCode:0 INFO: Running Process MetricsExtension.Native.exe found. ID: 3300.
[2026-01-30 01:04:11.000]  [StartMetricsExtension] ErrorCode:0 ERROR: Metrics extension is already running
[2026-01-30 01:04:41.000]  [WriteStatusToFile] ErrorCode:0 INFO: Sending the status.
[2026-01-30 01:04:41.000]  [WriteHeartbeatToFile] ErrorCode:0 INFO: Sending the heartbeat.
[2026-01-30 01:04:41.000]  [WriteHeartbeatToFile] ErrorCode:0 INFO: Done Sending the heartbeat.
[2026-01-30 01:04:41.000]  [WriteStatusToFile] ErrorCode:0 INFO: Done Sending the status.
[2026-01-30 01:05:11.000]  [WriteStatusToFile] ErrorCode:0 INFO: Sending the status.
[2026-01-30 01:05:11.000]  [WriteHeartbeatToFile] ErrorCode:0 INFO: Sending the heartbeat.
[2026-01-30 01:05:11.000]  [WriteStatusToFile] ErrorCode:0 INFO: Done Sending the status.
[2026-01-30 01:05:11.000]  [WriteHeartbeatToFile] ErrorCode:0 INFO: Done Sending the heartbeat.
[2026-01-30 01:05:11.000]  [FindProcessById] ErrorCode:0 INFO: Attempt to find the process MetricsExtension.Native.exe with ID: 3300.
[2026-01-30 01:05:11.000]  [FindProcessById] ErrorCode:0 INFO: Running Process MetricsExtension.Native.exe found. ID: 3300.
[2026-01-30 01:05:11.000]  [StartMetricsExtension] ErrorCode:0 ERROR: Metrics extension is already running
[2026-01-30 01:05:41.000]  [WriteHeartbeatToFile] ErrorCode:0 INFO: Sending the heartbeat.
[2026-01-30 01:05:41.000]  [WriteStatusToFile] ErrorCode:0 INFO: Sending the status.
[2026-01-30 01:05:41.000]  [WriteHeartbeatToFile] ErrorCode:0 INFO: Done Sending the heartbeat.
[2026-01-30 01:05:41.000]  [WriteStatusToFile] ErrorCode:0 INFO: Done Sending the status.
[2026-01-30 01:06:11.000]  [WriteHeartbeatToFile] ErrorCode:0 INFO: Sending the heartbeat.
[2026-01-30 01:06:11.000]  [WriteStatusToFile] ErrorCode:0 INFO: Sending the status.
[2026-01-30 01:06:11.000]  [WriteHeartbeatToFile] ErrorCode:0 INFO: Done Sending the heartbeat.
[2026-01-30 01:06:11.000]  [WriteStatusToFile] ErrorCode:0 INFO: Done Sending the status.
[2026-01-30 01:06:11.000]  [FindProcessById] ErrorCode:0 INFO: Attempt to find the process MetricsExtension.Native.exe with ID: 3300.
[2026-01-30 01:06:11.000]  [FindProcessById] ErrorCode:0 INFO: Running Process MetricsExtension.Native.exe found. ID: 3300.
[2026-01-30 01:06:11.000]  [StartMetricsExtension] ErrorCode:0 ERROR: Metrics extension is already running
[2026-01-30 01:06:41.000]  [WriteHeartbeatToFile] ErrorCode:0 INFO: Sending the heartbeat.
[2026-01-30 01:06:41.000]  [WriteStatusToFile] ErrorCode:0 INFO: Sending the status.
[2026-01-30 01:06:41.000]  [WriteHeartbeatToFile] ErrorCode:0 INFO: Done Sending the heartbeat.
[2026-01-30 01:06:41.000]  [WriteStatusToFile] ErrorCode:0 INFO: Done Sending the status.
[2026-01-30 01:07:11.000]  [WriteHeartbeatToFile] ErrorCode:0 INFO: Sending the heartbeat.
[2026-01-30 01:07:11.000]  [WriteStatusToFile] ErrorCode:0 INFO: Sending the status.
[2026-01-30 01:07:11.000]  [WriteStatusToFile] ErrorCode:0 INFO: Done Sending the status.
[2026-01-30 01:07:11.000]  [WriteHeartbeatToFile] ErrorCode:0 INFO: Done Sending the heartbeat.
[2026-01-30 01:07:11.000]  [FindProcessById] ErrorCode:0 INFO: Attempt to find the process MetricsExtension.Native.exe with ID: 3300.
[2026-01-30 01:07:11.000]  [FindProcessById] ErrorCode:0 INFO: Running Process MetricsExtension.Native.exe found. ID: 3300.
[2026-01-30 01:07:11.000]  [StartMetricsExtension] ErrorCode:0 ERROR: Metrics extension is already running
[2026-01-30 01:07:41.000]  [WriteHeartbeatToFile] ErrorCode:0 INFO: Sending the heartbeat.
[2026-01-30 01:07:41.000]  [WriteStatusToFile] ErrorCode:0 INFO: Sending the status.
[2026-01-30 01:07:41.000]  [WriteStatusToFile] ErrorCode:0 INFO: Done Sending the status.
[2026-01-30 01:07:41.000]  [WriteHeartbeatToFile] ErrorCode:0 INFO: Done Sending the heartbeat.
[2026-01-30 01:08:11.000]  [WriteHeartbeatToFile] ErrorCode:0 INFO: Sending the heartbeat.
[2026-01-30 01:08:11.000]  [WriteStatusToFile] ErrorCode:0 INFO: Sending the status.
[2026-01-30 01:08:11.000]  [WriteHeartbeatToFile] ErrorCode:0 INFO: Done Sending the heartbeat.
[2026-01-30 01:08:11.000]  [WriteStatusToFile] ErrorCode:0 INFO: Done Sending the status.
[2026-01-30 01:08:11.000]  [FindProcessById] ErrorCode:0 INFO: Attempt to find the process MetricsExtension.Native.exe with ID: 3300.
[2026-01-30 01:08:11.000]  [FindProcessById] ErrorCode:0 INFO: Running Process MetricsExtension.Native.exe found. ID: 3300.
[2026-01-30 01:08:11.000]  [StartMetricsExtension] ErrorCode:0 ERROR: Metrics extension is already running
[2026-01-30 01:08:11.000]  [AggregateHeartbeat] ErrorCode:0 INFO: Start heartbeat aggregation.
[2026-01-30 01:08:11.000]  [QueryRegValueDWORD] ErrorCode:0 INFO: Query Registry for Key:SOFTWARE\Microsoft\Windows Azure\CurrentVersion\AzureMonitorAgentExtension\47.4.1.0, Name:MaServiceProcess
[2026-01-30 01:08:11.000]  [QueryRegValueDWORD] ErrorCode:0 INFO: Query Registry for Key:SOFTWARE\Microsoft\Windows Azure\CurrentVersion\AzureMonitorAgentExtension\47.4.1.0, Name:MaServiceProcess, Value:5676
[2026-01-30 01:08:11.000]  [FindProcessById] ErrorCode:0 INFO: Attempt to find the process MonAgentLauncher.exe with ID: 5676.
[2026-01-30 01:08:11.000]  [FindProcessById] ErrorCode:0 INFO: Running Process MonAgentLauncher.exe found. ID: 5676.
[2026-01-30 01:08:11.000]  [CheckIfMAServiceIsRunByExtension] ErrorCode:0 INFO: The MA process is running based on the m_registry
[2026-01-30 01:08:11.000]  [QueryRegValueDWORD] ErrorCode:0 INFO: Query Registry for Key:SOFTWARE\Microsoft\Windows Azure\CurrentVersion\AzureMonitorAgentExtension\47.4.1.0, Name:AMAMultitenantServiceProcess
[2026-01-30 01:08:11.000]  [QueryRegValueDWORD] ErrorCode:0 ERROR: RegQueryValueExA: failed to query REG_DWORD value, Key:SOFTWARE\Microsoft\Windows Azure\CurrentVersion\AzureMonitorAgentExtension\47.4.1.0, name=AMAMultitenantServiceProcess, error=2, type=0
[2026-01-30 01:08:11.000]  [CheckIfMAServiceIsRunByExtension] ErrorCode:1205 INFO: Unable to read the m_registry for MA process. Assume it is not running.
[2026-01-30 01:08:11.000]  [AggregateHeartbeat] ErrorCode:0 INFO: Configured MA Service is not running on the node.
[2026-01-30 01:08:11.000]  [SetImdsEnvironmentVariable] ErrorCode:0 INFO: Querying IMDS information
[2026-01-30 01:08:11.000]  [SetImdsEnvironmentVariable] ErrorCode:-1 INFO: Preparing to call IMDS. Endpoint: http://169.254.169.254
[2026-01-30 01:08:11.000]  [QueryIMDSEndpoint] ErrorCode:0 INFO: Queried IMDS successfully.
[2026-01-30 01:08:11.000]  [GetValueFromJsonOrDefault] ErrorCode:0 INFO: Read Imds response field with Name:location Value: westus2
[2026-01-30 01:08:11.000]  [GetValueFromJsonOrDefault] ErrorCode:0 INFO: Read Imds response field with Name:name Value: amawin
[2026-01-30 01:08:11.000]  [GetValueFromJsonOrDefault] ErrorCode:0 INFO: Read Imds response field with Name:subscriptionId Value: 351651ce-5feb-4e59-975d-f1f344e2b717
[2026-01-30 01:08:11.000]  [GetValueFromJsonOrDefault] ErrorCode:0 INFO: Read Imds response field with Name:vmId Value: 22afd636-aec1-4782-9055-f85ea283dc20
[2026-01-30 01:08:11.000]  [GetValueFromJsonOrDefault] ErrorCode:0 INFO: Read Imds response field with Name:vmScaleSetName Value: 
[2026-01-30 01:08:11.000]  [GetValueFromJsonOrDefault] ErrorCode:0 INFO: Read Imds response field with Name:resourceGroupName Value: AMAWin_group
[2026-01-30 01:08:11.000]  [GetValueFromJsonOrDefault] ErrorCode:0 INFO: Read Imds response field with Name:osType Value: Windows
[2026-01-30 01:08:11.000]  [GetValueFromJsonOrDefault] ErrorCode:0 INFO: Read Imds response field with Name:resourceId Value: /subscriptions/351651ce-5feb-4e59-975d-f1f344e2b717/resourceGroups/AMAWin_group/providers/Microsoft.Compute/virtualMachines/amawin
[2026-01-30 01:08:11.000]  [GetValueFromJsonOrDefault] ErrorCode:0 INFO: Read Imds response field with Name:azEnvironment Value: AzurePublicCloud
[2026-01-30 01:08:11.000]  [SetImdsEnvironmentVariable] ErrorCode:0 INFO: Successfully set Environment variables from Imds
[2026-01-30 01:08:11.000]  [AggregateHeartbeat] ErrorCode:0 INFO: Completed heartbeat aggregation.
[2026-01-30 01:08:41.000]  [WriteStatusToFile] ErrorCode:0 INFO: Sending the status.
[2026-01-30 01:08:41.000]  [WriteHeartbeatToFile] ErrorCode:0 INFO: Sending the heartbeat.
[2026-01-30 01:08:41.000]  [WriteHeartbeatToFile] ErrorCode:0 INFO: Done Sending the heartbeat.
[2026-01-30 01:08:41.000]  [WriteStatusToFile] ErrorCode:0 INFO: Done Sending the status.
[2026-01-30 01:09:11.000]  [WriteStatusToFile] ErrorCode:0 INFO: Sending the status.
[2026-01-30 01:09:11.000]  [WriteHeartbeatToFile] ErrorCode:0 INFO: Sending the heartbeat.
[2026-01-30 01:09:11.000]  [WriteStatusToFile] ErrorCode:0 INFO: Done Sending the status.
[2026-01-30 01:09:11.000]  [WriteHeartbeatToFile] ErrorCode:0 INFO: Done Sending the heartbeat.
[2026-01-30 01:09:11.000]  [FindProcessById] ErrorCode:0 INFO: Attempt to find the process MetricsExtension.Native.exe with ID: 3300.
[2026-01-30 01:09:11.000]  [FindProcessById] ErrorCode:0 INFO: Running Process MetricsExtension.Native.exe found. ID: 3300.
[2026-01-30 01:09:11.000]  [StartMetricsExtension] ErrorCode:0 ERROR: Metrics extension is already running
[2026-01-30 01:09:41.000]  [WriteHeartbeatToFile] ErrorCode:0 INFO: Sending the heartbeat.
[2026-01-30 01:09:41.000]  [WriteStatusToFile] ErrorCode:0 INFO: Sending the status.
[2026-01-30 01:09:41.000]  [WriteHeartbeatToFile] ErrorCode:0 INFO: Done Sending the heartbeat.
[2026-01-30 01:09:41.000]  [WriteStatusToFile] ErrorCode:0 INFO: Done Sending the status.
[2026-01-30 01:10:11.000]  [WriteHeartbeatToFile] ErrorCode:0 INFO: Sending the heartbeat.
[2026-01-30 01:10:11.000]  [WriteStatusToFile] ErrorCode:0 INFO: Sending the status.
[2026-01-30 01:10:11.000]  [WriteHeartbeatToFile] ErrorCode:0 INFO: Done Sending the heartbeat.
[2026-01-30 01:10:11.000]  [WriteStatusToFile] ErrorCode:0 INFO: Done Sending the status.
[2026-01-30 01:10:11.000]  [FindProcessById] ErrorCode:0 INFO: Attempt to find the process MetricsExtension.Native.exe with ID: 3300.
[2026-01-30 01:10:11.000]  [FindProcessById] ErrorCode:0 INFO: Running Process MetricsExtension.Native.exe found. ID: 3300.
[2026-01-30 01:10:11.000]  [StartMetricsExtension] ErrorCode:0 ERROR: Metrics extension is already running
[2026-01-30 01:10:41.000]  [WriteHeartbeatToFile] ErrorCode:0 INFO: Sending the heartbeat.
[2026-01-30 01:10:41.000]  [WriteStatusToFile] ErrorCode:0 INFO: Sending the status.
[2026-01-30 01:10:41.000]  [WriteHeartbeatToFile] ErrorCode:0 INFO: Done Sending the heartbeat.
[2026-01-30 01:10:41.000]  [WriteStatusToFile] ErrorCode:0 INFO: Done Sending the status.
[2026-01-30 01:11:11.000]  [WriteStatusToFile] ErrorCode:0 INFO: Sending the status.
[2026-01-30 01:11:11.000]  [WriteHeartbeatToFile] ErrorCode:0 INFO: Sending the heartbeat.
[2026-01-30 01:11:11.000]  [WriteHeartbeatToFile] ErrorCode:0 INFO: Done Sending the heartbeat.
[2026-01-30 01:11:11.000]  [WriteStatusToFile] ErrorCode:0 INFO: Done Sending the status.
[2026-01-30 01:11:11.000]  [FindProcessById] ErrorCode:0 INFO: Attempt to find the process MetricsExtension.Native.exe with ID: 3300.
[2026-01-30 01:11:11.000]  [FindProcessById] ErrorCode:0 INFO: Running Process MetricsExtension.Native.exe found. ID: 3300.
[2026-01-30 01:11:11.000]  [StartMetricsExtension] ErrorCode:0 ERROR: Metrics extension is already running
[2026-01-30 01:11:41.000]  [WriteHeartbeatToFile] ErrorCode:0 INFO: Sending the heartbeat.
[2026-01-30 01:11:41.000]  [WriteStatusToFile] ErrorCode:0 INFO: Sending the status.
[2026-01-30 01:11:41.000]  [WriteHeartbeatToFile] ErrorCode:0 INFO: Done Sending the heartbeat.
[2026-01-30 01:11:41.000]  [WriteStatusToFile] ErrorCode:0 INFO: Done Sending the status.
[2026-01-30 01:12:11.000]  [WriteHeartbeatToFile] ErrorCode:0 INFO: Sending the heartbeat.
[2026-01-30 01:12:11.000]  [WriteStatusToFile] ErrorCode:0 INFO: Sending the status.
[2026-01-30 01:12:11.000]  [WriteHeartbeatToFile] ErrorCode:0 INFO: Done Sending the heartbeat.
[2026-01-30 01:12:11.000]  [WriteStatusToFile] ErrorCode:0 INFO: Done Sending the status.
[2026-01-30 01:12:11.000]  [FindProcessById] ErrorCode:0 INFO: Attempt to find the process MetricsExtension.Native.exe with ID: 3300.
[2026-01-30 01:12:11.000]  [FindProcessById] ErrorCode:0 INFO: Running Process MetricsExtension.Native.exe found. ID: 3300.
[2026-01-30 01:12:11.000]  [StartMetricsExtension] ErrorCode:0 ERROR: Metrics extension is already running
[2026-01-30 01:12:41.000]  [WriteStatusToFile] ErrorCode:0 INFO: Sending the status.
[2026-01-30 01:12:41.000]  [WriteHeartbeatToFile] ErrorCode:0 INFO: Sending the heartbeat.
[2026-01-30 01:12:41.000]  [WriteStatusToFile] ErrorCode:0 INFO: Done Sending the status.
[2026-01-30 01:12:41.000]  [WriteHeartbeatToFile] ErrorCode:0 INFO: Done Sending the heartbeat.
[2026-01-30 01:13:11.000]  [WriteHeartbeatToFile] ErrorCode:0 INFO: Sending the heartbeat.
[2026-01-30 01:13:11.000]  [WriteStatusToFile] ErrorCode:0 INFO: Sending the status.
[2026-01-30 01:13:11.000]  [WriteStatusToFile] ErrorCode:0 INFO: Done Sending the status.
[2026-01-30 01:13:11.000]  [WriteHeartbeatToFile] ErrorCode:0 INFO: Done Sending the heartbeat.
[2026-01-30 01:13:11.000]  [FindProcessById] ErrorCode:0 INFO: Attempt to find the process MetricsExtension.Native.exe with ID: 3300.
[2026-01-30 01:13:11.000]  [FindProcessById] ErrorCode:0 INFO: Running Process MetricsExtension.Native.exe found. ID: 3300.
[2026-01-30 01:13:11.000]  [StartMetricsExtension] ErrorCode:0 ERROR: Metrics extension is already running
[2026-01-30 01:13:11.000]  [AggregateHeartbeat] ErrorCode:0 INFO: Start heartbeat aggregation.
[2026-01-30 01:13:11.000]  [QueryRegValueDWORD] ErrorCode:0 INFO: Query Registry for Key:SOFTWARE\Microsoft\Windows Azure\CurrentVersion\AzureMonitorAgentExtension\47.4.1.0, Name:MaServiceProcess
[2026-01-30 01:13:11.000]  [QueryRegValueDWORD] ErrorCode:0 INFO: Query Registry for Key:SOFTWARE\Microsoft\Windows Azure\CurrentVersion\AzureMonitorAgentExtension\47.4.1.0, Name:MaServiceProcess, Value:5676
[2026-01-30 01:13:11.000]  [FindProcessById] ErrorCode:0 INFO: Attempt to find the process MonAgentLauncher.exe with ID: 5676.
[2026-01-30 01:13:11.000]  [FindProcessById] ErrorCode:0 INFO: Running Process MonAgentLauncher.exe found. ID: 5676.
[2026-01-30 01:13:11.000]  [CheckIfMAServiceIsRunByExtension] ErrorCode:0 INFO: The MA process is running based on the m_registry
[2026-01-30 01:13:11.000]  [QueryRegValueDWORD] ErrorCode:0 INFO: Query Registry for Key:SOFTWARE\Microsoft\Windows Azure\CurrentVersion\AzureMonitorAgentExtension\47.4.1.0, Name:AMAMultitenantServiceProcess
[2026-01-30 01:13:11.000]  [QueryRegValueDWORD] ErrorCode:0 ERROR: RegQueryValueExA: failed to query REG_DWORD value, Key:SOFTWARE\Microsoft\Windows Azure\CurrentVersion\AzureMonitorAgentExtension\47.4.1.0, name=AMAMultitenantServiceProcess, error=2, type=0
[2026-01-30 01:13:11.000]  [CheckIfMAServiceIsRunByExtension] ErrorCode:1205 INFO: Unable to read the m_registry for MA process. Assume it is not running.
[2026-01-30 01:13:11.000]  [AggregateHeartbeat] ErrorCode:0 INFO: Configured MA Service is not running on the node.
[2026-01-30 01:13:11.000]  [SetImdsEnvironmentVariable] ErrorCode:0 INFO: Querying IMDS information
[2026-01-30 01:13:11.000]  [SetImdsEnvironmentVariable] ErrorCode:-1 INFO: Preparing to call IMDS. Endpoint: http://169.254.169.254
[2026-01-30 01:13:12.000]  [QueryIMDSEndpoint] ErrorCode:0 INFO: Queried IMDS successfully.
[2026-01-30 01:13:12.000]  [GetValueFromJsonOrDefault] ErrorCode:0 INFO: Read Imds response field with Name:location Value: westus2
[2026-01-30 01:13:12.000]  [GetValueFromJsonOrDefault] ErrorCode:0 INFO: Read Imds response field with Name:name Value: amawin
[2026-01-30 01:13:12.000]  [GetValueFromJsonOrDefault] ErrorCode:0 INFO: Read Imds response field with Name:subscriptionId Value: 351651ce-5feb-4e59-975d-f1f344e2b717
[2026-01-30 01:13:12.000]  [GetValueFromJsonOrDefault] ErrorCode:0 INFO: Read Imds response field with Name:vmId Value: 22afd636-aec1-4782-9055-f85ea283dc20
[2026-01-30 01:13:12.000]  [GetValueFromJsonOrDefault] ErrorCode:0 INFO: Read Imds response field with Name:vmScaleSetName Value: 
[2026-01-30 01:13:12.000]  [GetValueFromJsonOrDefault] ErrorCode:0 INFO: Read Imds response field with Name:resourceGroupName Value: AMAWin_group
[2026-01-30 01:13:12.000]  [GetValueFromJsonOrDefault] ErrorCode:0 INFO: Read Imds response field with Name:osType Value: Windows
[2026-01-30 01:13:12.000]  [GetValueFromJsonOrDefault] ErrorCode:0 INFO: Read Imds response field with Name:resourceId Value: /subscriptions/351651ce-5feb-4e59-975d-f1f344e2b717/resourceGroups/AMAWin_group/providers/Microsoft.Compute/virtualMachines/amawin
[2026-01-30 01:13:12.000]  [GetValueFromJsonOrDefault] ErrorCode:0 INFO: Read Imds response field with Name:azEnvironment Value: AzurePublicCloud
[2026-01-30 01:13:12.000]  [SetImdsEnvironmentVariable] ErrorCode:0 INFO: Successfully set Environment variables from Imds
[2026-01-30 01:13:12.000]  [AggregateHeartbeat] ErrorCode:0 INFO: Completed heartbeat aggregation.
[2026-01-30 01:13:41.000]  [WriteHeartbeatToFile] ErrorCode:0 INFO: Sending the heartbeat.
[2026-01-30 01:13:41.000]  [WriteStatusToFile] ErrorCode:0 INFO: Sending the status.
[2026-01-30 01:13:41.000]  [WriteHeartbeatToFile] ErrorCode:0 INFO: Done Sending the heartbeat.
[2026-01-30 01:13:41.000]  [WriteStatusToFile] ErrorCode:0 INFO: Done Sending the status.
[2026-01-30 01:14:11.000]  [WriteHeartbeatToFile] ErrorCode:0 INFO: Sending the heartbeat.
[2026-01-30 01:14:11.000]  [WriteStatusToFile] ErrorCode:0 INFO: Sending the status.
[2026-01-30 01:14:11.000]  [WriteStatusToFile] ErrorCode:0 INFO: Done Sending the status.
[2026-01-30 01:14:11.000]  [WriteHeartbeatToFile] ErrorCode:0 INFO: Done Sending the heartbeat.
[2026-01-30 01:14:12.000]  [FindProcessById] ErrorCode:0 INFO: Attempt to find the process MetricsExtension.Native.exe with ID: 3300.
[2026-01-30 01:14:12.000]  [FindProcessById] ErrorCode:0 INFO: Running Process MetricsExtension.Native.exe found. ID: 3300.
[2026-01-30 01:14:12.000]  [StartMetricsExtension] ErrorCode:0 ERROR: Metrics extension is already running
[2026-01-30 01:14:41.000]  [WriteStatusToFile] ErrorCode:0 INFO: Sending the status.
[2026-01-30 01:14:41.000]  [WriteHeartbeatToFile] ErrorCode:0 INFO: Sending the heartbeat.
[2026-01-30 01:14:41.000]  [WriteHeartbeatToFile] ErrorCode:0 INFO: Done Sending the heartbeat.
[2026-01-30 01:14:41.000]  [WriteStatusToFile] ErrorCode:0 INFO: Done Sending the status.
[2026-01-30 01:15:11.000]  [WriteStatusToFile] ErrorCode:0 INFO: Sending the status.
[2026-01-30 01:15:11.000]  [WriteHeartbeatToFile] ErrorCode:0 INFO: Sending the heartbeat.
[2026-01-30 01:15:11.000]  [WriteStatusToFile] ErrorCode:0 INFO: Done Sending the status.
[2026-01-30 01:15:11.000]  [WriteHeartbeatToFile] ErrorCode:0 INFO: Done Sending the heartbeat.
[2026-01-30 01:15:12.000]  [FindProcessById] ErrorCode:0 INFO: Attempt to find the process MetricsExtension.Native.exe with ID: 3300.
[2026-01-30 01:15:12.000]  [FindProcessById] ErrorCode:0 INFO: Running Process MetricsExtension.Native.exe found. ID: 3300.
[2026-01-30 01:15:12.000]  [StartMetricsExtension] ErrorCode:0 ERROR: Metrics extension is already running
[2026-01-30 01:15:41.000]  [WriteStatusToFile] ErrorCode:0 INFO: Sending the status.
[2026-01-30 01:15:41.000]  [WriteHeartbeatToFile] ErrorCode:0 INFO: Sending the heartbeat.
[2026-01-30 01:15:41.000]  [WriteHeartbeatToFile] ErrorCode:0 INFO: Done Sending the heartbeat.
[2026-01-30 01:15:41.000]  [WriteStatusToFile] ErrorCode:0 INFO: Done Sending the status.
[2026-01-30 01:16:11.000]  [WriteHeartbeatToFile] ErrorCode:0 INFO: Sending the heartbeat.
[2026-01-30 01:16:11.000]  [WriteStatusToFile] ErrorCode:0 INFO: Sending the status.
[2026-01-30 01:16:11.000]  [WriteHeartbeatToFile] ErrorCode:0 INFO: Done Sending the heartbeat.
[2026-01-30 01:16:11.000]  [WriteStatusToFile] ErrorCode:0 INFO: Done Sending the status.
[2026-01-30 01:16:12.000]  [FindProcessById] ErrorCode:0 INFO: Attempt to find the process MetricsExtension.Native.exe with ID: 3300.
[2026-01-30 01:16:12.000]  [FindProcessById] ErrorCode:0 INFO: Running Process MetricsExtension.Native.exe found. ID: 3300.
[2026-01-30 01:16:12.000]  [StartMetricsExtension] ErrorCode:0 ERROR: Metrics extension is already running
[2026-01-30 01:16:41.000]  [WriteStatusToFile] ErrorCode:0 INFO: Sending the status.
[2026-01-30 01:16:41.000]  [WriteHeartbeatToFile] ErrorCode:0 INFO: Sending the heartbeat.
[2026-01-30 01:16:41.000]  [WriteHeartbeatToFile] ErrorCode:0 INFO: Done Sending the heartbeat.
[2026-01-30 01:16:41.000]  [WriteStatusToFile] ErrorCode:0 INFO: Done Sending the status.
[2026-01-30 01:17:11.000]  [WriteStatusToFile] ErrorCode:0 INFO: Sending the status.
[2026-01-30 01:17:11.000]  [WriteHeartbeatToFile] ErrorCode:0 INFO: Sending the heartbeat.
[2026-01-30 01:17:11.000]  [WriteStatusToFile] ErrorCode:0 INFO: Done Sending the status.
[2026-01-30 01:17:11.000]  [WriteHeartbeatToFile] ErrorCode:0 INFO: Done Sending the heartbeat.
[2026-01-30 01:17:12.000]  [FindProcessById] ErrorCode:0 INFO: Attempt to find the process MetricsExtension.Native.exe with ID: 3300.
[2026-01-30 01:17:12.000]  [FindProcessById] ErrorCode:0 INFO: Running Process MetricsExtension.Native.exe found. ID: 3300.
[2026-01-30 01:17:12.000]  [StartMetricsExtension] ErrorCode:0 ERROR: Metrics extension is already running
[2026-01-30 01:17:41.000]  [WriteStatusToFile] ErrorCode:0 INFO: Sending the status.
[2026-01-30 01:17:41.000]  [WriteHeartbeatToFile] ErrorCode:0 INFO: Sending the heartbeat.
[2026-01-30 01:17:41.000]  [WriteHeartbeatToFile] ErrorCode:0 INFO: Done Sending the heartbeat.
[2026-01-30 01:17:41.000]  [WriteStatusToFile] ErrorCode:0 INFO: Done Sending the status.
[2026-01-30 01:18:11.000]  [WriteStatusToFile] ErrorCode:0 INFO: Sending the status.
[2026-01-30 01:18:11.000]  [WriteHeartbeatToFile] ErrorCode:0 INFO: Sending the heartbeat.
[2026-01-30 01:18:11.000]  [WriteHeartbeatToFile] ErrorCode:0 INFO: Done Sending the heartbeat.
[2026-01-30 01:18:11.000]  [WriteStatusToFile] ErrorCode:0 INFO: Done Sending the status.
[2026-01-30 01:18:12.000]  [FindProcessById] ErrorCode:0 INFO: Attempt to find the process MetricsExtension.Native.exe with ID: 3300.
[2026-01-30 01:18:12.000]  [FindProcessById] ErrorCode:0 INFO: Running Process MetricsExtension.Native.exe found. ID: 3300.
[2026-01-30 01:18:12.000]  [StartMetricsExtension] ErrorCode:0 ERROR: Metrics extension is already running
[2026-01-30 01:18:12.000]  [AggregateHeartbeat] ErrorCode:0 INFO: Start heartbeat aggregation.
[2026-01-30 01:18:12.000]  [QueryRegValueDWORD] ErrorCode:0 INFO: Query Registry for Key:SOFTWARE\Microsoft\Windows Azure\CurrentVersion\AzureMonitorAgentExtension\47.4.1.0, Name:MaServiceProcess
[2026-01-30 01:18:12.000]  [QueryRegValueDWORD] ErrorCode:0 INFO: Query Registry for Key:SOFTWARE\Microsoft\Windows Azure\CurrentVersion\AzureMonitorAgentExtension\47.4.1.0, Name:MaServiceProcess, Value:5676
[2026-01-30 01:18:12.000]  [FindProcessById] ErrorCode:0 INFO: Attempt to find the process MonAgentLauncher.exe with ID: 5676.
[2026-01-30 01:18:12.000]  [FindProcessById] ErrorCode:0 INFO: Running Process MonAgentLauncher.exe found. ID: 5676.
[2026-01-30 01:18:12.000]  [CheckIfMAServiceIsRunByExtension] ErrorCode:0 INFO: The MA process is running based on the m_registry
[2026-01-30 01:18:12.000]  [QueryRegValueDWORD] ErrorCode:0 INFO: Query Registry for Key:SOFTWARE\Microsoft\Windows Azure\CurrentVersion\AzureMonitorAgentExtension\47.4.1.0, Name:AMAMultitenantServiceProcess
[2026-01-30 01:18:12.000]  [QueryRegValueDWORD] ErrorCode:0 ERROR: RegQueryValueExA: failed to query REG_DWORD value, Key:SOFTWARE\Microsoft\Windows Azure\CurrentVersion\AzureMonitorAgentExtension\47.4.1.0, name=AMAMultitenantServiceProcess, error=2, type=0
[2026-01-30 01:18:12.000]  [CheckIfMAServiceIsRunByExtension] ErrorCode:1205 INFO: Unable to read the m_registry for MA process. Assume it is not running.
[2026-01-30 01:18:12.000]  [AggregateHeartbeat] ErrorCode:0 INFO: Configured MA Service is not running on the node.
[2026-01-30 01:18:12.000]  [SetImdsEnvironmentVariable] ErrorCode:0 INFO: Querying IMDS information
[2026-01-30 01:18:12.000]  [SetImdsEnvironmentVariable] ErrorCode:-1 INFO: Preparing to call IMDS. Endpoint: http://169.254.169.254
[2026-01-30 01:18:12.000]  [QueryIMDSEndpoint] ErrorCode:0 INFO: Queried IMDS successfully.
[2026-01-30 01:18:12.000]  [GetValueFromJsonOrDefault] ErrorCode:0 INFO: Read Imds response field with Name:location Value: westus2
[2026-01-30 01:18:12.000]  [GetValueFromJsonOrDefault] ErrorCode:0 INFO: Read Imds response field with Name:name Value: amawin
[2026-01-30 01:18:12.000]  [GetValueFromJsonOrDefault] ErrorCode:0 INFO: Read Imds response field with Name:subscriptionId Value: 351651ce-5feb-4e59-975d-f1f344e2b717
[2026-01-30 01:18:12.000]  [GetValueFromJsonOrDefault] ErrorCode:0 INFO: Read Imds response field with Name:vmId Value: 22afd636-aec1-4782-9055-f85ea283dc20
[2026-01-30 01:18:12.000]  [GetValueFromJsonOrDefault] ErrorCode:0 INFO: Read Imds response field with Name:vmScaleSetName Value: 
[2026-01-30 01:18:12.000]  [GetValueFromJsonOrDefault] ErrorCode:0 INFO: Read Imds response field with Name:resourceGroupName Value: AMAWin_group
[2026-01-30 01:18:12.000]  [GetValueFromJsonOrDefault] ErrorCode:0 INFO: Read Imds response field with Name:osType Value: Windows
[2026-01-30 01:18:12.000]  [GetValueFromJsonOrDefault] ErrorCode:0 INFO: Read Imds response field with Name:resourceId Value: /subscriptions/351651ce-5feb-4e59-975d-f1f344e2b717/resourceGroups/AMAWin_group/providers/Microsoft.Compute/virtualMachines/amawin
[2026-01-30 01:18:12.000]  [GetValueFromJsonOrDefault] ErrorCode:0 INFO: Read Imds response field with Name:azEnvironment Value: AzurePublicCloud
[2026-01-30 01:18:12.000]  [SetImdsEnvironmentVariable] ErrorCode:0 INFO: Successfully set Environment variables from Imds
[2026-01-30 01:18:12.000]  [AggregateHeartbeat] ErrorCode:0 INFO: Completed heartbeat aggregation.
[2026-01-30 01:18:41.000]  [WriteHeartbeatToFile] ErrorCode:0 INFO: Sending the heartbeat.
[2026-01-30 01:18:41.000]  [WriteStatusToFile] ErrorCode:0 INFO: Sending the status.
[2026-01-30 01:18:41.000]  [WriteHeartbeatToFile] ErrorCode:0 INFO: Done Sending the heartbeat.
[2026-01-30 01:18:41.000]  [WriteStatusToFile] ErrorCode:0 INFO: Done Sending the status.
[2026-01-30 01:19:11.000]  [WriteStatusToFile] ErrorCode:0 INFO: Sending the status.
[2026-01-30 01:19:11.000]  [WriteHeartbeatToFile] ErrorCode:0 INFO: Sending the heartbeat.
[2026-01-30 01:19:11.000]  [WriteStatusToFile] ErrorCode:0 INFO: Done Sending the status.
[2026-01-30 01:19:11.000]  [WriteHeartbeatToFile] ErrorCode:0 INFO: Done Sending the heartbeat.
[2026-01-30 01:19:12.000]  [FindProcessById] ErrorCode:0 INFO: Attempt to find the process MetricsExtension.Native.exe with ID: 3300.
[2026-01-30 01:19:12.000]  [FindProcessById] ErrorCode:0 INFO: Running Process MetricsExtension.Native.exe found. ID: 3300.
[2026-01-30 01:19:12.000]  [StartMetricsExtension] ErrorCode:0 ERROR: Metrics extension is already running
[2026-01-30 01:19:41.000]  [WriteHeartbeatToFile] ErrorCode:0 INFO: Sending the heartbeat.
[2026-01-30 01:19:41.000]  [WriteStatusToFile] ErrorCode:0 INFO: Sending the status.
[2026-01-30 01:19:41.000]  [WriteHeartbeatToFile] ErrorCode:0 INFO: Done Sending the heartbeat.
[2026-01-30 01:19:41.000]  [WriteStatusToFile] ErrorCode:0 INFO: Done Sending the status.
[2026-01-30 01:20:11.000]  [WriteHeartbeatToFile] ErrorCode:0 INFO: Sending the heartbeat.
[2026-01-30 01:20:11.000]  [WriteStatusToFile] ErrorCode:0 INFO: Sending the status.
[2026-01-30 01:20:11.000]  [WriteStatusToFile] ErrorCode:0 INFO: Done Sending the status.
[2026-01-30 01:20:11.000]  [WriteHeartbeatToFile] ErrorCode:0 INFO: Done Sending the heartbeat.
[2026-01-30 01:20:12.000]  [FindProcessById] ErrorCode:0 INFO: Attempt to find the process MetricsExtension.Native.exe with ID: 3300.
[2026-01-30 01:20:12.000]  [FindProcessById] ErrorCode:0 INFO: Running Process MetricsExtension.Native.exe found. ID: 3300.
[2026-01-30 01:20:12.000]  [StartMetricsExtension] ErrorCode:0 ERROR: Metrics extension is already running
[2026-01-30 01:20:42.000]  [WriteHeartbeatToFile] ErrorCode:0 INFO: Sending the heartbeat.
[2026-01-30 01:20:42.000]  [WriteStatusToFile] ErrorCode:0 INFO: Sending the status.
[2026-01-30 01:20:42.000]  [WriteHeartbeatToFile] ErrorCode:0 INFO: Done Sending the heartbeat.
[2026-01-30 01:20:42.000]  [WriteStatusToFile] ErrorCode:0 INFO: Done Sending the status.
[2026-01-30 01:21:12.000]  [WriteStatusToFile] ErrorCode:0 INFO: Sending the status.
[2026-01-30 01:21:12.000]  [WriteHeartbeatToFile] ErrorCode:0 INFO: Sending the heartbeat.
[2026-01-30 01:21:12.000]  [WriteHeartbeatToFile] ErrorCode:0 INFO: Done Sending the heartbeat.
[2026-01-30 01:21:12.000]  [WriteStatusToFile] ErrorCode:0 INFO: Done Sending the status.
[2026-01-30 01:21:12.000]  [FindProcessById] ErrorCode:0 INFO: Attempt to find the process MetricsExtension.Native.exe with ID: 3300.
[2026-01-30 01:21:12.000]  [FindProcessById] ErrorCode:0 INFO: Running Process MetricsExtension.Native.exe found. ID: 3300.
[2026-01-30 01:21:12.000]  [StartMetricsExtension] ErrorCode:0 ERROR: Metrics extension is already running
[2026-01-30 01:21:42.000]  [WriteStatusToFile] ErrorCode:0 INFO: Sending the status.
[2026-01-30 01:21:42.000]  [WriteStatusToFile] ErrorCode:0 INFO: Done Sending the status.
[2026-01-30 01:21:42.000]  [WriteHeartbeatToFile] ErrorCode:0 INFO: Sending the heartbeat.
[2026-01-30 01:21:42.000]  [WriteHeartbeatToFile] ErrorCode:0 INFO: Done Sending the heartbeat.
[2026-01-30 01:22:12.000]  [WriteHeartbeatToFile] ErrorCode:0 INFO: Sending the heartbeat.
[2026-01-30 01:22:12.000]  [WriteStatusToFile] ErrorCode:0 INFO: Sending the status.
[2026-01-30 01:22:12.000]  [WriteHeartbeatToFile] ErrorCode:0 INFO: Done Sending the heartbeat.
[2026-01-30 01:22:12.000]  [WriteStatusToFile] ErrorCode:0 INFO: Done Sending the status.
[2026-01-30 01:22:12.000]  [FindProcessById] ErrorCode:0 INFO: Attempt to find the process MetricsExtension.Native.exe with ID: 3300.
[2026-01-30 01:22:12.000]  [FindProcessById] ErrorCode:0 INFO: Running Process MetricsExtension.Native.exe found. ID: 3300.
[2026-01-30 01:22:12.000]  [StartMetricsExtension] ErrorCode:0 ERROR: Metrics extension is already running
[2026-01-30 01:22:42.000]  [WriteHeartbeatToFile] ErrorCode:0 INFO: Sending the heartbeat.
[2026-01-30 01:22:42.000]  [WriteStatusToFile] ErrorCode:0 INFO: Sending the status.
[2026-01-30 01:22:42.000]  [WriteStatusToFile] ErrorCode:0 INFO: Done Sending the status.
[2026-01-30 01:22:42.000]  [WriteHeartbeatToFile] ErrorCode:0 INFO: Done Sending the heartbeat.
[2026-01-30 01:23:12.000]  [WriteHeartbeatToFile] ErrorCode:0 INFO: Sending the heartbeat.
[2026-01-30 01:23:12.000]  [WriteStatusToFile] ErrorCode:0 INFO: Sending the status.
[2026-01-30 01:23:12.000]  [WriteHeartbeatToFile] ErrorCode:0 INFO: Done Sending the heartbeat.
[2026-01-30 01:23:12.000]  [WriteStatusToFile] ErrorCode:0 INFO: Done Sending the status.
[2026-01-30 01:23:12.000]  [FindProcessById] ErrorCode:0 INFO: Attempt to find the process MetricsExtension.Native.exe with ID: 3300.
[2026-01-30 01:23:12.000]  [FindProcessById] ErrorCode:0 INFO: Running Process MetricsExtension.Native.exe found. ID: 3300.
[2026-01-30 01:23:12.000]  [StartMetricsExtension] ErrorCode:0 ERROR: Metrics extension is already running
[2026-01-30 01:23:12.000]  [AggregateHeartbeat] ErrorCode:0 INFO: Start heartbeat aggregation.
[2026-01-30 01:23:12.000]  [QueryRegValueDWORD] ErrorCode:0 INFO: Query Registry for Key:SOFTWARE\Microsoft\Windows Azure\CurrentVersion\AzureMonitorAgentExtension\47.4.1.0, Name:MaServiceProcess
[2026-01-30 01:23:12.000]  [QueryRegValueDWORD] ErrorCode:0 INFO: Query Registry for Key:SOFTWARE\Microsoft\Windows Azure\CurrentVersion\AzureMonitorAgentExtension\47.4.1.0, Name:MaServiceProcess, Value:5676
[2026-01-30 01:23:12.000]  [FindProcessById] ErrorCode:0 INFO: Attempt to find the process MonAgentLauncher.exe with ID: 5676.
[2026-01-30 01:23:12.000]  [FindProcessById] ErrorCode:0 INFO: Running Process MonAgentLauncher.exe found. ID: 5676.
[2026-01-30 01:23:12.000]  [CheckIfMAServiceIsRunByExtension] ErrorCode:0 INFO: The MA process is running based on the m_registry
[2026-01-30 01:23:12.000]  [QueryRegValueDWORD] ErrorCode:0 INFO: Query Registry for Key:SOFTWARE\Microsoft\Windows Azure\CurrentVersion\AzureMonitorAgentExtension\47.4.1.0, Name:AMAMultitenantServiceProcess
[2026-01-30 01:23:12.000]  [QueryRegValueDWORD] ErrorCode:0 ERROR: RegQueryValueExA: failed to query REG_DWORD value, Key:SOFTWARE\Microsoft\Windows Azure\CurrentVersion\AzureMonitorAgentExtension\47.4.1.0, name=AMAMultitenantServiceProcess, error=2, type=0
[2026-01-30 01:23:12.000]  [CheckIfMAServiceIsRunByExtension] ErrorCode:1205 INFO: Unable to read the m_registry for MA process. Assume it is not running.
[2026-01-30 01:23:12.000]  [AggregateHeartbeat] ErrorCode:0 INFO: Configured MA Service is not running on the node.
[2026-01-30 01:23:12.000]  [SetImdsEnvironmentVariable] ErrorCode:0 INFO: Querying IMDS information
[2026-01-30 01:23:12.000]  [SetImdsEnvironmentVariable] ErrorCode:-1 INFO: Preparing to call IMDS. Endpoint: http://169.254.169.254
[2026-01-30 01:23:12.000]  [QueryIMDSEndpoint] ErrorCode:0 INFO: Queried IMDS successfully.
[2026-01-30 01:23:12.000]  [GetValueFromJsonOrDefault] ErrorCode:0 INFO: Read Imds response field with Name:location Value: westus2
[2026-01-30 01:23:12.000]  [GetValueFromJsonOrDefault] ErrorCode:0 INFO: Read Imds response field with Name:name Value: amawin
[2026-01-30 01:23:12.000]  [GetValueFromJsonOrDefault] ErrorCode:0 INFO: Read Imds response field with Name:subscriptionId Value: 351651ce-5feb-4e59-975d-f1f344e2b717
[2026-01-30 01:23:12.000]  [GetValueFromJsonOrDefault] ErrorCode:0 INFO: Read Imds response field with Name:vmId Value: 22afd636-aec1-4782-9055-f85ea283dc20
[2026-01-30 01:23:12.000]  [GetValueFromJsonOrDefault] ErrorCode:0 INFO: Read Imds response field with Name:vmScaleSetName Value: 
[2026-01-30 01:23:12.000]  [GetValueFromJsonOrDefault] ErrorCode:0 INFO: Read Imds response field with Name:resourceGroupName Value: AMAWin_group
[2026-01-30 01:23:12.000]  [GetValueFromJsonOrDefault] ErrorCode:0 INFO: Read Imds response field with Name:osType Value: Windows
[2026-01-30 01:23:12.000]  [GetValueFromJsonOrDefault] ErrorCode:0 INFO: Read Imds response field with Name:resourceId Value: /subscriptions/351651ce-5feb-4e59-975d-f1f344e2b717/resourceGroups/AMAWin_group/providers/Microsoft.Compute/virtualMachines/amawin
[2026-01-30 01:23:12.000]  [GetValueFromJsonOrDefault] ErrorCode:0 INFO: Read Imds response field with Name:azEnvironment Value: AzurePublicCloud
[2026-01-30 01:23:12.000]  [SetImdsEnvironmentVariable] ErrorCode:0 INFO: Successfully set Environment variables from Imds
[2026-01-30 01:23:12.000]  [AggregateHeartbeat] ErrorCode:0 INFO: Completed heartbeat aggregation.
[2026-01-30 01:23:42.000]  [WriteHeartbeatToFile] ErrorCode:0 INFO: Sending the heartbeat.
[2026-01-30 01:23:42.000]  [WriteStatusToFile] ErrorCode:0 INFO: Sending the status.
[2026-01-30 01:23:42.000]  [WriteStatusToFile] ErrorCode:0 INFO: Done Sending the status.
[2026-01-30 01:23:42.000]  [WriteHeartbeatToFile] ErrorCode:0 INFO: Done Sending the heartbeat.
[2026-01-30 01:24:12.000]  [WriteHeartbeatToFile] ErrorCode:0 INFO: Sending the heartbeat.
[2026-01-30 01:24:12.000]  [WriteStatusToFile] ErrorCode:0 INFO: Sending the status.
[2026-01-30 01:24:12.000]  [WriteHeartbeatToFile] ErrorCode:0 INFO: Done Sending the heartbeat.
[2026-01-30 01:24:12.000]  [WriteStatusToFile] ErrorCode:0 INFO: Done Sending the status.
[2026-01-30 01:24:12.000]  [FindProcessById] ErrorCode:0 INFO: Attempt to find the process MetricsExtension.Native.exe with ID: 3300.
[2026-01-30 01:24:12.000]  [FindProcessById] ErrorCode:0 INFO: Running Process MetricsExtension.Native.exe found. ID: 3300.
[2026-01-30 01:24:12.000]  [StartMetricsExtension] ErrorCode:0 ERROR: Metrics extension is already running
[2026-01-30 01:24:42.000]  [WriteStatusToFile] ErrorCode:0 INFO: Sending the status.
[2026-01-30 01:24:42.000]  [WriteHeartbeatToFile] ErrorCode:0 INFO: Sending the heartbeat.
[2026-01-30 01:24:42.000]  [WriteHeartbeatToFile] ErrorCode:0 INFO: Done Sending the heartbeat.
[2026-01-30 01:24:42.000]  [WriteStatusToFile] ErrorCode:0 INFO: Done Sending the status.
[2026-01-30 01:25:12.000]  [WriteStatusToFile] ErrorCode:0 INFO: Sending the status.
[2026-01-30 01:25:12.000]  [WriteHeartbeatToFile] ErrorCode:0 INFO: Sending the heartbeat.
[2026-01-30 01:25:12.000]  [WriteHeartbeatToFile] ErrorCode:0 INFO: Done Sending the heartbeat.
[2026-01-30 01:25:12.000]  [WriteStatusToFile] ErrorCode:0 INFO: Done Sending the status.
[2026-01-30 01:25:12.000]  [FindProcessById] ErrorCode:0 INFO: Attempt to find the process MetricsExtension.Native.exe with ID: 3300.
[2026-01-30 01:25:12.000]  [FindProcessById] ErrorCode:0 INFO: Running Process MetricsExtension.Native.exe found. ID: 3300.
[2026-01-30 01:25:12.000]  [StartMetricsExtension] ErrorCode:0 ERROR: Metrics extension is already running
[2026-01-30 01:25:42.000]  [WriteStatusToFile] ErrorCode:0 INFO: Sending the status.
[2026-01-30 01:25:42.000]  [WriteHeartbeatToFile] ErrorCode:0 INFO: Sending the heartbeat.
[2026-01-30 01:25:42.000]  [WriteHeartbeatToFile] ErrorCode:0 INFO: Done Sending the heartbeat.
[2026-01-30 01:25:42.000]  [WriteStatusToFile] ErrorCode:0 INFO: Done Sending the status.
[2026-01-30 01:26:12.000]  [WriteStatusToFile] ErrorCode:0 INFO: Sending the status.
[2026-01-30 01:26:12.000]  [WriteHeartbeatToFile] ErrorCode:0 INFO: Sending the heartbeat.
[2026-01-30 01:26:12.000]  [WriteHeartbeatToFile] ErrorCode:0 INFO: Done Sending the heartbeat.
[2026-01-30 01:26:12.000]  [WriteStatusToFile] ErrorCode:0 INFO: Done Sending the status.
[2026-01-30 01:26:12.000]  [FindProcessById] ErrorCode:0 INFO: Attempt to find the process MetricsExtension.Native.exe with ID: 3300.
[2026-01-30 01:26:12.000]  [FindProcessById] ErrorCode:0 INFO: Running Process MetricsExtension.Native.exe found. ID: 3300.
[2026-01-30 01:26:12.000]  [StartMetricsExtension] ErrorCode:0 ERROR: Metrics extension is already running
[2026-01-30 01:26:42.000]  [WriteHeartbeatToFile] ErrorCode:0 INFO: Sending the heartbeat.
[2026-01-30 01:26:42.000]  [WriteStatusToFile] ErrorCode:0 INFO: Sending the status.
[2026-01-30 01:26:42.000]  [WriteStatusToFile] ErrorCode:0 INFO: Done Sending the status.
[2026-01-30 01:26:42.000]  [WriteHeartbeatToFile] ErrorCode:0 INFO: Done Sending the heartbeat.
[2026-01-30 01:27:12.000]  [WriteHeartbeatToFile] ErrorCode:0 INFO: Sending the heartbeat.
[2026-01-30 01:27:12.000]  [WriteStatusToFile] ErrorCode:0 INFO: Sending the status.
[2026-01-30 01:27:12.000]  [WriteHeartbeatToFile] ErrorCode:0 INFO: Done Sending the heartbeat.
[2026-01-30 01:27:12.000]  [WriteStatusToFile] ErrorCode:0 INFO: Done Sending the status.
[2026-01-30 01:27:12.000]  [FindProcessById] ErrorCode:0 INFO: Attempt to find the process MetricsExtension.Native.exe with ID: 3300.
[2026-01-30 01:27:12.000]  [FindProcessById] ErrorCode:0 INFO: Running Process MetricsExtension.Native.exe found. ID: 3300.
[2026-01-30 01:27:12.000]  [StartMetricsExtension] ErrorCode:0 ERROR: Metrics extension is already running
[2026-01-30 01:27:42.000]  [WriteHeartbeatToFile] ErrorCode:0 INFO: Sending the heartbeat.
[2026-01-30 01:27:42.000]  [WriteStatusToFile] ErrorCode:0 INFO: Sending the status.
[2026-01-30 01:27:42.000]  [WriteStatusToFile] ErrorCode:0 INFO: Done Sending the status.
[2026-01-30 01:27:42.000]  [WriteHeartbeatToFile] ErrorCode:0 INFO: Done Sending the heartbeat.
[2026-01-30 01:28:12.000]  [WriteStatusToFile] ErrorCode:0 INFO: Sending the status.
[2026-01-30 01:28:12.000]  [WriteHeartbeatToFile] ErrorCode:0 INFO: Sending the heartbeat.
[2026-01-30 01:28:12.000]  [WriteHeartbeatToFile] ErrorCode:0 INFO: Done Sending the heartbeat.
[2026-01-30 01:28:12.000]  [WriteStatusToFile] ErrorCode:0 INFO: Done Sending the status.
[2026-01-30 01:28:12.000]  [FindProcessById] ErrorCode:0 INFO: Attempt to find the process MetricsExtension.Native.exe with ID: 3300.
[2026-01-30 01:28:12.000]  [FindProcessById] ErrorCode:0 INFO: Running Process MetricsExtension.Native.exe found. ID: 3300.
[2026-01-30 01:28:12.000]  [StartMetricsExtension] ErrorCode:0 ERROR: Metrics extension is already running
[2026-01-30 01:28:12.000]  [AggregateHeartbeat] ErrorCode:0 INFO: Start heartbeat aggregation.
[2026-01-30 01:28:12.000]  [QueryRegValueDWORD] ErrorCode:0 INFO: Query Registry for Key:SOFTWARE\Microsoft\Windows Azure\CurrentVersion\AzureMonitorAgentExtension\47.4.1.0, Name:MaServiceProcess
[2026-01-30 01:28:12.000]  [QueryRegValueDWORD] ErrorCode:0 INFO: Query Registry for Key:SOFTWARE\Microsoft\Windows Azure\CurrentVersion\AzureMonitorAgentExtension\47.4.1.0, Name:MaServiceProcess, Value:5676
[2026-01-30 01:28:12.000]  [FindProcessById] ErrorCode:0 INFO: Attempt to find the process MonAgentLauncher.exe with ID: 5676.
[2026-01-30 01:28:12.000]  [FindProcessById] ErrorCode:0 INFO: Running Process MonAgentLauncher.exe found. ID: 5676.
[2026-01-30 01:28:12.000]  [CheckIfMAServiceIsRunByExtension] ErrorCode:0 INFO: The MA process is running based on the m_registry
[2026-01-30 01:28:12.000]  [QueryRegValueDWORD] ErrorCode:0 INFO: Query Registry for Key:SOFTWARE\Microsoft\Windows Azure\CurrentVersion\AzureMonitorAgentExtension\47.4.1.0, Name:AMAMultitenantServiceProcess
[2026-01-30 01:28:12.000]  [QueryRegValueDWORD] ErrorCode:0 ERROR: RegQueryValueExA: failed to query REG_DWORD value, Key:SOFTWARE\Microsoft\Windows Azure\CurrentVersion\AzureMonitorAgentExtension\47.4.1.0, name=AMAMultitenantServiceProcess, error=2, type=0
[2026-01-30 01:28:12.000]  [CheckIfMAServiceIsRunByExtension] ErrorCode:1205 INFO: Unable to read the m_registry for MA process. Assume it is not running.
[2026-01-30 01:28:12.000]  [AggregateHeartbeat] ErrorCode:0 INFO: Configured MA Service is not running on the node.
[2026-01-30 01:28:12.000]  [SetImdsEnvironmentVariable] ErrorCode:0 INFO: Querying IMDS information
[2026-01-30 01:28:12.000]  [SetImdsEnvironmentVariable] ErrorCode:-1 INFO: Preparing to call IMDS. Endpoint: http://169.254.169.254
[2026-01-30 01:28:12.000]  [QueryIMDSEndpoint] ErrorCode:0 INFO: Queried IMDS successfully.
[2026-01-30 01:28:12.000]  [GetValueFromJsonOrDefault] ErrorCode:0 INFO: Read Imds response field with Name:location Value: westus2
[2026-01-30 01:28:12.000]  [GetValueFromJsonOrDefault] ErrorCode:0 INFO: Read Imds response field with Name:name Value: amawin
[2026-01-30 01:28:12.000]  [GetValueFromJsonOrDefault] ErrorCode:0 INFO: Read Imds response field with Name:subscriptionId Value: 351651ce-5feb-4e59-975d-f1f344e2b717
[2026-01-30 01:28:12.000]  [GetValueFromJsonOrDefault] ErrorCode:0 INFO: Read Imds response field with Name:vmId Value: 22afd636-aec1-4782-9055-f85ea283dc20
[2026-01-30 01:28:12.000]  [GetValueFromJsonOrDefault] ErrorCode:0 INFO: Read Imds response field with Name:vmScaleSetName Value: 
[2026-01-30 01:28:12.000]  [GetValueFromJsonOrDefault] ErrorCode:0 INFO: Read Imds response field with Name:resourceGroupName Value: AMAWin_group
[2026-01-30 01:28:12.000]  [GetValueFromJsonOrDefault] ErrorCode:0 INFO: Read Imds response field with Name:osType Value: Windows
[2026-01-30 01:28:12.000]  [GetValueFromJsonOrDefault] ErrorCode:0 INFO: Read Imds response field with Name:resourceId Value: /subscriptions/351651ce-5feb-4e59-975d-f1f344e2b717/resourceGroups/AMAWin_group/providers/Microsoft.Compute/virtualMachines/amawin
[2026-01-30 01:28:12.000]  [GetValueFromJsonOrDefault] ErrorCode:0 INFO: Read Imds response field with Name:azEnvironment Value: AzurePublicCloud
[2026-01-30 01:28:12.000]  [SetImdsEnvironmentVariable] ErrorCode:0 INFO: Successfully set Environment variables from Imds
[2026-01-30 01:28:12.000]  [AggregateHeartbeat] ErrorCode:0 INFO: Completed heartbeat aggregation.
[2026-01-30 01:28:42.000]  [WriteStatusToFile] ErrorCode:0 INFO: Sending the status.
[2026-01-30 01:28:42.000]  [WriteHeartbeatToFile] ErrorCode:0 INFO: Sending the heartbeat.
[2026-01-30 01:28:42.000]  [WriteHeartbeatToFile] ErrorCode:0 INFO: Done Sending the heartbeat.
[2026-01-30 01:28:42.000]  [WriteStatusToFile] ErrorCode:0 INFO: Done Sending the status.
[2026-01-30 01:29:12.000]  [WriteHeartbeatToFile] ErrorCode:0 INFO: Sending the heartbeat.
[2026-01-30 01:29:12.000]  [WriteStatusToFile] ErrorCode:0 INFO: Sending the status.
[2026-01-30 01:29:12.000]  [WriteHeartbeatToFile] ErrorCode:0 INFO: Done Sending the heartbeat.
[2026-01-30 01:29:12.000]  [WriteStatusToFile] ErrorCode:0 INFO: Done Sending the status.
[2026-01-30 01:29:12.000]  [FindProcessById] ErrorCode:0 INFO: Attempt to find the process MetricsExtension.Native.exe with ID: 3300.
[2026-01-30 01:29:12.000]  [FindProcessById] ErrorCode:0 INFO: Running Process MetricsExtension.Native.exe found. ID: 3300.
[2026-01-30 01:29:12.000]  [StartMetricsExtension] ErrorCode:0 ERROR: Metrics extension is already running
[2026-01-30 01:29:42.000]  [WriteStatusToFile] ErrorCode:0 INFO: Sending the status.
[2026-01-30 01:29:42.000]  [WriteHeartbeatToFile] ErrorCode:0 INFO: Sending the heartbeat.
[2026-01-30 01:29:42.000]  [WriteStatusToFile] ErrorCode:0 INFO: Done Sending the status.
[2026-01-30 01:29:42.000]  [WriteHeartbeatToFile] ErrorCode:0 INFO: Done Sending the heartbeat.
[2026-01-30 01:30:12.000]  [WriteStatusToFile] ErrorCode:0 INFO: Sending the status.
[2026-01-30 01:30:12.000]  [WriteHeartbeatToFile] ErrorCode:0 INFO: Sending the heartbeat.
[2026-01-30 01:30:12.000]  [WriteHeartbeatToFile] ErrorCode:0 INFO: Done Sending the heartbeat.
[2026-01-30 01:30:12.000]  [WriteStatusToFile] ErrorCode:0 INFO: Done Sending the status.
[2026-01-30 01:30:12.000]  [FindProcessById] ErrorCode:0 INFO: Attempt to find the process MetricsExtension.Native.exe with ID: 3300.
[2026-01-30 01:30:12.000]  [FindProcessById] ErrorCode:0 INFO: Running Process MetricsExtension.Native.exe found. ID: 3300.
[2026-01-30 01:30:12.000]  [StartMetricsExtension] ErrorCode:0 ERROR: Metrics extension is already running
[2026-01-30 01:30:42.000]  [WriteHeartbeatToFile] ErrorCode:0 INFO: Sending the heartbeat.
[2026-01-30 01:30:42.000]  [WriteStatusToFile] ErrorCode:0 INFO: Sending the status.
[2026-01-30 01:30:42.000]  [WriteStatusToFile] ErrorCode:0 INFO: Done Sending the status.
[2026-01-30 01:30:42.000]  [WriteHeartbeatToFile] ErrorCode:0 INFO: Done Sending the heartbeat.
[2026-01-30 01:31:12.000]  [WriteHeartbeatToFile] ErrorCode:0 INFO: Sending the heartbeat.
[2026-01-30 01:31:12.000]  [WriteStatusToFile] ErrorCode:0 INFO: Sending the status.
[2026-01-30 01:31:12.000]  [WriteStatusToFile] ErrorCode:0 INFO: Done Sending the status.
[2026-01-30 01:31:12.000]  [WriteHeartbeatToFile] ErrorCode:0 INFO: Done Sending the heartbeat.
[2026-01-30 01:31:12.000]  [FindProcessById] ErrorCode:0 INFO: Attempt to find the process MetricsExtension.Native.exe with ID: 3300.
[2026-01-30 01:31:12.000]  [FindProcessById] ErrorCode:0 INFO: Running Process MetricsExtension.Native.exe found. ID: 3300.
[2026-01-30 01:31:12.000]  [StartMetricsExtension] ErrorCode:0 ERROR: Metrics extension is already running
[2026-01-30 01:31:42.000]  [WriteStatusToFile] ErrorCode:0 INFO: Sending the status.
[2026-01-30 01:31:42.000]  [WriteHeartbeatToFile] ErrorCode:0 INFO: Sending the heartbeat.
[2026-01-30 01:31:42.000]  [WriteHeartbeatToFile] ErrorCode:0 INFO: Done Sending the heartbeat.
[2026-01-30 01:31:42.000]  [WriteStatusToFile] ErrorCode:0 INFO: Done Sending the status.
[2026-01-30 01:32:12.000]  [WriteHeartbeatToFile] ErrorCode:0 INFO: Sending the heartbeat.
[2026-01-30 01:32:12.000]  [WriteStatusToFile] ErrorCode:0 INFO: Sending the status.
[2026-01-30 01:32:12.000]  [WriteHeartbeatToFile] ErrorCode:0 INFO: Done Sending the heartbeat.
[2026-01-30 01:32:12.000]  [WriteStatusToFile] ErrorCode:0 INFO: Done Sending the status.
[2026-01-30 01:32:12.000]  [FindProcessById] ErrorCode:0 INFO: Attempt to find the process MetricsExtension.Native.exe with ID: 3300.
[2026-01-30 01:32:12.000]  [FindProcessById] ErrorCode:0 INFO: Running Process MetricsExtension.Native.exe found. ID: 3300.
[2026-01-30 01:32:12.000]  [StartMetricsExtension] ErrorCode:0 ERROR: Metrics extension is already running
[2026-01-30 01:32:42.000]  [WriteHeartbeatToFile] ErrorCode:0 INFO: Sending the heartbeat.
[2026-01-30 01:32:42.000]  [WriteStatusToFile] ErrorCode:0 INFO: Sending the status.
[2026-01-30 01:32:42.000]  [WriteHeartbeatToFile] ErrorCode:0 INFO: Done Sending the heartbeat.
[2026-01-30 01:32:42.000]  [WriteStatusToFile] ErrorCode:0 INFO: Done Sending the status.
[2026-01-30 01:33:12.000]  [WriteStatusToFile] ErrorCode:0 INFO: Sending the status.
[2026-01-30 01:33:12.000]  [WriteHeartbeatToFile] ErrorCode:0 INFO: Sending the heartbeat.
[2026-01-30 01:33:12.000]  [WriteStatusToFile] ErrorCode:0 INFO: Done Sending the status.
[2026-01-30 01:33:12.000]  [WriteHeartbeatToFile] ErrorCode:0 INFO: Done Sending the heartbeat.
[2026-01-30 01:33:12.000]  [FindProcessById] ErrorCode:0 INFO: Attempt to find the process MetricsExtension.Native.exe with ID: 3300.
[2026-01-30 01:33:12.000]  [FindProcessById] ErrorCode:0 INFO: Running Process MetricsExtension.Native.exe found. ID: 3300.
[2026-01-30 01:33:12.000]  [StartMetricsExtension] ErrorCode:0 ERROR: Metrics extension is already running
[2026-01-30 01:33:12.000]  [AggregateHeartbeat] ErrorCode:0 INFO: Start heartbeat aggregation.
[2026-01-30 01:33:12.000]  [QueryRegValueDWORD] ErrorCode:0 INFO: Query Registry for Key:SOFTWARE\Microsoft\Windows Azure\CurrentVersion\AzureMonitorAgentExtension\47.4.1.0, Name:MaServiceProcess
[2026-01-30 01:33:12.000]  [QueryRegValueDWORD] ErrorCode:0 INFO: Query Registry for Key:SOFTWARE\Microsoft\Windows Azure\CurrentVersion\AzureMonitorAgentExtension\47.4.1.0, Name:MaServiceProcess, Value:5676
[2026-01-30 01:33:12.000]  [FindProcessById] ErrorCode:0 INFO: Attempt to find the process MonAgentLauncher.exe with ID: 5676.
[2026-01-30 01:33:12.000]  [FindProcessById] ErrorCode:0 INFO: Running Process MonAgentLauncher.exe found. ID: 5676.
[2026-01-30 01:33:12.000]  [CheckIfMAServiceIsRunByExtension] ErrorCode:0 INFO: The MA process is running based on the m_registry
[2026-01-30 01:33:12.000]  [QueryRegValueDWORD] ErrorCode:0 INFO: Query Registry for Key:SOFTWARE\Microsoft\Windows Azure\CurrentVersion\AzureMonitorAgentExtension\47.4.1.0, Name:AMAMultitenantServiceProcess
[2026-01-30 01:33:12.000]  [QueryRegValueDWORD] ErrorCode:0 ERROR: RegQueryValueExA: failed to query REG_DWORD value, Key:SOFTWARE\Microsoft\Windows Azure\CurrentVersion\AzureMonitorAgentExtension\47.4.1.0, name=AMAMultitenantServiceProcess, error=2, type=0
[2026-01-30 01:33:12.000]  [CheckIfMAServiceIsRunByExtension] ErrorCode:1205 INFO: Unable to read the m_registry for MA process. Assume it is not running.
[2026-01-30 01:33:12.000]  [AggregateHeartbeat] ErrorCode:0 INFO: Configured MA Service is not running on the node.
[2026-01-30 01:33:12.000]  [SetImdsEnvironmentVariable] ErrorCode:0 INFO: Querying IMDS information
[2026-01-30 01:33:12.000]  [SetImdsEnvironmentVariable] ErrorCode:-1 INFO: Preparing to call IMDS. Endpoint: http://169.254.169.254
[2026-01-30 01:33:12.000]  [QueryIMDSEndpoint] ErrorCode:0 INFO: Queried IMDS successfully.
[2026-01-30 01:33:12.000]  [GetValueFromJsonOrDefault] ErrorCode:0 INFO: Read Imds response field with Name:location Value: westus2
[2026-01-30 01:33:12.000]  [GetValueFromJsonOrDefault] ErrorCode:0 INFO: Read Imds response field with Name:name Value: amawin
[2026-01-30 01:33:12.000]  [GetValueFromJsonOrDefault] ErrorCode:0 INFO: Read Imds response field with Name:subscriptionId Value: 351651ce-5feb-4e59-975d-f1f344e2b717
[2026-01-30 01:33:12.000]  [GetValueFromJsonOrDefault] ErrorCode:0 INFO: Read Imds response field with Name:vmId Value: 22afd636-aec1-4782-9055-f85ea283dc20
[2026-01-30 01:33:12.000]  [GetValueFromJsonOrDefault] ErrorCode:0 INFO: Read Imds response field with Name:vmScaleSetName Value: 
[2026-01-30 01:33:12.000]  [GetValueFromJsonOrDefault] ErrorCode:0 INFO: Read Imds response field with Name:resourceGroupName Value: AMAWin_group
[2026-01-30 01:33:12.000]  [GetValueFromJsonOrDefault] ErrorCode:0 INFO: Read Imds response field with Name:osType Value: Windows
[2026-01-30 01:33:12.000]  [GetValueFromJsonOrDefault] ErrorCode:0 INFO: Read Imds response field with Name:resourceId Value: /subscriptions/351651ce-5feb-4e59-975d-f1f344e2b717/resourceGroups/AMAWin_group/providers/Microsoft.Compute/virtualMachines/amawin
[2026-01-30 01:33:12.000]  [GetValueFromJsonOrDefault] ErrorCode:0 INFO: Read Imds response field with Name:azEnvironment Value: AzurePublicCloud
[2026-01-30 01:33:12.000]  [SetImdsEnvironmentVariable] ErrorCode:0 INFO: Successfully set Environment variables from Imds
[2026-01-30 01:33:12.000]  [AggregateHeartbeat] ErrorCode:0 INFO: Completed heartbeat aggregation.
[2026-01-30 01:33:42.000]  [WriteStatusToFile] ErrorCode:0 INFO: Sending the status.
[2026-01-30 01:33:42.000]  [WriteHeartbeatToFile] ErrorCode:0 INFO: Sending the heartbeat.
[2026-01-30 01:33:42.000]  [WriteHeartbeatToFile] ErrorCode:0 INFO: Done Sending the heartbeat.
[2026-01-30 01:33:42.000]  [WriteStatusToFile] ErrorCode:0 INFO: Done Sending the status.
[2026-01-30 01:34:12.000]  [WriteStatusToFile] ErrorCode:0 INFO: Sending the status.
[2026-01-30 01:34:12.000]  [WriteHeartbeatToFile] ErrorCode:0 INFO: Sending the heartbeat.
[2026-01-30 01:34:12.000]  [WriteHeartbeatToFile] ErrorCode:0 INFO: Done Sending the heartbeat.
[2026-01-30 01:34:12.000]  [WriteStatusToFile] ErrorCode:0 INFO: Done Sending the status.
[2026-01-30 01:34:12.000]  [FindProcessById] ErrorCode:0 INFO: Attempt to find the process MetricsExtension.Native.exe with ID: 3300.
[2026-01-30 01:34:12.000]  [FindProcessById] ErrorCode:0 INFO: Running Process MetricsExtension.Native.exe found. ID: 3300.
[2026-01-30 01:34:12.000]  [StartMetricsExtension] ErrorCode:0 ERROR: Metrics extension is already running
[2026-01-30 01:34:42.000]  [WriteStatusToFile] ErrorCode:0 INFO: Sending the status.
[2026-01-30 01:34:42.000]  [WriteHeartbeatToFile] ErrorCode:0 INFO: Sending the heartbeat.
[2026-01-30 01:34:42.000]  [WriteStatusToFile] ErrorCode:0 INFO: Done Sending the status.
[2026-01-30 01:34:42.000]  [WriteHeartbeatToFile] ErrorCode:0 INFO: Done Sending the heartbeat.
[2026-01-30 01:35:12.000]  [WriteStatusToFile] ErrorCode:0 INFO: Sending the status.
[2026-01-30 01:35:12.000]  [WriteHeartbeatToFile] ErrorCode:0 INFO: Sending the heartbeat.
[2026-01-30 01:35:12.000]  [WriteHeartbeatToFile] ErrorCode:0 INFO: Done Sending the heartbeat.
[2026-01-30 01:35:12.000]  [WriteStatusToFile] ErrorCode:0 INFO: Done Sending the status.
[2026-01-30 01:35:12.000]  [FindProcessById] ErrorCode:0 INFO: Attempt to find the process MetricsExtension.Native.exe with ID: 3300.
[2026-01-30 01:35:12.000]  [FindProcessById] ErrorCode:0 INFO: Running Process MetricsExtension.Native.exe found. ID: 3300.
[2026-01-30 01:35:12.000]  [StartMetricsExtension] ErrorCode:0 ERROR: Metrics extension is already running
[2026-01-30 01:35:42.000]  [WriteHeartbeatToFile] ErrorCode:0 INFO: Sending the heartbeat.
[2026-01-30 01:35:42.000]  [WriteStatusToFile] ErrorCode:0 INFO: Sending the status.
[2026-01-30 01:35:42.000]  [WriteHeartbeatToFile] ErrorCode:0 INFO: Done Sending the heartbeat.
[2026-01-30 01:35:42.000]  [WriteStatusToFile] ErrorCode:0 INFO: Done Sending the status.
[2026-01-30 01:36:12.000]  [WriteStatusToFile] ErrorCode:0 INFO: Sending the status.
[2026-01-30 01:36:12.000]  [WriteHeartbeatToFile] ErrorCode:0 INFO: Sending the heartbeat.
[2026-01-30 01:36:12.000]  [WriteStatusToFile] ErrorCode:0 INFO: Done Sending the status.
[2026-01-30 01:36:12.000]  [WriteHeartbeatToFile] ErrorCode:0 INFO: Done Sending the heartbeat.
[2026-01-30 01:36:12.000]  [FindProcessById] ErrorCode:0 INFO: Attempt to find the process MetricsExtension.Native.exe with ID: 3300.
[2026-01-30 01:36:12.000]  [FindProcessById] ErrorCode:0 INFO: Running Process MetricsExtension.Native.exe found. ID: 3300.
[2026-01-30 01:36:12.000]  [StartMetricsExtension] ErrorCode:0 ERROR: Metrics extension is already running
[2026-01-30 01:36:42.000]  [WriteHeartbeatToFile] ErrorCode:0 INFO: Sending the heartbeat.
[2026-01-30 01:36:42.000]  [WriteStatusToFile] ErrorCode:0 INFO: Sending the status.
[2026-01-30 01:36:42.000]  [WriteStatusToFile] ErrorCode:0 INFO: Done Sending the status.
[2026-01-30 01:36:42.000]  [WriteHeartbeatToFile] ErrorCode:0 INFO: Done Sending the heartbeat.
[2026-01-30 01:37:12.000]  [WriteHeartbeatToFile] ErrorCode:0 INFO: Sending the heartbeat.
[2026-01-30 01:37:12.000]  [WriteStatusToFile] ErrorCode:0 INFO: Sending the status.
[2026-01-30 01:37:12.000]  [WriteHeartbeatToFile] ErrorCode:0 INFO: Done Sending the heartbeat.
[2026-01-30 01:37:12.000]  [WriteStatusToFile] ErrorCode:0 INFO: Done Sending the status.
[2026-01-30 01:37:12.000]  [FindProcessById] ErrorCode:0 INFO: Attempt to find the process MetricsExtension.Native.exe with ID: 3300.
[2026-01-30 01:37:12.000]  [FindProcessById] ErrorCode:0 INFO: Running Process MetricsExtension.Native.exe found. ID: 3300.
[2026-01-30 01:37:12.000]  [StartMetricsExtension] ErrorCode:0 ERROR: Metrics extension is already running
[2026-01-30 01:37:42.000]  [WriteHeartbeatToFile] ErrorCode:0 INFO: Sending the heartbeat.
[2026-01-30 01:37:42.000]  [WriteStatusToFile] ErrorCode:0 INFO: Sending the status.
[2026-01-30 01:37:42.000]  [WriteHeartbeatToFile] ErrorCode:0 INFO: Done Sending the heartbeat.
[2026-01-30 01:37:42.000]  [WriteStatusToFile] ErrorCode:0 INFO: Done Sending the status.
[2026-01-30 01:38:12.000]  [WriteHeartbeatToFile] ErrorCode:0 INFO: Sending the heartbeat.
[2026-01-30 01:38:12.000]  [WriteStatusToFile] ErrorCode:0 INFO: Sending the status.
[2026-01-30 01:38:12.000]  [WriteHeartbeatToFile] ErrorCode:0 INFO: Done Sending the heartbeat.
[2026-01-30 01:38:12.000]  [WriteStatusToFile] ErrorCode:0 INFO: Done Sending the status.
[2026-01-30 01:38:12.000]  [FindProcessById] ErrorCode:0 INFO: Attempt to find the process MetricsExtension.Native.exe with ID: 3300.
[2026-01-30 01:38:12.000]  [FindProcessById] ErrorCode:0 INFO: Running Process MetricsExtension.Native.exe found. ID: 3300.
[2026-01-30 01:38:12.000]  [StartMetricsExtension] ErrorCode:0 ERROR: Metrics extension is already running
[2026-01-30 01:38:12.000]  [AggregateHeartbeat] ErrorCode:0 INFO: Start heartbeat aggregation.
[2026-01-30 01:38:12.000]  [QueryRegValueDWORD] ErrorCode:0 INFO: Query Registry for Key:SOFTWARE\Microsoft\Windows Azure\CurrentVersion\AzureMonitorAgentExtension\47.4.1.0, Name:MaServiceProcess
[2026-01-30 01:38:12.000]  [QueryRegValueDWORD] ErrorCode:0 INFO: Query Registry for Key:SOFTWARE\Microsoft\Windows Azure\CurrentVersion\AzureMonitorAgentExtension\47.4.1.0, Name:MaServiceProcess, Value:5676
[2026-01-30 01:38:12.000]  [FindProcessById] ErrorCode:0 INFO: Attempt to find the process MonAgentLauncher.exe with ID: 5676.
[2026-01-30 01:38:12.000]  [FindProcessById] ErrorCode:0 INFO: Running Process MonAgentLauncher.exe found. ID: 5676.
[2026-01-30 01:38:12.000]  [CheckIfMAServiceIsRunByExtension] ErrorCode:0 INFO: The MA process is running based on the m_registry
[2026-01-30 01:38:12.000]  [QueryRegValueDWORD] ErrorCode:0 INFO: Query Registry for Key:SOFTWARE\Microsoft\Windows Azure\CurrentVersion\AzureMonitorAgentExtension\47.4.1.0, Name:AMAMultitenantServiceProcess
[2026-01-30 01:38:12.000]  [QueryRegValueDWORD] ErrorCode:0 ERROR: RegQueryValueExA: failed to query REG_DWORD value, Key:SOFTWARE\Microsoft\Windows Azure\CurrentVersion\AzureMonitorAgentExtension\47.4.1.0, name=AMAMultitenantServiceProcess, error=2, type=0
[2026-01-30 01:38:12.000]  [CheckIfMAServiceIsRunByExtension] ErrorCode:1205 INFO: Unable to read the m_registry for MA process. Assume it is not running.
[2026-01-30 01:38:12.000]  [AggregateHeartbeat] ErrorCode:0 INFO: Configured MA Service is not running on the node.
[2026-01-30 01:38:12.000]  [SetImdsEnvironmentVariable] ErrorCode:0 INFO: Querying IMDS information
[2026-01-30 01:38:12.000]  [SetImdsEnvironmentVariable] ErrorCode:-1 INFO: Preparing to call IMDS. Endpoint: http://169.254.169.254
[2026-01-30 01:38:12.000]  [QueryIMDSEndpoint] ErrorCode:0 INFO: Queried IMDS successfully.
[2026-01-30 01:38:12.000]  [GetValueFromJsonOrDefault] ErrorCode:0 INFO: Read Imds response field with Name:location Value: westus2
[2026-01-30 01:38:12.000]  [GetValueFromJsonOrDefault] ErrorCode:0 INFO: Read Imds response field with Name:name Value: amawin
[2026-01-30 01:38:12.000]  [GetValueFromJsonOrDefault] ErrorCode:0 INFO: Read Imds response field with Name:subscriptionId Value: 351651ce-5feb-4e59-975d-f1f344e2b717
[2026-01-30 01:38:12.000]  [GetValueFromJsonOrDefault] ErrorCode:0 INFO: Read Imds response field with Name:vmId Value: 22afd636-aec1-4782-9055-f85ea283dc20
[2026-01-30 01:38:12.000]  [GetValueFromJsonOrDefault] ErrorCode:0 INFO: Read Imds response field with Name:vmScaleSetName Value: 
[2026-01-30 01:38:12.000]  [GetValueFromJsonOrDefault] ErrorCode:0 INFO: Read Imds response field with Name:resourceGroupName Value: AMAWin_group
[2026-01-30 01:38:12.000]  [GetValueFromJsonOrDefault] ErrorCode:0 INFO: Read Imds response field with Name:osType Value: Windows
[2026-01-30 01:38:12.000]  [GetValueFromJsonOrDefault] ErrorCode:0 INFO: Read Imds response field with Name:resourceId Value: /subscriptions/351651ce-5feb-4e59-975d-f1f344e2b717/resourceGroups/AMAWin_group/providers/Microsoft.Compute/virtualMachines/amawin
[2026-01-30 01:38:12.000]  [GetValueFromJsonOrDefault] ErrorCode:0 INFO: Read Imds response field with Name:azEnvironment Value: AzurePublicCloud
[2026-01-30 01:38:12.000]  [SetImdsEnvironmentVariable] ErrorCode:0 INFO: Successfully set Environment variables from Imds
[2026-01-30 01:38:12.000]  [AggregateHeartbeat] ErrorCode:0 INFO: Completed heartbeat aggregation.
[2026-01-30 01:38:42.000]  [WriteStatusToFile] ErrorCode:0 INFO: Sending the status.
[2026-01-30 01:38:42.000]  [WriteHeartbeatToFile] ErrorCode:0 INFO: Sending the heartbeat.
[2026-01-30 01:38:42.000]  [WriteStatusToFile] ErrorCode:0 INFO: Done Sending the status.
[2026-01-30 01:38:42.000]  [WriteHeartbeatToFile] ErrorCode:0 INFO: Done Sending the heartbeat.
[2026-01-30 01:39:12.000]  [WriteHeartbeatToFile] ErrorCode:0 INFO: Sending the heartbeat.
[2026-01-30 01:39:12.000]  [WriteStatusToFile] ErrorCode:0 INFO: Sending the status.
[2026-01-30 01:39:12.000]  [WriteHeartbeatToFile] ErrorCode:0 INFO: Done Sending the heartbeat.
[2026-01-30 01:39:12.000]  [WriteStatusToFile] ErrorCode:0 INFO: Done Sending the status.
[2026-01-30 01:39:12.000]  [FindProcessById] ErrorCode:0 INFO: Attempt to find the process MetricsExtension.Native.exe with ID: 3300.
[2026-01-30 01:39:12.000]  [FindProcessById] ErrorCode:0 INFO: Running Process MetricsExtension.Native.exe found. ID: 3300.
[2026-01-30 01:39:12.000]  [StartMetricsExtension] ErrorCode:0 ERROR: Metrics extension is already running
[2026-01-30 01:39:42.000]  [WriteHeartbeatToFile] ErrorCode:0 INFO: Sending the heartbeat.
[2026-01-30 01:39:42.000]  [WriteStatusToFile] ErrorCode:0 INFO: Sending the status.
[2026-01-30 01:39:42.000]  [WriteHeartbeatToFile] ErrorCode:0 INFO: Done Sending the heartbeat.
[2026-01-30 01:39:42.000]  [WriteStatusToFile] ErrorCode:0 INFO: Done Sending the status.
[2026-01-30 01:40:12.000]  [WriteHeartbeatToFile] ErrorCode:0 INFO: Sending the heartbeat.
[2026-01-30 01:40:12.000]  [WriteStatusToFile] ErrorCode:0 INFO: Sending the status.
[2026-01-30 01:40:12.000]  [WriteStatusToFile] ErrorCode:0 INFO: Done Sending the status.
[2026-01-30 01:40:12.000]  [WriteHeartbeatToFile] ErrorCode:0 INFO: Done Sending the heartbeat.
[2026-01-30 01:40:12.000]  [FindProcessById] ErrorCode:0 INFO: Attempt to find the process MetricsExtension.Native.exe with ID: 3300.
[2026-01-30 01:40:12.000]  [FindProcessById] ErrorCode:0 INFO: Running Process MetricsExtension.Native.exe found. ID: 3300.
[2026-01-30 01:40:12.000]  [StartMetricsExtension] ErrorCode:0 ERROR: Metrics extension is already running
[2026-01-30 01:40:42.000]  [WriteStatusToFile] ErrorCode:0 INFO: Sending the status.
[2026-01-30 01:40:42.000]  [WriteHeartbeatToFile] ErrorCode:0 INFO: Sending the heartbeat.
[2026-01-30 01:40:42.000]  [WriteStatusToFile] ErrorCode:0 INFO: Done Sending the status.
[2026-01-30 01:40:42.000]  [WriteHeartbeatToFile] ErrorCode:0 INFO: Done Sending the heartbeat.
[2026-01-30 01:41:12.000]  [WriteHeartbeatToFile] ErrorCode:0 INFO: Sending the heartbeat.
[2026-01-30 01:41:12.000]  [WriteStatusToFile] ErrorCode:0 INFO: Sending the status.
[2026-01-30 01:41:12.000]  [WriteStatusToFile] ErrorCode:0 INFO: Done Sending the status.
[2026-01-30 01:41:12.000]  [WriteHeartbeatToFile] ErrorCode:0 INFO: Done Sending the heartbeat.
[2026-01-30 01:41:12.000]  [FindProcessById] ErrorCode:0 INFO: Attempt to find the process MetricsExtension.Native.exe with ID: 3300.
[2026-01-30 01:41:12.000]  [FindProcessById] ErrorCode:0 INFO: Running Process MetricsExtension.Native.exe found. ID: 3300.
[2026-01-30 01:41:12.000]  [StartMetricsExtension] ErrorCode:0 ERROR: Metrics extension is already running
[2026-01-30 01:41:42.000]  [WriteHeartbeatToFile] ErrorCode:0 INFO: Sending the heartbeat.
[2026-01-30 01:41:42.000]  [WriteStatusToFile] ErrorCode:0 INFO: Sending the status.
[2026-01-30 01:41:42.000]  [WriteHeartbeatToFile] ErrorCode:0 INFO: Done Sending the heartbeat.
[2026-01-30 01:41:42.000]  [WriteStatusToFile] ErrorCode:0 INFO: Done Sending the status.
[2026-01-30 01:42:12.000]  [WriteHeartbeatToFile] ErrorCode:0 INFO: Sending the heartbeat.
[2026-01-30 01:42:12.000]  [WriteStatusToFile] ErrorCode:0 INFO: Sending the status.
[2026-01-30 01:42:12.000]  [WriteStatusToFile] ErrorCode:0 INFO: Done Sending the status.
[2026-01-30 01:42:12.000]  [WriteHeartbeatToFile] ErrorCode:0 INFO: Done Sending the heartbeat.
[2026-01-30 01:42:12.000]  [FindProcessById] ErrorCode:0 INFO: Attempt to find the process MetricsExtension.Native.exe with ID: 3300.
[2026-01-30 01:42:12.000]  [FindProcessById] ErrorCode:0 INFO: Running Process MetricsExtension.Native.exe found. ID: 3300.
[2026-01-30 01:42:12.000]  [StartMetricsExtension] ErrorCode:0 ERROR: Metrics extension is already running
[2026-01-30 01:42:42.000]  [WriteStatusToFile] ErrorCode:0 INFO: Sending the status.
[2026-01-30 01:42:42.000]  [WriteHeartbeatToFile] ErrorCode:0 INFO: Sending the heartbeat.
[2026-01-30 01:42:42.000]  [WriteHeartbeatToFile] ErrorCode:0 INFO: Done Sending the heartbeat.
[2026-01-30 01:42:42.000]  [WriteStatusToFile] ErrorCode:0 INFO: Done Sending the status.
[2026-01-30 01:43:12.000]  [WriteHeartbeatToFile] ErrorCode:0 INFO: Sending the heartbeat.
[2026-01-30 01:43:12.000]  [WriteStatusToFile] ErrorCode:0 INFO: Sending the status.
[2026-01-30 01:43:12.000]  [WriteHeartbeatToFile] ErrorCode:0 INFO: Done Sending the heartbeat.
[2026-01-30 01:43:12.000]  [WriteStatusToFile] ErrorCode:0 INFO: Done Sending the status.
[2026-01-30 01:43:12.000]  [FindProcessById] ErrorCode:0 INFO: Attempt to find the process MetricsExtension.Native.exe with ID: 3300.
[2026-01-30 01:43:12.000]  [FindProcessById] ErrorCode:0 INFO: Running Process MetricsExtension.Native.exe found. ID: 3300.
[2026-01-30 01:43:12.000]  [StartMetricsExtension] ErrorCode:0 ERROR: Metrics extension is already running
[2026-01-30 01:43:12.000]  [AggregateHeartbeat] ErrorCode:0 INFO: Start heartbeat aggregation.
[2026-01-30 01:43:12.000]  [QueryRegValueDWORD] ErrorCode:0 INFO: Query Registry for Key:SOFTWARE\Microsoft\Windows Azure\CurrentVersion\AzureMonitorAgentExtension\47.4.1.0, Name:MaServiceProcess
[2026-01-30 01:43:12.000]  [QueryRegValueDWORD] ErrorCode:0 INFO: Query Registry for Key:SOFTWARE\Microsoft\Windows Azure\CurrentVersion\AzureMonitorAgentExtension\47.4.1.0, Name:MaServiceProcess, Value:5676
[2026-01-30 01:43:12.000]  [FindProcessById] ErrorCode:0 INFO: Attempt to find the process MonAgentLauncher.exe with ID: 5676.
[2026-01-30 01:43:12.000]  [FindProcessById] ErrorCode:0 INFO: Running Process MonAgentLauncher.exe found. ID: 5676.
[2026-01-30 01:43:12.000]  [CheckIfMAServiceIsRunByExtension] ErrorCode:0 INFO: The MA process is running based on the m_registry
[2026-01-30 01:43:12.000]  [QueryRegValueDWORD] ErrorCode:0 INFO: Query Registry for Key:SOFTWARE\Microsoft\Windows Azure\CurrentVersion\AzureMonitorAgentExtension\47.4.1.0, Name:AMAMultitenantServiceProcess
[2026-01-30 01:43:12.000]  [QueryRegValueDWORD] ErrorCode:0 ERROR: RegQueryValueExA: failed to query REG_DWORD value, Key:SOFTWARE\Microsoft\Windows Azure\CurrentVersion\AzureMonitorAgentExtension\47.4.1.0, name=AMAMultitenantServiceProcess, error=2, type=0
[2026-01-30 01:43:12.000]  [CheckIfMAServiceIsRunByExtension] ErrorCode:1205 INFO: Unable to read the m_registry for MA process. Assume it is not running.
[2026-01-30 01:43:12.000]  [AggregateHeartbeat] ErrorCode:0 INFO: Configured MA Service is not running on the node.
[2026-01-30 01:43:12.000]  [SetImdsEnvironmentVariable] ErrorCode:0 INFO: Querying IMDS information
[2026-01-30 01:43:12.000]  [SetImdsEnvironmentVariable] ErrorCode:-1 INFO: Preparing to call IMDS. Endpoint: http://169.254.169.254
[2026-01-30 01:43:12.000]  [QueryIMDSEndpoint] ErrorCode:0 INFO: Queried IMDS successfully.
[2026-01-30 01:43:12.000]  [GetValueFromJsonOrDefault] ErrorCode:0 INFO: Read Imds response field with Name:location Value: westus2
[2026-01-30 01:43:12.000]  [GetValueFromJsonOrDefault] ErrorCode:0 INFO: Read Imds response field with Name:name Value: amawin
[2026-01-30 01:43:12.000]  [GetValueFromJsonOrDefault] ErrorCode:0 INFO: Read Imds response field with Name:subscriptionId Value: 351651ce-5feb-4e59-975d-f1f344e2b717
[2026-01-30 01:43:12.000]  [GetValueFromJsonOrDefault] ErrorCode:0 INFO: Read Imds response field with Name:vmId Value: 22afd636-aec1-4782-9055-f85ea283dc20
[2026-01-30 01:43:12.000]  [GetValueFromJsonOrDefault] ErrorCode:0 INFO: Read Imds response field with Name:vmScaleSetName Value: 
[2026-01-30 01:43:12.000]  [GetValueFromJsonOrDefault] ErrorCode:0 INFO: Read Imds response field with Name:resourceGroupName Value: AMAWin_group
[2026-01-30 01:43:12.000]  [GetValueFromJsonOrDefault] ErrorCode:0 INFO: Read Imds response field with Name:osType Value: Windows
[2026-01-30 01:43:12.000]  [GetValueFromJsonOrDefault] ErrorCode:0 INFO: Read Imds response field with Name:resourceId Value: /subscriptions/351651ce-5feb-4e59-975d-f1f344e2b717/resourceGroups/AMAWin_group/providers/Microsoft.Compute/virtualMachines/amawin
[2026-01-30 01:43:12.000]  [GetValueFromJsonOrDefault] ErrorCode:0 INFO: Read Imds response field with Name:azEnvironment Value: AzurePublicCloud
[2026-01-30 01:43:12.000]  [SetImdsEnvironmentVariable] ErrorCode:0 INFO: Successfully set Environment variables from Imds
[2026-01-30 01:43:12.000]  [AggregateHeartbeat] ErrorCode:0 INFO: Completed heartbeat aggregation.
[2026-01-30 01:43:42.000]  [WriteHeartbeatToFile] ErrorCode:0 INFO: Sending the heartbeat.
[2026-01-30 01:43:42.000]  [WriteStatusToFile] ErrorCode:0 INFO: Sending the status.
[2026-01-30 01:43:42.000]  [WriteStatusToFile] ErrorCode:0 INFO: Done Sending the status.
[2026-01-30 01:43:42.000]  [WriteHeartbeatToFile] ErrorCode:0 INFO: Done Sending the heartbeat.
[2026-01-30 01:44:12.000]  [WriteHeartbeatToFile] ErrorCode:0 INFO: Sending the heartbeat.
[2026-01-30 01:44:12.000]  [WriteStatusToFile] ErrorCode:0 INFO: Sending the status.
[2026-01-30 01:44:12.000]  [WriteStatusToFile] ErrorCode:0 INFO: Done Sending the status.
[2026-01-30 01:44:12.000]  [WriteHeartbeatToFile] ErrorCode:0 INFO: Done Sending the heartbeat.
[2026-01-30 01:44:12.000]  [FindProcessById] ErrorCode:0 INFO: Attempt to find the process MetricsExtension.Native.exe with ID: 3300.
[2026-01-30 01:44:12.000]  [FindProcessById] ErrorCode:0 INFO: Running Process MetricsExtension.Native.exe found. ID: 3300.
[2026-01-30 01:44:12.000]  [StartMetricsExtension] ErrorCode:0 ERROR: Metrics extension is already running
[2026-01-30 01:44:42.000]  [WriteHeartbeatToFile] ErrorCode:0 INFO: Sending the heartbeat.
[2026-01-30 01:44:42.000]  [WriteStatusToFile] ErrorCode:0 INFO: Sending the status.
[2026-01-30 01:44:42.000]  [WriteHeartbeatToFile] ErrorCode:0 INFO: Done Sending the heartbeat.
[2026-01-30 01:44:42.000]  [WriteStatusToFile] ErrorCode:0 INFO: Done Sending the status.
[2026-01-30 01:45:12.000]  [WriteHeartbeatToFile] ErrorCode:0 INFO: Sending the heartbeat.
[2026-01-30 01:45:12.000]  [WriteStatusToFile] ErrorCode:0 INFO: Sending the status.
[2026-01-30 01:45:12.000]  [WriteHeartbeatToFile] ErrorCode:0 INFO: Done Sending the heartbeat.
[2026-01-30 01:45:12.000]  [WriteStatusToFile] ErrorCode:0 INFO: Done Sending the status.
[2026-01-30 01:45:12.000]  [FindProcessById] ErrorCode:0 INFO: Attempt to find the process MetricsExtension.Native.exe with ID: 3300.
[2026-01-30 01:45:12.000]  [FindProcessById] ErrorCode:0 INFO: Running Process MetricsExtension.Native.exe found. ID: 3300.
[2026-01-30 01:45:12.000]  [StartMetricsExtension] ErrorCode:0 ERROR: Metrics extension is already running
[2026-01-30 01:45:42.000]  [WriteStatusToFile] ErrorCode:0 INFO: Sending the status.
[2026-01-30 01:45:42.000]  [WriteHeartbeatToFile] ErrorCode:0 INFO: Sending the heartbeat.
[2026-01-30 01:45:42.000]  [WriteStatusToFile] ErrorCode:0 INFO: Done Sending the status.
[2026-01-30 01:45:42.000]  [WriteHeartbeatToFile] ErrorCode:0 INFO: Done Sending the heartbeat.
[2026-01-30 01:46:12.000]  [WriteHeartbeatToFile] ErrorCode:0 INFO: Sending the heartbeat.
[2026-01-30 01:46:12.000]  [WriteStatusToFile] ErrorCode:0 INFO: Sending the status.
[2026-01-30 01:46:12.000]  [WriteHeartbeatToFile] ErrorCode:0 INFO: Done Sending the heartbeat.
[2026-01-30 01:46:12.000]  [WriteStatusToFile] ErrorCode:0 INFO: Done Sending the status.
[2026-01-30 01:46:12.000]  [FindProcessById] ErrorCode:0 INFO: Attempt to find the process MetricsExtension.Native.exe with ID: 3300.
[2026-01-30 01:46:12.000]  [FindProcessById] ErrorCode:0 INFO: Running Process MetricsExtension.Native.exe found. ID: 3300.
[2026-01-30 01:46:12.000]  [StartMetricsExtension] ErrorCode:0 ERROR: Metrics extension is already running
[2026-01-30 01:46:42.000]  [WriteHeartbeatToFile] ErrorCode:0 INFO: Sending the heartbeat.
[2026-01-30 01:46:42.000]  [WriteStatusToFile] ErrorCode:0 INFO: Sending the status.
[2026-01-30 01:46:42.000]  [WriteHeartbeatToFile] ErrorCode:0 INFO: Done Sending the heartbeat.
[2026-01-30 01:46:42.000]  [WriteStatusToFile] ErrorCode:0 INFO: Done Sending the status.
[2026-01-30 01:47:12.000]  [WriteHeartbeatToFile] ErrorCode:0 INFO: Sending the heartbeat.
[2026-01-30 01:47:12.000]  [WriteStatusToFile] ErrorCode:0 INFO: Sending the status.
[2026-01-30 01:47:12.000]  [WriteStatusToFile] ErrorCode:0 INFO: Done Sending the status.
[2026-01-30 01:47:12.000]  [WriteHeartbeatToFile] ErrorCode:0 INFO: Done Sending the heartbeat.
[2026-01-30 01:47:12.000]  [FindProcessById] ErrorCode:0 INFO: Attempt to find the process MetricsExtension.Native.exe with ID: 3300.
[2026-01-30 01:47:12.000]  [FindProcessById] ErrorCode:0 INFO: Running Process MetricsExtension.Native.exe found. ID: 3300.
[2026-01-30 01:47:12.000]  [StartMetricsExtension] ErrorCode:0 ERROR: Metrics extension is already running
[2026-01-30 01:47:42.000]  [WriteStatusToFile] ErrorCode:0 INFO: Sending the status.
[2026-01-30 01:47:42.000]  [WriteHeartbeatToFile] ErrorCode:0 INFO: Sending the heartbeat.
[2026-01-30 01:47:42.000]  [WriteStatusToFile] ErrorCode:0 INFO: Done Sending the status.
[2026-01-30 01:47:42.000]  [WriteHeartbeatToFile] ErrorCode:0 INFO: Done Sending the heartbeat.
[2026-01-30 01:48:12.000]  [WriteHeartbeatToFile] ErrorCode:0 INFO: Sending the heartbeat.
[2026-01-30 01:48:12.000]  [WriteStatusToFile] ErrorCode:0 INFO: Sending the status.
[2026-01-30 01:48:12.000]  [WriteStatusToFile] ErrorCode:0 INFO: Done Sending the status.
[2026-01-30 01:48:12.000]  [WriteHeartbeatToFile] ErrorCode:0 INFO: Done Sending the heartbeat.
[2026-01-30 01:48:12.000]  [FindProcessById] ErrorCode:0 INFO: Attempt to find the process MetricsExtension.Native.exe with ID: 3300.
[2026-01-30 01:48:12.000]  [FindProcessById] ErrorCode:0 INFO: Running Process MetricsExtension.Native.exe found. ID: 3300.
[2026-01-30 01:48:12.000]  [StartMetricsExtension] ErrorCode:0 ERROR: Metrics extension is already running
[2026-01-30 01:48:12.000]  [AggregateHeartbeat] ErrorCode:0 INFO: Start heartbeat aggregation.
[2026-01-30 01:48:12.000]  [QueryRegValueDWORD] ErrorCode:0 INFO: Query Registry for Key:SOFTWARE\Microsoft\Windows Azure\CurrentVersion\AzureMonitorAgentExtension\47.4.1.0, Name:MaServiceProcess
[2026-01-30 01:48:12.000]  [QueryRegValueDWORD] ErrorCode:0 INFO: Query Registry for Key:SOFTWARE\Microsoft\Windows Azure\CurrentVersion\AzureMonitorAgentExtension\47.4.1.0, Name:MaServiceProcess, Value:5676
[2026-01-30 01:48:12.000]  [FindProcessById] ErrorCode:0 INFO: Attempt to find the process MonAgentLauncher.exe with ID: 5676.
[2026-01-30 01:48:12.000]  [FindProcessById] ErrorCode:0 INFO: Running Process MonAgentLauncher.exe found. ID: 5676.
[2026-01-30 01:48:12.000]  [CheckIfMAServiceIsRunByExtension] ErrorCode:0 INFO: The MA process is running based on the m_registry
[2026-01-30 01:48:12.000]  [QueryRegValueDWORD] ErrorCode:0 INFO: Query Registry for Key:SOFTWARE\Microsoft\Windows Azure\CurrentVersion\AzureMonitorAgentExtension\47.4.1.0, Name:AMAMultitenantServiceProcess
[2026-01-30 01:48:12.000]  [QueryRegValueDWORD] ErrorCode:0 ERROR: RegQueryValueExA: failed to query REG_DWORD value, Key:SOFTWARE\Microsoft\Windows Azure\CurrentVersion\AzureMonitorAgentExtension\47.4.1.0, name=AMAMultitenantServiceProcess, error=2, type=0
[2026-01-30 01:48:12.000]  [CheckIfMAServiceIsRunByExtension] ErrorCode:1205 INFO: Unable to read the m_registry for MA process. Assume it is not running.
[2026-01-30 01:48:12.000]  [AggregateHeartbeat] ErrorCode:0 INFO: Configured MA Service is not running on the node.
[2026-01-30 01:48:12.000]  [SetImdsEnvironmentVariable] ErrorCode:0 INFO: Querying IMDS information
[2026-01-30 01:48:12.000]  [SetImdsEnvironmentVariable] ErrorCode:-1 INFO: Preparing to call IMDS. Endpoint: http://169.254.169.254
[2026-01-30 01:48:12.000]  [QueryIMDSEndpoint] ErrorCode:0 INFO: Queried IMDS successfully.
[2026-01-30 01:48:12.000]  [GetValueFromJsonOrDefault] ErrorCode:0 INFO: Read Imds response field with Name:location Value: westus2
[2026-01-30 01:48:12.000]  [GetValueFromJsonOrDefault] ErrorCode:0 INFO: Read Imds response field with Name:name Value: amawin
[2026-01-30 01:48:12.000]  [GetValueFromJsonOrDefault] ErrorCode:0 INFO: Read Imds response field with Name:subscriptionId Value: 351651ce-5feb-4e59-975d-f1f344e2b717
[2026-01-30 01:48:12.000]  [GetValueFromJsonOrDefault] ErrorCode:0 INFO: Read Imds response field with Name:vmId Value: 22afd636-aec1-4782-9055-f85ea283dc20
[2026-01-30 01:48:12.000]  [GetValueFromJsonOrDefault] ErrorCode:0 INFO: Read Imds response field with Name:vmScaleSetName Value: 
[2026-01-30 01:48:12.000]  [GetValueFromJsonOrDefault] ErrorCode:0 INFO: Read Imds response field with Name:resourceGroupName Value: AMAWin_group
[2026-01-30 01:48:12.000]  [GetValueFromJsonOrDefault] ErrorCode:0 INFO: Read Imds response field with Name:osType Value: Windows
[2026-01-30 01:48:12.000]  [GetValueFromJsonOrDefault] ErrorCode:0 INFO: Read Imds response field with Name:resourceId Value: /subscriptions/351651ce-5feb-4e59-975d-f1f344e2b717/resourceGroups/AMAWin_group/providers/Microsoft.Compute/virtualMachines/amawin
[2026-01-30 01:48:12.000]  [GetValueFromJsonOrDefault] ErrorCode:0 INFO: Read Imds response field with Name:azEnvironment Value: AzurePublicCloud
[2026-01-30 01:48:12.000]  [SetImdsEnvironmentVariable] ErrorCode:0 INFO: Successfully set Environment variables from Imds
[2026-01-30 01:48:12.000]  [AggregateHeartbeat] ErrorCode:0 INFO: Completed heartbeat aggregation.
[2026-01-30 01:48:42.000]  [WriteHeartbeatToFile] ErrorCode:0 INFO: Sending the heartbeat.
[2026-01-30 01:48:42.000]  [WriteStatusToFile] ErrorCode:0 INFO: Sending the status.
[2026-01-30 01:48:42.000]  [WriteStatusToFile] ErrorCode:0 INFO: Done Sending the status.
[2026-01-30 01:48:42.000]  [WriteHeartbeatToFile] ErrorCode:0 INFO: Done Sending the heartbeat.
[2026-01-30 01:49:12.000]  [WriteHeartbeatToFile] ErrorCode:0 INFO: Sending the heartbeat.
[2026-01-30 01:49:12.000]  [WriteStatusToFile] ErrorCode:0 INFO: Sending the status.
[2026-01-30 01:49:12.000]  [WriteHeartbeatToFile] ErrorCode:0 INFO: Done Sending the heartbeat.
[2026-01-30 01:49:12.000]  [WriteStatusToFile] ErrorCode:0 INFO: Done Sending the status.
[2026-01-30 01:49:12.000]  [FindProcessById] ErrorCode:0 INFO: Attempt to find the process MetricsExtension.Native.exe with ID: 3300.
[2026-01-30 01:49:12.000]  [FindProcessById] ErrorCode:0 INFO: Running Process MetricsExtension.Native.exe found. ID: 3300.
[2026-01-30 01:49:12.000]  [StartMetricsExtension] ErrorCode:0 ERROR: Metrics extension is already running
[2026-01-30 01:49:42.000]  [WriteStatusToFile] ErrorCode:0 INFO: Sending the status.
[2026-01-30 01:49:42.000]  [WriteHeartbeatToFile] ErrorCode:0 INFO: Sending the heartbeat.
[2026-01-30 01:49:42.000]  [WriteHeartbeatToFile] ErrorCode:0 INFO: Done Sending the heartbeat.
[2026-01-30 01:49:42.000]  [WriteStatusToFile] ErrorCode:0 INFO: Done Sending the status.
[2026-01-30 01:50:12.000]  [WriteHeartbeatToFile] ErrorCode:0 INFO: Sending the heartbeat.
[2026-01-30 01:50:12.000]  [WriteStatusToFile] ErrorCode:0 INFO: Sending the status.
[2026-01-30 01:50:12.000]  [WriteStatusToFile] ErrorCode:0 INFO: Done Sending the status.
[2026-01-30 01:50:12.000]  [WriteHeartbeatToFile] ErrorCode:0 INFO: Done Sending the heartbeat.
[2026-01-30 01:50:12.000]  [FindProcessById] ErrorCode:0 INFO: Attempt to find the process MetricsExtension.Native.exe with ID: 3300.
[2026-01-30 01:50:12.000]  [FindProcessById] ErrorCode:0 INFO: Running Process MetricsExtension.Native.exe found. ID: 3300.
[2026-01-30 01:50:12.000]  [StartMetricsExtension] ErrorCode:0 ERROR: Metrics extension is already running
[2026-01-30 01:50:42.000]  [WriteStatusToFile] ErrorCode:0 INFO: Sending the status.
[2026-01-30 01:50:42.000]  [WriteHeartbeatToFile] ErrorCode:0 INFO: Sending the heartbeat.
[2026-01-30 01:50:42.000]  [WriteStatusToFile] ErrorCode:0 INFO: Done Sending the status.
[2026-01-30 01:50:42.000]  [WriteHeartbeatToFile] ErrorCode:0 INFO: Done Sending the heartbeat.
[2026-01-30 01:51:12.000]  [WriteHeartbeatToFile] ErrorCode:0 INFO: Sending the heartbeat.
[2026-01-30 01:51:12.000]  [WriteStatusToFile] ErrorCode:0 INFO: Sending the status.
[2026-01-30 01:51:12.000]  [WriteHeartbeatToFile] ErrorCode:0 INFO: Done Sending the heartbeat.
[2026-01-30 01:51:12.000]  [WriteStatusToFile] ErrorCode:0 INFO: Done Sending the status.
[2026-01-30 01:51:12.000]  [FindProcessById] ErrorCode:0 INFO: Attempt to find the process MetricsExtension.Native.exe with ID: 3300.
[2026-01-30 01:51:12.000]  [FindProcessById] ErrorCode:0 INFO: Running Process MetricsExtension.Native.exe found. ID: 3300.
[2026-01-30 01:51:12.000]  [StartMetricsExtension] ErrorCode:0 ERROR: Metrics extension is already running
[2026-01-30 01:51:42.000]  [WriteHeartbeatToFile] ErrorCode:0 INFO: Sending the heartbeat.
[2026-01-30 01:51:42.000]  [WriteStatusToFile] ErrorCode:0 INFO: Sending the status.
[2026-01-30 01:51:42.000]  [WriteHeartbeatToFile] ErrorCode:0 INFO: Done Sending the heartbeat.
[2026-01-30 01:51:42.000]  [WriteStatusToFile] ErrorCode:0 INFO: Done Sending the status.
[2026-01-30 01:52:12.000]  [WriteStatusToFile] ErrorCode:0 INFO: Sending the status.
[2026-01-30 01:52:12.000]  [WriteHeartbeatToFile] ErrorCode:0 INFO: Sending the heartbeat.
[2026-01-30 01:52:12.000]  [WriteStatusToFile] ErrorCode:0 INFO: Done Sending the status.
[2026-01-30 01:52:12.000]  [WriteHeartbeatToFile] ErrorCode:0 INFO: Done Sending the heartbeat.
[2026-01-30 01:52:12.000]  [FindProcessById] ErrorCode:0 INFO: Attempt to find the process MetricsExtension.Native.exe with ID: 3300.
[2026-01-30 01:52:12.000]  [FindProcessById] ErrorCode:0 INFO: Running Process MetricsExtension.Native.exe found. ID: 3300.
[2026-01-30 01:52:12.000]  [StartMetricsExtension] ErrorCode:0 ERROR: Metrics extension is already running
[2026-01-30 01:52:42.000]  [WriteStatusToFile] ErrorCode:0 INFO: Sending the status.
[2026-01-30 01:52:42.000]  [WriteHeartbeatToFile] ErrorCode:0 INFO: Sending the heartbeat.
[2026-01-30 01:52:42.000]  [WriteHeartbeatToFile] ErrorCode:0 INFO: Done Sending the heartbeat.
[2026-01-30 01:52:42.000]  [WriteStatusToFile] ErrorCode:0 INFO: Done Sending the status.
[2026-01-30 01:53:12.000]  [WriteStatusToFile] ErrorCode:0 INFO: Sending the status.
[2026-01-30 01:53:12.000]  [WriteHeartbeatToFile] ErrorCode:0 INFO: Sending the heartbeat.
[2026-01-30 01:53:12.000]  [WriteStatusToFile] ErrorCode:0 INFO: Done Sending the status.
[2026-01-30 01:53:12.000]  [WriteHeartbeatToFile] ErrorCode:0 INFO: Done Sending the heartbeat.
[2026-01-30 01:53:12.000]  [FindProcessById] ErrorCode:0 INFO: Attempt to find the process MetricsExtension.Native.exe with ID: 3300.
[2026-01-30 01:53:12.000]  [FindProcessById] ErrorCode:0 INFO: Running Process MetricsExtension.Native.exe found. ID: 3300.
[2026-01-30 01:53:12.000]  [StartMetricsExtension] ErrorCode:0 ERROR: Metrics extension is already running
[2026-01-30 01:53:12.000]  [AggregateHeartbeat] ErrorCode:0 INFO: Start heartbeat aggregation.
[2026-01-30 01:53:12.000]  [QueryRegValueDWORD] ErrorCode:0 INFO: Query Registry for Key:SOFTWARE\Microsoft\Windows Azure\CurrentVersion\AzureMonitorAgentExtension\47.4.1.0, Name:MaServiceProcess
[2026-01-30 01:53:12.000]  [QueryRegValueDWORD] ErrorCode:0 INFO: Query Registry for Key:SOFTWARE\Microsoft\Windows Azure\CurrentVersion\AzureMonitorAgentExtension\47.4.1.0, Name:MaServiceProcess, Value:5676
[2026-01-30 01:53:12.000]  [FindProcessById] ErrorCode:0 INFO: Attempt to find the process MonAgentLauncher.exe with ID: 5676.
[2026-01-30 01:53:12.000]  [FindProcessById] ErrorCode:0 INFO: Running Process MonAgentLauncher.exe found. ID: 5676.
[2026-01-30 01:53:12.000]  [CheckIfMAServiceIsRunByExtension] ErrorCode:0 INFO: The MA process is running based on the m_registry
[2026-01-30 01:53:12.000]  [QueryRegValueDWORD] ErrorCode:0 INFO: Query Registry for Key:SOFTWARE\Microsoft\Windows Azure\CurrentVersion\AzureMonitorAgentExtension\47.4.1.0, Name:AMAMultitenantServiceProcess
[2026-01-30 01:53:12.000]  [QueryRegValueDWORD] ErrorCode:0 ERROR: RegQueryValueExA: failed to query REG_DWORD value, Key:SOFTWARE\Microsoft\Windows Azure\CurrentVersion\AzureMonitorAgentExtension\47.4.1.0, name=AMAMultitenantServiceProcess, error=2, type=0
[2026-01-30 01:53:12.000]  [CheckIfMAServiceIsRunByExtension] ErrorCode:1205 INFO: Unable to read the m_registry for MA process. Assume it is not running.
[2026-01-30 01:53:12.000]  [AggregateHeartbeat] ErrorCode:0 INFO: Configured MA Service is not running on the node.
[2026-01-30 01:53:12.000]  [SetImdsEnvironmentVariable] ErrorCode:0 INFO: Querying IMDS information
[2026-01-30 01:53:12.000]  [SetImdsEnvironmentVariable] ErrorCode:-1 INFO: Preparing to call IMDS. Endpoint: http://169.254.169.254
[2026-01-30 01:53:12.000]  [QueryIMDSEndpoint] ErrorCode:0 INFO: Queried IMDS successfully.
[2026-01-30 01:53:12.000]  [GetValueFromJsonOrDefault] ErrorCode:0 INFO: Read Imds response field with Name:location Value: westus2
[2026-01-30 01:53:12.000]  [GetValueFromJsonOrDefault] ErrorCode:0 INFO: Read Imds response field with Name:name Value: amawin
[2026-01-30 01:53:12.000]  [GetValueFromJsonOrDefault] ErrorCode:0 INFO: Read Imds response field with Name:subscriptionId Value: 351651ce-5feb-4e59-975d-f1f344e2b717
[2026-01-30 01:53:12.000]  [GetValueFromJsonOrDefault] ErrorCode:0 INFO: Read Imds response field with Name:vmId Value: 22afd636-aec1-4782-9055-f85ea283dc20
[2026-01-30 01:53:12.000]  [GetValueFromJsonOrDefault] ErrorCode:0 INFO: Read Imds response field with Name:vmScaleSetName Value: 
[2026-01-30 01:53:12.000]  [GetValueFromJsonOrDefault] ErrorCode:0 INFO: Read Imds response field with Name:resourceGroupName Value: AMAWin_group
[2026-01-30 01:53:12.000]  [GetValueFromJsonOrDefault] ErrorCode:0 INFO: Read Imds response field with Name:osType Value: Windows
[2026-01-30 01:53:12.000]  [GetValueFromJsonOrDefault] ErrorCode:0 INFO: Read Imds response field with Name:resourceId Value: /subscriptions/351651ce-5feb-4e59-975d-f1f344e2b717/resourceGroups/AMAWin_group/providers/Microsoft.Compute/virtualMachines/amawin
[2026-01-30 01:53:12.000]  [GetValueFromJsonOrDefault] ErrorCode:0 INFO: Read Imds response field with Name:azEnvironment Value: AzurePublicCloud
[2026-01-30 01:53:12.000]  [SetImdsEnvironmentVariable] ErrorCode:0 INFO: Successfully set Environment variables from Imds
[2026-01-30 01:53:12.000]  [AggregateHeartbeat] ErrorCode:0 INFO: Completed heartbeat aggregation.
[2026-01-30 01:53:42.000]  [WriteHeartbeatToFile] ErrorCode:0 INFO: Sending the heartbeat.
[2026-01-30 01:53:42.000]  [WriteStatusToFile] ErrorCode:0 INFO: Sending the status.
[2026-01-30 01:53:42.000]  [WriteStatusToFile] ErrorCode:0 INFO: Done Sending the status.
[2026-01-30 01:53:42.000]  [WriteHeartbeatToFile] ErrorCode:0 INFO: Done Sending the heartbeat.
[2026-01-30 01:54:12.000]  [WriteStatusToFile] ErrorCode:0 INFO: Sending the status.
[2026-01-30 01:54:12.000]  [WriteHeartbeatToFile] ErrorCode:0 INFO: Sending the heartbeat.
[2026-01-30 01:54:12.000]  [WriteHeartbeatToFile] ErrorCode:0 INFO: Done Sending the heartbeat.
[2026-01-30 01:54:12.000]  [WriteStatusToFile] ErrorCode:0 INFO: Done Sending the status.
[2026-01-30 01:54:12.000]  [FindProcessById] ErrorCode:0 INFO: Attempt to find the process MetricsExtension.Native.exe with ID: 3300.
[2026-01-30 01:54:12.000]  [FindProcessById] ErrorCode:0 INFO: Running Process MetricsExtension.Native.exe found. ID: 3300.
[2026-01-30 01:54:12.000]  [StartMetricsExtension] ErrorCode:0 ERROR: Metrics extension is already running
[2026-01-30 01:54:42.000]  [WriteHeartbeatToFile] ErrorCode:0 INFO: Sending the heartbeat.
[2026-01-30 01:54:42.000]  [WriteStatusToFile] ErrorCode:0 INFO: Sending the status.
[2026-01-30 01:54:42.000]  [WriteHeartbeatToFile] ErrorCode:0 INFO: Done Sending the heartbeat.
[2026-01-30 01:54:42.000]  [WriteStatusToFile] ErrorCode:0 INFO: Done Sending the status.
[2026-01-30 01:55:12.000]  [WriteStatusToFile] ErrorCode:0 INFO: Sending the status.
[2026-01-30 01:55:12.000]  [WriteHeartbeatToFile] ErrorCode:0 INFO: Sending the heartbeat.
[2026-01-30 01:55:12.000]  [WriteStatusToFile] ErrorCode:0 INFO: Done Sending the status.
[2026-01-30 01:55:12.000]  [WriteHeartbeatToFile] ErrorCode:0 INFO: Done Sending the heartbeat.
[2026-01-30 01:55:12.000]  [FindProcessById] ErrorCode:0 INFO: Attempt to find the process MetricsExtension.Native.exe with ID: 3300.
[2026-01-30 01:55:12.000]  [FindProcessById] ErrorCode:0 INFO: Running Process MetricsExtension.Native.exe found. ID: 3300.
[2026-01-30 01:55:12.000]  [StartMetricsExtension] ErrorCode:0 ERROR: Metrics extension is already running
[2026-01-30 01:55:42.000]  [WriteStatusToFile] ErrorCode:0 INFO: Sending the status.
[2026-01-30 01:55:42.000]  [WriteHeartbeatToFile] ErrorCode:0 INFO: Sending the heartbeat.
[2026-01-30 01:55:42.000]  [WriteHeartbeatToFile] ErrorCode:0 INFO: Done Sending the heartbeat.
[2026-01-30 01:55:42.000]  [WriteStatusToFile] ErrorCode:0 INFO: Done Sending the status.
[2026-01-30 01:56:12.000]  [WriteHeartbeatToFile] ErrorCode:0 INFO: Sending the heartbeat.
[2026-01-30 01:56:12.000]  [WriteStatusToFile] ErrorCode:0 INFO: Sending the status.
[2026-01-30 01:56:12.000]  [WriteHeartbeatToFile] ErrorCode:0 INFO: Done Sending the heartbeat.
[2026-01-30 01:56:12.000]  [WriteStatusToFile] ErrorCode:0 INFO: Done Sending the status.
[2026-01-30 01:56:12.000]  [FindProcessById] ErrorCode:0 INFO: Attempt to find the process MetricsExtension.Native.exe with ID: 3300.
[2026-01-30 01:56:12.000]  [FindProcessById] ErrorCode:0 INFO: Running Process MetricsExtension.Native.exe found. ID: 3300.
[2026-01-30 01:56:12.000]  [StartMetricsExtension] ErrorCode:0 ERROR: Metrics extension is already running
[2026-01-30 01:56:42.000]  [WriteHeartbeatToFile] ErrorCode:0 INFO: Sending the heartbeat.
[2026-01-30 01:56:42.000]  [WriteStatusToFile] ErrorCode:0 INFO: Sending the status.
[2026-01-30 01:56:42.000]  [WriteHeartbeatToFile] ErrorCode:0 INFO: Done Sending the heartbeat.
[2026-01-30 01:56:42.000]  [WriteStatusToFile] ErrorCode:0 INFO: Done Sending the status.
[2026-01-30 01:57:12.000]  [WriteStatusToFile] ErrorCode:0 INFO: Sending the status.
[2026-01-30 01:57:12.000]  [WriteHeartbeatToFile] ErrorCode:0 INFO: Sending the heartbeat.
[2026-01-30 01:57:12.000]  [WriteStatusToFile] ErrorCode:0 INFO: Done Sending the status.
[2026-01-30 01:57:12.000]  [WriteHeartbeatToFile] ErrorCode:0 INFO: Done Sending the heartbeat.
[2026-01-30 01:57:12.000]  [FindProcessById] ErrorCode:0 INFO: Attempt to find the process MetricsExtension.Native.exe with ID: 3300.
[2026-01-30 01:57:12.000]  [FindProcessById] ErrorCode:0 INFO: Running Process MetricsExtension.Native.exe found. ID: 3300.
[2026-01-30 01:57:12.000]  [StartMetricsExtension] ErrorCode:0 ERROR: Metrics extension is already running
[2026-01-30 01:57:42.000]  [WriteHeartbeatToFile] ErrorCode:0 INFO: Sending the heartbeat.
[2026-01-30 01:57:42.000]  [WriteStatusToFile] ErrorCode:0 INFO: Sending the status.
[2026-01-30 01:57:42.000]  [WriteHeartbeatToFile] ErrorCode:0 INFO: Done Sending the heartbeat.
[2026-01-30 01:57:42.000]  [WriteStatusToFile] ErrorCode:0 INFO: Done Sending the status.
[2026-01-30 01:58:12.000]  [WriteStatusToFile] ErrorCode:0 INFO: Sending the status.
[2026-01-30 01:58:12.000]  [WriteHeartbeatToFile] ErrorCode:0 INFO: Sending the heartbeat.
[2026-01-30 01:58:12.000]  [WriteStatusToFile] ErrorCode:0 INFO: Done Sending the status.
[2026-01-30 01:58:12.000]  [WriteHeartbeatToFile] ErrorCode:0 INFO: Done Sending the heartbeat.
[2026-01-30 01:58:12.000]  [FindProcessById] ErrorCode:0 INFO: Attempt to find the process MetricsExtension.Native.exe with ID: 3300.
[2026-01-30 01:58:12.000]  [FindProcessById] ErrorCode:0 INFO: Running Process MetricsExtension.Native.exe found. ID: 3300.
[2026-01-30 01:58:12.000]  [StartMetricsExtension] ErrorCode:0 ERROR: Metrics extension is already running
[2026-01-30 01:58:12.000]  [AggregateHeartbeat] ErrorCode:0 INFO: Start heartbeat aggregation.
[2026-01-30 01:58:12.000]  [QueryRegValueDWORD] ErrorCode:0 INFO: Query Registry for Key:SOFTWARE\Microsoft\Windows Azure\CurrentVersion\AzureMonitorAgentExtension\47.4.1.0, Name:MaServiceProcess
[2026-01-30 01:58:12.000]  [QueryRegValueDWORD] ErrorCode:0 INFO: Query Registry for Key:SOFTWARE\Microsoft\Windows Azure\CurrentVersion\AzureMonitorAgentExtension\47.4.1.0, Name:MaServiceProcess, Value:5676
[2026-01-30 01:58:12.000]  [FindProcessById] ErrorCode:0 INFO: Attempt to find the process MonAgentLauncher.exe with ID: 5676.
[2026-01-30 01:58:12.000]  [FindProcessById] ErrorCode:0 INFO: Running Process MonAgentLauncher.exe found. ID: 5676.
[2026-01-30 01:58:12.000]  [CheckIfMAServiceIsRunByExtension] ErrorCode:0 INFO: The MA process is running based on the m_registry
[2026-01-30 01:58:12.000]  [QueryRegValueDWORD] ErrorCode:0 INFO: Query Registry for Key:SOFTWARE\Microsoft\Windows Azure\CurrentVersion\AzureMonitorAgentExtension\47.4.1.0, Name:AMAMultitenantServiceProcess
[2026-01-30 01:58:12.000]  [QueryRegValueDWORD] ErrorCode:0 ERROR: RegQueryValueExA: failed to query REG_DWORD value, Key:SOFTWARE\Microsoft\Windows Azure\CurrentVersion\AzureMonitorAgentExtension\47.4.1.0, name=AMAMultitenantServiceProcess, error=2, type=0
[2026-01-30 01:58:12.000]  [CheckIfMAServiceIsRunByExtension] ErrorCode:1205 INFO: Unable to read the m_registry for MA process. Assume it is not running.
[2026-01-30 01:58:12.000]  [AggregateHeartbeat] ErrorCode:0 INFO: Configured MA Service is not running on the node.
[2026-01-30 01:58:12.000]  [SetImdsEnvironmentVariable] ErrorCode:0 INFO: Querying IMDS information
[2026-01-30 01:58:12.000]  [SetImdsEnvironmentVariable] ErrorCode:-1 INFO: Preparing to call IMDS. Endpoint: http://169.254.169.254
[2026-01-30 01:58:12.000]  [QueryIMDSEndpoint] ErrorCode:0 INFO: Queried IMDS successfully.
[2026-01-30 01:58:12.000]  [GetValueFromJsonOrDefault] ErrorCode:0 INFO: Read Imds response field with Name:location Value: westus2
[2026-01-30 01:58:12.000]  [GetValueFromJsonOrDefault] ErrorCode:0 INFO: Read Imds response field with Name:name Value: amawin
[2026-01-30 01:58:12.000]  [GetValueFromJsonOrDefault] ErrorCode:0 INFO: Read Imds response field with Name:subscriptionId Value: 351651ce-5feb-4e59-975d-f1f344e2b717
[2026-01-30 01:58:12.000]  [GetValueFromJsonOrDefault] ErrorCode:0 INFO: Read Imds response field with Name:vmId Value: 22afd636-aec1-4782-9055-f85ea283dc20
[2026-01-30 01:58:12.000]  [GetValueFromJsonOrDefault] ErrorCode:0 INFO: Read Imds response field with Name:vmScaleSetName Value: 
[2026-01-30 01:58:12.000]  [GetValueFromJsonOrDefault] ErrorCode:0 INFO: Read Imds response field with Name:resourceGroupName Value: AMAWin_group
[2026-01-30 01:58:12.000]  [GetValueFromJsonOrDefault] ErrorCode:0 INFO: Read Imds response field with Name:osType Value: Windows
[2026-01-30 01:58:12.000]  [GetValueFromJsonOrDefault] ErrorCode:0 INFO: Read Imds response field with Name:resourceId Value: /subscriptions/351651ce-5feb-4e59-975d-f1f344e2b717/resourceGroups/AMAWin_group/providers/Microsoft.Compute/virtualMachines/amawin
[2026-01-30 01:58:12.000]  [GetValueFromJsonOrDefault] ErrorCode:0 INFO: Read Imds response field with Name:azEnvironment Value: AzurePublicCloud
[2026-01-30 01:58:12.000]  [SetImdsEnvironmentVariable] ErrorCode:0 INFO: Successfully set Environment variables from Imds
[2026-01-30 01:58:12.000]  [AggregateHeartbeat] ErrorCode:0 INFO: Completed heartbeat aggregation.
[2026-01-30 01:58:42.000]  [WriteHeartbeatToFile] ErrorCode:0 INFO: Sending the heartbeat.
[2026-01-30 01:58:42.000]  [WriteStatusToFile] ErrorCode:0 INFO: Sending the status.
[2026-01-30 01:58:42.000]  [WriteStatusToFile] ErrorCode:0 INFO: Done Sending the status.
[2026-01-30 01:58:42.000]  [WriteHeartbeatToFile] ErrorCode:0 INFO: Done Sending the heartbeat.
[2026-01-30 01:59:12.000]  [WriteHeartbeatToFile] ErrorCode:0 INFO: Sending the heartbeat.
[2026-01-30 01:59:12.000]  [WriteStatusToFile] ErrorCode:0 INFO: Sending the status.
[2026-01-30 01:59:12.000]  [WriteStatusToFile] ErrorCode:0 INFO: Done Sending the status.
[2026-01-30 01:59:12.000]  [WriteHeartbeatToFile] ErrorCode:0 INFO: Done Sending the heartbeat.
[2026-01-30 01:59:12.000]  [FindProcessById] ErrorCode:0 INFO: Attempt to find the process MetricsExtension.Native.exe with ID: 3300.
[2026-01-30 01:59:12.000]  [FindProcessById] ErrorCode:0 INFO: Running Process MetricsExtension.Native.exe found. ID: 3300.
[2026-01-30 01:59:12.000]  [StartMetricsExtension] ErrorCode:0 ERROR: Metrics extension is already running
[2026-01-30 01:59:42.000]  [WriteHeartbeatToFile] ErrorCode:0 INFO: Sending the heartbeat.
[2026-01-30 01:59:42.000]  [WriteStatusToFile] ErrorCode:0 INFO: Sending the status.
[2026-01-30 01:59:42.000]  [WriteHeartbeatToFile] ErrorCode:0 INFO: Done Sending the heartbeat.
[2026-01-30 01:59:42.000]  [WriteStatusToFile] ErrorCode:0 INFO: Done Sending the status.
[2026-01-30 02:00:12.000]  [WriteStatusToFile] ErrorCode:0 INFO: Sending the status.
[2026-01-30 02:00:12.000]  [WriteHeartbeatToFile] ErrorCode:0 INFO: Sending the heartbeat.
[2026-01-30 02:00:12.000]  [WriteStatusToFile] ErrorCode:0 INFO: Done Sending the status.
[2026-01-30 02:00:12.000]  [WriteHeartbeatToFile] ErrorCode:0 INFO: Done Sending the heartbeat.
[2026-01-30 02:00:12.000]  [FindProcessById] ErrorCode:0 INFO: Attempt to find the process MetricsExtension.Native.exe with ID: 3300.
[2026-01-30 02:00:12.000]  [FindProcessById] ErrorCode:0 INFO: Running Process MetricsExtension.Native.exe found. ID: 3300.
[2026-01-30 02:00:12.000]  [StartMetricsExtension] ErrorCode:0 ERROR: Metrics extension is already running
[2026-01-30 02:00:42.000]  [WriteHeartbeatToFile] ErrorCode:0 INFO: Sending the heartbeat.
[2026-01-30 02:00:42.000]  [WriteStatusToFile] ErrorCode:0 INFO: Sending the status.
[2026-01-30 02:00:42.000]  [WriteStatusToFile] ErrorCode:0 INFO: Done Sending the status.
[2026-01-30 02:00:42.000]  [WriteHeartbeatToFile] ErrorCode:0 INFO: Done Sending the heartbeat.
[2026-01-30 02:01:12.000]  [WriteStatusToFile] ErrorCode:0 INFO: Sending the status.
[2026-01-30 02:01:12.000]  [WriteHeartbeatToFile] ErrorCode:0 INFO: Sending the heartbeat.
[2026-01-30 02:01:12.000]  [WriteHeartbeatToFile] ErrorCode:0 INFO: Done Sending the heartbeat.
[2026-01-30 02:01:12.000]  [WriteStatusToFile] ErrorCode:0 INFO: Done Sending the status.
[2026-01-30 02:01:12.000]  [FindProcessById] ErrorCode:0 INFO: Attempt to find the process MetricsExtension.Native.exe with ID: 3300.
[2026-01-30 02:01:12.000]  [FindProcessById] ErrorCode:0 INFO: Running Process MetricsExtension.Native.exe found. ID: 3300.
[2026-01-30 02:01:12.000]  [StartMetricsExtension] ErrorCode:0 ERROR: Metrics extension is already running
[2026-01-30 02:01:42.000]  [WriteHeartbeatToFile] ErrorCode:0 INFO: Sending the heartbeat.
[2026-01-30 02:01:42.000]  [WriteStatusToFile] ErrorCode:0 INFO: Sending the status.
[2026-01-30 02:01:42.000]  [WriteHeartbeatToFile] ErrorCode:0 INFO: Done Sending the heartbeat.
[2026-01-30 02:01:42.000]  [WriteStatusToFile] ErrorCode:0 INFO: Done Sending the status.
[2026-01-30 02:02:12.000]  [WriteHeartbeatToFile] ErrorCode:0 INFO: Sending the heartbeat.
[2026-01-30 02:02:12.000]  [WriteStatusToFile] ErrorCode:0 INFO: Sending the status.
[2026-01-30 02:02:12.000]  [WriteStatusToFile] ErrorCode:0 INFO: Done Sending the status.
[2026-01-30 02:02:12.000]  [WriteHeartbeatToFile] ErrorCode:0 INFO: Done Sending the heartbeat.
[2026-01-30 02:02:12.000]  [FindProcessById] ErrorCode:0 INFO: Attempt to find the process MetricsExtension.Native.exe with ID: 3300.
[2026-01-30 02:02:12.000]  [FindProcessById] ErrorCode:0 INFO: Running Process MetricsExtension.Native.exe found. ID: 3300.
[2026-01-30 02:02:12.000]  [StartMetricsExtension] ErrorCode:0 ERROR: Metrics extension is already running
[2026-01-30 02:02:42.000]  [WriteHeartbeatToFile] ErrorCode:0 INFO: Sending the heartbeat.
[2026-01-30 02:02:42.000]  [WriteStatusToFile] ErrorCode:0 INFO: Sending the status.
[2026-01-30 02:02:42.000]  [WriteStatusToFile] ErrorCode:0 INFO: Done Sending the status.
[2026-01-30 02:02:42.000]  [WriteHeartbeatToFile] ErrorCode:0 INFO: Done Sending the heartbeat.
[2026-01-30 02:03:12.000]  [WriteStatusToFile] ErrorCode:0 INFO: Sending the status.
[2026-01-30 02:03:12.000]  [WriteHeartbeatToFile] ErrorCode:0 INFO: Sending the heartbeat.
[2026-01-30 02:03:12.000]  [WriteStatusToFile] ErrorCode:0 INFO: Done Sending the status.
[2026-01-30 02:03:12.000]  [WriteHeartbeatToFile] ErrorCode:0 INFO: Done Sending the heartbeat.
[2026-01-30 02:03:12.000]  [FindProcessById] ErrorCode:0 INFO: Attempt to find the process MetricsExtension.Native.exe with ID: 3300.
[2026-01-30 02:03:12.000]  [FindProcessById] ErrorCode:0 INFO: Running Process MetricsExtension.Native.exe found. ID: 3300.
[2026-01-30 02:03:12.000]  [StartMetricsExtension] ErrorCode:0 ERROR: Metrics extension is already running
[2026-01-30 02:03:12.000]  [AggregateHeartbeat] ErrorCode:0 INFO: Start heartbeat aggregation.
[2026-01-30 02:03:12.000]  [QueryRegValueDWORD] ErrorCode:0 INFO: Query Registry for Key:SOFTWARE\Microsoft\Windows Azure\CurrentVersion\AzureMonitorAgentExtension\47.4.1.0, Name:MaServiceProcess
[2026-01-30 02:03:12.000]  [QueryRegValueDWORD] ErrorCode:0 INFO: Query Registry for Key:SOFTWARE\Microsoft\Windows Azure\CurrentVersion\AzureMonitorAgentExtension\47.4.1.0, Name:MaServiceProcess, Value:5676
[2026-01-30 02:03:12.000]  [FindProcessById] ErrorCode:0 INFO: Attempt to find the process MonAgentLauncher.exe with ID: 5676.
[2026-01-30 02:03:12.000]  [FindProcessById] ErrorCode:0 INFO: Running Process MonAgentLauncher.exe found. ID: 5676.
[2026-01-30 02:03:12.000]  [CheckIfMAServiceIsRunByExtension] ErrorCode:0 INFO: The MA process is running based on the m_registry
[2026-01-30 02:03:12.000]  [QueryRegValueDWORD] ErrorCode:0 INFO: Query Registry for Key:SOFTWARE\Microsoft\Windows Azure\CurrentVersion\AzureMonitorAgentExtension\47.4.1.0, Name:AMAMultitenantServiceProcess
[2026-01-30 02:03:12.000]  [QueryRegValueDWORD] ErrorCode:0 ERROR: RegQueryValueExA: failed to query REG_DWORD value, Key:SOFTWARE\Microsoft\Windows Azure\CurrentVersion\AzureMonitorAgentExtension\47.4.1.0, name=AMAMultitenantServiceProcess, error=2, type=0
[2026-01-30 02:03:12.000]  [CheckIfMAServiceIsRunByExtension] ErrorCode:1205 INFO: Unable to read the m_registry for MA process. Assume it is not running.
[2026-01-30 02:03:12.000]  [AggregateHeartbeat] ErrorCode:0 INFO: Configured MA Service is not running on the node.
[2026-01-30 02:03:12.000]  [SetImdsEnvironmentVariable] ErrorCode:0 INFO: Querying IMDS information
[2026-01-30 02:03:12.000]  [SetImdsEnvironmentVariable] ErrorCode:-1 INFO: Preparing to call IMDS. Endpoint: http://169.254.169.254
[2026-01-30 02:03:12.000]  [QueryIMDSEndpoint] ErrorCode:0 INFO: Queried IMDS successfully.
[2026-01-30 02:03:12.000]  [GetValueFromJsonOrDefault] ErrorCode:0 INFO: Read Imds response field with Name:location Value: westus2
[2026-01-30 02:03:12.000]  [GetValueFromJsonOrDefault] ErrorCode:0 INFO: Read Imds response field with Name:name Value: amawin
[2026-01-30 02:03:12.000]  [GetValueFromJsonOrDefault] ErrorCode:0 INFO: Read Imds response field with Name:subscriptionId Value: 351651ce-5feb-4e59-975d-f1f344e2b717
[2026-01-30 02:03:12.000]  [GetValueFromJsonOrDefault] ErrorCode:0 INFO: Read Imds response field with Name:vmId Value: 22afd636-aec1-4782-9055-f85ea283dc20
[2026-01-30 02:03:12.000]  [GetValueFromJsonOrDefault] ErrorCode:0 INFO: Read Imds response field with Name:vmScaleSetName Value: 
[2026-01-30 02:03:12.000]  [GetValueFromJsonOrDefault] ErrorCode:0 INFO: Read Imds response field with Name:resourceGroupName Value: AMAWin_group
[2026-01-30 02:03:12.000]  [GetValueFromJsonOrDefault] ErrorCode:0 INFO: Read Imds response field with Name:osType Value: Windows
[2026-01-30 02:03:12.000]  [GetValueFromJsonOrDefault] ErrorCode:0 INFO: Read Imds response field with Name:resourceId Value: /subscriptions/351651ce-5feb-4e59-975d-f1f344e2b717/resourceGroups/AMAWin_group/providers/Microsoft.Compute/virtualMachines/amawin
[2026-01-30 02:03:12.000]  [GetValueFromJsonOrDefault] ErrorCode:0 INFO: Read Imds response field with Name:azEnvironment Value: AzurePublicCloud
[2026-01-30 02:03:12.000]  [SetImdsEnvironmentVariable] ErrorCode:0 INFO: Successfully set Environment variables from Imds
[2026-01-30 02:03:12.000]  [AggregateHeartbeat] ErrorCode:0 INFO: Completed heartbeat aggregation.
[2026-01-30 02:03:42.000]  [WriteStatusToFile] ErrorCode:0 INFO: Sending the status.
[2026-01-30 02:03:42.000]  [WriteHeartbeatToFile] ErrorCode:0 INFO: Sending the heartbeat.
[2026-01-30 02:03:42.000]  [WriteHeartbeatToFile] ErrorCode:0 INFO: Done Sending the heartbeat.
[2026-01-30 02:03:42.000]  [WriteStatusToFile] ErrorCode:0 INFO: Done Sending the status.
[2026-01-30 02:04:12.000]  [WriteHeartbeatToFile] ErrorCode:0 INFO: Sending the heartbeat.
[2026-01-30 02:04:12.000]  [WriteStatusToFile] ErrorCode:0 INFO: Sending the status.
[2026-01-30 02:04:12.000]  [WriteHeartbeatToFile] ErrorCode:0 INFO: Done Sending the heartbeat.
[2026-01-30 02:04:12.000]  [WriteStatusToFile] ErrorCode:0 INFO: Done Sending the status.
[2026-01-30 02:04:12.000]  [FindProcessById] ErrorCode:0 INFO: Attempt to find the process MetricsExtension.Native.exe with ID: 3300.
[2026-01-30 02:04:12.000]  [FindProcessById] ErrorCode:0 INFO: Running Process MetricsExtension.Native.exe found. ID: 3300.
[2026-01-30 02:04:12.000]  [StartMetricsExtension] ErrorCode:0 ERROR: Metrics extension is already running
[2026-01-30 02:04:42.000]  [WriteStatusToFile] ErrorCode:0 INFO: Sending the status.
[2026-01-30 02:04:42.000]  [WriteHeartbeatToFile] ErrorCode:0 INFO: Sending the heartbeat.
[2026-01-30 02:04:42.000]  [WriteStatusToFile] ErrorCode:0 INFO: Done Sending the status.
[2026-01-30 02:04:42.000]  [WriteHeartbeatToFile] ErrorCode:0 INFO: Done Sending the heartbeat.
[2026-01-30 02:05:12.000]  [WriteStatusToFile] ErrorCode:0 INFO: Sending the status.
[2026-01-30 02:05:12.000]  [WriteHeartbeatToFile] ErrorCode:0 INFO: Sending the heartbeat.
[2026-01-30 02:05:12.000]  [WriteStatusToFile] ErrorCode:0 INFO: Done Sending the status.
[2026-01-30 02:05:12.000]  [WriteHeartbeatToFile] ErrorCode:0 INFO: Done Sending the heartbeat.
[2026-01-30 02:05:12.000]  [FindProcessById] ErrorCode:0 INFO: Attempt to find the process MetricsExtension.Native.exe with ID: 3300.
[2026-01-30 02:05:12.000]  [FindProcessById] ErrorCode:0 INFO: Running Process MetricsExtension.Native.exe found. ID: 3300.
[2026-01-30 02:05:12.000]  [StartMetricsExtension] ErrorCode:0 ERROR: Metrics extension is already running
[2026-01-30 02:05:42.000]  [WriteStatusToFile] ErrorCode:0 INFO: Sending the status.
[2026-01-30 02:05:42.000]  [WriteHeartbeatToFile] ErrorCode:0 INFO: Sending the heartbeat.
[2026-01-30 02:05:42.000]  [WriteHeartbeatToFile] ErrorCode:0 INFO: Done Sending the heartbeat.
[2026-01-30 02:05:42.000]  [WriteStatusToFile] ErrorCode:0 INFO: Done Sending the status.
[2026-01-30 02:06:12.000]  [WriteHeartbeatToFile] ErrorCode:0 INFO: Sending the heartbeat.
[2026-01-30 02:06:12.000]  [WriteStatusToFile] ErrorCode:0 INFO: Sending the status.
[2026-01-30 02:06:12.000]  [WriteHeartbeatToFile] ErrorCode:0 INFO: Done Sending the heartbeat.
[2026-01-30 02:06:12.000]  [WriteStatusToFile] ErrorCode:0 INFO: Done Sending the status.
[2026-01-30 02:06:12.000]  [FindProcessById] ErrorCode:0 INFO: Attempt to find the process MetricsExtension.Native.exe with ID: 3300.
[2026-01-30 02:06:12.000]  [FindProcessById] ErrorCode:0 INFO: Running Process MetricsExtension.Native.exe found. ID: 3300.
[2026-01-30 02:06:12.000]  [StartMetricsExtension] ErrorCode:0 ERROR: Metrics extension is already running
[2026-01-30 02:06:42.000]  [WriteHeartbeatToFile] ErrorCode:0 INFO: Sending the heartbeat.
[2026-01-30 02:06:42.000]  [WriteStatusToFile] ErrorCode:0 INFO: Sending the status.
[2026-01-30 02:06:42.000]  [WriteHeartbeatToFile] ErrorCode:0 INFO: Done Sending the heartbeat.
[2026-01-30 02:06:42.000]  [WriteStatusToFile] ErrorCode:0 INFO: Done Sending the status.
[2026-01-30 02:07:12.000]  [WriteStatusToFile] ErrorCode:0 INFO: Sending the status.
[2026-01-30 02:07:12.000]  [WriteHeartbeatToFile] ErrorCode:0 INFO: Sending the heartbeat.
[2026-01-30 02:07:12.000]  [WriteStatusToFile] ErrorCode:0 INFO: Done Sending the status.
[2026-01-30 02:07:12.000]  [WriteHeartbeatToFile] ErrorCode:0 INFO: Done Sending the heartbeat.
[2026-01-30 02:07:12.000]  [FindProcessById] ErrorCode:0 INFO: Attempt to find the process MetricsExtension.Native.exe with ID: 3300.
[2026-01-30 02:07:12.000]  [FindProcessById] ErrorCode:0 INFO: Running Process MetricsExtension.Native.exe found. ID: 3300.
[2026-01-30 02:07:12.000]  [StartMetricsExtension] ErrorCode:0 ERROR: Metrics extension is already running
[2026-01-30 02:07:42.000]  [WriteStatusToFile] ErrorCode:0 INFO: Sending the status.
[2026-01-30 02:07:42.000]  [WriteHeartbeatToFile] ErrorCode:0 INFO: Sending the heartbeat.
[2026-01-30 02:07:42.000]  [WriteStatusToFile] ErrorCode:0 INFO: Done Sending the status.
[2026-01-30 02:07:42.000]  [WriteHeartbeatToFile] ErrorCode:0 INFO: Done Sending the heartbeat.
[2026-01-30 02:08:12.000]  [WriteStatusToFile] ErrorCode:0 INFO: Sending the status.
[2026-01-30 02:08:12.000]  [WriteHeartbeatToFile] ErrorCode:0 INFO: Sending the heartbeat.
[2026-01-30 02:08:12.000]  [WriteStatusToFile] ErrorCode:0 INFO: Done Sending the status.
[2026-01-30 02:08:12.000]  [WriteHeartbeatToFile] ErrorCode:0 INFO: Done Sending the heartbeat.
[2026-01-30 02:08:12.000]  [FindProcessById] ErrorCode:0 INFO: Attempt to find the process MetricsExtension.Native.exe with ID: 3300.
[2026-01-30 02:08:12.000]  [FindProcessById] ErrorCode:0 INFO: Running Process MetricsExtension.Native.exe found. ID: 3300.
[2026-01-30 02:08:12.000]  [StartMetricsExtension] ErrorCode:0 ERROR: Metrics extension is already running
[2026-01-30 02:08:12.000]  [AggregateHeartbeat] ErrorCode:0 INFO: Start heartbeat aggregation.
[2026-01-30 02:08:12.000]  [QueryRegValueDWORD] ErrorCode:0 INFO: Query Registry for Key:SOFTWARE\Microsoft\Windows Azure\CurrentVersion\AzureMonitorAgentExtension\47.4.1.0, Name:MaServiceProcess
[2026-01-30 02:08:12.000]  [QueryRegValueDWORD] ErrorCode:0 INFO: Query Registry for Key:SOFTWARE\Microsoft\Windows Azure\CurrentVersion\AzureMonitorAgentExtension\47.4.1.0, Name:MaServiceProcess, Value:5676
[2026-01-30 02:08:12.000]  [FindProcessById] ErrorCode:0 INFO: Attempt to find the process MonAgentLauncher.exe with ID: 5676.
[2026-01-30 02:08:12.000]  [FindProcessById] ErrorCode:0 INFO: Running Process MonAgentLauncher.exe found. ID: 5676.
[2026-01-30 02:08:12.000]  [CheckIfMAServiceIsRunByExtension] ErrorCode:0 INFO: The MA process is running based on the m_registry
[2026-01-30 02:08:12.000]  [QueryRegValueDWORD] ErrorCode:0 INFO: Query Registry for Key:SOFTWARE\Microsoft\Windows Azure\CurrentVersion\AzureMonitorAgentExtension\47.4.1.0, Name:AMAMultitenantServiceProcess
[2026-01-30 02:08:12.000]  [QueryRegValueDWORD] ErrorCode:0 ERROR: RegQueryValueExA: failed to query REG_DWORD value, Key:SOFTWARE\Microsoft\Windows Azure\CurrentVersion\AzureMonitorAgentExtension\47.4.1.0, name=AMAMultitenantServiceProcess, error=2, type=0
[2026-01-30 02:08:12.000]  [CheckIfMAServiceIsRunByExtension] ErrorCode:1205 INFO: Unable to read the m_registry for MA process. Assume it is not running.
[2026-01-30 02:08:12.000]  [AggregateHeartbeat] ErrorCode:0 INFO: Configured MA Service is not running on the node.
[2026-01-30 02:08:12.000]  [SetImdsEnvironmentVariable] ErrorCode:0 INFO: Querying IMDS information
[2026-01-30 02:08:12.000]  [SetImdsEnvironmentVariable] ErrorCode:-1 INFO: Preparing to call IMDS. Endpoint: http://169.254.169.254
[2026-01-30 02:08:12.000]  [QueryIMDSEndpoint] ErrorCode:0 INFO: Queried IMDS successfully.
[2026-01-30 02:08:12.000]  [GetValueFromJsonOrDefault] ErrorCode:0 INFO: Read Imds response field with Name:location Value: westus2
[2026-01-30 02:08:12.000]  [GetValueFromJsonOrDefault] ErrorCode:0 INFO: Read Imds response field with Name:name Value: amawin
[2026-01-30 02:08:12.000]  [GetValueFromJsonOrDefault] ErrorCode:0 INFO: Read Imds response field with Name:subscriptionId Value: 351651ce-5feb-4e59-975d-f1f344e2b717
[2026-01-30 02:08:12.000]  [GetValueFromJsonOrDefault] ErrorCode:0 INFO: Read Imds response field with Name:vmId Value: 22afd636-aec1-4782-9055-f85ea283dc20
[2026-01-30 02:08:12.000]  [GetValueFromJsonOrDefault] ErrorCode:0 INFO: Read Imds response field with Name:vmScaleSetName Value: 
[2026-01-30 02:08:12.000]  [GetValueFromJsonOrDefault] ErrorCode:0 INFO: Read Imds response field with Name:resourceGroupName Value: AMAWin_group
[2026-01-30 02:08:12.000]  [GetValueFromJsonOrDefault] ErrorCode:0 INFO: Read Imds response field with Name:osType Value: Windows
[2026-01-30 02:08:12.000]  [GetValueFromJsonOrDefault] ErrorCode:0 INFO: Read Imds response field with Name:resourceId Value: /subscriptions/351651ce-5feb-4e59-975d-f1f344e2b717/resourceGroups/AMAWin_group/providers/Microsoft.Compute/virtualMachines/amawin
[2026-01-30 02:08:12.000]  [GetValueFromJsonOrDefault] ErrorCode:0 INFO: Read Imds response field with Name:azEnvironment Value: AzurePublicCloud
[2026-01-30 02:08:12.000]  [SetImdsEnvironmentVariable] ErrorCode:0 INFO: Successfully set Environment variables from Imds
[2026-01-30 02:08:12.000]  [AggregateHeartbeat] ErrorCode:0 INFO: Completed heartbeat aggregation.
[2026-01-30 02:08:42.000]  [WriteStatusToFile] ErrorCode:0 INFO: Sending the status.
[2026-01-30 02:08:42.000]  [WriteHeartbeatToFile] ErrorCode:0 INFO: Sending the heartbeat.
[2026-01-30 02:08:42.000]  [WriteHeartbeatToFile] ErrorCode:0 INFO: Done Sending the heartbeat.
[2026-01-30 02:08:42.000]  [WriteStatusToFile] ErrorCode:0 INFO: Done Sending the status.
[2026-01-30 02:09:12.000]  [WriteHeartbeatToFile] ErrorCode:0 INFO: Sending the heartbeat.
[2026-01-30 02:09:12.000]  [WriteStatusToFile] ErrorCode:0 INFO: Sending the status.
[2026-01-30 02:09:12.000]  [WriteHeartbeatToFile] ErrorCode:0 INFO: Done Sending the heartbeat.
[2026-01-30 02:09:12.000]  [WriteStatusToFile] ErrorCode:0 INFO: Done Sending the status.
[2026-01-30 02:09:12.000]  [FindProcessById] ErrorCode:0 INFO: Attempt to find the process MetricsExtension.Native.exe with ID: 3300.
[2026-01-30 02:09:12.000]  [FindProcessById] ErrorCode:0 INFO: Running Process MetricsExtension.Native.exe found. ID: 3300.
[2026-01-30 02:09:12.000]  [StartMetricsExtension] ErrorCode:0 ERROR: Metrics extension is already running
[2026-01-30 02:09:42.000]  [WriteHeartbeatToFile] ErrorCode:0 INFO: Sending the heartbeat.
[2026-01-30 02:09:42.000]  [WriteStatusToFile] ErrorCode:0 INFO: Sending the status.
[2026-01-30 02:09:42.000]  [WriteStatusToFile] ErrorCode:0 INFO: Done Sending the status.
[2026-01-30 02:09:42.000]  [WriteHeartbeatToFile] ErrorCode:0 INFO: Done Sending the heartbeat.
[2026-01-30 02:10:12.000]  [WriteStatusToFile] ErrorCode:0 INFO: Sending the status.
[2026-01-30 02:10:12.000]  [WriteHeartbeatToFile] ErrorCode:0 INFO: Sending the heartbeat.
[2026-01-30 02:10:12.000]  [WriteStatusToFile] ErrorCode:0 INFO: Done Sending the status.
[2026-01-30 02:10:12.000]  [WriteHeartbeatToFile] ErrorCode:0 INFO: Done Sending the heartbeat.
[2026-01-30 02:10:12.000]  [FindProcessById] ErrorCode:0 INFO: Attempt to find the process MetricsExtension.Native.exe with ID: 3300.
[2026-01-30 02:10:12.000]  [FindProcessById] ErrorCode:0 INFO: Running Process MetricsExtension.Native.exe found. ID: 3300.
[2026-01-30 02:10:12.000]  [StartMetricsExtension] ErrorCode:0 ERROR: Metrics extension is already running
[2026-01-30 02:10:42.000]  [WriteStatusToFile] ErrorCode:0 INFO: Sending the status.
[2026-01-30 02:10:42.000]  [WriteHeartbeatToFile] ErrorCode:0 INFO: Sending the heartbeat.
[2026-01-30 02:10:42.000]  [WriteHeartbeatToFile] ErrorCode:0 INFO: Done Sending the heartbeat.
[2026-01-30 02:10:42.000]  [WriteStatusToFile] ErrorCode:0 INFO: Done Sending the status.
[2026-01-30 02:11:12.000]  [WriteStatusToFile] ErrorCode:0 INFO: Sending the status.
[2026-01-30 02:11:12.000]  [WriteHeartbeatToFile] ErrorCode:0 INFO: Sending the heartbeat.
[2026-01-30 02:11:12.000]  [WriteStatusToFile] ErrorCode:0 INFO: Done Sending the status.
[2026-01-30 02:11:12.000]  [WriteHeartbeatToFile] ErrorCode:0 INFO: Done Sending the heartbeat.
[2026-01-30 02:11:12.000]  [FindProcessById] ErrorCode:0 INFO: Attempt to find the process MetricsExtension.Native.exe with ID: 3300.
[2026-01-30 02:11:12.000]  [FindProcessById] ErrorCode:0 INFO: Running Process MetricsExtension.Native.exe found. ID: 3300.
[2026-01-30 02:11:12.000]  [StartMetricsExtension] ErrorCode:0 ERROR: Metrics extension is already running
[2026-01-30 02:11:42.000]  [WriteHeartbeatToFile] ErrorCode:0 INFO: Sending the heartbeat.
[2026-01-30 02:11:42.000]  [WriteStatusToFile] ErrorCode:0 INFO: Sending the status.
[2026-01-30 02:11:42.000]  [WriteStatusToFile] ErrorCode:0 INFO: Done Sending the status.
[2026-01-30 02:11:42.000]  [WriteHeartbeatToFile] ErrorCode:0 INFO: Done Sending the heartbeat.
[2026-01-30 02:12:12.000]  [WriteHeartbeatToFile] ErrorCode:0 INFO: Sending the heartbeat.
[2026-01-30 02:12:12.000]  [WriteStatusToFile] ErrorCode:0 INFO: Sending the status.
[2026-01-30 02:12:12.000]  [WriteHeartbeatToFile] ErrorCode:0 INFO: Done Sending the heartbeat.
[2026-01-30 02:12:12.000]  [WriteStatusToFile] ErrorCode:0 INFO: Done Sending the status.
[2026-01-30 02:12:12.000]  [FindProcessById] ErrorCode:0 INFO: Attempt to find the process MetricsExtension.Native.exe with ID: 3300.
[2026-01-30 02:12:12.000]  [FindProcessById] ErrorCode:0 INFO: Running Process MetricsExtension.Native.exe found. ID: 3300.
[2026-01-30 02:12:12.000]  [StartMetricsExtension] ErrorCode:0 ERROR: Metrics extension is already running
[2026-01-30 02:12:42.000]  [WriteStatusToFile] ErrorCode:0 INFO: Sending the status.
[2026-01-30 02:12:42.000]  [WriteHeartbeatToFile] ErrorCode:0 INFO: Sending the heartbeat.
[2026-01-30 02:12:42.000]  [WriteHeartbeatToFile] ErrorCode:0 INFO: Done Sending the heartbeat.
[2026-01-30 02:12:42.000]  [WriteStatusToFile] ErrorCode:0 INFO: Done Sending the status.
[2026-01-30 02:13:12.000]  [WriteHeartbeatToFile] ErrorCode:0 INFO: Sending the heartbeat.
[2026-01-30 02:13:12.000]  [WriteStatusToFile] ErrorCode:0 INFO: Sending the status.
[2026-01-30 02:13:12.000]  [WriteHeartbeatToFile] ErrorCode:0 INFO: Done Sending the heartbeat.
[2026-01-30 02:13:12.000]  [WriteStatusToFile] ErrorCode:0 INFO: Done Sending the status.
[2026-01-30 02:13:12.000]  [FindProcessById] ErrorCode:0 INFO: Attempt to find the process MetricsExtension.Native.exe with ID: 3300.
[2026-01-30 02:13:12.000]  [FindProcessById] ErrorCode:0 INFO: Running Process MetricsExtension.Native.exe found. ID: 3300.
[2026-01-30 02:13:12.000]  [StartMetricsExtension] ErrorCode:0 ERROR: Metrics extension is already running
[2026-01-30 02:13:12.000]  [AggregateHeartbeat] ErrorCode:0 INFO: Start heartbeat aggregation.
[2026-01-30 02:13:12.000]  [QueryRegValueDWORD] ErrorCode:0 INFO: Query Registry for Key:SOFTWARE\Microsoft\Windows Azure\CurrentVersion\AzureMonitorAgentExtension\47.4.1.0, Name:MaServiceProcess
[2026-01-30 02:13:12.000]  [QueryRegValueDWORD] ErrorCode:0 INFO: Query Registry for Key:SOFTWARE\Microsoft\Windows Azure\CurrentVersion\AzureMonitorAgentExtension\47.4.1.0, Name:MaServiceProcess, Value:5676
[2026-01-30 02:13:12.000]  [FindProcessById] ErrorCode:0 INFO: Attempt to find the process MonAgentLauncher.exe with ID: 5676.
[2026-01-30 02:13:12.000]  [FindProcessById] ErrorCode:0 INFO: Running Process MonAgentLauncher.exe found. ID: 5676.
[2026-01-30 02:13:12.000]  [CheckIfMAServiceIsRunByExtension] ErrorCode:0 INFO: The MA process is running based on the m_registry
[2026-01-30 02:13:12.000]  [QueryRegValueDWORD] ErrorCode:0 INFO: Query Registry for Key:SOFTWARE\Microsoft\Windows Azure\CurrentVersion\AzureMonitorAgentExtension\47.4.1.0, Name:AMAMultitenantServiceProcess
[2026-01-30 02:13:12.000]  [QueryRegValueDWORD] ErrorCode:0 ERROR: RegQueryValueExA: failed to query REG_DWORD value, Key:SOFTWARE\Microsoft\Windows Azure\CurrentVersion\AzureMonitorAgentExtension\47.4.1.0, name=AMAMultitenantServiceProcess, error=2, type=0
[2026-01-30 02:13:12.000]  [CheckIfMAServiceIsRunByExtension] ErrorCode:1205 INFO: Unable to read the m_registry for MA process. Assume it is not running.
[2026-01-30 02:13:12.000]  [AggregateHeartbeat] ErrorCode:0 INFO: Configured MA Service is not running on the node.
[2026-01-30 02:13:12.000]  [SetImdsEnvironmentVariable] ErrorCode:0 INFO: Querying IMDS information
[2026-01-30 02:13:12.000]  [SetImdsEnvironmentVariable] ErrorCode:-1 INFO: Preparing to call IMDS. Endpoint: http://169.254.169.254
[2026-01-30 02:13:12.000]  [QueryIMDSEndpoint] ErrorCode:0 INFO: Queried IMDS successfully.
[2026-01-30 02:13:12.000]  [GetValueFromJsonOrDefault] ErrorCode:0 INFO: Read Imds response field with Name:location Value: westus2
[2026-01-30 02:13:12.000]  [GetValueFromJsonOrDefault] ErrorCode:0 INFO: Read Imds response field with Name:name Value: amawin
[2026-01-30 02:13:12.000]  [GetValueFromJsonOrDefault] ErrorCode:0 INFO: Read Imds response field with Name:subscriptionId Value: 351651ce-5feb-4e59-975d-f1f344e2b717
[2026-01-30 02:13:12.000]  [GetValueFromJsonOrDefault] ErrorCode:0 INFO: Read Imds response field with Name:vmId Value: 22afd636-aec1-4782-9055-f85ea283dc20
[2026-01-30 02:13:12.000]  [GetValueFromJsonOrDefault] ErrorCode:0 INFO: Read Imds response field with Name:vmScaleSetName Value: 
[2026-01-30 02:13:12.000]  [GetValueFromJsonOrDefault] ErrorCode:0 INFO: Read Imds response field with Name:resourceGroupName Value: AMAWin_group
[2026-01-30 02:13:12.000]  [GetValueFromJsonOrDefault] ErrorCode:0 INFO: Read Imds response field with Name:osType Value: Windows
[2026-01-30 02:13:12.000]  [GetValueFromJsonOrDefault] ErrorCode:0 INFO: Read Imds response field with Name:resourceId Value: /subscriptions/351651ce-5feb-4e59-975d-f1f344e2b717/resourceGroups/AMAWin_group/providers/Microsoft.Compute/virtualMachines/amawin
[2026-01-30 02:13:12.000]  [GetValueFromJsonOrDefault] ErrorCode:0 INFO: Read Imds response field with Name:azEnvironment Value: AzurePublicCloud
[2026-01-30 02:13:12.000]  [SetImdsEnvironmentVariable] ErrorCode:0 INFO: Successfully set Environment variables from Imds
[2026-01-30 02:13:12.000]  [AggregateHeartbeat] ErrorCode:0 INFO: Completed heartbeat aggregation.
[2026-01-30 02:13:42.000]  [WriteHeartbeatToFile] ErrorCode:0 INFO: Sending the heartbeat.
[2026-01-30 02:13:42.000]  [WriteStatusToFile] ErrorCode:0 INFO: Sending the status.
[2026-01-30 02:13:42.000]  [WriteHeartbeatToFile] ErrorCode:0 INFO: Done Sending the heartbeat.
[2026-01-30 02:13:42.000]  [WriteStatusToFile] ErrorCode:0 INFO: Done Sending the status.
[2026-01-30 02:14:12.000]  [WriteStatusToFile] ErrorCode:0 INFO: Sending the status.
[2026-01-30 02:14:12.000]  [WriteHeartbeatToFile] ErrorCode:0 INFO: Sending the heartbeat.
[2026-01-30 02:14:12.000]  [WriteStatusToFile] ErrorCode:0 INFO: Done Sending the status.
[2026-01-30 02:14:12.000]  [WriteHeartbeatToFile] ErrorCode:0 INFO: Done Sending the heartbeat.
[2026-01-30 02:14:12.000]  [FindProcessById] ErrorCode:0 INFO: Attempt to find the process MetricsExtension.Native.exe with ID: 3300.
[2026-01-30 02:14:12.000]  [FindProcessById] ErrorCode:0 INFO: Running Process MetricsExtension.Native.exe found. ID: 3300.
[2026-01-30 02:14:12.000]  [StartMetricsExtension] ErrorCode:0 ERROR: Metrics extension is already running
[2026-01-30 02:14:42.000]  [WriteHeartbeatToFile] ErrorCode:0 INFO: Sending the heartbeat.
[2026-01-30 02:14:42.000]  [WriteStatusToFile] ErrorCode:0 INFO: Sending the status.
[2026-01-30 02:14:42.000]  [WriteStatusToFile] ErrorCode:0 INFO: Done Sending the status.
[2026-01-30 02:14:42.000]  [WriteHeartbeatToFile] ErrorCode:0 INFO: Done Sending the heartbeat.
[2026-01-30 02:15:12.000]  [WriteHeartbeatToFile] ErrorCode:0 INFO: Sending the heartbeat.
[2026-01-30 02:15:12.000]  [WriteStatusToFile] ErrorCode:0 INFO: Sending the status.
[2026-01-30 02:15:12.000]  [WriteStatusToFile] ErrorCode:0 INFO: Done Sending the status.
[2026-01-30 02:15:12.000]  [WriteHeartbeatToFile] ErrorCode:0 INFO: Done Sending the heartbeat.
[2026-01-30 02:15:12.000]  [FindProcessById] ErrorCode:0 INFO: Attempt to find the process MetricsExtension.Native.exe with ID: 3300.
[2026-01-30 02:15:12.000]  [FindProcessById] ErrorCode:0 INFO: Running Process MetricsExtension.Native.exe found. ID: 3300.
[2026-01-30 02:15:12.000]  [StartMetricsExtension] ErrorCode:0 ERROR: Metrics extension is already running
[2026-01-30 02:15:42.000]  [WriteHeartbeatToFile] ErrorCode:0 INFO: Sending the heartbeat.
[2026-01-30 02:15:42.000]  [WriteStatusToFile] ErrorCode:0 INFO: Sending the status.
[2026-01-30 02:15:42.000]  [WriteHeartbeatToFile] ErrorCode:0 INFO: Done Sending the heartbeat.
[2026-01-30 02:15:42.000]  [WriteStatusToFile] ErrorCode:0 INFO: Done Sending the status.
[2026-01-30 02:16:12.000]  [WriteHeartbeatToFile] ErrorCode:0 INFO: Sending the heartbeat.
[2026-01-30 02:16:12.000]  [WriteStatusToFile] ErrorCode:0 INFO: Sending the status.
[2026-01-30 02:16:12.000]  [WriteStatusToFile] ErrorCode:0 INFO: Done Sending the status.
[2026-01-30 02:16:12.000]  [WriteHeartbeatToFile] ErrorCode:0 INFO: Done Sending the heartbeat.
[2026-01-30 02:16:12.000]  [FindProcessById] ErrorCode:0 INFO: Attempt to find the process MetricsExtension.Native.exe with ID: 3300.
[2026-01-30 02:16:12.000]  [FindProcessById] ErrorCode:0 INFO: Running Process MetricsExtension.Native.exe found. ID: 3300.
[2026-01-30 02:16:12.000]  [StartMetricsExtension] ErrorCode:0 ERROR: Metrics extension is already running
[2026-01-30 02:16:42.000]  [WriteHeartbeatToFile] ErrorCode:0 INFO: Sending the heartbeat.
[2026-01-30 02:16:42.000]  [WriteStatusToFile] ErrorCode:0 INFO: Sending the status.
[2026-01-30 02:16:42.000]  [WriteStatusToFile] ErrorCode:0 INFO: Done Sending the status.
[2026-01-30 02:16:42.000]  [WriteHeartbeatToFile] ErrorCode:0 INFO: Done Sending the heartbeat.
[2026-01-30 02:17:12.000]  [WriteHeartbeatToFile] ErrorCode:0 INFO: Sending the heartbeat.
[2026-01-30 02:17:12.000]  [WriteStatusToFile] ErrorCode:0 INFO: Sending the status.
[2026-01-30 02:17:12.000]  [WriteHeartbeatToFile] ErrorCode:0 INFO: Done Sending the heartbeat.
[2026-01-30 02:17:12.000]  [WriteStatusToFile] ErrorCode:0 INFO: Done Sending the status.
[2026-01-30 02:17:12.000]  [FindProcessById] ErrorCode:0 INFO: Attempt to find the process MetricsExtension.Native.exe with ID: 3300.
[2026-01-30 02:17:12.000]  [FindProcessById] ErrorCode:0 INFO: Running Process MetricsExtension.Native.exe found. ID: 3300.
[2026-01-30 02:17:12.000]  [StartMetricsExtension] ErrorCode:0 ERROR: Metrics extension is already running
[2026-01-30 02:17:42.000]  [WriteHeartbeatToFile] ErrorCode:0 INFO: Sending the heartbeat.
[2026-01-30 02:17:42.000]  [WriteStatusToFile] ErrorCode:0 INFO: Sending the status.
[2026-01-30 02:17:42.000]  [WriteHeartbeatToFile] ErrorCode:0 INFO: Done Sending the heartbeat.
[2026-01-30 02:17:42.000]  [WriteStatusToFile] ErrorCode:0 INFO: Done Sending the status.
[2026-01-30 02:18:12.000]  [WriteHeartbeatToFile] ErrorCode:0 INFO: Sending the heartbeat.
[2026-01-30 02:18:12.000]  [WriteStatusToFile] ErrorCode:0 INFO: Sending the status.
[2026-01-30 02:18:12.000]  [WriteHeartbeatToFile] ErrorCode:0 INFO: Done Sending the heartbeat.
[2026-01-30 02:18:12.000]  [WriteStatusToFile] ErrorCode:0 INFO: Done Sending the status.
[2026-01-30 02:18:12.000]  [FindProcessById] ErrorCode:0 INFO: Attempt to find the process MetricsExtension.Native.exe with ID: 3300.
[2026-01-30 02:18:12.000]  [FindProcessById] ErrorCode:0 INFO: Running Process MetricsExtension.Native.exe found. ID: 3300.
[2026-01-30 02:18:12.000]  [StartMetricsExtension] ErrorCode:0 ERROR: Metrics extension is already running
[2026-01-30 02:18:12.000]  [AggregateHeartbeat] ErrorCode:0 INFO: Start heartbeat aggregation.
[2026-01-30 02:18:12.000]  [QueryRegValueDWORD] ErrorCode:0 INFO: Query Registry for Key:SOFTWARE\Microsoft\Windows Azure\CurrentVersion\AzureMonitorAgentExtension\47.4.1.0, Name:MaServiceProcess
[2026-01-30 02:18:12.000]  [QueryRegValueDWORD] ErrorCode:0 INFO: Query Registry for Key:SOFTWARE\Microsoft\Windows Azure\CurrentVersion\AzureMonitorAgentExtension\47.4.1.0, Name:MaServiceProcess, Value:5676
[2026-01-30 02:18:12.000]  [FindProcessById] ErrorCode:0 INFO: Attempt to find the process MonAgentLauncher.exe with ID: 5676.
[2026-01-30 02:18:12.000]  [FindProcessById] ErrorCode:0 INFO: Running Process MonAgentLauncher.exe found. ID: 5676.
[2026-01-30 02:18:12.000]  [CheckIfMAServiceIsRunByExtension] ErrorCode:0 INFO: The MA process is running based on the m_registry
[2026-01-30 02:18:12.000]  [QueryRegValueDWORD] ErrorCode:0 INFO: Query Registry for Key:SOFTWARE\Microsoft\Windows Azure\CurrentVersion\AzureMonitorAgentExtension\47.4.1.0, Name:AMAMultitenantServiceProcess
[2026-01-30 02:18:12.000]  [QueryRegValueDWORD] ErrorCode:0 ERROR: RegQueryValueExA: failed to query REG_DWORD value, Key:SOFTWARE\Microsoft\Windows Azure\CurrentVersion\AzureMonitorAgentExtension\47.4.1.0, name=AMAMultitenantServiceProcess, error=2, type=0
[2026-01-30 02:18:12.000]  [CheckIfMAServiceIsRunByExtension] ErrorCode:1205 INFO: Unable to read the m_registry for MA process. Assume it is not running.
[2026-01-30 02:18:12.000]  [AggregateHeartbeat] ErrorCode:0 INFO: Configured MA Service is not running on the node.
[2026-01-30 02:18:12.000]  [SetImdsEnvironmentVariable] ErrorCode:0 INFO: Querying IMDS information
[2026-01-30 02:18:12.000]  [SetImdsEnvironmentVariable] ErrorCode:-1 INFO: Preparing to call IMDS. Endpoint: http://169.254.169.254
[2026-01-30 02:18:13.000]  [QueryIMDSEndpoint] ErrorCode:0 INFO: Queried IMDS successfully.
[2026-01-30 02:18:13.000]  [GetValueFromJsonOrDefault] ErrorCode:0 INFO: Read Imds response field with Name:location Value: westus2
[2026-01-30 02:18:13.000]  [GetValueFromJsonOrDefault] ErrorCode:0 INFO: Read Imds response field with Name:name Value: amawin
[2026-01-30 02:18:13.000]  [GetValueFromJsonOrDefault] ErrorCode:0 INFO: Read Imds response field with Name:subscriptionId Value: 351651ce-5feb-4e59-975d-f1f344e2b717
[2026-01-30 02:18:13.000]  [GetValueFromJsonOrDefault] ErrorCode:0 INFO: Read Imds response field with Name:vmId Value: 22afd636-aec1-4782-9055-f85ea283dc20
[2026-01-30 02:18:13.000]  [GetValueFromJsonOrDefault] ErrorCode:0 INFO: Read Imds response field with Name:vmScaleSetName Value: 
[2026-01-30 02:18:13.000]  [GetValueFromJsonOrDefault] ErrorCode:0 INFO: Read Imds response field with Name:resourceGroupName Value: AMAWin_group
[2026-01-30 02:18:13.000]  [GetValueFromJsonOrDefault] ErrorCode:0 INFO: Read Imds response field with Name:osType Value: Windows
[2026-01-30 02:18:13.000]  [GetValueFromJsonOrDefault] ErrorCode:0 INFO: Read Imds response field with Name:resourceId Value: /subscriptions/351651ce-5feb-4e59-975d-f1f344e2b717/resourceGroups/AMAWin_group/providers/Microsoft.Compute/virtualMachines/amawin
[2026-01-30 02:18:13.000]  [GetValueFromJsonOrDefault] ErrorCode:0 INFO: Read Imds response field with Name:azEnvironment Value: AzurePublicCloud
[2026-01-30 02:18:13.000]  [SetImdsEnvironmentVariable] ErrorCode:0 INFO: Successfully set Environment variables from Imds
[2026-01-30 02:18:13.000]  [AggregateHeartbeat] ErrorCode:0 INFO: Completed heartbeat aggregation.
[2026-01-30 02:18:42.000]  [WriteHeartbeatToFile] ErrorCode:0 INFO: Sending the heartbeat.
[2026-01-30 02:18:42.000]  [WriteStatusToFile] ErrorCode:0 INFO: Sending the status.
[2026-01-30 02:18:42.000]  [WriteHeartbeatToFile] ErrorCode:0 INFO: Done Sending the heartbeat.
[2026-01-30 02:18:42.000]  [WriteStatusToFile] ErrorCode:0 INFO: Done Sending the status.
[2026-01-30 02:19:12.000]  [WriteHeartbeatToFile] ErrorCode:0 INFO: Sending the heartbeat.
[2026-01-30 02:19:12.000]  [WriteStatusToFile] ErrorCode:0 INFO: Sending the status.
[2026-01-30 02:19:12.000]  [WriteHeartbeatToFile] ErrorCode:0 INFO: Done Sending the heartbeat.
[2026-01-30 02:19:12.000]  [WriteStatusToFile] ErrorCode:0 INFO: Done Sending the status.
[2026-01-30 02:19:13.000]  [FindProcessById] ErrorCode:0 INFO: Attempt to find the process MetricsExtension.Native.exe with ID: 3300.
[2026-01-30 02:19:13.000]  [FindProcessById] ErrorCode:0 INFO: Running Process MetricsExtension.Native.exe found. ID: 3300.
[2026-01-30 02:19:13.000]  [StartMetricsExtension] ErrorCode:0 ERROR: Metrics extension is already running
[2026-01-30 02:19:42.000]  [WriteHeartbeatToFile] ErrorCode:0 INFO: Sending the heartbeat.
[2026-01-30 02:19:42.000]  [WriteStatusToFile] ErrorCode:0 INFO: Sending the status.
[2026-01-30 02:19:42.000]  [WriteHeartbeatToFile] ErrorCode:0 INFO: Done Sending the heartbeat.
[2026-01-30 02:19:42.000]  [WriteStatusToFile] ErrorCode:0 INFO: Done Sending the status.
[2026-01-30 02:20:12.000]  [WriteHeartbeatToFile] ErrorCode:0 INFO: Sending the heartbeat.
[2026-01-30 02:20:12.000]  [WriteStatusToFile] ErrorCode:0 INFO: Sending the status.
[2026-01-30 02:20:12.000]  [WriteHeartbeatToFile] ErrorCode:0 INFO: Done Sending the heartbeat.
[2026-01-30 02:20:12.000]  [WriteStatusToFile] ErrorCode:0 INFO: Done Sending the status.
[2026-01-30 02:20:13.000]  [FindProcessById] ErrorCode:0 INFO: Attempt to find the process MetricsExtension.Native.exe with ID: 3300.
[2026-01-30 02:20:13.000]  [FindProcessById] ErrorCode:0 INFO: Running Process MetricsExtension.Native.exe found. ID: 3300.
[2026-01-30 02:20:13.000]  [StartMetricsExtension] ErrorCode:0 ERROR: Metrics extension is already running
[2026-01-30 02:20:42.000]  [WriteStatusToFile] ErrorCode:0 INFO: Sending the status.
[2026-01-30 02:20:42.000]  [WriteHeartbeatToFile] ErrorCode:0 INFO: Sending the heartbeat.
[2026-01-30 02:20:42.000]  [WriteStatusToFile] ErrorCode:0 INFO: Done Sending the status.
[2026-01-30 02:20:42.000]  [WriteHeartbeatToFile] ErrorCode:0 INFO: Done Sending the heartbeat.
[2026-01-30 02:21:12.000]  [WriteHeartbeatToFile] ErrorCode:0 INFO: Sending the heartbeat.
[2026-01-30 02:21:12.000]  [WriteStatusToFile] ErrorCode:0 INFO: Sending the status.
[2026-01-30 02:21:12.000]  [WriteStatusToFile] ErrorCode:0 INFO: Done Sending the status.
[2026-01-30 02:21:12.000]  [WriteHeartbeatToFile] ErrorCode:0 INFO: Done Sending the heartbeat.
[2026-01-30 02:21:13.000]  [FindProcessById] ErrorCode:0 INFO: Attempt to find the process MetricsExtension.Native.exe with ID: 3300.
[2026-01-30 02:21:13.000]  [FindProcessById] ErrorCode:0 INFO: Running Process MetricsExtension.Native.exe found. ID: 3300.
[2026-01-30 02:21:13.000]  [StartMetricsExtension] ErrorCode:0 ERROR: Metrics extension is already running
[2026-01-30 02:21:42.000]  [WriteHeartbeatToFile] ErrorCode:0 INFO: Sending the heartbeat.
[2026-01-30 02:21:42.000]  [WriteStatusToFile] ErrorCode:0 INFO: Sending the status.
[2026-01-30 02:21:42.000]  [WriteHeartbeatToFile] ErrorCode:0 INFO: Done Sending the heartbeat.
[2026-01-30 02:21:42.000]  [WriteStatusToFile] ErrorCode:0 INFO: Done Sending the status.
[2026-01-30 02:22:12.000]  [WriteHeartbeatToFile] ErrorCode:0 INFO: Sending the heartbeat.
[2026-01-30 02:22:12.000]  [WriteStatusToFile] ErrorCode:0 INFO: Sending the status.
[2026-01-30 02:22:12.000]  [WriteStatusToFile] ErrorCode:0 INFO: Done Sending the status.
[2026-01-30 02:22:12.000]  [WriteHeartbeatToFile] ErrorCode:0 INFO: Done Sending the heartbeat.
[2026-01-30 02:22:13.000]  [FindProcessById] ErrorCode:0 INFO: Attempt to find the process MetricsExtension.Native.exe with ID: 3300.
[2026-01-30 02:22:13.000]  [FindProcessById] ErrorCode:0 INFO: Running Process MetricsExtension.Native.exe found. ID: 3300.
[2026-01-30 02:22:13.000]  [StartMetricsExtension] ErrorCode:0 ERROR: Metrics extension is already running
[2026-01-30 02:22:42.000]  [WriteHeartbeatToFile] ErrorCode:0 INFO: Sending the heartbeat.
[2026-01-30 02:22:42.000]  [WriteStatusToFile] ErrorCode:0 INFO: Sending the status.
[2026-01-30 02:22:42.000]  [WriteStatusToFile] ErrorCode:0 INFO: Done Sending the status.
[2026-01-30 02:22:42.000]  [WriteHeartbeatToFile] ErrorCode:0 INFO: Done Sending the heartbeat.
[2026-01-30 02:23:12.000]  [WriteHeartbeatToFile] ErrorCode:0 INFO: Sending the heartbeat.
[2026-01-30 02:23:12.000]  [WriteStatusToFile] ErrorCode:0 INFO: Sending the status.
[2026-01-30 02:23:12.000]  [WriteHeartbeatToFile] ErrorCode:0 INFO: Done Sending the heartbeat.
[2026-01-30 02:23:12.000]  [WriteStatusToFile] ErrorCode:0 INFO: Done Sending the status.
[2026-01-30 02:23:13.000]  [FindProcessById] ErrorCode:0 INFO: Attempt to find the process MetricsExtension.Native.exe with ID: 3300.
[2026-01-30 02:23:13.000]  [FindProcessById] ErrorCode:0 INFO: Running Process MetricsExtension.Native.exe found. ID: 3300.
[2026-01-30 02:23:13.000]  [StartMetricsExtension] ErrorCode:0 ERROR: Metrics extension is already running
[2026-01-30 02:23:13.000]  [AggregateHeartbeat] ErrorCode:0 INFO: Start heartbeat aggregation.
[2026-01-30 02:23:13.000]  [QueryRegValueDWORD] ErrorCode:0 INFO: Query Registry for Key:SOFTWARE\Microsoft\Windows Azure\CurrentVersion\AzureMonitorAgentExtension\47.4.1.0, Name:MaServiceProcess
[2026-01-30 02:23:13.000]  [QueryRegValueDWORD] ErrorCode:0 INFO: Query Registry for Key:SOFTWARE\Microsoft\Windows Azure\CurrentVersion\AzureMonitorAgentExtension\47.4.1.0, Name:MaServiceProcess, Value:5676
[2026-01-30 02:23:13.000]  [FindProcessById] ErrorCode:0 INFO: Attempt to find the process MonAgentLauncher.exe with ID: 5676.
[2026-01-30 02:23:13.000]  [FindProcessById] ErrorCode:0 INFO: Running Process MonAgentLauncher.exe found. ID: 5676.
[2026-01-30 02:23:13.000]  [CheckIfMAServiceIsRunByExtension] ErrorCode:0 INFO: The MA process is running based on the m_registry
[2026-01-30 02:23:13.000]  [QueryRegValueDWORD] ErrorCode:0 INFO: Query Registry for Key:SOFTWARE\Microsoft\Windows Azure\CurrentVersion\AzureMonitorAgentExtension\47.4.1.0, Name:AMAMultitenantServiceProcess
[2026-01-30 02:23:13.000]  [QueryRegValueDWORD] ErrorCode:0 ERROR: RegQueryValueExA: failed to query REG_DWORD value, Key:SOFTWARE\Microsoft\Windows Azure\CurrentVersion\AzureMonitorAgentExtension\47.4.1.0, name=AMAMultitenantServiceProcess, error=2, type=0
[2026-01-30 02:23:13.000]  [CheckIfMAServiceIsRunByExtension] ErrorCode:1205 INFO: Unable to read the m_registry for MA process. Assume it is not running.
[2026-01-30 02:23:13.000]  [AggregateHeartbeat] ErrorCode:0 INFO: Configured MA Service is not running on the node.
[2026-01-30 02:23:13.000]  [SetImdsEnvironmentVariable] ErrorCode:0 INFO: Querying IMDS information
[2026-01-30 02:23:13.000]  [SetImdsEnvironmentVariable] ErrorCode:-1 INFO: Preparing to call IMDS. Endpoint: http://169.254.169.254
[2026-01-30 02:23:13.000]  [QueryIMDSEndpoint] ErrorCode:0 INFO: Queried IMDS successfully.
[2026-01-30 02:23:13.000]  [GetValueFromJsonOrDefault] ErrorCode:0 INFO: Read Imds response field with Name:location Value: westus2
[2026-01-30 02:23:13.000]  [GetValueFromJsonOrDefault] ErrorCode:0 INFO: Read Imds response field with Name:name Value: amawin
[2026-01-30 02:23:13.000]  [GetValueFromJsonOrDefault] ErrorCode:0 INFO: Read Imds response field with Name:subscriptionId Value: 351651ce-5feb-4e59-975d-f1f344e2b717
[2026-01-30 02:23:13.000]  [GetValueFromJsonOrDefault] ErrorCode:0 INFO: Read Imds response field with Name:vmId Value: 22afd636-aec1-4782-9055-f85ea283dc20
[2026-01-30 02:23:13.000]  [GetValueFromJsonOrDefault] ErrorCode:0 INFO: Read Imds response field with Name:vmScaleSetName Value: 
[2026-01-30 02:23:13.000]  [GetValueFromJsonOrDefault] ErrorCode:0 INFO: Read Imds response field with Name:resourceGroupName Value: AMAWin_group
[2026-01-30 02:23:13.000]  [GetValueFromJsonOrDefault] ErrorCode:0 INFO: Read Imds response field with Name:osType Value: Windows
[2026-01-30 02:23:13.000]  [GetValueFromJsonOrDefault] ErrorCode:0 INFO: Read Imds response field with Name:resourceId Value: /subscriptions/351651ce-5feb-4e59-975d-f1f344e2b717/resourceGroups/AMAWin_group/providers/Microsoft.Compute/virtualMachines/amawin
[2026-01-30 02:23:13.000]  [GetValueFromJsonOrDefault] ErrorCode:0 INFO: Read Imds response field with Name:azEnvironment Value: AzurePublicCloud
[2026-01-30 02:23:13.000]  [SetImdsEnvironmentVariable] ErrorCode:0 INFO: Successfully set Environment variables from Imds
[2026-01-30 02:23:13.000]  [AggregateHeartbeat] ErrorCode:0 INFO: Completed heartbeat aggregation.
[2026-01-30 02:23:42.000]  [WriteHeartbeatToFile] ErrorCode:0 INFO: Sending the heartbeat.
[2026-01-30 02:23:42.000]  [WriteStatusToFile] ErrorCode:0 INFO: Sending the status.
[2026-01-30 02:23:42.000]  [WriteHeartbeatToFile] ErrorCode:0 INFO: Done Sending the heartbeat.
[2026-01-30 02:23:42.000]  [WriteStatusToFile] ErrorCode:0 INFO: Done Sending the status.
[2026-01-30 02:24:12.000]  [WriteHeartbeatToFile] ErrorCode:0 INFO: Sending the heartbeat.
[2026-01-30 02:24:12.000]  [WriteStatusToFile] ErrorCode:0 INFO: Sending the status.
[2026-01-30 02:24:12.000]  [WriteStatusToFile] ErrorCode:0 INFO: Done Sending the status.
[2026-01-30 02:24:12.000]  [WriteHeartbeatToFile] ErrorCode:0 INFO: Done Sending the heartbeat.
[2026-01-30 02:24:13.000]  [FindProcessById] ErrorCode:0 INFO: Attempt to find the process MetricsExtension.Native.exe with ID: 3300.
[2026-01-30 02:24:13.000]  [FindProcessById] ErrorCode:0 INFO: Running Process MetricsExtension.Native.exe found. ID: 3300.
[2026-01-30 02:24:13.000]  [StartMetricsExtension] ErrorCode:0 ERROR: Metrics extension is already running
[2026-01-30 02:24:42.000]  [WriteHeartbeatToFile] ErrorCode:0 INFO: Sending the heartbeat.
[2026-01-30 02:24:42.000]  [WriteStatusToFile] ErrorCode:0 INFO: Sending the status.
[2026-01-30 02:24:42.000]  [WriteHeartbeatToFile] ErrorCode:0 INFO: Done Sending the heartbeat.
[2026-01-30 02:24:42.000]  [WriteStatusToFile] ErrorCode:0 INFO: Done Sending the status.
[2026-01-30 02:25:12.000]  [WriteStatusToFile] ErrorCode:0 INFO: Sending the status.
[2026-01-30 02:25:12.000]  [WriteHeartbeatToFile] ErrorCode:0 INFO: Sending the heartbeat.
[2026-01-30 02:25:12.000]  [WriteStatusToFile] ErrorCode:0 INFO: Done Sending the status.
[2026-01-30 02:25:12.000]  [WriteHeartbeatToFile] ErrorCode:0 INFO: Done Sending the heartbeat.
[2026-01-30 02:25:13.000]  [FindProcessById] ErrorCode:0 INFO: Attempt to find the process MetricsExtension.Native.exe with ID: 3300.
[2026-01-30 02:25:13.000]  [FindProcessById] ErrorCode:0 INFO: Running Process MetricsExtension.Native.exe found. ID: 3300.
[2026-01-30 02:25:13.000]  [StartMetricsExtension] ErrorCode:0 ERROR: Metrics extension is already running
[2026-01-30 02:25:42.000]  [WriteStatusToFile] ErrorCode:0 INFO: Sending the status.
[2026-01-30 02:25:42.000]  [WriteHeartbeatToFile] ErrorCode:0 INFO: Sending the heartbeat.
[2026-01-30 02:25:42.000]  [WriteHeartbeatToFile] ErrorCode:0 INFO: Done Sending the heartbeat.
[2026-01-30 02:25:42.000]  [WriteStatusToFile] ErrorCode:0 INFO: Done Sending the status.
[2026-01-30 02:26:12.000]  [WriteHeartbeatToFile] ErrorCode:0 INFO: Sending the heartbeat.
[2026-01-30 02:26:12.000]  [WriteStatusToFile] ErrorCode:0 INFO: Sending the status.
[2026-01-30 02:26:12.000]  [WriteStatusToFile] ErrorCode:0 INFO: Done Sending the status.
[2026-01-30 02:26:12.000]  [WriteHeartbeatToFile] ErrorCode:0 INFO: Done Sending the heartbeat.
[2026-01-30 02:26:13.000]  [FindProcessById] ErrorCode:0 INFO: Attempt to find the process MetricsExtension.Native.exe with ID: 3300.
[2026-01-30 02:26:13.000]  [FindProcessById] ErrorCode:0 INFO: Running Process MetricsExtension.Native.exe found. ID: 3300.
[2026-01-30 02:26:13.000]  [StartMetricsExtension] ErrorCode:0 ERROR: Metrics extension is already running
[2026-01-30 02:26:42.000]  [WriteHeartbeatToFile] ErrorCode:0 INFO: Sending the heartbeat.
[2026-01-30 02:26:42.000]  [WriteStatusToFile] ErrorCode:0 INFO: Sending the status.
[2026-01-30 02:26:42.000]  [WriteHeartbeatToFile] ErrorCode:0 INFO: Done Sending the heartbeat.
[2026-01-30 02:26:42.000]  [WriteStatusToFile] ErrorCode:0 INFO: Done Sending the status.
[2026-01-30 02:27:12.000]  [WriteHeartbeatToFile] ErrorCode:0 INFO: Sending the heartbeat.
[2026-01-30 02:27:12.000]  [WriteStatusToFile] ErrorCode:0 INFO: Sending the status.
[2026-01-30 02:27:12.000]  [WriteHeartbeatToFile] ErrorCode:0 INFO: Done Sending the heartbeat.
[2026-01-30 02:27:12.000]  [WriteStatusToFile] ErrorCode:0 INFO: Done Sending the status.
[2026-01-30 02:27:13.000]  [FindProcessById] ErrorCode:0 INFO: Attempt to find the process MetricsExtension.Native.exe with ID: 3300.
[2026-01-30 02:27:13.000]  [FindProcessById] ErrorCode:0 INFO: Running Process MetricsExtension.Native.exe found. ID: 3300.
[2026-01-30 02:27:13.000]  [StartMetricsExtension] ErrorCode:0 ERROR: Metrics extension is already running
[2026-01-30 02:27:42.000]  [WriteStatusToFile] ErrorCode:0 INFO: Sending the status.
[2026-01-30 02:27:42.000]  [WriteHeartbeatToFile] ErrorCode:0 INFO: Sending the heartbeat.
[2026-01-30 02:27:42.000]  [WriteStatusToFile] ErrorCode:0 INFO: Done Sending the status.
[2026-01-30 02:27:42.000]  [WriteHeartbeatToFile] ErrorCode:0 INFO: Done Sending the heartbeat.
[2026-01-30 02:28:12.000]  [WriteHeartbeatToFile] ErrorCode:0 INFO: Sending the heartbeat.
[2026-01-30 02:28:12.000]  [WriteStatusToFile] ErrorCode:0 INFO: Sending the status.
[2026-01-30 02:28:12.000]  [WriteHeartbeatToFile] ErrorCode:0 INFO: Done Sending the heartbeat.
[2026-01-30 02:28:12.000]  [WriteStatusToFile] ErrorCode:0 INFO: Done Sending the status.
[2026-01-30 02:28:13.000]  [FindProcessById] ErrorCode:0 INFO: Attempt to find the process MetricsExtension.Native.exe with ID: 3300.
[2026-01-30 02:28:13.000]  [FindProcessById] ErrorCode:0 INFO: Running Process MetricsExtension.Native.exe found. ID: 3300.
[2026-01-30 02:28:13.000]  [StartMetricsExtension] ErrorCode:0 ERROR: Metrics extension is already running
[2026-01-30 02:28:13.000]  [AggregateHeartbeat] ErrorCode:0 INFO: Start heartbeat aggregation.
[2026-01-30 02:28:13.000]  [QueryRegValueDWORD] ErrorCode:0 INFO: Query Registry for Key:SOFTWARE\Microsoft\Windows Azure\CurrentVersion\AzureMonitorAgentExtension\47.4.1.0, Name:MaServiceProcess
[2026-01-30 02:28:13.000]  [QueryRegValueDWORD] ErrorCode:0 INFO: Query Registry for Key:SOFTWARE\Microsoft\Windows Azure\CurrentVersion\AzureMonitorAgentExtension\47.4.1.0, Name:MaServiceProcess, Value:5676
[2026-01-30 02:28:13.000]  [FindProcessById] ErrorCode:0 INFO: Attempt to find the process MonAgentLauncher.exe with ID: 5676.
[2026-01-30 02:28:13.000]  [FindProcessById] ErrorCode:0 INFO: Running Process MonAgentLauncher.exe found. ID: 5676.
[2026-01-30 02:28:13.000]  [CheckIfMAServiceIsRunByExtension] ErrorCode:0 INFO: The MA process is running based on the m_registry
[2026-01-30 02:28:13.000]  [QueryRegValueDWORD] ErrorCode:0 INFO: Query Registry for Key:SOFTWARE\Microsoft\Windows Azure\CurrentVersion\AzureMonitorAgentExtension\47.4.1.0, Name:AMAMultitenantServiceProcess
[2026-01-30 02:28:13.000]  [QueryRegValueDWORD] ErrorCode:0 ERROR: RegQueryValueExA: failed to query REG_DWORD value, Key:SOFTWARE\Microsoft\Windows Azure\CurrentVersion\AzureMonitorAgentExtension\47.4.1.0, name=AMAMultitenantServiceProcess, error=2, type=0
[2026-01-30 02:28:13.000]  [CheckIfMAServiceIsRunByExtension] ErrorCode:1205 INFO: Unable to read the m_registry for MA process. Assume it is not running.
[2026-01-30 02:28:13.000]  [AggregateHeartbeat] ErrorCode:0 INFO: Configured MA Service is not running on the node.
[2026-01-30 02:28:13.000]  [SetImdsEnvironmentVariable] ErrorCode:0 INFO: Querying IMDS information
[2026-01-30 02:28:13.000]  [SetImdsEnvironmentVariable] ErrorCode:-1 INFO: Preparing to call IMDS. Endpoint: http://169.254.169.254
[2026-01-30 02:28:13.000]  [QueryIMDSEndpoint] ErrorCode:0 INFO: Queried IMDS successfully.
[2026-01-30 02:28:13.000]  [GetValueFromJsonOrDefault] ErrorCode:0 INFO: Read Imds response field with Name:location Value: westus2
[2026-01-30 02:28:13.000]  [GetValueFromJsonOrDefault] ErrorCode:0 INFO: Read Imds response field with Name:name Value: amawin
[2026-01-30 02:28:13.000]  [GetValueFromJsonOrDefault] ErrorCode:0 INFO: Read Imds response field with Name:subscriptionId Value: 351651ce-5feb-4e59-975d-f1f344e2b717
[2026-01-30 02:28:13.000]  [GetValueFromJsonOrDefault] ErrorCode:0 INFO: Read Imds response field with Name:vmId Value: 22afd636-aec1-4782-9055-f85ea283dc20
[2026-01-30 02:28:13.000]  [GetValueFromJsonOrDefault] ErrorCode:0 INFO: Read Imds response field with Name:vmScaleSetName Value: 
[2026-01-30 02:28:13.000]  [GetValueFromJsonOrDefault] ErrorCode:0 INFO: Read Imds response field with Name:resourceGroupName Value: AMAWin_group
[2026-01-30 02:28:13.000]  [GetValueFromJsonOrDefault] ErrorCode:0 INFO: Read Imds response field with Name:osType Value: Windows
[2026-01-30 02:28:13.000]  [GetValueFromJsonOrDefault] ErrorCode:0 INFO: Read Imds response field with Name:resourceId Value: /subscriptions/351651ce-5feb-4e59-975d-f1f344e2b717/resourceGroups/AMAWin_group/providers/Microsoft.Compute/virtualMachines/amawin
[2026-01-30 02:28:13.000]  [GetValueFromJsonOrDefault] ErrorCode:0 INFO: Read Imds response field with Name:azEnvironment Value: AzurePublicCloud
[2026-01-30 02:28:13.000]  [SetImdsEnvironmentVariable] ErrorCode:0 INFO: Successfully set Environment variables from Imds
[2026-01-30 02:28:13.000]  [AggregateHeartbeat] ErrorCode:0 INFO: Completed heartbeat aggregation.
[2026-01-30 02:28:42.000]  [WriteHeartbeatToFile] ErrorCode:0 INFO: Sending the heartbeat.
[2026-01-30 02:28:42.000]  [WriteStatusToFile] ErrorCode:0 INFO: Sending the status.
[2026-01-30 02:28:42.000]  [WriteStatusToFile] ErrorCode:0 INFO: Done Sending the status.
[2026-01-30 02:28:42.000]  [WriteHeartbeatToFile] ErrorCode:0 INFO: Done Sending the heartbeat.
[2026-01-30 02:29:12.000]  [WriteStatusToFile] ErrorCode:0 INFO: Sending the status.
[2026-01-30 02:29:12.000]  [WriteHeartbeatToFile] ErrorCode:0 INFO: Sending the heartbeat.
[2026-01-30 02:29:12.000]  [WriteHeartbeatToFile] ErrorCode:0 INFO: Done Sending the heartbeat.
[2026-01-30 02:29:12.000]  [WriteStatusToFile] ErrorCode:0 INFO: Done Sending the status.
[2026-01-30 02:29:13.000]  [FindProcessById] ErrorCode:0 INFO: Attempt to find the process MetricsExtension.Native.exe with ID: 3300.
[2026-01-30 02:29:13.000]  [FindProcessById] ErrorCode:0 INFO: Running Process MetricsExtension.Native.exe found. ID: 3300.
[2026-01-30 02:29:13.000]  [StartMetricsExtension] ErrorCode:0 ERROR: Metrics extension is already running
[2026-01-30 02:29:42.000]  [WriteHeartbeatToFile] ErrorCode:0 INFO: Sending the heartbeat.
[2026-01-30 02:29:42.000]  [WriteStatusToFile] ErrorCode:0 INFO: Sending the status.
[2026-01-30 02:29:42.000]  [WriteStatusToFile] ErrorCode:0 INFO: Done Sending the status.
[2026-01-30 02:29:42.000]  [WriteHeartbeatToFile] ErrorCode:0 INFO: Done Sending the heartbeat.
[2026-01-30 02:30:13.000]  [WriteHeartbeatToFile] ErrorCode:0 INFO: Sending the heartbeat.
[2026-01-30 02:30:13.000]  [WriteStatusToFile] ErrorCode:0 INFO: Sending the status.
[2026-01-30 02:30:13.000]  [WriteStatusToFile] ErrorCode:0 INFO: Done Sending the status.
[2026-01-30 02:30:13.000]  [WriteHeartbeatToFile] ErrorCode:0 INFO: Done Sending the heartbeat.
[2026-01-30 02:30:13.000]  [FindProcessById] ErrorCode:0 INFO: Attempt to find the process MetricsExtension.Native.exe with ID: 3300.
[2026-01-30 02:30:13.000]  [FindProcessById] ErrorCode:0 INFO: Running Process MetricsExtension.Native.exe found. ID: 3300.
[2026-01-30 02:30:13.000]  [StartMetricsExtension] ErrorCode:0 ERROR: Metrics extension is already running
[2026-01-30 02:30:43.000]  [WriteStatusToFile] ErrorCode:0 INFO: Sending the status.
[2026-01-30 02:30:43.000]  [WriteHeartbeatToFile] ErrorCode:0 INFO: Sending the heartbeat.
[2026-01-30 02:30:43.000]  [WriteStatusToFile] ErrorCode:0 INFO: Done Sending the status.
[2026-01-30 02:30:43.000]  [WriteHeartbeatToFile] ErrorCode:0 INFO: Done Sending the heartbeat.
[2026-01-30 02:31:13.000]  [WriteHeartbeatToFile] ErrorCode:0 INFO: Sending the heartbeat.
[2026-01-30 02:31:13.000]  [WriteStatusToFile] ErrorCode:0 INFO: Sending the status.
[2026-01-30 02:31:13.000]  [WriteHeartbeatToFile] ErrorCode:0 INFO: Done Sending the heartbeat.
[2026-01-30 02:31:13.000]  [WriteStatusToFile] ErrorCode:0 INFO: Done Sending the status.
[2026-01-30 02:31:13.000]  [FindProcessById] ErrorCode:0 INFO: Attempt to find the process MetricsExtension.Native.exe with ID: 3300.
[2026-01-30 02:31:13.000]  [FindProcessById] ErrorCode:0 INFO: Running Process MetricsExtension.Native.exe found. ID: 3300.
[2026-01-30 02:31:13.000]  [StartMetricsExtension] ErrorCode:0 ERROR: Metrics extension is already running
[2026-01-30 02:31:43.000]  [WriteHeartbeatToFile] ErrorCode:0 INFO: Sending the heartbeat.
[2026-01-30 02:31:43.000]  [WriteStatusToFile] ErrorCode:0 INFO: Sending the status.
[2026-01-30 02:31:43.000]  [WriteHeartbeatToFile] ErrorCode:0 INFO: Done Sending the heartbeat.
[2026-01-30 02:31:43.000]  [WriteStatusToFile] ErrorCode:0 INFO: Done Sending the status.
[2026-01-30 02:32:13.000]  [WriteHeartbeatToFile] ErrorCode:0 INFO: Sending the heartbeat.
[2026-01-30 02:32:13.000]  [WriteStatusToFile] ErrorCode:0 INFO: Sending the status.
[2026-01-30 02:32:13.000]  [WriteHeartbeatToFile] ErrorCode:0 INFO: Done Sending the heartbeat.
[2026-01-30 02:32:13.000]  [WriteStatusToFile] ErrorCode:0 INFO: Done Sending the status.
[2026-01-30 02:32:13.000]  [FindProcessById] ErrorCode:0 INFO: Attempt to find the process MetricsExtension.Native.exe with ID: 3300.
[2026-01-30 02:32:13.000]  [FindProcessById] ErrorCode:0 INFO: Running Process MetricsExtension.Native.exe found. ID: 3300.
[2026-01-30 02:32:13.000]  [StartMetricsExtension] ErrorCode:0 ERROR: Metrics extension is already running
[2026-01-30 02:32:43.000]  [WriteHeartbeatToFile] ErrorCode:0 INFO: Sending the heartbeat.
[2026-01-30 02:32:43.000]  [WriteStatusToFile] ErrorCode:0 INFO: Sending the status.
[2026-01-30 02:32:43.000]  [WriteHeartbeatToFile] ErrorCode:0 INFO: Done Sending the heartbeat.
[2026-01-30 02:32:43.000]  [WriteStatusToFile] ErrorCode:0 INFO: Done Sending the status.
[2026-01-30 02:33:13.000]  [WriteStatusToFile] ErrorCode:0 INFO: Sending the status.
[2026-01-30 02:33:13.000]  [WriteHeartbeatToFile] ErrorCode:0 INFO: Sending the heartbeat.
[2026-01-30 02:33:13.000]  [WriteHeartbeatToFile] ErrorCode:0 INFO: Done Sending the heartbeat.
[2026-01-30 02:33:13.000]  [WriteStatusToFile] ErrorCode:0 INFO: Done Sending the status.
[2026-01-30 02:33:13.000]  [FindProcessById] ErrorCode:0 INFO: Attempt to find the process MetricsExtension.Native.exe with ID: 3300.
[2026-01-30 02:33:13.000]  [FindProcessById] ErrorCode:0 INFO: Running Process MetricsExtension.Native.exe found. ID: 3300.
[2026-01-30 02:33:13.000]  [StartMetricsExtension] ErrorCode:0 ERROR: Metrics extension is already running
[2026-01-30 02:33:13.000]  [AggregateHeartbeat] ErrorCode:0 INFO: Start heartbeat aggregation.
[2026-01-30 02:33:13.000]  [QueryRegValueDWORD] ErrorCode:0 INFO: Query Registry for Key:SOFTWARE\Microsoft\Windows Azure\CurrentVersion\AzureMonitorAgentExtension\47.4.1.0, Name:MaServiceProcess
[2026-01-30 02:33:13.000]  [QueryRegValueDWORD] ErrorCode:0 INFO: Query Registry for Key:SOFTWARE\Microsoft\Windows Azure\CurrentVersion\AzureMonitorAgentExtension\47.4.1.0, Name:MaServiceProcess, Value:5676
[2026-01-30 02:33:13.000]  [FindProcessById] ErrorCode:0 INFO: Attempt to find the process MonAgentLauncher.exe with ID: 5676.
[2026-01-30 02:33:13.000]  [FindProcessById] ErrorCode:0 INFO: Running Process MonAgentLauncher.exe found. ID: 5676.
[2026-01-30 02:33:13.000]  [CheckIfMAServiceIsRunByExtension] ErrorCode:0 INFO: The MA process is running based on the m_registry
[2026-01-30 02:33:13.000]  [QueryRegValueDWORD] ErrorCode:0 INFO: Query Registry for Key:SOFTWARE\Microsoft\Windows Azure\CurrentVersion\AzureMonitorAgentExtension\47.4.1.0, Name:AMAMultitenantServiceProcess
[2026-01-30 02:33:13.000]  [QueryRegValueDWORD] ErrorCode:0 ERROR: RegQueryValueExA: failed to query REG_DWORD value, Key:SOFTWARE\Microsoft\Windows Azure\CurrentVersion\AzureMonitorAgentExtension\47.4.1.0, name=AMAMultitenantServiceProcess, error=2, type=0
[2026-01-30 02:33:13.000]  [CheckIfMAServiceIsRunByExtension] ErrorCode:1205 INFO: Unable to read the m_registry for MA process. Assume it is not running.
[2026-01-30 02:33:13.000]  [AggregateHeartbeat] ErrorCode:0 INFO: Configured MA Service is not running on the node.
[2026-01-30 02:33:13.000]  [SetImdsEnvironmentVariable] ErrorCode:0 INFO: Querying IMDS information
[2026-01-30 02:33:13.000]  [SetImdsEnvironmentVariable] ErrorCode:-1 INFO: Preparing to call IMDS. Endpoint: http://169.254.169.254
[2026-01-30 02:33:13.000]  [QueryIMDSEndpoint] ErrorCode:0 INFO: Queried IMDS successfully.
[2026-01-30 02:33:13.000]  [GetValueFromJsonOrDefault] ErrorCode:0 INFO: Read Imds response field with Name:location Value: westus2
[2026-01-30 02:33:13.000]  [GetValueFromJsonOrDefault] ErrorCode:0 INFO: Read Imds response field with Name:name Value: amawin
[2026-01-30 02:33:13.000]  [GetValueFromJsonOrDefault] ErrorCode:0 INFO: Read Imds response field with Name:subscriptionId Value: 351651ce-5feb-4e59-975d-f1f344e2b717
[2026-01-30 02:33:13.000]  [GetValueFromJsonOrDefault] ErrorCode:0 INFO: Read Imds response field with Name:vmId Value: 22afd636-aec1-4782-9055-f85ea283dc20
[2026-01-30 02:33:13.000]  [GetValueFromJsonOrDefault] ErrorCode:0 INFO: Read Imds response field with Name:vmScaleSetName Value: 
[2026-01-30 02:33:13.000]  [GetValueFromJsonOrDefault] ErrorCode:0 INFO: Read Imds response field with Name:resourceGroupName Value: AMAWin_group
[2026-01-30 02:33:13.000]  [GetValueFromJsonOrDefault] ErrorCode:0 INFO: Read Imds response field with Name:osType Value: Windows
[2026-01-30 02:33:13.000]  [GetValueFromJsonOrDefault] ErrorCode:0 INFO: Read Imds response field with Name:resourceId Value: /subscriptions/351651ce-5feb-4e59-975d-f1f344e2b717/resourceGroups/AMAWin_group/providers/Microsoft.Compute/virtualMachines/amawin
[2026-01-30 02:33:13.000]  [GetValueFromJsonOrDefault] ErrorCode:0 INFO: Read Imds response field with Name:azEnvironment Value: AzurePublicCloud
[2026-01-30 02:33:13.000]  [SetImdsEnvironmentVariable] ErrorCode:0 INFO: Successfully set Environment variables from Imds
[2026-01-30 02:33:13.000]  [AggregateHeartbeat] ErrorCode:0 INFO: Completed heartbeat aggregation.
[2026-01-30 02:33:43.000]  [WriteStatusToFile] ErrorCode:0 INFO: Sending the status.
[2026-01-30 02:33:43.000]  [WriteHeartbeatToFile] ErrorCode:0 INFO: Sending the heartbeat.
[2026-01-30 02:33:43.000]  [WriteStatusToFile] ErrorCode:0 INFO: Done Sending the status.
[2026-01-30 02:33:43.000]  [WriteHeartbeatToFile] ErrorCode:0 INFO: Done Sending the heartbeat.
[2026-01-30 02:34:13.000]  [WriteStatusToFile] ErrorCode:0 INFO: Sending the status.
[2026-01-30 02:34:13.000]  [WriteHeartbeatToFile] ErrorCode:0 INFO: Sending the heartbeat.
[2026-01-30 02:34:13.000]  [WriteStatusToFile] ErrorCode:0 INFO: Done Sending the status.
[2026-01-30 02:34:13.000]  [WriteHeartbeatToFile] ErrorCode:0 INFO: Done Sending the heartbeat.
[2026-01-30 02:34:13.000]  [FindProcessById] ErrorCode:0 INFO: Attempt to find the process MetricsExtension.Native.exe with ID: 3300.
[2026-01-30 02:34:13.000]  [FindProcessById] ErrorCode:0 INFO: Running Process MetricsExtension.Native.exe found. ID: 3300.
[2026-01-30 02:34:13.000]  [StartMetricsExtension] ErrorCode:0 ERROR: Metrics extension is already running
[2026-01-30 02:34:43.000]  [WriteStatusToFile] ErrorCode:0 INFO: Sending the status.
[2026-01-30 02:34:43.000]  [WriteHeartbeatToFile] ErrorCode:0 INFO: Sending the heartbeat.
[2026-01-30 02:34:43.000]  [WriteStatusToFile] ErrorCode:0 INFO: Done Sending the status.
[2026-01-30 02:34:43.000]  [WriteHeartbeatToFile] ErrorCode:0 INFO: Done Sending the heartbeat.
[2026-01-30 02:35:13.000]  [WriteStatusToFile] ErrorCode:0 INFO: Sending the status.
[2026-01-30 02:35:13.000]  [WriteHeartbeatToFile] ErrorCode:0 INFO: Sending the heartbeat.
[2026-01-30 02:35:13.000]  [WriteHeartbeatToFile] ErrorCode:0 INFO: Done Sending the heartbeat.
[2026-01-30 02:35:13.000]  [WriteStatusToFile] ErrorCode:0 INFO: Done Sending the status.
[2026-01-30 02:35:13.000]  [FindProcessById] ErrorCode:0 INFO: Attempt to find the process MetricsExtension.Native.exe with ID: 3300.
[2026-01-30 02:35:13.000]  [FindProcessById] ErrorCode:0 INFO: Running Process MetricsExtension.Native.exe found. ID: 3300.
[2026-01-30 02:35:13.000]  [StartMetricsExtension] ErrorCode:0 ERROR: Metrics extension is already running
[2026-01-30 02:35:43.000]  [WriteStatusToFile] ErrorCode:0 INFO: Sending the status.
[2026-01-30 02:35:43.000]  [WriteHeartbeatToFile] ErrorCode:0 INFO: Sending the heartbeat.
[2026-01-30 02:35:43.000]  [WriteHeartbeatToFile] ErrorCode:0 INFO: Done Sending the heartbeat.
[2026-01-30 02:35:43.000]  [WriteStatusToFile] ErrorCode:0 INFO: Done Sending the status.
[2026-01-30 02:36:13.000]  [WriteHeartbeatToFile] ErrorCode:0 INFO: Sending the heartbeat.
[2026-01-30 02:36:13.000]  [WriteStatusToFile] ErrorCode:0 INFO: Sending the status.
[2026-01-30 02:36:13.000]  [WriteStatusToFile] ErrorCode:0 INFO: Done Sending the status.
[2026-01-30 02:36:13.000]  [WriteHeartbeatToFile] ErrorCode:0 INFO: Done Sending the heartbeat.
[2026-01-30 02:36:13.000]  [FindProcessById] ErrorCode:0 INFO: Attempt to find the process MetricsExtension.Native.exe with ID: 3300.
[2026-01-30 02:36:13.000]  [FindProcessById] ErrorCode:0 INFO: Running Process MetricsExtension.Native.exe found. ID: 3300.
[2026-01-30 02:36:13.000]  [StartMetricsExtension] ErrorCode:0 ERROR: Metrics extension is already running
[2026-01-30 02:36:43.000]  [WriteStatusToFile] ErrorCode:0 INFO: Sending the status.
[2026-01-30 02:36:43.000]  [WriteHeartbeatToFile] ErrorCode:0 INFO: Sending the heartbeat.
[2026-01-30 02:36:43.000]  [WriteHeartbeatToFile] ErrorCode:0 INFO: Done Sending the heartbeat.
[2026-01-30 02:36:43.000]  [WriteStatusToFile] ErrorCode:0 INFO: Done Sending the status.
[2026-01-30 02:37:13.000]  [WriteHeartbeatToFile] ErrorCode:0 INFO: Sending the heartbeat.
[2026-01-30 02:37:13.000]  [WriteStatusToFile] ErrorCode:0 INFO: Sending the status.
[2026-01-30 02:37:13.000]  [WriteStatusToFile] ErrorCode:0 INFO: Done Sending the status.
[2026-01-30 02:37:13.000]  [WriteHeartbeatToFile] ErrorCode:0 INFO: Done Sending the heartbeat.
[2026-01-30 02:37:13.000]  [FindProcessById] ErrorCode:0 INFO: Attempt to find the process MetricsExtension.Native.exe with ID: 3300.
[2026-01-30 02:37:13.000]  [FindProcessById] ErrorCode:0 INFO: Running Process MetricsExtension.Native.exe found. ID: 3300.
[2026-01-30 02:37:13.000]  [StartMetricsExtension] ErrorCode:0 ERROR: Metrics extension is already running
[2026-01-30 02:37:43.000]  [WriteHeartbeatToFile] ErrorCode:0 INFO: Sending the heartbeat.
[2026-01-30 02:37:43.000]  [WriteStatusToFile] ErrorCode:0 INFO: Sending the status.
[2026-01-30 02:37:43.000]  [WriteHeartbeatToFile] ErrorCode:0 INFO: Done Sending the heartbeat.
[2026-01-30 02:37:43.000]  [WriteStatusToFile] ErrorCode:0 INFO: Done Sending the status.
[2026-01-30 02:38:13.000]  [WriteStatusToFile] ErrorCode:0 INFO: Sending the status.
[2026-01-30 02:38:13.000]  [WriteHeartbeatToFile] ErrorCode:0 INFO: Sending the heartbeat.
[2026-01-30 02:38:13.000]  [WriteStatusToFile] ErrorCode:0 INFO: Done Sending the status.
[2026-01-30 02:38:13.000]  [WriteHeartbeatToFile] ErrorCode:0 INFO: Done Sending the heartbeat.
[2026-01-30 02:38:13.000]  [FindProcessById] ErrorCode:0 INFO: Attempt to find the process MetricsExtension.Native.exe with ID: 3300.
[2026-01-30 02:38:13.000]  [FindProcessById] ErrorCode:0 INFO: Running Process MetricsExtension.Native.exe found. ID: 3300.
[2026-01-30 02:38:13.000]  [StartMetricsExtension] ErrorCode:0 ERROR: Metrics extension is already running
[2026-01-30 02:38:13.000]  [AggregateHeartbeat] ErrorCode:0 INFO: Start heartbeat aggregation.
[2026-01-30 02:38:13.000]  [QueryRegValueDWORD] ErrorCode:0 INFO: Query Registry for Key:SOFTWARE\Microsoft\Windows Azure\CurrentVersion\AzureMonitorAgentExtension\47.4.1.0, Name:MaServiceProcess
[2026-01-30 02:38:13.000]  [QueryRegValueDWORD] ErrorCode:0 INFO: Query Registry for Key:SOFTWARE\Microsoft\Windows Azure\CurrentVersion\AzureMonitorAgentExtension\47.4.1.0, Name:MaServiceProcess, Value:5676
[2026-01-30 02:38:13.000]  [FindProcessById] ErrorCode:0 INFO: Attempt to find the process MonAgentLauncher.exe with ID: 5676.
[2026-01-30 02:38:13.000]  [FindProcessById] ErrorCode:0 INFO: Running Process MonAgentLauncher.exe found. ID: 5676.
[2026-01-30 02:38:13.000]  [CheckIfMAServiceIsRunByExtension] ErrorCode:0 INFO: The MA process is running based on the m_registry
[2026-01-30 02:38:13.000]  [QueryRegValueDWORD] ErrorCode:0 INFO: Query Registry for Key:SOFTWARE\Microsoft\Windows Azure\CurrentVersion\AzureMonitorAgentExtension\47.4.1.0, Name:AMAMultitenantServiceProcess
[2026-01-30 02:38:13.000]  [QueryRegValueDWORD] ErrorCode:0 ERROR: RegQueryValueExA: failed to query REG_DWORD value, Key:SOFTWARE\Microsoft\Windows Azure\CurrentVersion\AzureMonitorAgentExtension\47.4.1.0, name=AMAMultitenantServiceProcess, error=2, type=0
[2026-01-30 02:38:13.000]  [CheckIfMAServiceIsRunByExtension] ErrorCode:1205 INFO: Unable to read the m_registry for MA process. Assume it is not running.
[2026-01-30 02:38:13.000]  [AggregateHeartbeat] ErrorCode:0 INFO: Configured MA Service is not running on the node.
[2026-01-30 02:38:13.000]  [SetImdsEnvironmentVariable] ErrorCode:0 INFO: Querying IMDS information
[2026-01-30 02:38:13.000]  [SetImdsEnvironmentVariable] ErrorCode:-1 INFO: Preparing to call IMDS. Endpoint: http://169.254.169.254
[2026-01-30 02:38:13.000]  [QueryIMDSEndpoint] ErrorCode:0 INFO: Queried IMDS successfully.
[2026-01-30 02:38:13.000]  [GetValueFromJsonOrDefault] ErrorCode:0 INFO: Read Imds response field with Name:location Value: westus2
[2026-01-30 02:38:13.000]  [GetValueFromJsonOrDefault] ErrorCode:0 INFO: Read Imds response field with Name:name Value: amawin
[2026-01-30 02:38:13.000]  [GetValueFromJsonOrDefault] ErrorCode:0 INFO: Read Imds response field with Name:subscriptionId Value: 351651ce-5feb-4e59-975d-f1f344e2b717
[2026-01-30 02:38:13.000]  [GetValueFromJsonOrDefault] ErrorCode:0 INFO: Read Imds response field with Name:vmId Value: 22afd636-aec1-4782-9055-f85ea283dc20
[2026-01-30 02:38:13.000]  [GetValueFromJsonOrDefault] ErrorCode:0 INFO: Read Imds response field with Name:vmScaleSetName Value: 
[2026-01-30 02:38:13.000]  [GetValueFromJsonOrDefault] ErrorCode:0 INFO: Read Imds response field with Name:resourceGroupName Value: AMAWin_group
[2026-01-30 02:38:13.000]  [GetValueFromJsonOrDefault] ErrorCode:0 INFO: Read Imds response field with Name:osType Value: Windows
[2026-01-30 02:38:13.000]  [GetValueFromJsonOrDefault] ErrorCode:0 INFO: Read Imds response field with Name:resourceId Value: /subscriptions/351651ce-5feb-4e59-975d-f1f344e2b717/resourceGroups/AMAWin_group/providers/Microsoft.Compute/virtualMachines/amawin
[2026-01-30 02:38:13.000]  [GetValueFromJsonOrDefault] ErrorCode:0 INFO: Read Imds response field with Name:azEnvironment Value: AzurePublicCloud
[2026-01-30 02:38:13.000]  [SetImdsEnvironmentVariable] ErrorCode:0 INFO: Successfully set Environment variables from Imds
[2026-01-30 02:38:13.000]  [AggregateHeartbeat] ErrorCode:0 INFO: Completed heartbeat aggregation.
[2026-01-30 02:38:43.000]  [WriteStatusToFile] ErrorCode:0 INFO: Sending the status.
[2026-01-30 02:38:43.000]  [WriteHeartbeatToFile] ErrorCode:0 INFO: Sending the heartbeat.
[2026-01-30 02:38:43.000]  [WriteStatusToFile] ErrorCode:0 INFO: Done Sending the status.
[2026-01-30 02:38:43.000]  [WriteHeartbeatToFile] ErrorCode:0 INFO: Done Sending the heartbeat.
[2026-01-30 02:39:13.000]  [WriteStatusToFile] ErrorCode:0 INFO: Sending the status.
[2026-01-30 02:39:13.000]  [WriteHeartbeatToFile] ErrorCode:0 INFO: Sending the heartbeat.
[2026-01-30 02:39:13.000]  [WriteStatusToFile] ErrorCode:0 INFO: Done Sending the status.
[2026-01-30 02:39:13.000]  [WriteHeartbeatToFile] ErrorCode:0 INFO: Done Sending the heartbeat.
[2026-01-30 02:39:13.000]  [FindProcessById] ErrorCode:0 INFO: Attempt to find the process MetricsExtension.Native.exe with ID: 3300.
[2026-01-30 02:39:13.000]  [FindProcessById] ErrorCode:0 INFO: Running Process MetricsExtension.Native.exe found. ID: 3300.
[2026-01-30 02:39:13.000]  [StartMetricsExtension] ErrorCode:0 ERROR: Metrics extension is already running
[2026-01-30 02:39:43.000]  [WriteHeartbeatToFile] ErrorCode:0 INFO: Sending the heartbeat.
[2026-01-30 02:39:43.000]  [WriteStatusToFile] ErrorCode:0 INFO: Sending the status.
[2026-01-30 02:39:43.000]  [WriteHeartbeatToFile] ErrorCode:0 INFO: Done Sending the heartbeat.
[2026-01-30 02:39:43.000]  [WriteStatusToFile] ErrorCode:0 INFO: Done Sending the status.
[2026-01-30 02:40:13.000]  [WriteHeartbeatToFile] ErrorCode:0 INFO: Sending the heartbeat.
[2026-01-30 02:40:13.000]  [WriteStatusToFile] ErrorCode:0 INFO: Sending the status.
[2026-01-30 02:40:13.000]  [WriteHeartbeatToFile] ErrorCode:0 INFO: Done Sending the heartbeat.
[2026-01-30 02:40:13.000]  [WriteStatusToFile] ErrorCode:0 INFO: Done Sending the status.
[2026-01-30 02:40:13.000]  [FindProcessById] ErrorCode:0 INFO: Attempt to find the process MetricsExtension.Native.exe with ID: 3300.
[2026-01-30 02:40:13.000]  [FindProcessById] ErrorCode:0 INFO: Running Process MetricsExtension.Native.exe found. ID: 3300.
[2026-01-30 02:40:13.000]  [StartMetricsExtension] ErrorCode:0 ERROR: Metrics extension is already running
[2026-01-30 02:40:43.000]  [WriteStatusToFile] ErrorCode:0 INFO: Sending the status.
[2026-01-30 02:40:43.000]  [WriteHeartbeatToFile] ErrorCode:0 INFO: Sending the heartbeat.
[2026-01-30 02:40:43.000]  [WriteHeartbeatToFile] ErrorCode:0 INFO: Done Sending the heartbeat.
[2026-01-30 02:40:43.000]  [WriteStatusToFile] ErrorCode:0 INFO: Done Sending the status.
[2026-01-30 02:41:13.000]  [WriteHeartbeatToFile] ErrorCode:0 INFO: Sending the heartbeat.
[2026-01-30 02:41:13.000]  [WriteStatusToFile] ErrorCode:0 INFO: Sending the status.
[2026-01-30 02:41:13.000]  [WriteHeartbeatToFile] ErrorCode:0 INFO: Done Sending the heartbeat.
[2026-01-30 02:41:13.000]  [WriteStatusToFile] ErrorCode:0 INFO: Done Sending the status.
[2026-01-30 02:41:13.000]  [FindProcessById] ErrorCode:0 INFO: Attempt to find the process MetricsExtension.Native.exe with ID: 3300.
[2026-01-30 02:41:13.000]  [FindProcessById] ErrorCode:0 INFO: Running Process MetricsExtension.Native.exe found. ID: 3300.
[2026-01-30 02:41:13.000]  [StartMetricsExtension] ErrorCode:0 ERROR: Metrics extension is already running
[2026-01-30 02:41:43.000]  [WriteHeartbeatToFile] ErrorCode:0 INFO: Sending the heartbeat.
[2026-01-30 02:41:43.000]  [WriteStatusToFile] ErrorCode:0 INFO: Sending the status.
[2026-01-30 02:41:43.000]  [WriteHeartbeatToFile] ErrorCode:0 INFO: Done Sending the heartbeat.
[2026-01-30 02:41:43.000]  [WriteStatusToFile] ErrorCode:0 INFO: Done Sending the status.
[2026-01-30 02:42:13.000]  [WriteStatusToFile] ErrorCode:0 INFO: Sending the status.
[2026-01-30 02:42:13.000]  [WriteHeartbeatToFile] ErrorCode:0 INFO: Sending the heartbeat.
[2026-01-30 02:42:13.000]  [WriteHeartbeatToFile] ErrorCode:0 INFO: Done Sending the heartbeat.
[2026-01-30 02:42:13.000]  [WriteStatusToFile] ErrorCode:0 INFO: Done Sending the status.
[2026-01-30 02:42:13.000]  [FindProcessById] ErrorCode:0 INFO: Attempt to find the process MetricsExtension.Native.exe with ID: 3300.
[2026-01-30 02:42:13.000]  [FindProcessById] ErrorCode:0 INFO: Running Process MetricsExtension.Native.exe found. ID: 3300.
[2026-01-30 02:42:13.000]  [StartMetricsExtension] ErrorCode:0 ERROR: Metrics extension is already running
[2026-01-30 02:42:43.000]  [WriteStatusToFile] ErrorCode:0 INFO: Sending the status.
[2026-01-30 02:42:43.000]  [WriteHeartbeatToFile] ErrorCode:0 INFO: Sending the heartbeat.
[2026-01-30 02:42:43.000]  [WriteStatusToFile] ErrorCode:0 INFO: Done Sending the status.
[2026-01-30 02:42:43.000]  [WriteHeartbeatToFile] ErrorCode:0 INFO: Done Sending the heartbeat.
[2026-01-30 02:43:13.000]  [WriteHeartbeatToFile] ErrorCode:0 INFO: Sending the heartbeat.
[2026-01-30 02:43:13.000]  [WriteStatusToFile] ErrorCode:0 INFO: Sending the status.
[2026-01-30 02:43:13.000]  [WriteStatusToFile] ErrorCode:0 INFO: Done Sending the status.
[2026-01-30 02:43:13.000]  [WriteHeartbeatToFile] ErrorCode:0 INFO: Done Sending the heartbeat.
[2026-01-30 02:43:13.000]  [FindProcessById] ErrorCode:0 INFO: Attempt to find the process MetricsExtension.Native.exe with ID: 3300.
[2026-01-30 02:43:13.000]  [FindProcessById] ErrorCode:0 INFO: Running Process MetricsExtension.Native.exe found. ID: 3300.
[2026-01-30 02:43:13.000]  [StartMetricsExtension] ErrorCode:0 ERROR: Metrics extension is already running
[2026-01-30 02:43:13.000]  [AggregateHeartbeat] ErrorCode:0 INFO: Start heartbeat aggregation.
[2026-01-30 02:43:13.000]  [QueryRegValueDWORD] ErrorCode:0 INFO: Query Registry for Key:SOFTWARE\Microsoft\Windows Azure\CurrentVersion\AzureMonitorAgentExtension\47.4.1.0, Name:MaServiceProcess
[2026-01-30 02:43:13.000]  [QueryRegValueDWORD] ErrorCode:0 INFO: Query Registry for Key:SOFTWARE\Microsoft\Windows Azure\CurrentVersion\AzureMonitorAgentExtension\47.4.1.0, Name:MaServiceProcess, Value:5676
[2026-01-30 02:43:13.000]  [FindProcessById] ErrorCode:0 INFO: Attempt to find the process MonAgentLauncher.exe with ID: 5676.
[2026-01-30 02:43:13.000]  [FindProcessById] ErrorCode:0 INFO: Running Process MonAgentLauncher.exe found. ID: 5676.
[2026-01-30 02:43:13.000]  [CheckIfMAServiceIsRunByExtension] ErrorCode:0 INFO: The MA process is running based on the m_registry
[2026-01-30 02:43:13.000]  [QueryRegValueDWORD] ErrorCode:0 INFO: Query Registry for Key:SOFTWARE\Microsoft\Windows Azure\CurrentVersion\AzureMonitorAgentExtension\47.4.1.0, Name:AMAMultitenantServiceProcess
[2026-01-30 02:43:13.000]  [QueryRegValueDWORD] ErrorCode:0 ERROR: RegQueryValueExA: failed to query REG_DWORD value, Key:SOFTWARE\Microsoft\Windows Azure\CurrentVersion\AzureMonitorAgentExtension\47.4.1.0, name=AMAMultitenantServiceProcess, error=2, type=0
[2026-01-30 02:43:13.000]  [CheckIfMAServiceIsRunByExtension] ErrorCode:1205 INFO: Unable to read the m_registry for MA process. Assume it is not running.
[2026-01-30 02:43:13.000]  [AggregateHeartbeat] ErrorCode:0 INFO: Configured MA Service is not running on the node.
[2026-01-30 02:43:13.000]  [SetImdsEnvironmentVariable] ErrorCode:0 INFO: Querying IMDS information
[2026-01-30 02:43:13.000]  [SetImdsEnvironmentVariable] ErrorCode:-1 INFO: Preparing to call IMDS. Endpoint: http://169.254.169.254
[2026-01-30 02:43:13.000]  [QueryIMDSEndpoint] ErrorCode:0 INFO: Queried IMDS successfully.
[2026-01-30 02:43:13.000]  [GetValueFromJsonOrDefault] ErrorCode:0 INFO: Read Imds response field with Name:location Value: westus2
[2026-01-30 02:43:13.000]  [GetValueFromJsonOrDefault] ErrorCode:0 INFO: Read Imds response field with Name:name Value: amawin
[2026-01-30 02:43:13.000]  [GetValueFromJsonOrDefault] ErrorCode:0 INFO: Read Imds response field with Name:subscriptionId Value: 351651ce-5feb-4e59-975d-f1f344e2b717
[2026-01-30 02:43:13.000]  [GetValueFromJsonOrDefault] ErrorCode:0 INFO: Read Imds response field with Name:vmId Value: 22afd636-aec1-4782-9055-f85ea283dc20
[2026-01-30 02:43:13.000]  [GetValueFromJsonOrDefault] ErrorCode:0 INFO: Read Imds response field with Name:vmScaleSetName Value: 
[2026-01-30 02:43:13.000]  [GetValueFromJsonOrDefault] ErrorCode:0 INFO: Read Imds response field with Name:resourceGroupName Value: AMAWin_group
[2026-01-30 02:43:13.000]  [GetValueFromJsonOrDefault] ErrorCode:0 INFO: Read Imds response field with Name:osType Value: Windows
[2026-01-30 02:43:13.000]  [GetValueFromJsonOrDefault] ErrorCode:0 INFO: Read Imds response field with Name:resourceId Value: /subscriptions/351651ce-5feb-4e59-975d-f1f344e2b717/resourceGroups/AMAWin_group/providers/Microsoft.Compute/virtualMachines/amawin
[2026-01-30 02:43:13.000]  [GetValueFromJsonOrDefault] ErrorCode:0 INFO: Read Imds response field with Name:azEnvironment Value: AzurePublicCloud
[2026-01-30 02:43:13.000]  [SetImdsEnvironmentVariable] ErrorCode:0 INFO: Successfully set Environment variables from Imds
[2026-01-30 02:43:13.000]  [AggregateHeartbeat] ErrorCode:0 INFO: Completed heartbeat aggregation.
[2026-01-30 02:43:43.000]  [WriteStatusToFile] ErrorCode:0 INFO: Sending the status.
[2026-01-30 02:43:43.000]  [WriteHeartbeatToFile] ErrorCode:0 INFO: Sending the heartbeat.
[2026-01-30 02:43:43.000]  [WriteStatusToFile] ErrorCode:0 INFO: Done Sending the status.
[2026-01-30 02:43:43.000]  [WriteHeartbeatToFile] ErrorCode:0 INFO: Done Sending the heartbeat.
[2026-01-30 02:44:13.000]  [WriteStatusToFile] ErrorCode:0 INFO: Sending the status.
[2026-01-30 02:44:13.000]  [WriteHeartbeatToFile] ErrorCode:0 INFO: Sending the heartbeat.
[2026-01-30 02:44:13.000]  [WriteStatusToFile] ErrorCode:0 INFO: Done Sending the status.
[2026-01-30 02:44:13.000]  [WriteHeartbeatToFile] ErrorCode:0 INFO: Done Sending the heartbeat.
[2026-01-30 02:44:13.000]  [FindProcessById] ErrorCode:0 INFO: Attempt to find the process MetricsExtension.Native.exe with ID: 3300.
[2026-01-30 02:44:13.000]  [FindProcessById] ErrorCode:0 INFO: Running Process MetricsExtension.Native.exe found. ID: 3300.
[2026-01-30 02:44:13.000]  [StartMetricsExtension] ErrorCode:0 ERROR: Metrics extension is already running
[2026-01-30 02:44:43.000]  [WriteHeartbeatToFile] ErrorCode:0 INFO: Sending the heartbeat.
[2026-01-30 02:44:43.000]  [WriteStatusToFile] ErrorCode:0 INFO: Sending the status.
[2026-01-30 02:44:43.000]  [WriteStatusToFile] ErrorCode:0 INFO: Done Sending the status.
[2026-01-30 02:44:43.000]  [WriteHeartbeatToFile] ErrorCode:0 INFO: Done Sending the heartbeat.
[2026-01-30 02:45:13.000]  [WriteHeartbeatToFile] ErrorCode:0 INFO: Sending the heartbeat.
[2026-01-30 02:45:13.000]  [WriteStatusToFile] ErrorCode:0 INFO: Sending the status.
[2026-01-30 02:45:13.000]  [WriteHeartbeatToFile] ErrorCode:0 INFO: Done Sending the heartbeat.
[2026-01-30 02:45:13.000]  [WriteStatusToFile] ErrorCode:0 INFO: Done Sending the status.
[2026-01-30 02:45:13.000]  [FindProcessById] ErrorCode:0 INFO: Attempt to find the process MetricsExtension.Native.exe with ID: 3300.
[2026-01-30 02:45:13.000]  [FindProcessById] ErrorCode:0 INFO: Running Process MetricsExtension.Native.exe found. ID: 3300.
[2026-01-30 02:45:13.000]  [StartMetricsExtension] ErrorCode:0 ERROR: Metrics extension is already running
[2026-01-30 02:45:43.000]  [WriteStatusToFile] ErrorCode:0 INFO: Sending the status.
[2026-01-30 02:45:43.000]  [WriteHeartbeatToFile] ErrorCode:0 INFO: Sending the heartbeat.
[2026-01-30 02:45:43.000]  [WriteStatusToFile] ErrorCode:0 INFO: Done Sending the status.
[2026-01-30 02:45:43.000]  [WriteHeartbeatToFile] ErrorCode:0 INFO: Done Sending the heartbeat.
[2026-01-30 02:46:13.000]  [WriteHeartbeatToFile] ErrorCode:0 INFO: Sending the heartbeat.
[2026-01-30 02:46:13.000]  [WriteStatusToFile] ErrorCode:0 INFO: Sending the status.
[2026-01-30 02:46:13.000]  [WriteHeartbeatToFile] ErrorCode:0 INFO: Done Sending the heartbeat.
[2026-01-30 02:46:13.000]  [WriteStatusToFile] ErrorCode:0 INFO: Done Sending the status.
[2026-01-30 02:46:13.000]  [FindProcessById] ErrorCode:0 INFO: Attempt to find the process MetricsExtension.Native.exe with ID: 3300.
[2026-01-30 02:46:13.000]  [FindProcessById] ErrorCode:0 INFO: Running Process MetricsExtension.Native.exe found. ID: 3300.
[2026-01-30 02:46:13.000]  [StartMetricsExtension] ErrorCode:0 ERROR: Metrics extension is already running
[2026-01-30 02:46:43.000]  [WriteStatusToFile] ErrorCode:0 INFO: Sending the status.
[2026-01-30 02:46:43.000]  [WriteHeartbeatToFile] ErrorCode:0 INFO: Sending the heartbeat.
[2026-01-30 02:46:43.000]  [WriteHeartbeatToFile] ErrorCode:0 INFO: Done Sending the heartbeat.
[2026-01-30 02:46:43.000]  [WriteStatusToFile] ErrorCode:0 INFO: Done Sending the status.
[2026-01-30 02:47:13.000]  [WriteHeartbeatToFile] ErrorCode:0 INFO: Sending the heartbeat.
[2026-01-30 02:47:13.000]  [WriteStatusToFile] ErrorCode:0 INFO: Sending the status.
[2026-01-30 02:47:13.000]  [WriteHeartbeatToFile] ErrorCode:0 INFO: Done Sending the heartbeat.
[2026-01-30 02:47:13.000]  [WriteStatusToFile] ErrorCode:0 INFO: Done Sending the status.
[2026-01-30 02:47:13.000]  [FindProcessById] ErrorCode:0 INFO: Attempt to find the process MetricsExtension.Native.exe with ID: 3300.
[2026-01-30 02:47:13.000]  [FindProcessById] ErrorCode:0 INFO: Running Process MetricsExtension.Native.exe found. ID: 3300.
[2026-01-30 02:47:13.000]  [StartMetricsExtension] ErrorCode:0 ERROR: Metrics extension is already running
[2026-01-30 02:47:43.000]  [WriteHeartbeatToFile] ErrorCode:0 INFO: Sending the heartbeat.
[2026-01-30 02:47:43.000]  [WriteStatusToFile] ErrorCode:0 INFO: Sending the status.
[2026-01-30 02:47:43.000]  [WriteStatusToFile] ErrorCode:0 INFO: Done Sending the status.
[2026-01-30 02:47:43.000]  [WriteHeartbeatToFile] ErrorCode:0 INFO: Done Sending the heartbeat.
[2026-01-30 02:48:13.000]  [WriteHeartbeatToFile] ErrorCode:0 INFO: Sending the heartbeat.
[2026-01-30 02:48:13.000]  [WriteStatusToFile] ErrorCode:0 INFO: Sending the status.
[2026-01-30 02:48:13.000]  [WriteHeartbeatToFile] ErrorCode:0 INFO: Done Sending the heartbeat.
[2026-01-30 02:48:13.000]  [WriteStatusToFile] ErrorCode:0 INFO: Done Sending the status.
[2026-01-30 02:48:13.000]  [FindProcessById] ErrorCode:0 INFO: Attempt to find the process MetricsExtension.Native.exe with ID: 3300.
[2026-01-30 02:48:13.000]  [FindProcessById] ErrorCode:0 INFO: Running Process MetricsExtension.Native.exe found. ID: 3300.
[2026-01-30 02:48:13.000]  [StartMetricsExtension] ErrorCode:0 ERROR: Metrics extension is already running
[2026-01-30 02:48:13.000]  [AggregateHeartbeat] ErrorCode:0 INFO: Start heartbeat aggregation.
[2026-01-30 02:48:13.000]  [QueryRegValueDWORD] ErrorCode:0 INFO: Query Registry for Key:SOFTWARE\Microsoft\Windows Azure\CurrentVersion\AzureMonitorAgentExtension\47.4.1.0, Name:MaServiceProcess
[2026-01-30 02:48:13.000]  [QueryRegValueDWORD] ErrorCode:0 INFO: Query Registry for Key:SOFTWARE\Microsoft\Windows Azure\CurrentVersion\AzureMonitorAgentExtension\47.4.1.0, Name:MaServiceProcess, Value:5676
[2026-01-30 02:48:13.000]  [FindProcessById] ErrorCode:0 INFO: Attempt to find the process MonAgentLauncher.exe with ID: 5676.
[2026-01-30 02:48:13.000]  [FindProcessById] ErrorCode:0 INFO: Running Process MonAgentLauncher.exe found. ID: 5676.
[2026-01-30 02:48:13.000]  [CheckIfMAServiceIsRunByExtension] ErrorCode:0 INFO: The MA process is running based on the m_registry
[2026-01-30 02:48:13.000]  [QueryRegValueDWORD] ErrorCode:0 INFO: Query Registry for Key:SOFTWARE\Microsoft\Windows Azure\CurrentVersion\AzureMonitorAgentExtension\47.4.1.0, Name:AMAMultitenantServiceProcess
[2026-01-30 02:48:13.000]  [QueryRegValueDWORD] ErrorCode:0 ERROR: RegQueryValueExA: failed to query REG_DWORD value, Key:SOFTWARE\Microsoft\Windows Azure\CurrentVersion\AzureMonitorAgentExtension\47.4.1.0, name=AMAMultitenantServiceProcess, error=2, type=0
[2026-01-30 02:48:13.000]  [CheckIfMAServiceIsRunByExtension] ErrorCode:1205 INFO: Unable to read the m_registry for MA process. Assume it is not running.
[2026-01-30 02:48:13.000]  [AggregateHeartbeat] ErrorCode:0 INFO: Configured MA Service is not running on the node.
[2026-01-30 02:48:13.000]  [SetImdsEnvironmentVariable] ErrorCode:0 INFO: Querying IMDS information
[2026-01-30 02:48:13.000]  [SetImdsEnvironmentVariable] ErrorCode:-1 INFO: Preparing to call IMDS. Endpoint: http://169.254.169.254
[2026-01-30 02:48:13.000]  [QueryIMDSEndpoint] ErrorCode:0 INFO: Queried IMDS successfully.
[2026-01-30 02:48:13.000]  [GetValueFromJsonOrDefault] ErrorCode:0 INFO: Read Imds response field with Name:location Value: westus2
[2026-01-30 02:48:13.000]  [GetValueFromJsonOrDefault] ErrorCode:0 INFO: Read Imds response field with Name:name Value: amawin
[2026-01-30 02:48:13.000]  [GetValueFromJsonOrDefault] ErrorCode:0 INFO: Read Imds response field with Name:subscriptionId Value: 351651ce-5feb-4e59-975d-f1f344e2b717
[2026-01-30 02:48:13.000]  [GetValueFromJsonOrDefault] ErrorCode:0 INFO: Read Imds response field with Name:vmId Value: 22afd636-aec1-4782-9055-f85ea283dc20
[2026-01-30 02:48:13.000]  [GetValueFromJsonOrDefault] ErrorCode:0 INFO: Read Imds response field with Name:vmScaleSetName Value: 
[2026-01-30 02:48:13.000]  [GetValueFromJsonOrDefault] ErrorCode:0 INFO: Read Imds response field with Name:resourceGroupName Value: AMAWin_group
[2026-01-30 02:48:13.000]  [GetValueFromJsonOrDefault] ErrorCode:0 INFO: Read Imds response field with Name:osType Value: Windows
[2026-01-30 02:48:13.000]  [GetValueFromJsonOrDefault] ErrorCode:0 INFO: Read Imds response field with Name:resourceId Value: /subscriptions/351651ce-5feb-4e59-975d-f1f344e2b717/resourceGroups/AMAWin_group/providers/Microsoft.Compute/virtualMachines/amawin
[2026-01-30 02:48:13.000]  [GetValueFromJsonOrDefault] ErrorCode:0 INFO: Read Imds response field with Name:azEnvironment Value: AzurePublicCloud
[2026-01-30 02:48:13.000]  [SetImdsEnvironmentVariable] ErrorCode:0 INFO: Successfully set Environment variables from Imds
[2026-01-30 02:48:13.000]  [AggregateHeartbeat] ErrorCode:0 INFO: Completed heartbeat aggregation.
[2026-01-30 02:48:43.000]  [WriteStatusToFile] ErrorCode:0 INFO: Sending the status.
[2026-01-30 02:48:43.000]  [WriteHeartbeatToFile] ErrorCode:0 INFO: Sending the heartbeat.
[2026-01-30 02:48:43.000]  [WriteStatusToFile] ErrorCode:0 INFO: Done Sending the status.
[2026-01-30 02:48:43.000]  [WriteHeartbeatToFile] ErrorCode:0 INFO: Done Sending the heartbeat.
[2026-01-30 02:49:13.000]  [WriteHeartbeatToFile] ErrorCode:0 INFO: Sending the heartbeat.
[2026-01-30 02:49:13.000]  [WriteStatusToFile] ErrorCode:0 INFO: Sending the status.
[2026-01-30 02:49:13.000]  [WriteHeartbeatToFile] ErrorCode:0 INFO: Done Sending the heartbeat.
[2026-01-30 02:49:13.000]  [WriteStatusToFile] ErrorCode:0 INFO: Done Sending the status.
[2026-01-30 02:49:13.000]  [FindProcessById] ErrorCode:0 INFO: Attempt to find the process MetricsExtension.Native.exe with ID: 3300.
[2026-01-30 02:49:13.000]  [FindProcessById] ErrorCode:0 INFO: Running Process MetricsExtension.Native.exe found. ID: 3300.
[2026-01-30 02:49:13.000]  [StartMetricsExtension] ErrorCode:0 ERROR: Metrics extension is already running
[2026-01-30 02:49:43.000]  [WriteHeartbeatToFile] ErrorCode:0 INFO: Sending the heartbeat.
[2026-01-30 02:49:43.000]  [WriteStatusToFile] ErrorCode:0 INFO: Sending the status.
[2026-01-30 02:49:43.000]  [WriteHeartbeatToFile] ErrorCode:0 INFO: Done Sending the heartbeat.
[2026-01-30 02:49:43.000]  [WriteStatusToFile] ErrorCode:0 INFO: Done Sending the status.
[2026-01-30 02:50:13.000]  [WriteStatusToFile] ErrorCode:0 INFO: Sending the status.
[2026-01-30 02:50:13.000]  [WriteHeartbeatToFile] ErrorCode:0 INFO: Sending the heartbeat.
[2026-01-30 02:50:13.000]  [WriteHeartbeatToFile] ErrorCode:0 INFO: Done Sending the heartbeat.
[2026-01-30 02:50:13.000]  [WriteStatusToFile] ErrorCode:0 INFO: Done Sending the status.
[2026-01-30 02:50:13.000]  [FindProcessById] ErrorCode:0 INFO: Attempt to find the process MetricsExtension.Native.exe with ID: 3300.
[2026-01-30 02:50:13.000]  [FindProcessById] ErrorCode:0 INFO: Running Process MetricsExtension.Native.exe found. ID: 3300.
[2026-01-30 02:50:13.000]  [StartMetricsExtension] ErrorCode:0 ERROR: Metrics extension is already running
[2026-01-30 02:50:43.000]  [WriteStatusToFile] ErrorCode:0 INFO: Sending the status.
[2026-01-30 02:50:43.000]  [WriteHeartbeatToFile] ErrorCode:0 INFO: Sending the heartbeat.
[2026-01-30 02:50:43.000]  [WriteHeartbeatToFile] ErrorCode:0 INFO: Done Sending the heartbeat.
[2026-01-30 02:50:43.000]  [WriteStatusToFile] ErrorCode:0 INFO: Done Sending the status.
[2026-01-30 02:51:13.000]  [WriteHeartbeatToFile] ErrorCode:0 INFO: Sending the heartbeat.
[2026-01-30 02:51:13.000]  [WriteStatusToFile] ErrorCode:0 INFO: Sending the status.
[2026-01-30 02:51:13.000]  [WriteHeartbeatToFile] ErrorCode:0 INFO: Done Sending the heartbeat.
[2026-01-30 02:51:13.000]  [WriteStatusToFile] ErrorCode:0 INFO: Done Sending the status.
[2026-01-30 02:51:13.000]  [FindProcessById] ErrorCode:0 INFO: Attempt to find the process MetricsExtension.Native.exe with ID: 3300.
[2026-01-30 02:51:13.000]  [FindProcessById] ErrorCode:0 INFO: Running Process MetricsExtension.Native.exe found. ID: 3300.
[2026-01-30 02:51:13.000]  [StartMetricsExtension] ErrorCode:0 ERROR: Metrics extension is already running
[2026-01-30 02:51:43.000]  [WriteStatusToFile] ErrorCode:0 INFO: Sending the status.
[2026-01-30 02:51:43.000]  [WriteHeartbeatToFile] ErrorCode:0 INFO: Sending the heartbeat.
[2026-01-30 02:51:43.000]  [WriteStatusToFile] ErrorCode:0 INFO: Done Sending the status.
[2026-01-30 02:51:43.000]  [WriteHeartbeatToFile] ErrorCode:0 INFO: Done Sending the heartbeat.
[2026-01-30 02:52:13.000]  [WriteStatusToFile] ErrorCode:0 INFO: Sending the status.
[2026-01-30 02:52:13.000]  [WriteHeartbeatToFile] ErrorCode:0 INFO: Sending the heartbeat.
[2026-01-30 02:52:13.000]  [WriteHeartbeatToFile] ErrorCode:0 INFO: Done Sending the heartbeat.
[2026-01-30 02:52:13.000]  [WriteStatusToFile] ErrorCode:0 INFO: Done Sending the status.
[2026-01-30 02:52:13.000]  [FindProcessById] ErrorCode:0 INFO: Attempt to find the process MetricsExtension.Native.exe with ID: 3300.
[2026-01-30 02:52:13.000]  [FindProcessById] ErrorCode:0 INFO: Running Process MetricsExtension.Native.exe found. ID: 3300.
[2026-01-30 02:52:13.000]  [StartMetricsExtension] ErrorCode:0 ERROR: Metrics extension is already running
[2026-01-30 02:52:43.000]  [WriteHeartbeatToFile] ErrorCode:0 INFO: Sending the heartbeat.
[2026-01-30 02:52:43.000]  [WriteStatusToFile] ErrorCode:0 INFO: Sending the status.
[2026-01-30 02:52:43.000]  [WriteHeartbeatToFile] ErrorCode:0 INFO: Done Sending the heartbeat.
[2026-01-30 02:52:43.000]  [WriteStatusToFile] ErrorCode:0 INFO: Done Sending the status.
[2026-01-30 02:53:13.000]  [WriteStatusToFile] ErrorCode:0 INFO: Sending the status.
[2026-01-30 02:53:13.000]  [WriteHeartbeatToFile] ErrorCode:0 INFO: Sending the heartbeat.
[2026-01-30 02:53:13.000]  [WriteStatusToFile] ErrorCode:0 INFO: Done Sending the status.
[2026-01-30 02:53:13.000]  [WriteHeartbeatToFile] ErrorCode:0 INFO: Done Sending the heartbeat.
[2026-01-30 02:53:13.000]  [FindProcessById] ErrorCode:0 INFO: Attempt to find the process MetricsExtension.Native.exe with ID: 3300.
[2026-01-30 02:53:13.000]  [FindProcessById] ErrorCode:0 INFO: Running Process MetricsExtension.Native.exe found. ID: 3300.
[2026-01-30 02:53:13.000]  [StartMetricsExtension] ErrorCode:0 ERROR: Metrics extension is already running
[2026-01-30 02:53:13.000]  [AggregateHeartbeat] ErrorCode:0 INFO: Start heartbeat aggregation.
[2026-01-30 02:53:13.000]  [QueryRegValueDWORD] ErrorCode:0 INFO: Query Registry for Key:SOFTWARE\Microsoft\Windows Azure\CurrentVersion\AzureMonitorAgentExtension\47.4.1.0, Name:MaServiceProcess
[2026-01-30 02:53:13.000]  [QueryRegValueDWORD] ErrorCode:0 INFO: Query Registry for Key:SOFTWARE\Microsoft\Windows Azure\CurrentVersion\AzureMonitorAgentExtension\47.4.1.0, Name:MaServiceProcess, Value:5676
[2026-01-30 02:53:13.000]  [FindProcessById] ErrorCode:0 INFO: Attempt to find the process MonAgentLauncher.exe with ID: 5676.
[2026-01-30 02:53:13.000]  [FindProcessById] ErrorCode:0 INFO: Running Process MonAgentLauncher.exe found. ID: 5676.
[2026-01-30 02:53:13.000]  [CheckIfMAServiceIsRunByExtension] ErrorCode:0 INFO: The MA process is running based on the m_registry
[2026-01-30 02:53:13.000]  [QueryRegValueDWORD] ErrorCode:0 INFO: Query Registry for Key:SOFTWARE\Microsoft\Windows Azure\CurrentVersion\AzureMonitorAgentExtension\47.4.1.0, Name:AMAMultitenantServiceProcess
[2026-01-30 02:53:13.000]  [QueryRegValueDWORD] ErrorCode:0 ERROR: RegQueryValueExA: failed to query REG_DWORD value, Key:SOFTWARE\Microsoft\Windows Azure\CurrentVersion\AzureMonitorAgentExtension\47.4.1.0, name=AMAMultitenantServiceProcess, error=2, type=0
[2026-01-30 02:53:13.000]  [CheckIfMAServiceIsRunByExtension] ErrorCode:1205 INFO: Unable to read the m_registry for MA process. Assume it is not running.
[2026-01-30 02:53:13.000]  [AggregateHeartbeat] ErrorCode:0 INFO: Configured MA Service is not running on the node.
[2026-01-30 02:53:13.000]  [SetImdsEnvironmentVariable] ErrorCode:0 INFO: Querying IMDS information
[2026-01-30 02:53:13.000]  [SetImdsEnvironmentVariable] ErrorCode:-1 INFO: Preparing to call IMDS. Endpoint: http://169.254.169.254
[2026-01-30 02:53:13.000]  [QueryIMDSEndpoint] ErrorCode:0 INFO: Queried IMDS successfully.
[2026-01-30 02:53:13.000]  [GetValueFromJsonOrDefault] ErrorCode:0 INFO: Read Imds response field with Name:location Value: westus2
[2026-01-30 02:53:13.000]  [GetValueFromJsonOrDefault] ErrorCode:0 INFO: Read Imds response field with Name:name Value: amawin
[2026-01-30 02:53:13.000]  [GetValueFromJsonOrDefault] ErrorCode:0 INFO: Read Imds response field with Name:subscriptionId Value: 351651ce-5feb-4e59-975d-f1f344e2b717
[2026-01-30 02:53:13.000]  [GetValueFromJsonOrDefault] ErrorCode:0 INFO: Read Imds response field with Name:vmId Value: 22afd636-aec1-4782-9055-f85ea283dc20
[2026-01-30 02:53:13.000]  [GetValueFromJsonOrDefault] ErrorCode:0 INFO: Read Imds response field with Name:vmScaleSetName Value: 
[2026-01-30 02:53:13.000]  [GetValueFromJsonOrDefault] ErrorCode:0 INFO: Read Imds response field with Name:resourceGroupName Value: AMAWin_group
[2026-01-30 02:53:13.000]  [GetValueFromJsonOrDefault] ErrorCode:0 INFO: Read Imds response field with Name:osType Value: Windows
[2026-01-30 02:53:13.000]  [GetValueFromJsonOrDefault] ErrorCode:0 INFO: Read Imds response field with Name:resourceId Value: /subscriptions/351651ce-5feb-4e59-975d-f1f344e2b717/resourceGroups/AMAWin_group/providers/Microsoft.Compute/virtualMachines/amawin
[2026-01-30 02:53:13.000]  [GetValueFromJsonOrDefault] ErrorCode:0 INFO: Read Imds response field with Name:azEnvironment Value: AzurePublicCloud
[2026-01-30 02:53:13.000]  [SetImdsEnvironmentVariable] ErrorCode:0 INFO: Successfully set Environment variables from Imds
[2026-01-30 02:53:13.000]  [AggregateHeartbeat] ErrorCode:0 INFO: Completed heartbeat aggregation.
[2026-01-30 02:53:43.000]  [WriteStatusToFile] ErrorCode:0 INFO: Sending the status.
[2026-01-30 02:53:43.000]  [WriteHeartbeatToFile] ErrorCode:0 INFO: Sending the heartbeat.
[2026-01-30 02:53:43.000]  [WriteStatusToFile] ErrorCode:0 INFO: Done Sending the status.
[2026-01-30 02:53:43.000]  [WriteHeartbeatToFile] ErrorCode:0 INFO: Done Sending the heartbeat.
[2026-01-30 02:54:13.000]  [WriteHeartbeatToFile] ErrorCode:0 INFO: Sending the heartbeat.
[2026-01-30 02:54:13.000]  [WriteStatusToFile] ErrorCode:0 INFO: Sending the status.
[2026-01-30 02:54:13.000]  [WriteHeartbeatToFile] ErrorCode:0 INFO: Done Sending the heartbeat.
[2026-01-30 02:54:13.000]  [WriteStatusToFile] ErrorCode:0 INFO: Done Sending the status.
[2026-01-30 02:54:13.000]  [FindProcessById] ErrorCode:0 INFO: Attempt to find the process MetricsExtension.Native.exe with ID: 3300.
[2026-01-30 02:54:13.000]  [FindProcessById] ErrorCode:0 INFO: Running Process MetricsExtension.Native.exe found. ID: 3300.
[2026-01-30 02:54:13.000]  [StartMetricsExtension] ErrorCode:0 ERROR: Metrics extension is already running
[2026-01-30 02:54:43.000]  [WriteHeartbeatToFile] ErrorCode:0 INFO: Sending the heartbeat.
[2026-01-30 02:54:43.000]  [WriteStatusToFile] ErrorCode:0 INFO: Sending the status.
[2026-01-30 02:54:43.000]  [WriteHeartbeatToFile] ErrorCode:0 INFO: Done Sending the heartbeat.
[2026-01-30 02:54:43.000]  [WriteStatusToFile] ErrorCode:0 INFO: Done Sending the status.
[2026-01-30 02:55:13.000]  [WriteStatusToFile] ErrorCode:0 INFO: Sending the status.
[2026-01-30 02:55:13.000]  [WriteHeartbeatToFile] ErrorCode:0 INFO: Sending the heartbeat.
[2026-01-30 02:55:13.000]  [WriteHeartbeatToFile] ErrorCode:0 INFO: Done Sending the heartbeat.
[2026-01-30 02:55:13.000]  [WriteStatusToFile] ErrorCode:0 INFO: Done Sending the status.
[2026-01-30 02:55:13.000]  [FindProcessById] ErrorCode:0 INFO: Attempt to find the process MetricsExtension.Native.exe with ID: 3300.
[2026-01-30 02:55:13.000]  [FindProcessById] ErrorCode:0 INFO: Running Process MetricsExtension.Native.exe found. ID: 3300.
[2026-01-30 02:55:13.000]  [StartMetricsExtension] ErrorCode:0 ERROR: Metrics extension is already running
[2026-01-30 02:55:43.000]  [WriteHeartbeatToFile] ErrorCode:0 INFO: Sending the heartbeat.
[2026-01-30 02:55:43.000]  [WriteStatusToFile] ErrorCode:0 INFO: Sending the status.
[2026-01-30 02:55:43.000]  [WriteHeartbeatToFile] ErrorCode:0 INFO: Done Sending the heartbeat.
[2026-01-30 02:55:43.000]  [WriteStatusToFile] ErrorCode:0 INFO: Done Sending the status.
[2026-01-30 02:56:13.000]  [WriteHeartbeatToFile] ErrorCode:0 INFO: Sending the heartbeat.
[2026-01-30 02:56:13.000]  [WriteStatusToFile] ErrorCode:0 INFO: Sending the status.
[2026-01-30 02:56:13.000]  [WriteStatusToFile] ErrorCode:0 INFO: Done Sending the status.
[2026-01-30 02:56:13.000]  [WriteHeartbeatToFile] ErrorCode:0 INFO: Done Sending the heartbeat.
[2026-01-30 02:56:13.000]  [FindProcessById] ErrorCode:0 INFO: Attempt to find the process MetricsExtension.Native.exe with ID: 3300.
[2026-01-30 02:56:13.000]  [FindProcessById] ErrorCode:0 INFO: Running Process MetricsExtension.Native.exe found. ID: 3300.
[2026-01-30 02:56:13.000]  [StartMetricsExtension] ErrorCode:0 ERROR: Metrics extension is already running
[2026-01-30 02:56:43.000]  [WriteHeartbeatToFile] ErrorCode:0 INFO: Sending the heartbeat.
[2026-01-30 02:56:43.000]  [WriteStatusToFile] ErrorCode:0 INFO: Sending the status.
[2026-01-30 02:56:43.000]  [WriteStatusToFile] ErrorCode:0 INFO: Done Sending the status.
[2026-01-30 02:56:43.000]  [WriteHeartbeatToFile] ErrorCode:0 INFO: Done Sending the heartbeat.
[2026-01-30 02:57:13.000]  [WriteStatusToFile] ErrorCode:0 INFO: Sending the status.
[2026-01-30 02:57:13.000]  [WriteHeartbeatToFile] ErrorCode:0 INFO: Sending the heartbeat.
[2026-01-30 02:57:13.000]  [WriteStatusToFile] ErrorCode:0 INFO: Done Sending the status.
[2026-01-30 02:57:13.000]  [WriteHeartbeatToFile] ErrorCode:0 INFO: Done Sending the heartbeat.
[2026-01-30 02:57:13.000]  [FindProcessById] ErrorCode:0 INFO: Attempt to find the process MetricsExtension.Native.exe with ID: 3300.
[2026-01-30 02:57:13.000]  [FindProcessById] ErrorCode:0 INFO: Running Process MetricsExtension.Native.exe found. ID: 3300.
[2026-01-30 02:57:13.000]  [StartMetricsExtension] ErrorCode:0 ERROR: Metrics extension is already running
[2026-01-30 02:57:43.000]  [WriteHeartbeatToFile] ErrorCode:0 INFO: Sending the heartbeat.
[2026-01-30 02:57:43.000]  [WriteStatusToFile] ErrorCode:0 INFO: Sending the status.
[2026-01-30 02:57:43.000]  [WriteHeartbeatToFile] ErrorCode:0 INFO: Done Sending the heartbeat.
[2026-01-30 02:57:43.000]  [WriteStatusToFile] ErrorCode:0 INFO: Done Sending the status.
[2026-01-30 02:58:13.000]  [WriteStatusToFile] ErrorCode:0 INFO: Sending the status.
[2026-01-30 02:58:13.000]  [WriteHeartbeatToFile] ErrorCode:0 INFO: Sending the heartbeat.
[2026-01-30 02:58:13.000]  [WriteHeartbeatToFile] ErrorCode:0 INFO: Done Sending the heartbeat.
[2026-01-30 02:58:13.000]  [WriteStatusToFile] ErrorCode:0 INFO: Done Sending the status.
[2026-01-30 02:58:13.000]  [FindProcessById] ErrorCode:0 INFO: Attempt to find the process MetricsExtension.Native.exe with ID: 3300.
[2026-01-30 02:58:13.000]  [FindProcessById] ErrorCode:0 INFO: Running Process MetricsExtension.Native.exe found. ID: 3300.
[2026-01-30 02:58:13.000]  [StartMetricsExtension] ErrorCode:0 ERROR: Metrics extension is already running
[2026-01-30 02:58:13.000]  [AggregateHeartbeat] ErrorCode:0 INFO: Start heartbeat aggregation.
[2026-01-30 02:58:13.000]  [QueryRegValueDWORD] ErrorCode:0 INFO: Query Registry for Key:SOFTWARE\Microsoft\Windows Azure\CurrentVersion\AzureMonitorAgentExtension\47.4.1.0, Name:MaServiceProcess
[2026-01-30 02:58:13.000]  [QueryRegValueDWORD] ErrorCode:0 INFO: Query Registry for Key:SOFTWARE\Microsoft\Windows Azure\CurrentVersion\AzureMonitorAgentExtension\47.4.1.0, Name:MaServiceProcess, Value:5676
[2026-01-30 02:58:13.000]  [FindProcessById] ErrorCode:0 INFO: Attempt to find the process MonAgentLauncher.exe with ID: 5676.
[2026-01-30 02:58:13.000]  [FindProcessById] ErrorCode:0 INFO: Running Process MonAgentLauncher.exe found. ID: 5676.
[2026-01-30 02:58:13.000]  [CheckIfMAServiceIsRunByExtension] ErrorCode:0 INFO: The MA process is running based on the m_registry
[2026-01-30 02:58:13.000]  [QueryRegValueDWORD] ErrorCode:0 INFO: Query Registry for Key:SOFTWARE\Microsoft\Windows Azure\CurrentVersion\AzureMonitorAgentExtension\47.4.1.0, Name:AMAMultitenantServiceProcess
[2026-01-30 02:58:13.000]  [QueryRegValueDWORD] ErrorCode:0 ERROR: RegQueryValueExA: failed to query REG_DWORD value, Key:SOFTWARE\Microsoft\Windows Azure\CurrentVersion\AzureMonitorAgentExtension\47.4.1.0, name=AMAMultitenantServiceProcess, error=2, type=0
[2026-01-30 02:58:13.000]  [CheckIfMAServiceIsRunByExtension] ErrorCode:1205 INFO: Unable to read the m_registry for MA process. Assume it is not running.
[2026-01-30 02:58:13.000]  [AggregateHeartbeat] ErrorCode:0 INFO: Configured MA Service is not running on the node.
[2026-01-30 02:58:13.000]  [SetImdsEnvironmentVariable] ErrorCode:0 INFO: Querying IMDS information
[2026-01-30 02:58:13.000]  [SetImdsEnvironmentVariable] ErrorCode:-1 INFO: Preparing to call IMDS. Endpoint: http://169.254.169.254
[2026-01-30 02:58:13.000]  [QueryIMDSEndpoint] ErrorCode:0 INFO: Queried IMDS successfully.
[2026-01-30 02:58:13.000]  [GetValueFromJsonOrDefault] ErrorCode:0 INFO: Read Imds response field with Name:location Value: westus2
[2026-01-30 02:58:13.000]  [GetValueFromJsonOrDefault] ErrorCode:0 INFO: Read Imds response field with Name:name Value: amawin
[2026-01-30 02:58:13.000]  [GetValueFromJsonOrDefault] ErrorCode:0 INFO: Read Imds response field with Name:subscriptionId Value: 351651ce-5feb-4e59-975d-f1f344e2b717
[2026-01-30 02:58:13.000]  [GetValueFromJsonOrDefault] ErrorCode:0 INFO: Read Imds response field with Name:vmId Value: 22afd636-aec1-4782-9055-f85ea283dc20
[2026-01-30 02:58:13.000]  [GetValueFromJsonOrDefault] ErrorCode:0 INFO: Read Imds response field with Name:vmScaleSetName Value: 
[2026-01-30 02:58:13.000]  [GetValueFromJsonOrDefault] ErrorCode:0 INFO: Read Imds response field with Name:resourceGroupName Value: AMAWin_group
[2026-01-30 02:58:13.000]  [GetValueFromJsonOrDefault] ErrorCode:0 INFO: Read Imds response field with Name:osType Value: Windows
[2026-01-30 02:58:13.000]  [GetValueFromJsonOrDefault] ErrorCode:0 INFO: Read Imds response field with Name:resourceId Value: /subscriptions/351651ce-5feb-4e59-975d-f1f344e2b717/resourceGroups/AMAWin_group/providers/Microsoft.Compute/virtualMachines/amawin
[2026-01-30 02:58:13.000]  [GetValueFromJsonOrDefault] ErrorCode:0 INFO: Read Imds response field with Name:azEnvironment Value: AzurePublicCloud
[2026-01-30 02:58:13.000]  [SetImdsEnvironmentVariable] ErrorCode:0 INFO: Successfully set Environment variables from Imds
[2026-01-30 02:58:13.000]  [AggregateHeartbeat] ErrorCode:0 INFO: Completed heartbeat aggregation.
[2026-01-30 02:58:43.000]  [WriteHeartbeatToFile] ErrorCode:0 INFO: Sending the heartbeat.
[2026-01-30 02:58:43.000]  [WriteStatusToFile] ErrorCode:0 INFO: Sending the status.
[2026-01-30 02:58:43.000]  [WriteStatusToFile] ErrorCode:0 INFO: Done Sending the status.
[2026-01-30 02:58:43.000]  [WriteHeartbeatToFile] ErrorCode:0 INFO: Done Sending the heartbeat.
[2026-01-30 02:59:13.000]  [WriteHeartbeatToFile] ErrorCode:0 INFO: Sending the heartbeat.
[2026-01-30 02:59:13.000]  [WriteStatusToFile] ErrorCode:0 INFO: Sending the status.
[2026-01-30 02:59:13.000]  [WriteStatusToFile] ErrorCode:0 INFO: Done Sending the status.
[2026-01-30 02:59:13.000]  [WriteHeartbeatToFile] ErrorCode:0 INFO: Done Sending the heartbeat.
[2026-01-30 02:59:13.000]  [FindProcessById] ErrorCode:0 INFO: Attempt to find the process MetricsExtension.Native.exe with ID: 3300.
[2026-01-30 02:59:13.000]  [FindProcessById] ErrorCode:0 INFO: Running Process MetricsExtension.Native.exe found. ID: 3300.
[2026-01-30 02:59:13.000]  [StartMetricsExtension] ErrorCode:0 ERROR: Metrics extension is already running
[2026-01-30 02:59:43.000]  [WriteHeartbeatToFile] ErrorCode:0 INFO: Sending the heartbeat.
[2026-01-30 02:59:43.000]  [WriteStatusToFile] ErrorCode:0 INFO: Sending the status.
[2026-01-30 02:59:43.000]  [WriteHeartbeatToFile] ErrorCode:0 INFO: Done Sending the heartbeat.
[2026-01-30 02:59:43.000]  [WriteStatusToFile] ErrorCode:0 INFO: Done Sending the status.
[2026-01-30 03:00:13.000]  [WriteStatusToFile] ErrorCode:0 INFO: Sending the status.
[2026-01-30 03:00:13.000]  [WriteHeartbeatToFile] ErrorCode:0 INFO: Sending the heartbeat.
[2026-01-30 03:00:13.000]  [WriteStatusToFile] ErrorCode:0 INFO: Done Sending the status.
[2026-01-30 03:00:13.000]  [WriteHeartbeatToFile] ErrorCode:0 INFO: Done Sending the heartbeat.
[2026-01-30 03:00:13.000]  [FindProcessById] ErrorCode:0 INFO: Attempt to find the process MetricsExtension.Native.exe with ID: 3300.
[2026-01-30 03:00:13.000]  [FindProcessById] ErrorCode:0 INFO: Running Process MetricsExtension.Native.exe found. ID: 3300.
[2026-01-30 03:00:13.000]  [StartMetricsExtension] ErrorCode:0 ERROR: Metrics extension is already running
[2026-01-30 03:00:43.000]  [WriteStatusToFile] ErrorCode:0 INFO: Sending the status.
[2026-01-30 03:00:43.000]  [WriteHeartbeatToFile] ErrorCode:0 INFO: Sending the heartbeat.
[2026-01-30 03:00:43.000]  [WriteStatusToFile] ErrorCode:0 INFO: Done Sending the status.
[2026-01-30 03:00:43.000]  [WriteHeartbeatToFile] ErrorCode:0 INFO: Done Sending the heartbeat.
[2026-01-30 03:01:13.000]  [WriteHeartbeatToFile] ErrorCode:0 INFO: Sending the heartbeat.
[2026-01-30 03:01:13.000]  [WriteStatusToFile] ErrorCode:0 INFO: Sending the status.
[2026-01-30 03:01:13.000]  [WriteHeartbeatToFile] ErrorCode:0 INFO: Done Sending the heartbeat.
[2026-01-30 03:01:13.000]  [WriteStatusToFile] ErrorCode:0 INFO: Done Sending the status.
[2026-01-30 03:01:13.000]  [FindProcessById] ErrorCode:0 INFO: Attempt to find the process MetricsExtension.Native.exe with ID: 3300.
[2026-01-30 03:01:13.000]  [FindProcessById] ErrorCode:0 INFO: Running Process MetricsExtension.Native.exe found. ID: 3300.
[2026-01-30 03:01:13.000]  [StartMetricsExtension] ErrorCode:0 ERROR: Metrics extension is already running
[2026-01-30 03:01:43.000]  [WriteStatusToFile] ErrorCode:0 INFO: Sending the status.
[2026-01-30 03:01:43.000]  [WriteHeartbeatToFile] ErrorCode:0 INFO: Sending the heartbeat.
[2026-01-30 03:01:43.000]  [WriteStatusToFile] ErrorCode:0 INFO: Done Sending the status.
[2026-01-30 03:01:43.000]  [WriteHeartbeatToFile] ErrorCode:0 INFO: Done Sending the heartbeat.
[2026-01-30 03:02:13.000]  [WriteStatusToFile] ErrorCode:0 INFO: Sending the status.
[2026-01-30 03:02:13.000]  [WriteHeartbeatToFile] ErrorCode:0 INFO: Sending the heartbeat.
[2026-01-30 03:02:13.000]  [WriteHeartbeatToFile] ErrorCode:0 INFO: Done Sending the heartbeat.
[2026-01-30 03:02:13.000]  [WriteStatusToFile] ErrorCode:0 INFO: Done Sending the status.
[2026-01-30 03:02:13.000]  [FindProcessById] ErrorCode:0 INFO: Attempt to find the process MetricsExtension.Native.exe with ID: 3300.
[2026-01-30 03:02:13.000]  [FindProcessById] ErrorCode:0 INFO: Running Process MetricsExtension.Native.exe found. ID: 3300.
[2026-01-30 03:02:13.000]  [StartMetricsExtension] ErrorCode:0 ERROR: Metrics extension is already running
[2026-01-30 03:02:43.000]  [WriteHeartbeatToFile] ErrorCode:0 INFO: Sending the heartbeat.
[2026-01-30 03:02:43.000]  [WriteStatusToFile] ErrorCode:0 INFO: Sending the status.
[2026-01-30 03:02:43.000]  [WriteStatusToFile] ErrorCode:0 INFO: Done Sending the status.
[2026-01-30 03:02:43.000]  [WriteHeartbeatToFile] ErrorCode:0 INFO: Done Sending the heartbeat.
[2026-01-30 03:03:13.000]  [WriteHeartbeatToFile] ErrorCode:0 INFO: Sending the heartbeat.
[2026-01-30 03:03:13.000]  [WriteStatusToFile] ErrorCode:0 INFO: Sending the status.
[2026-01-30 03:03:13.000]  [WriteHeartbeatToFile] ErrorCode:0 INFO: Done Sending the heartbeat.
[2026-01-30 03:03:13.000]  [WriteStatusToFile] ErrorCode:0 INFO: Done Sending the status.
[2026-01-30 03:03:13.000]  [FindProcessById] ErrorCode:0 INFO: Attempt to find the process MetricsExtension.Native.exe with ID: 3300.
[2026-01-30 03:03:13.000]  [FindProcessById] ErrorCode:0 INFO: Running Process MetricsExtension.Native.exe found. ID: 3300.
[2026-01-30 03:03:13.000]  [StartMetricsExtension] ErrorCode:0 ERROR: Metrics extension is already running
[2026-01-30 03:03:13.000]  [AggregateHeartbeat] ErrorCode:0 INFO: Start heartbeat aggregation.
[2026-01-30 03:03:13.000]  [QueryRegValueDWORD] ErrorCode:0 INFO: Query Registry for Key:SOFTWARE\Microsoft\Windows Azure\CurrentVersion\AzureMonitorAgentExtension\47.4.1.0, Name:MaServiceProcess
[2026-01-30 03:03:13.000]  [QueryRegValueDWORD] ErrorCode:0 INFO: Query Registry for Key:SOFTWARE\Microsoft\Windows Azure\CurrentVersion\AzureMonitorAgentExtension\47.4.1.0, Name:MaServiceProcess, Value:5676
[2026-01-30 03:03:13.000]  [FindProcessById] ErrorCode:0 INFO: Attempt to find the process MonAgentLauncher.exe with ID: 5676.
[2026-01-30 03:03:13.000]  [FindProcessById] ErrorCode:0 INFO: Running Process MonAgentLauncher.exe found. ID: 5676.
[2026-01-30 03:03:13.000]  [CheckIfMAServiceIsRunByExtension] ErrorCode:0 INFO: The MA process is running based on the m_registry
[2026-01-30 03:03:13.000]  [QueryRegValueDWORD] ErrorCode:0 INFO: Query Registry for Key:SOFTWARE\Microsoft\Windows Azure\CurrentVersion\AzureMonitorAgentExtension\47.4.1.0, Name:AMAMultitenantServiceProcess
[2026-01-30 03:03:13.000]  [QueryRegValueDWORD] ErrorCode:0 ERROR: RegQueryValueExA: failed to query REG_DWORD value, Key:SOFTWARE\Microsoft\Windows Azure\CurrentVersion\AzureMonitorAgentExtension\47.4.1.0, name=AMAMultitenantServiceProcess, error=2, type=0
[2026-01-30 03:03:13.000]  [CheckIfMAServiceIsRunByExtension] ErrorCode:1205 INFO: Unable to read the m_registry for MA process. Assume it is not running.
[2026-01-30 03:03:13.000]  [AggregateHeartbeat] ErrorCode:0 INFO: Configured MA Service is not running on the node.
[2026-01-30 03:03:13.000]  [SetImdsEnvironmentVariable] ErrorCode:0 INFO: Querying IMDS information
[2026-01-30 03:03:13.000]  [SetImdsEnvironmentVariable] ErrorCode:-1 INFO: Preparing to call IMDS. Endpoint: http://169.254.169.254
[2026-01-30 03:03:13.000]  [QueryIMDSEndpoint] ErrorCode:0 INFO: Queried IMDS successfully.
[2026-01-30 03:03:13.000]  [GetValueFromJsonOrDefault] ErrorCode:0 INFO: Read Imds response field with Name:location Value: westus2
[2026-01-30 03:03:13.000]  [GetValueFromJsonOrDefault] ErrorCode:0 INFO: Read Imds response field with Name:name Value: amawin
[2026-01-30 03:03:13.000]  [GetValueFromJsonOrDefault] ErrorCode:0 INFO: Read Imds response field with Name:subscriptionId Value: 351651ce-5feb-4e59-975d-f1f344e2b717
[2026-01-30 03:03:13.000]  [GetValueFromJsonOrDefault] ErrorCode:0 INFO: Read Imds response field with Name:vmId Value: 22afd636-aec1-4782-9055-f85ea283dc20
[2026-01-30 03:03:13.000]  [GetValueFromJsonOrDefault] ErrorCode:0 INFO: Read Imds response field with Name:vmScaleSetName Value: 
[2026-01-30 03:03:13.000]  [GetValueFromJsonOrDefault] ErrorCode:0 INFO: Read Imds response field with Name:resourceGroupName Value: AMAWin_group
[2026-01-30 03:03:13.000]  [GetValueFromJsonOrDefault] ErrorCode:0 INFO: Read Imds response field with Name:osType Value: Windows
[2026-01-30 03:03:13.000]  [GetValueFromJsonOrDefault] ErrorCode:0 INFO: Read Imds response field with Name:resourceId Value: /subscriptions/351651ce-5feb-4e59-975d-f1f344e2b717/resourceGroups/AMAWin_group/providers/Microsoft.Compute/virtualMachines/amawin
[2026-01-30 03:03:13.000]  [GetValueFromJsonOrDefault] ErrorCode:0 INFO: Read Imds response field with Name:azEnvironment Value: AzurePublicCloud
[2026-01-30 03:03:13.000]  [SetImdsEnvironmentVariable] ErrorCode:0 INFO: Successfully set Environment variables from Imds
[2026-01-30 03:03:13.000]  [AggregateHeartbeat] ErrorCode:0 INFO: Completed heartbeat aggregation.
[2026-01-30 03:03:43.000]  [WriteHeartbeatToFile] ErrorCode:0 INFO: Sending the heartbeat.
[2026-01-30 03:03:43.000]  [WriteStatusToFile] ErrorCode:0 INFO: Sending the status.
[2026-01-30 03:03:43.000]  [WriteHeartbeatToFile] ErrorCode:0 INFO: Done Sending the heartbeat.
[2026-01-30 03:03:43.000]  [WriteStatusToFile] ErrorCode:0 INFO: Done Sending the status.
[2026-01-30 03:04:13.000]  [WriteHeartbeatToFile] ErrorCode:0 INFO: Sending the heartbeat.
[2026-01-30 03:04:13.000]  [WriteStatusToFile] ErrorCode:0 INFO: Sending the status.
[2026-01-30 03:04:13.000]  [WriteStatusToFile] ErrorCode:0 INFO: Done Sending the status.
[2026-01-30 03:04:13.000]  [WriteHeartbeatToFile] ErrorCode:0 INFO: Done Sending the heartbeat.
[2026-01-30 03:04:13.000]  [FindProcessById] ErrorCode:0 INFO: Attempt to find the process MetricsExtension.Native.exe with ID: 3300.
[2026-01-30 03:04:13.000]  [FindProcessById] ErrorCode:0 INFO: Running Process MetricsExtension.Native.exe found. ID: 3300.
[2026-01-30 03:04:13.000]  [StartMetricsExtension] ErrorCode:0 ERROR: Metrics extension is already running
[2026-01-30 03:04:43.000]  [WriteHeartbeatToFile] ErrorCode:0 INFO: Sending the heartbeat.
[2026-01-30 03:04:43.000]  [WriteStatusToFile] ErrorCode:0 INFO: Sending the status.
[2026-01-30 03:04:43.000]  [WriteHeartbeatToFile] ErrorCode:0 INFO: Done Sending the heartbeat.
[2026-01-30 03:04:43.000]  [WriteStatusToFile] ErrorCode:0 INFO: Done Sending the status.
[2026-01-30 03:05:13.000]  [WriteStatusToFile] ErrorCode:0 INFO: Sending the status.
[2026-01-30 03:05:13.000]  [WriteHeartbeatToFile] ErrorCode:0 INFO: Sending the heartbeat.
[2026-01-30 03:05:13.000]  [WriteHeartbeatToFile] ErrorCode:0 INFO: Done Sending the heartbeat.
[2026-01-30 03:05:13.000]  [WriteStatusToFile] ErrorCode:0 INFO: Done Sending the status.
[2026-01-30 03:05:13.000]  [FindProcessById] ErrorCode:0 INFO: Attempt to find the process MetricsExtension.Native.exe with ID: 3300.
[2026-01-30 03:05:13.000]  [FindProcessById] ErrorCode:0 INFO: Running Process MetricsExtension.Native.exe found. ID: 3300.
[2026-01-30 03:05:13.000]  [StartMetricsExtension] ErrorCode:0 ERROR: Metrics extension is already running
[2026-01-30 03:05:43.000]  [WriteHeartbeatToFile] ErrorCode:0 INFO: Sending the heartbeat.
[2026-01-30 03:05:43.000]  [WriteStatusToFile] ErrorCode:0 INFO: Sending the status.
[2026-01-30 03:05:43.000]  [WriteHeartbeatToFile] ErrorCode:0 INFO: Done Sending the heartbeat.
[2026-01-30 03:05:43.000]  [WriteStatusToFile] ErrorCode:0 INFO: Done Sending the status.
[2026-01-30 03:06:13.000]  [WriteHeartbeatToFile] ErrorCode:0 INFO: Sending the heartbeat.
[2026-01-30 03:06:13.000]  [WriteStatusToFile] ErrorCode:0 INFO: Sending the status.
[2026-01-30 03:06:13.000]  [WriteHeartbeatToFile] ErrorCode:0 INFO: Done Sending the heartbeat.
[2026-01-30 03:06:13.000]  [WriteStatusToFile] ErrorCode:0 INFO: Done Sending the status.
[2026-01-30 03:06:13.000]  [FindProcessById] ErrorCode:0 INFO: Attempt to find the process MetricsExtension.Native.exe with ID: 3300.
[2026-01-30 03:06:13.000]  [FindProcessById] ErrorCode:0 INFO: Running Process MetricsExtension.Native.exe found. ID: 3300.
[2026-01-30 03:06:13.000]  [StartMetricsExtension] ErrorCode:0 ERROR: Metrics extension is already running
[2026-01-30 03:06:43.000]  [WriteHeartbeatToFile] ErrorCode:0 INFO: Sending the heartbeat.
[2026-01-30 03:06:43.000]  [WriteStatusToFile] ErrorCode:0 INFO: Sending the status.
[2026-01-30 03:06:43.000]  [WriteStatusToFile] ErrorCode:0 INFO: Done Sending the status.
[2026-01-30 03:06:43.000]  [WriteHeartbeatToFile] ErrorCode:0 INFO: Done Sending the heartbeat.
[2026-01-30 03:07:13.000]  [WriteHeartbeatToFile] ErrorCode:0 INFO: Sending the heartbeat.
[2026-01-30 03:07:13.000]  [WriteStatusToFile] ErrorCode:0 INFO: Sending the status.
[2026-01-30 03:07:13.000]  [WriteHeartbeatToFile] ErrorCode:0 INFO: Done Sending the heartbeat.
[2026-01-30 03:07:13.000]  [WriteStatusToFile] ErrorCode:0 INFO: Done Sending the status.
[2026-01-30 03:07:13.000]  [FindProcessById] ErrorCode:0 INFO: Attempt to find the process MetricsExtension.Native.exe with ID: 3300.
[2026-01-30 03:07:13.000]  [FindProcessById] ErrorCode:0 INFO: Running Process MetricsExtension.Native.exe found. ID: 3300.
[2026-01-30 03:07:13.000]  [StartMetricsExtension] ErrorCode:0 ERROR: Metrics extension is already running
[2026-01-30 03:07:43.000]  [WriteStatusToFile] ErrorCode:0 INFO: Sending the status.
[2026-01-30 03:07:43.000]  [WriteHeartbeatToFile] ErrorCode:0 INFO: Sending the heartbeat.
[2026-01-30 03:07:43.000]  [WriteHeartbeatToFile] ErrorCode:0 INFO: Done Sending the heartbeat.
[2026-01-30 03:07:43.000]  [WriteStatusToFile] ErrorCode:0 INFO: Done Sending the status.
[2026-01-30 03:08:13.000]  [WriteHeartbeatToFile] ErrorCode:0 INFO: Sending the heartbeat.
[2026-01-30 03:08:13.000]  [WriteStatusToFile] ErrorCode:0 INFO: Sending the status.
[2026-01-30 03:08:13.000]  [WriteHeartbeatToFile] ErrorCode:0 INFO: Done Sending the heartbeat.
[2026-01-30 03:08:13.000]  [WriteStatusToFile] ErrorCode:0 INFO: Done Sending the status.
[2026-01-30 03:08:13.000]  [FindProcessById] ErrorCode:0 INFO: Attempt to find the process MetricsExtension.Native.exe with ID: 3300.
[2026-01-30 03:08:13.000]  [FindProcessById] ErrorCode:0 INFO: Running Process MetricsExtension.Native.exe found. ID: 3300.
[2026-01-30 03:08:13.000]  [StartMetricsExtension] ErrorCode:0 ERROR: Metrics extension is already running
[2026-01-30 03:08:13.000]  [AggregateHeartbeat] ErrorCode:0 INFO: Start heartbeat aggregation.
[2026-01-30 03:08:13.000]  [QueryRegValueDWORD] ErrorCode:0 INFO: Query Registry for Key:SOFTWARE\Microsoft\Windows Azure\CurrentVersion\AzureMonitorAgentExtension\47.4.1.0, Name:MaServiceProcess
[2026-01-30 03:08:13.000]  [QueryRegValueDWORD] ErrorCode:0 INFO: Query Registry for Key:SOFTWARE\Microsoft\Windows Azure\CurrentVersion\AzureMonitorAgentExtension\47.4.1.0, Name:MaServiceProcess, Value:5676
[2026-01-30 03:08:13.000]  [FindProcessById] ErrorCode:0 INFO: Attempt to find the process MonAgentLauncher.exe with ID: 5676.
[2026-01-30 03:08:13.000]  [FindProcessById] ErrorCode:0 INFO: Running Process MonAgentLauncher.exe found. ID: 5676.
[2026-01-30 03:08:13.000]  [CheckIfMAServiceIsRunByExtension] ErrorCode:0 INFO: The MA process is running based on the m_registry
[2026-01-30 03:08:13.000]  [QueryRegValueDWORD] ErrorCode:0 INFO: Query Registry for Key:SOFTWARE\Microsoft\Windows Azure\CurrentVersion\AzureMonitorAgentExtension\47.4.1.0, Name:AMAMultitenantServiceProcess
[2026-01-30 03:08:13.000]  [QueryRegValueDWORD] ErrorCode:0 ERROR: RegQueryValueExA: failed to query REG_DWORD value, Key:SOFTWARE\Microsoft\Windows Azure\CurrentVersion\AzureMonitorAgentExtension\47.4.1.0, name=AMAMultitenantServiceProcess, error=2, type=0
[2026-01-30 03:08:13.000]  [CheckIfMAServiceIsRunByExtension] ErrorCode:1205 INFO: Unable to read the m_registry for MA process. Assume it is not running.
[2026-01-30 03:08:13.000]  [AggregateHeartbeat] ErrorCode:0 INFO: Configured MA Service is not running on the node.
[2026-01-30 03:08:13.000]  [SetImdsEnvironmentVariable] ErrorCode:0 INFO: Querying IMDS information
[2026-01-30 03:08:13.000]  [SetImdsEnvironmentVariable] ErrorCode:-1 INFO: Preparing to call IMDS. Endpoint: http://169.254.169.254
[2026-01-30 03:08:13.000]  [QueryIMDSEndpoint] ErrorCode:0 INFO: Queried IMDS successfully.
[2026-01-30 03:08:13.000]  [GetValueFromJsonOrDefault] ErrorCode:0 INFO: Read Imds response field with Name:location Value: westus2
[2026-01-30 03:08:13.000]  [GetValueFromJsonOrDefault] ErrorCode:0 INFO: Read Imds response field with Name:name Value: amawin
[2026-01-30 03:08:13.000]  [GetValueFromJsonOrDefault] ErrorCode:0 INFO: Read Imds response field with Name:subscriptionId Value: 351651ce-5feb-4e59-975d-f1f344e2b717
[2026-01-30 03:08:13.000]  [GetValueFromJsonOrDefault] ErrorCode:0 INFO: Read Imds response field with Name:vmId Value: 22afd636-aec1-4782-9055-f85ea283dc20
[2026-01-30 03:08:13.000]  [GetValueFromJsonOrDefault] ErrorCode:0 INFO: Read Imds response field with Name:vmScaleSetName Value: 
[2026-01-30 03:08:13.000]  [GetValueFromJsonOrDefault] ErrorCode:0 INFO: Read Imds response field with Name:resourceGroupName Value: AMAWin_group
[2026-01-30 03:08:13.000]  [GetValueFromJsonOrDefault] ErrorCode:0 INFO: Read Imds response field with Name:osType Value: Windows
[2026-01-30 03:08:13.000]  [GetValueFromJsonOrDefault] ErrorCode:0 INFO: Read Imds response field with Name:resourceId Value: /subscriptions/351651ce-5feb-4e59-975d-f1f344e2b717/resourceGroups/AMAWin_group/providers/Microsoft.Compute/virtualMachines/amawin
[2026-01-30 03:08:13.000]  [GetValueFromJsonOrDefault] ErrorCode:0 INFO: Read Imds response field with Name:azEnvironment Value: AzurePublicCloud
[2026-01-30 03:08:13.000]  [SetImdsEnvironmentVariable] ErrorCode:0 INFO: Successfully set Environment variables from Imds
[2026-01-30 03:08:13.000]  [AggregateHeartbeat] ErrorCode:0 INFO: Completed heartbeat aggregation.
[2026-01-30 03:08:43.000]  [WriteHeartbeatToFile] ErrorCode:0 INFO: Sending the heartbeat.
[2026-01-30 03:08:43.000]  [WriteStatusToFile] ErrorCode:0 INFO: Sending the status.
[2026-01-30 03:08:43.000]  [WriteStatusToFile] ErrorCode:0 INFO: Done Sending the status.
[2026-01-30 03:08:43.000]  [WriteHeartbeatToFile] ErrorCode:0 INFO: Done Sending the heartbeat.
[2026-01-30 03:09:13.000]  [WriteHeartbeatToFile] ErrorCode:0 INFO: Sending the heartbeat.
[2026-01-30 03:09:13.000]  [WriteStatusToFile] ErrorCode:0 INFO: Sending the status.
[2026-01-30 03:09:13.000]  [WriteStatusToFile] ErrorCode:0 INFO: Done Sending the status.
[2026-01-30 03:09:13.000]  [WriteHeartbeatToFile] ErrorCode:0 INFO: Done Sending the heartbeat.
[2026-01-30 03:09:13.000]  [FindProcessById] ErrorCode:0 INFO: Attempt to find the process MetricsExtension.Native.exe with ID: 3300.
[2026-01-30 03:09:13.000]  [FindProcessById] ErrorCode:0 INFO: Running Process MetricsExtension.Native.exe found. ID: 3300.
[2026-01-30 03:09:13.000]  [StartMetricsExtension] ErrorCode:0 ERROR: Metrics extension is already running
[2026-01-30 03:09:43.000]  [WriteHeartbeatToFile] ErrorCode:0 INFO: Sending the heartbeat.
[2026-01-30 03:09:43.000]  [WriteStatusToFile] ErrorCode:0 INFO: Sending the status.
[2026-01-30 03:09:43.000]  [WriteHeartbeatToFile] ErrorCode:0 INFO: Done Sending the heartbeat.
[2026-01-30 03:09:43.000]  [WriteStatusToFile] ErrorCode:0 INFO: Done Sending the status.
[2026-01-30 03:10:13.000]  [WriteHeartbeatToFile] ErrorCode:0 INFO: Sending the heartbeat.
[2026-01-30 03:10:13.000]  [WriteStatusToFile] ErrorCode:0 INFO: Sending the status.
[2026-01-30 03:10:13.000]  [WriteHeartbeatToFile] ErrorCode:0 INFO: Done Sending the heartbeat.
[2026-01-30 03:10:13.000]  [WriteStatusToFile] ErrorCode:0 INFO: Done Sending the status.
[2026-01-30 03:10:13.000]  [FindProcessById] ErrorCode:0 INFO: Attempt to find the process MetricsExtension.Native.exe with ID: 3300.
[2026-01-30 03:10:13.000]  [FindProcessById] ErrorCode:0 INFO: Running Process MetricsExtension.Native.exe found. ID: 3300.
[2026-01-30 03:10:13.000]  [StartMetricsExtension] ErrorCode:0 ERROR: Metrics extension is already running
[2026-01-30 03:10:43.000]  [WriteStatusToFile] ErrorCode:0 INFO: Sending the status.
[2026-01-30 03:10:43.000]  [WriteHeartbeatToFile] ErrorCode:0 INFO: Sending the heartbeat.
[2026-01-30 03:10:43.000]  [WriteHeartbeatToFile] ErrorCode:0 INFO: Done Sending the heartbeat.
[2026-01-30 03:10:43.000]  [WriteStatusToFile] ErrorCode:0 INFO: Done Sending the status.
[2026-01-30 03:11:13.000]  [WriteStatusToFile] ErrorCode:0 INFO: Sending the status.
[2026-01-30 03:11:13.000]  [WriteHeartbeatToFile] ErrorCode:0 INFO: Sending the heartbeat.
[2026-01-30 03:11:13.000]  [WriteHeartbeatToFile] ErrorCode:0 INFO: Done Sending the heartbeat.
[2026-01-30 03:11:13.000]  [WriteStatusToFile] ErrorCode:0 INFO: Done Sending the status.
[2026-01-30 03:11:13.000]  [FindProcessById] ErrorCode:0 INFO: Attempt to find the process MetricsExtension.Native.exe with ID: 3300.
[2026-01-30 03:11:13.000]  [FindProcessById] ErrorCode:0 INFO: Running Process MetricsExtension.Native.exe found. ID: 3300.
[2026-01-30 03:11:13.000]  [StartMetricsExtension] ErrorCode:0 ERROR: Metrics extension is already running
[2026-01-30 03:11:43.000]  [WriteHeartbeatToFile] ErrorCode:0 INFO: Sending the heartbeat.
[2026-01-30 03:11:43.000]  [WriteStatusToFile] ErrorCode:0 INFO: Sending the status.
[2026-01-30 03:11:43.000]  [WriteHeartbeatToFile] ErrorCode:0 INFO: Done Sending the heartbeat.
[2026-01-30 03:11:43.000]  [WriteStatusToFile] ErrorCode:0 INFO: Done Sending the status.
[2026-01-30 03:12:13.000]  [WriteStatusToFile] ErrorCode:0 INFO: Sending the status.
[2026-01-30 03:12:13.000]  [WriteHeartbeatToFile] ErrorCode:0 INFO: Sending the heartbeat.
[2026-01-30 03:12:13.000]  [WriteStatusToFile] ErrorCode:0 INFO: Done Sending the status.
[2026-01-30 03:12:13.000]  [WriteHeartbeatToFile] ErrorCode:0 INFO: Done Sending the heartbeat.
[2026-01-30 03:12:13.000]  [FindProcessById] ErrorCode:0 INFO: Attempt to find the process MetricsExtension.Native.exe with ID: 3300.
[2026-01-30 03:12:13.000]  [FindProcessById] ErrorCode:0 INFO: Running Process MetricsExtension.Native.exe found. ID: 3300.
[2026-01-30 03:12:13.000]  [StartMetricsExtension] ErrorCode:0 ERROR: Metrics extension is already running
[2026-01-30 03:12:43.000]  [WriteHeartbeatToFile] ErrorCode:0 INFO: Sending the heartbeat.
[2026-01-30 03:12:43.000]  [WriteStatusToFile] ErrorCode:0 INFO: Sending the status.
[2026-01-30 03:12:43.000]  [WriteStatusToFile] ErrorCode:0 INFO: Done Sending the status.
[2026-01-30 03:12:43.000]  [WriteHeartbeatToFile] ErrorCode:0 INFO: Done Sending the heartbeat.
[2026-01-30 03:13:13.000]  [WriteStatusToFile] ErrorCode:0 INFO: Sending the status.
[2026-01-30 03:13:13.000]  [WriteHeartbeatToFile] ErrorCode:0 INFO: Sending the heartbeat.
[2026-01-30 03:13:13.000]  [WriteStatusToFile] ErrorCode:0 INFO: Done Sending the status.
[2026-01-30 03:13:13.000]  [WriteHeartbeatToFile] ErrorCode:0 INFO: Done Sending the heartbeat.
[2026-01-30 03:13:13.000]  [FindProcessById] ErrorCode:0 INFO: Attempt to find the process MetricsExtension.Native.exe with ID: 3300.
[2026-01-30 03:13:13.000]  [FindProcessById] ErrorCode:0 INFO: Running Process MetricsExtension.Native.exe found. ID: 3300.
[2026-01-30 03:13:13.000]  [StartMetricsExtension] ErrorCode:0 ERROR: Metrics extension is already running
[2026-01-30 03:13:13.000]  [AggregateHeartbeat] ErrorCode:0 INFO: Start heartbeat aggregation.
[2026-01-30 03:13:13.000]  [QueryRegValueDWORD] ErrorCode:0 INFO: Query Registry for Key:SOFTWARE\Microsoft\Windows Azure\CurrentVersion\AzureMonitorAgentExtension\47.4.1.0, Name:MaServiceProcess
[2026-01-30 03:13:13.000]  [QueryRegValueDWORD] ErrorCode:0 INFO: Query Registry for Key:SOFTWARE\Microsoft\Windows Azure\CurrentVersion\AzureMonitorAgentExtension\47.4.1.0, Name:MaServiceProcess, Value:5676
[2026-01-30 03:13:13.000]  [FindProcessById] ErrorCode:0 INFO: Attempt to find the process MonAgentLauncher.exe with ID: 5676.
[2026-01-30 03:13:13.000]  [FindProcessById] ErrorCode:0 INFO: Running Process MonAgentLauncher.exe found. ID: 5676.
[2026-01-30 03:13:13.000]  [CheckIfMAServiceIsRunByExtension] ErrorCode:0 INFO: The MA process is running based on the m_registry
[2026-01-30 03:13:13.000]  [QueryRegValueDWORD] ErrorCode:0 INFO: Query Registry for Key:SOFTWARE\Microsoft\Windows Azure\CurrentVersion\AzureMonitorAgentExtension\47.4.1.0, Name:AMAMultitenantServiceProcess
[2026-01-30 03:13:13.000]  [QueryRegValueDWORD] ErrorCode:0 ERROR: RegQueryValueExA: failed to query REG_DWORD value, Key:SOFTWARE\Microsoft\Windows Azure\CurrentVersion\AzureMonitorAgentExtension\47.4.1.0, name=AMAMultitenantServiceProcess, error=2, type=0
[2026-01-30 03:13:13.000]  [CheckIfMAServiceIsRunByExtension] ErrorCode:1205 INFO: Unable to read the m_registry for MA process. Assume it is not running.
[2026-01-30 03:13:13.000]  [AggregateHeartbeat] ErrorCode:0 INFO: Configured MA Service is not running on the node.
[2026-01-30 03:13:13.000]  [SetImdsEnvironmentVariable] ErrorCode:0 INFO: Querying IMDS information
[2026-01-30 03:13:13.000]  [SetImdsEnvironmentVariable] ErrorCode:-1 INFO: Preparing to call IMDS. Endpoint: http://169.254.169.254
[2026-01-30 03:13:13.000]  [QueryIMDSEndpoint] ErrorCode:0 INFO: Queried IMDS successfully.
[2026-01-30 03:13:13.000]  [GetValueFromJsonOrDefault] ErrorCode:0 INFO: Read Imds response field with Name:location Value: westus2
[2026-01-30 03:13:13.000]  [GetValueFromJsonOrDefault] ErrorCode:0 INFO: Read Imds response field with Name:name Value: amawin
[2026-01-30 03:13:13.000]  [GetValueFromJsonOrDefault] ErrorCode:0 INFO: Read Imds response field with Name:subscriptionId Value: 351651ce-5feb-4e59-975d-f1f344e2b717
[2026-01-30 03:13:13.000]  [GetValueFromJsonOrDefault] ErrorCode:0 INFO: Read Imds response field with Name:vmId Value: 22afd636-aec1-4782-9055-f85ea283dc20
[2026-01-30 03:13:13.000]  [GetValueFromJsonOrDefault] ErrorCode:0 INFO: Read Imds response field with Name:vmScaleSetName Value: 
[2026-01-30 03:13:13.000]  [GetValueFromJsonOrDefault] ErrorCode:0 INFO: Read Imds response field with Name:resourceGroupName Value: AMAWin_group
[2026-01-30 03:13:13.000]  [GetValueFromJsonOrDefault] ErrorCode:0 INFO: Read Imds response field with Name:osType Value: Windows
[2026-01-30 03:13:13.000]  [GetValueFromJsonOrDefault] ErrorCode:0 INFO: Read Imds response field with Name:resourceId Value: /subscriptions/351651ce-5feb-4e59-975d-f1f344e2b717/resourceGroups/AMAWin_group/providers/Microsoft.Compute/virtualMachines/amawin
[2026-01-30 03:13:13.000]  [GetValueFromJsonOrDefault] ErrorCode:0 INFO: Read Imds response field with Name:azEnvironment Value: AzurePublicCloud
[2026-01-30 03:13:13.000]  [SetImdsEnvironmentVariable] ErrorCode:0 INFO: Successfully set Environment variables from Imds
[2026-01-30 03:13:13.000]  [AggregateHeartbeat] ErrorCode:0 INFO: Completed heartbeat aggregation.
[2026-01-30 03:13:43.000]  [WriteHeartbeatToFile] ErrorCode:0 INFO: Sending the heartbeat.
[2026-01-30 03:13:43.000]  [WriteStatusToFile] ErrorCode:0 INFO: Sending the status.
[2026-01-30 03:13:43.000]  [WriteHeartbeatToFile] ErrorCode:0 INFO: Done Sending the heartbeat.
[2026-01-30 03:13:43.000]  [WriteStatusToFile] ErrorCode:0 INFO: Done Sending the status.
[2026-01-30 03:14:13.000]  [WriteStatusToFile] ErrorCode:0 INFO: Sending the status.
[2026-01-30 03:14:13.000]  [WriteHeartbeatToFile] ErrorCode:0 INFO: Sending the heartbeat.
[2026-01-30 03:14:13.000]  [WriteStatusToFile] ErrorCode:0 INFO: Done Sending the status.
[2026-01-30 03:14:13.000]  [WriteHeartbeatToFile] ErrorCode:0 INFO: Done Sending the heartbeat.
[2026-01-30 03:14:13.000]  [FindProcessById] ErrorCode:0 INFO: Attempt to find the process MetricsExtension.Native.exe with ID: 3300.
[2026-01-30 03:14:13.000]  [FindProcessById] ErrorCode:0 INFO: Running Process MetricsExtension.Native.exe found. ID: 3300.
[2026-01-30 03:14:13.000]  [StartMetricsExtension] ErrorCode:0 ERROR: Metrics extension is already running
[2026-01-30 03:14:43.000]  [WriteHeartbeatToFile] ErrorCode:0 INFO: Sending the heartbeat.
[2026-01-30 03:14:43.000]  [WriteStatusToFile] ErrorCode:0 INFO: Sending the status.
[2026-01-30 03:14:43.000]  [WriteStatusToFile] ErrorCode:0 INFO: Done Sending the status.
[2026-01-30 03:14:43.000]  [WriteHeartbeatToFile] ErrorCode:0 INFO: Done Sending the heartbeat.
[2026-01-30 03:15:13.000]  [WriteStatusToFile] ErrorCode:0 INFO: Sending the status.
[2026-01-30 03:15:13.000]  [WriteHeartbeatToFile] ErrorCode:0 INFO: Sending the heartbeat.
[2026-01-30 03:15:13.000]  [WriteHeartbeatToFile] ErrorCode:0 INFO: Done Sending the heartbeat.
[2026-01-30 03:15:13.000]  [WriteStatusToFile] ErrorCode:0 INFO: Done Sending the status.
[2026-01-30 03:15:13.000]  [FindProcessById] ErrorCode:0 INFO: Attempt to find the process MetricsExtension.Native.exe with ID: 3300.
[2026-01-30 03:15:13.000]  [FindProcessById] ErrorCode:0 INFO: Running Process MetricsExtension.Native.exe found. ID: 3300.
[2026-01-30 03:15:13.000]  [StartMetricsExtension] ErrorCode:0 ERROR: Metrics extension is already running
[2026-01-30 03:15:43.000]  [WriteHeartbeatToFile] ErrorCode:0 INFO: Sending the heartbeat.
[2026-01-30 03:15:43.000]  [WriteStatusToFile] ErrorCode:0 INFO: Sending the status.
[2026-01-30 03:15:43.000]  [WriteStatusToFile] ErrorCode:0 INFO: Done Sending the status.
[2026-01-30 03:15:43.000]  [WriteHeartbeatToFile] ErrorCode:0 INFO: Done Sending the heartbeat.
[2026-01-30 03:16:13.000]  [WriteStatusToFile] ErrorCode:0 INFO: Sending the status.
[2026-01-30 03:16:13.000]  [WriteHeartbeatToFile] ErrorCode:0 INFO: Sending the heartbeat.
[2026-01-30 03:16:13.000]  [WriteStatusToFile] ErrorCode:0 INFO: Done Sending the status.
[2026-01-30 03:16:13.000]  [WriteHeartbeatToFile] ErrorCode:0 INFO: Done Sending the heartbeat.
[2026-01-30 03:16:13.000]  [FindProcessById] ErrorCode:0 INFO: Attempt to find the process MetricsExtension.Native.exe with ID: 3300.
[2026-01-30 03:16:13.000]  [FindProcessById] ErrorCode:0 INFO: Running Process MetricsExtension.Native.exe found. ID: 3300.
[2026-01-30 03:16:13.000]  [StartMetricsExtension] ErrorCode:0 ERROR: Metrics extension is already running
[2026-01-30 03:16:43.000]  [WriteHeartbeatToFile] ErrorCode:0 INFO: Sending the heartbeat.
[2026-01-30 03:16:43.000]  [WriteStatusToFile] ErrorCode:0 INFO: Sending the status.
[2026-01-30 03:16:43.000]  [WriteHeartbeatToFile] ErrorCode:0 INFO: Done Sending the heartbeat.
[2026-01-30 03:16:43.000]  [WriteStatusToFile] ErrorCode:0 INFO: Done Sending the status.
[2026-01-30 03:17:13.000]  [WriteStatusToFile] ErrorCode:0 INFO: Sending the status.
[2026-01-30 03:17:13.000]  [WriteHeartbeatToFile] ErrorCode:0 INFO: Sending the heartbeat.
[2026-01-30 03:17:13.000]  [WriteStatusToFile] ErrorCode:0 INFO: Done Sending the status.
[2026-01-30 03:17:13.000]  [WriteHeartbeatToFile] ErrorCode:0 INFO: Done Sending the heartbeat.
[2026-01-30 03:17:13.000]  [FindProcessById] ErrorCode:0 INFO: Attempt to find the process MetricsExtension.Native.exe with ID: 3300.
[2026-01-30 03:17:13.000]  [FindProcessById] ErrorCode:0 INFO: Running Process MetricsExtension.Native.exe found. ID: 3300.
[2026-01-30 03:17:13.000]  [StartMetricsExtension] ErrorCode:0 ERROR: Metrics extension is already running
[2026-01-30 03:17:43.000]  [WriteStatusToFile] ErrorCode:0 INFO: Sending the status.
[2026-01-30 03:17:43.000]  [WriteHeartbeatToFile] ErrorCode:0 INFO: Sending the heartbeat.
[2026-01-30 03:17:43.000]  [WriteHeartbeatToFile] ErrorCode:0 INFO: Done Sending the heartbeat.
[2026-01-30 03:17:43.000]  [WriteStatusToFile] ErrorCode:0 INFO: Done Sending the status.
[2026-01-30 03:18:13.000]  [WriteStatusToFile] ErrorCode:0 INFO: Sending the status.
[2026-01-30 03:18:13.000]  [WriteHeartbeatToFile] ErrorCode:0 INFO: Sending the heartbeat.
[2026-01-30 03:18:13.000]  [WriteHeartbeatToFile] ErrorCode:0 INFO: Done Sending the heartbeat.
[2026-01-30 03:18:13.000]  [WriteStatusToFile] ErrorCode:0 INFO: Done Sending the status.
[2026-01-30 03:18:13.000]  [FindProcessById] ErrorCode:0 INFO: Attempt to find the process MetricsExtension.Native.exe with ID: 3300.
[2026-01-30 03:18:13.000]  [FindProcessById] ErrorCode:0 INFO: Running Process MetricsExtension.Native.exe found. ID: 3300.
[2026-01-30 03:18:13.000]  [StartMetricsExtension] ErrorCode:0 ERROR: Metrics extension is already running
[2026-01-30 03:18:13.000]  [AggregateHeartbeat] ErrorCode:0 INFO: Start heartbeat aggregation.
[2026-01-30 03:18:13.000]  [QueryRegValueDWORD] ErrorCode:0 INFO: Query Registry for Key:SOFTWARE\Microsoft\Windows Azure\CurrentVersion\AzureMonitorAgentExtension\47.4.1.0, Name:MaServiceProcess
[2026-01-30 03:18:13.000]  [QueryRegValueDWORD] ErrorCode:0 INFO: Query Registry for Key:SOFTWARE\Microsoft\Windows Azure\CurrentVersion\AzureMonitorAgentExtension\47.4.1.0, Name:MaServiceProcess, Value:5676
[2026-01-30 03:18:13.000]  [FindProcessById] ErrorCode:0 INFO: Attempt to find the process MonAgentLauncher.exe with ID: 5676.
[2026-01-30 03:18:13.000]  [FindProcessById] ErrorCode:0 INFO: Running Process MonAgentLauncher.exe found. ID: 5676.
[2026-01-30 03:18:13.000]  [CheckIfMAServiceIsRunByExtension] ErrorCode:0 INFO: The MA process is running based on the m_registry
[2026-01-30 03:18:13.000]  [QueryRegValueDWORD] ErrorCode:0 INFO: Query Registry for Key:SOFTWARE\Microsoft\Windows Azure\CurrentVersion\AzureMonitorAgentExtension\47.4.1.0, Name:AMAMultitenantServiceProcess
[2026-01-30 03:18:13.000]  [QueryRegValueDWORD] ErrorCode:0 ERROR: RegQueryValueExA: failed to query REG_DWORD value, Key:SOFTWARE\Microsoft\Windows Azure\CurrentVersion\AzureMonitorAgentExtension\47.4.1.0, name=AMAMultitenantServiceProcess, error=2, type=0
[2026-01-30 03:18:13.000]  [CheckIfMAServiceIsRunByExtension] ErrorCode:1205 INFO: Unable to read the m_registry for MA process. Assume it is not running.
[2026-01-30 03:18:13.000]  [AggregateHeartbeat] ErrorCode:0 INFO: Configured MA Service is not running on the node.
[2026-01-30 03:18:13.000]  [SetImdsEnvironmentVariable] ErrorCode:0 INFO: Querying IMDS information
[2026-01-30 03:18:13.000]  [SetImdsEnvironmentVariable] ErrorCode:-1 INFO: Preparing to call IMDS. Endpoint: http://169.254.169.254
[2026-01-30 03:18:13.000]  [QueryIMDSEndpoint] ErrorCode:0 INFO: Queried IMDS successfully.
[2026-01-30 03:18:13.000]  [GetValueFromJsonOrDefault] ErrorCode:0 INFO: Read Imds response field with Name:location Value: westus2
[2026-01-30 03:18:13.000]  [GetValueFromJsonOrDefault] ErrorCode:0 INFO: Read Imds response field with Name:name Value: amawin
[2026-01-30 03:18:13.000]  [GetValueFromJsonOrDefault] ErrorCode:0 INFO: Read Imds response field with Name:subscriptionId Value: 351651ce-5feb-4e59-975d-f1f344e2b717
[2026-01-30 03:18:13.000]  [GetValueFromJsonOrDefault] ErrorCode:0 INFO: Read Imds response field with Name:vmId Value: 22afd636-aec1-4782-9055-f85ea283dc20
[2026-01-30 03:18:13.000]  [GetValueFromJsonOrDefault] ErrorCode:0 INFO: Read Imds response field with Name:vmScaleSetName Value: 
[2026-01-30 03:18:13.000]  [GetValueFromJsonOrDefault] ErrorCode:0 INFO: Read Imds response field with Name:resourceGroupName Value: AMAWin_group
[2026-01-30 03:18:13.000]  [GetValueFromJsonOrDefault] ErrorCode:0 INFO: Read Imds response field with Name:osType Value: Windows
[2026-01-30 03:18:13.000]  [GetValueFromJsonOrDefault] ErrorCode:0 INFO: Read Imds response field with Name:resourceId Value: /subscriptions/351651ce-5feb-4e59-975d-f1f344e2b717/resourceGroups/AMAWin_group/providers/Microsoft.Compute/virtualMachines/amawin
[2026-01-30 03:18:13.000]  [GetValueFromJsonOrDefault] ErrorCode:0 INFO: Read Imds response field with Name:azEnvironment Value: AzurePublicCloud
[2026-01-30 03:18:13.000]  [SetImdsEnvironmentVariable] ErrorCode:0 INFO: Successfully set Environment variables from Imds
[2026-01-30 03:18:13.000]  [AggregateHeartbeat] ErrorCode:0 INFO: Completed heartbeat aggregation.
[2026-01-30 03:18:43.000]  [WriteHeartbeatToFile] ErrorCode:0 INFO: Sending the heartbeat.
[2026-01-30 03:18:43.000]  [WriteStatusToFile] ErrorCode:0 INFO: Sending the status.
[2026-01-30 03:18:43.000]  [WriteStatusToFile] ErrorCode:0 INFO: Done Sending the status.
[2026-01-30 03:18:43.000]  [WriteHeartbeatToFile] ErrorCode:0 INFO: Done Sending the heartbeat.
[2026-01-30 03:19:13.000]  [WriteHeartbeatToFile] ErrorCode:0 INFO: Sending the heartbeat.
[2026-01-30 03:19:13.000]  [WriteStatusToFile] ErrorCode:0 INFO: Sending the status.
[2026-01-30 03:19:13.000]  [WriteHeartbeatToFile] ErrorCode:0 INFO: Done Sending the heartbeat.
[2026-01-30 03:19:13.000]  [WriteStatusToFile] ErrorCode:0 INFO: Done Sending the status.
[2026-01-30 03:19:13.000]  [FindProcessById] ErrorCode:0 INFO: Attempt to find the process MetricsExtension.Native.exe with ID: 3300.
[2026-01-30 03:19:13.000]  [FindProcessById] ErrorCode:0 INFO: Running Process MetricsExtension.Native.exe found. ID: 3300.
[2026-01-30 03:19:13.000]  [StartMetricsExtension] ErrorCode:0 ERROR: Metrics extension is already running
[2026-01-30 03:19:43.000]  [WriteHeartbeatToFile] ErrorCode:0 INFO: Sending the heartbeat.
[2026-01-30 03:19:43.000]  [WriteStatusToFile] ErrorCode:0 INFO: Sending the status.
[2026-01-30 03:19:43.000]  [WriteStatusToFile] ErrorCode:0 INFO: Done Sending the status.
[2026-01-30 03:19:43.000]  [WriteHeartbeatToFile] ErrorCode:0 INFO: Done Sending the heartbeat.
[2026-01-30 03:20:13.000]  [WriteStatusToFile] ErrorCode:0 INFO: Sending the status.
[2026-01-30 03:20:13.000]  [WriteHeartbeatToFile] ErrorCode:0 INFO: Sending the heartbeat.
[2026-01-30 03:20:13.000]  [WriteStatusToFile] ErrorCode:0 INFO: Done Sending the status.
[2026-01-30 03:20:13.000]  [WriteHeartbeatToFile] ErrorCode:0 INFO: Done Sending the heartbeat.
[2026-01-30 03:20:13.000]  [FindProcessById] ErrorCode:0 INFO: Attempt to find the process MetricsExtension.Native.exe with ID: 3300.
[2026-01-30 03:20:13.000]  [FindProcessById] ErrorCode:0 INFO: Running Process MetricsExtension.Native.exe found. ID: 3300.
[2026-01-30 03:20:13.000]  [StartMetricsExtension] ErrorCode:0 ERROR: Metrics extension is already running
[2026-01-30 03:20:43.000]  [WriteHeartbeatToFile] ErrorCode:0 INFO: Sending the heartbeat.
[2026-01-30 03:20:43.000]  [WriteStatusToFile] ErrorCode:0 INFO: Sending the status.
[2026-01-30 03:20:43.000]  [WriteStatusToFile] ErrorCode:0 INFO: Done Sending the status.
[2026-01-30 03:20:43.000]  [WriteHeartbeatToFile] ErrorCode:0 INFO: Done Sending the heartbeat.
[2026-01-30 03:21:13.000]  [WriteStatusToFile] ErrorCode:0 INFO: Sending the status.
[2026-01-30 03:21:13.000]  [WriteHeartbeatToFile] ErrorCode:0 INFO: Sending the heartbeat.
[2026-01-30 03:21:13.000]  [WriteHeartbeatToFile] ErrorCode:0 INFO: Done Sending the heartbeat.
[2026-01-30 03:21:13.000]  [WriteStatusToFile] ErrorCode:0 INFO: Done Sending the status.
[2026-01-30 03:21:13.000]  [FindProcessById] ErrorCode:0 INFO: Attempt to find the process MetricsExtension.Native.exe with ID: 3300.
[2026-01-30 03:21:13.000]  [FindProcessById] ErrorCode:0 INFO: Running Process MetricsExtension.Native.exe found. ID: 3300.
[2026-01-30 03:21:13.000]  [StartMetricsExtension] ErrorCode:0 ERROR: Metrics extension is already running
[2026-01-30 03:21:43.000]  [WriteStatusToFile] ErrorCode:0 INFO: Sending the status.
[2026-01-30 03:21:43.000]  [WriteHeartbeatToFile] ErrorCode:0 INFO: Sending the heartbeat.
[2026-01-30 03:21:43.000]  [WriteStatusToFile] ErrorCode:0 INFO: Done Sending the status.
[2026-01-30 03:21:43.000]  [WriteHeartbeatToFile] ErrorCode:0 INFO: Done Sending the heartbeat.
[2026-01-30 03:22:13.000]  [WriteStatusToFile] ErrorCode:0 INFO: Sending the status.
[2026-01-30 03:22:13.000]  [WriteHeartbeatToFile] ErrorCode:0 INFO: Sending the heartbeat.
[2026-01-30 03:22:13.000]  [WriteStatusToFile] ErrorCode:0 INFO: Done Sending the status.
[2026-01-30 03:22:13.000]  [WriteHeartbeatToFile] ErrorCode:0 INFO: Done Sending the heartbeat.
[2026-01-30 03:22:13.000]  [FindProcessById] ErrorCode:0 INFO: Attempt to find the process MetricsExtension.Native.exe with ID: 3300.
[2026-01-30 03:22:13.000]  [FindProcessById] ErrorCode:0 INFO: Running Process MetricsExtension.Native.exe found. ID: 3300.
[2026-01-30 03:22:13.000]  [StartMetricsExtension] ErrorCode:0 ERROR: Metrics extension is already running
[2026-01-30 03:22:43.000]  [WriteHeartbeatToFile] ErrorCode:0 INFO: Sending the heartbeat.
[2026-01-30 03:22:43.000]  [WriteStatusToFile] ErrorCode:0 INFO: Sending the status.
[2026-01-30 03:22:43.000]  [WriteStatusToFile] ErrorCode:0 INFO: Done Sending the status.
[2026-01-30 03:22:43.000]  [WriteHeartbeatToFile] ErrorCode:0 INFO: Done Sending the heartbeat.
[2026-01-30 03:23:13.000]  [WriteHeartbeatToFile] ErrorCode:0 INFO: Sending the heartbeat.
[2026-01-30 03:23:13.000]  [WriteStatusToFile] ErrorCode:0 INFO: Sending the status.
[2026-01-30 03:23:13.000]  [WriteHeartbeatToFile] ErrorCode:0 INFO: Done Sending the heartbeat.
[2026-01-30 03:23:13.000]  [WriteStatusToFile] ErrorCode:0 INFO: Done Sending the status.
[2026-01-30 03:23:13.000]  [FindProcessById] ErrorCode:0 INFO: Attempt to find the process MetricsExtension.Native.exe with ID: 3300.
[2026-01-30 03:23:13.000]  [FindProcessById] ErrorCode:0 INFO: Running Process MetricsExtension.Native.exe found. ID: 3300.
[2026-01-30 03:23:13.000]  [StartMetricsExtension] ErrorCode:0 ERROR: Metrics extension is already running
[2026-01-30 03:23:13.000]  [AggregateHeartbeat] ErrorCode:0 INFO: Start heartbeat aggregation.
[2026-01-30 03:23:13.000]  [QueryRegValueDWORD] ErrorCode:0 INFO: Query Registry for Key:SOFTWARE\Microsoft\Windows Azure\CurrentVersion\AzureMonitorAgentExtension\47.4.1.0, Name:MaServiceProcess
[2026-01-30 03:23:13.000]  [QueryRegValueDWORD] ErrorCode:0 INFO: Query Registry for Key:SOFTWARE\Microsoft\Windows Azure\CurrentVersion\AzureMonitorAgentExtension\47.4.1.0, Name:MaServiceProcess, Value:5676
[2026-01-30 03:23:13.000]  [FindProcessById] ErrorCode:0 INFO: Attempt to find the process MonAgentLauncher.exe with ID: 5676.
[2026-01-30 03:23:13.000]  [FindProcessById] ErrorCode:0 INFO: Running Process MonAgentLauncher.exe found. ID: 5676.
[2026-01-30 03:23:13.000]  [CheckIfMAServiceIsRunByExtension] ErrorCode:0 INFO: The MA process is running based on the m_registry
[2026-01-30 03:23:13.000]  [QueryRegValueDWORD] ErrorCode:0 INFO: Query Registry for Key:SOFTWARE\Microsoft\Windows Azure\CurrentVersion\AzureMonitorAgentExtension\47.4.1.0, Name:AMAMultitenantServiceProcess
[2026-01-30 03:23:13.000]  [QueryRegValueDWORD] ErrorCode:0 ERROR: RegQueryValueExA: failed to query REG_DWORD value, Key:SOFTWARE\Microsoft\Windows Azure\CurrentVersion\AzureMonitorAgentExtension\47.4.1.0, name=AMAMultitenantServiceProcess, error=2, type=0
[2026-01-30 03:23:13.000]  [CheckIfMAServiceIsRunByExtension] ErrorCode:1205 INFO: Unable to read the m_registry for MA process. Assume it is not running.
[2026-01-30 03:23:13.000]  [AggregateHeartbeat] ErrorCode:0 INFO: Configured MA Service is not running on the node.
[2026-01-30 03:23:13.000]  [SetImdsEnvironmentVariable] ErrorCode:0 INFO: Querying IMDS information
[2026-01-30 03:23:13.000]  [SetImdsEnvironmentVariable] ErrorCode:-1 INFO: Preparing to call IMDS. Endpoint: http://169.254.169.254
[2026-01-30 03:23:13.000]  [QueryIMDSEndpoint] ErrorCode:0 INFO: Queried IMDS successfully.
[2026-01-30 03:23:13.000]  [GetValueFromJsonOrDefault] ErrorCode:0 INFO: Read Imds response field with Name:location Value: westus2
[2026-01-30 03:23:13.000]  [GetValueFromJsonOrDefault] ErrorCode:0 INFO: Read Imds response field with Name:name Value: amawin
[2026-01-30 03:23:13.000]  [GetValueFromJsonOrDefault] ErrorCode:0 INFO: Read Imds response field with Name:subscriptionId Value: 351651ce-5feb-4e59-975d-f1f344e2b717
[2026-01-30 03:23:13.000]  [GetValueFromJsonOrDefault] ErrorCode:0 INFO: Read Imds response field with Name:vmId Value: 22afd636-aec1-4782-9055-f85ea283dc20
[2026-01-30 03:23:13.000]  [GetValueFromJsonOrDefault] ErrorCode:0 INFO: Read Imds response field with Name:vmScaleSetName Value: 
[2026-01-30 03:23:13.000]  [GetValueFromJsonOrDefault] ErrorCode:0 INFO: Read Imds response field with Name:resourceGroupName Value: AMAWin_group
[2026-01-30 03:23:13.000]  [GetValueFromJsonOrDefault] ErrorCode:0 INFO: Read Imds response field with Name:osType Value: Windows
[2026-01-30 03:23:13.000]  [GetValueFromJsonOrDefault] ErrorCode:0 INFO: Read Imds response field with Name:resourceId Value: /subscriptions/351651ce-5feb-4e59-975d-f1f344e2b717/resourceGroups/AMAWin_group/providers/Microsoft.Compute/virtualMachines/amawin
[2026-01-30 03:23:13.000]  [GetValueFromJsonOrDefault] ErrorCode:0 INFO: Read Imds response field with Name:azEnvironment Value: AzurePublicCloud
[2026-01-30 03:23:13.000]  [SetImdsEnvironmentVariable] ErrorCode:0 INFO: Successfully set Environment variables from Imds
[2026-01-30 03:23:13.000]  [AggregateHeartbeat] ErrorCode:0 INFO: Completed heartbeat aggregation.
[2026-01-30 03:23:43.000]  [WriteStatusToFile] ErrorCode:0 INFO: Sending the status.
[2026-01-30 03:23:43.000]  [WriteHeartbeatToFile] ErrorCode:0 INFO: Sending the heartbeat.
[2026-01-30 03:23:43.000]  [WriteHeartbeatToFile] ErrorCode:0 INFO: Done Sending the heartbeat.
[2026-01-30 03:23:43.000]  [WriteStatusToFile] ErrorCode:0 INFO: Done Sending the status.
[2026-01-30 03:24:13.000]  [WriteHeartbeatToFile] ErrorCode:0 INFO: Sending the heartbeat.
[2026-01-30 03:24:13.000]  [WriteStatusToFile] ErrorCode:0 INFO: Sending the status.
[2026-01-30 03:24:13.000]  [WriteHeartbeatToFile] ErrorCode:0 INFO: Done Sending the heartbeat.
[2026-01-30 03:24:13.000]  [WriteStatusToFile] ErrorCode:0 INFO: Done Sending the status.
[2026-01-30 03:24:13.000]  [FindProcessById] ErrorCode:0 INFO: Attempt to find the process MetricsExtension.Native.exe with ID: 3300.
[2026-01-30 03:24:13.000]  [FindProcessById] ErrorCode:0 INFO: Running Process MetricsExtension.Native.exe found. ID: 3300.
[2026-01-30 03:24:13.000]  [StartMetricsExtension] ErrorCode:0 ERROR: Metrics extension is already running
[2026-01-30 03:24:43.000]  [WriteHeartbeatToFile] ErrorCode:0 INFO: Sending the heartbeat.
[2026-01-30 03:24:43.000]  [WriteStatusToFile] ErrorCode:0 INFO: Sending the status.
[2026-01-30 03:24:43.000]  [WriteHeartbeatToFile] ErrorCode:0 INFO: Done Sending the heartbeat.
[2026-01-30 03:24:43.000]  [WriteStatusToFile] ErrorCode:0 INFO: Done Sending the status.
[2026-01-30 03:25:13.000]  [WriteHeartbeatToFile] ErrorCode:0 INFO: Sending the heartbeat.
[2026-01-30 03:25:13.000]  [WriteStatusToFile] ErrorCode:0 INFO: Sending the status.
[2026-01-30 03:25:13.000]  [WriteHeartbeatToFile] ErrorCode:0 INFO: Done Sending the heartbeat.
[2026-01-30 03:25:13.000]  [WriteStatusToFile] ErrorCode:0 INFO: Done Sending the status.
[2026-01-30 03:25:13.000]  [FindProcessById] ErrorCode:0 INFO: Attempt to find the process MetricsExtension.Native.exe with ID: 3300.
[2026-01-30 03:25:13.000]  [FindProcessById] ErrorCode:0 INFO: Running Process MetricsExtension.Native.exe found. ID: 3300.
[2026-01-30 03:25:13.000]  [StartMetricsExtension] ErrorCode:0 ERROR: Metrics extension is already running
[2026-01-30 03:25:43.000]  [WriteHeartbeatToFile] ErrorCode:0 INFO: Sending the heartbeat.
[2026-01-30 03:25:43.000]  [WriteStatusToFile] ErrorCode:0 INFO: Sending the status.
[2026-01-30 03:25:43.000]  [WriteHeartbeatToFile] ErrorCode:0 INFO: Done Sending the heartbeat.
[2026-01-30 03:25:43.000]  [WriteStatusToFile] ErrorCode:0 INFO: Done Sending the status.
[2026-01-30 03:26:13.000]  [WriteHeartbeatToFile] ErrorCode:0 INFO: Sending the heartbeat.
[2026-01-30 03:26:13.000]  [WriteStatusToFile] ErrorCode:0 INFO: Sending the status.
[2026-01-30 03:26:13.000]  [WriteHeartbeatToFile] ErrorCode:0 INFO: Done Sending the heartbeat.
[2026-01-30 03:26:13.000]  [WriteStatusToFile] ErrorCode:0 INFO: Done Sending the status.
[2026-01-30 03:26:13.000]  [FindProcessById] ErrorCode:0 INFO: Attempt to find the process MetricsExtension.Native.exe with ID: 3300.
[2026-01-30 03:26:14.000]  [FindProcessById] ErrorCode:0 INFO: Running Process MetricsExtension.Native.exe found. ID: 3300.
[2026-01-30 03:26:14.000]  [StartMetricsExtension] ErrorCode:0 ERROR: Metrics extension is already running
[2026-01-30 03:26:43.000]  [WriteHeartbeatToFile] ErrorCode:0 INFO: Sending the heartbeat.
[2026-01-30 03:26:43.000]  [WriteStatusToFile] ErrorCode:0 INFO: Sending the status.
[2026-01-30 03:26:43.000]  [WriteHeartbeatToFile] ErrorCode:0 INFO: Done Sending the heartbeat.
[2026-01-30 03:26:43.000]  [WriteStatusToFile] ErrorCode:0 INFO: Done Sending the status.
[2026-01-30 03:27:13.000]  [WriteHeartbeatToFile] ErrorCode:0 INFO: Sending the heartbeat.
[2026-01-30 03:27:13.000]  [WriteStatusToFile] ErrorCode:0 INFO: Sending the status.
[2026-01-30 03:27:13.000]  [WriteHeartbeatToFile] ErrorCode:0 INFO: Done Sending the heartbeat.
[2026-01-30 03:27:13.000]  [WriteStatusToFile] ErrorCode:0 INFO: Done Sending the status.
[2026-01-30 03:27:14.000]  [FindProcessById] ErrorCode:0 INFO: Attempt to find the process MetricsExtension.Native.exe with ID: 3300.
[2026-01-30 03:27:14.000]  [FindProcessById] ErrorCode:0 INFO: Running Process MetricsExtension.Native.exe found. ID: 3300.
[2026-01-30 03:27:14.000]  [StartMetricsExtension] ErrorCode:0 ERROR: Metrics extension is already running
[2026-01-30 03:27:43.000]  [WriteStatusToFile] ErrorCode:0 INFO: Sending the status.
[2026-01-30 03:27:43.000]  [WriteHeartbeatToFile] ErrorCode:0 INFO: Sending the heartbeat.
[2026-01-30 03:27:43.000]  [WriteStatusToFile] ErrorCode:0 INFO: Done Sending the status.
[2026-01-30 03:27:43.000]  [WriteHeartbeatToFile] ErrorCode:0 INFO: Done Sending the heartbeat.
[2026-01-30 03:28:13.000]  [WriteHeartbeatToFile] ErrorCode:0 INFO: Sending the heartbeat.
[2026-01-30 03:28:13.000]  [WriteStatusToFile] ErrorCode:0 INFO: Sending the status.
[2026-01-30 03:28:13.000]  [WriteHeartbeatToFile] ErrorCode:0 INFO: Done Sending the heartbeat.
[2026-01-30 03:28:13.000]  [WriteStatusToFile] ErrorCode:0 INFO: Done Sending the status.
[2026-01-30 03:28:14.000]  [FindProcessById] ErrorCode:0 INFO: Attempt to find the process MetricsExtension.Native.exe with ID: 3300.
[2026-01-30 03:28:14.000]  [FindProcessById] ErrorCode:0 INFO: Running Process MetricsExtension.Native.exe found. ID: 3300.
[2026-01-30 03:28:14.000]  [StartMetricsExtension] ErrorCode:0 ERROR: Metrics extension is already running
[2026-01-30 03:28:14.000]  [AggregateHeartbeat] ErrorCode:0 INFO: Start heartbeat aggregation.
[2026-01-30 03:28:14.000]  [QueryRegValueDWORD] ErrorCode:0 INFO: Query Registry for Key:SOFTWARE\Microsoft\Windows Azure\CurrentVersion\AzureMonitorAgentExtension\47.4.1.0, Name:MaServiceProcess
[2026-01-30 03:28:14.000]  [QueryRegValueDWORD] ErrorCode:0 INFO: Query Registry for Key:SOFTWARE\Microsoft\Windows Azure\CurrentVersion\AzureMonitorAgentExtension\47.4.1.0, Name:MaServiceProcess, Value:5676
[2026-01-30 03:28:14.000]  [FindProcessById] ErrorCode:0 INFO: Attempt to find the process MonAgentLauncher.exe with ID: 5676.
[2026-01-30 03:28:14.000]  [FindProcessById] ErrorCode:0 INFO: Running Process MonAgentLauncher.exe found. ID: 5676.
[2026-01-30 03:28:14.000]  [CheckIfMAServiceIsRunByExtension] ErrorCode:0 INFO: The MA process is running based on the m_registry
[2026-01-30 03:28:14.000]  [QueryRegValueDWORD] ErrorCode:0 INFO: Query Registry for Key:SOFTWARE\Microsoft\Windows Azure\CurrentVersion\AzureMonitorAgentExtension\47.4.1.0, Name:AMAMultitenantServiceProcess
[2026-01-30 03:28:14.000]  [QueryRegValueDWORD] ErrorCode:0 ERROR: RegQueryValueExA: failed to query REG_DWORD value, Key:SOFTWARE\Microsoft\Windows Azure\CurrentVersion\AzureMonitorAgentExtension\47.4.1.0, name=AMAMultitenantServiceProcess, error=2, type=0
[2026-01-30 03:28:14.000]  [CheckIfMAServiceIsRunByExtension] ErrorCode:1205 INFO: Unable to read the m_registry for MA process. Assume it is not running.
[2026-01-30 03:28:14.000]  [AggregateHeartbeat] ErrorCode:0 INFO: Configured MA Service is not running on the node.
[2026-01-30 03:28:14.000]  [SetImdsEnvironmentVariable] ErrorCode:0 INFO: Querying IMDS information
[2026-01-30 03:28:14.000]  [SetImdsEnvironmentVariable] ErrorCode:-1 INFO: Preparing to call IMDS. Endpoint: http://169.254.169.254
[2026-01-30 03:28:14.000]  [QueryIMDSEndpoint] ErrorCode:0 INFO: Queried IMDS successfully.
[2026-01-30 03:28:14.000]  [GetValueFromJsonOrDefault] ErrorCode:0 INFO: Read Imds response field with Name:location Value: westus2
[2026-01-30 03:28:14.000]  [GetValueFromJsonOrDefault] ErrorCode:0 INFO: Read Imds response field with Name:name Value: amawin
[2026-01-30 03:28:14.000]  [GetValueFromJsonOrDefault] ErrorCode:0 INFO: Read Imds response field with Name:subscriptionId Value: 351651ce-5feb-4e59-975d-f1f344e2b717
[2026-01-30 03:28:14.000]  [GetValueFromJsonOrDefault] ErrorCode:0 INFO: Read Imds response field with Name:vmId Value: 22afd636-aec1-4782-9055-f85ea283dc20
[2026-01-30 03:28:14.000]  [GetValueFromJsonOrDefault] ErrorCode:0 INFO: Read Imds response field with Name:vmScaleSetName Value: 
[2026-01-30 03:28:14.000]  [GetValueFromJsonOrDefault] ErrorCode:0 INFO: Read Imds response field with Name:resourceGroupName Value: AMAWin_group
[2026-01-30 03:28:14.000]  [GetValueFromJsonOrDefault] ErrorCode:0 INFO: Read Imds response field with Name:osType Value: Windows
[2026-01-30 03:28:14.000]  [GetValueFromJsonOrDefault] ErrorCode:0 INFO: Read Imds response field with Name:resourceId Value: /subscriptions/351651ce-5feb-4e59-975d-f1f344e2b717/resourceGroups/AMAWin_group/providers/Microsoft.Compute/virtualMachines/amawin
[2026-01-30 03:28:14.000]  [GetValueFromJsonOrDefault] ErrorCode:0 INFO: Read Imds response field with Name:azEnvironment Value: AzurePublicCloud
[2026-01-30 03:28:14.000]  [SetImdsEnvironmentVariable] ErrorCode:0 INFO: Successfully set Environment variables from Imds
[2026-01-30 03:28:14.000]  [AggregateHeartbeat] ErrorCode:0 INFO: Completed heartbeat aggregation.
[2026-01-30 03:28:43.000]  [WriteHeartbeatToFile] ErrorCode:0 INFO: Sending the heartbeat.
[2026-01-30 03:28:43.000]  [WriteStatusToFile] ErrorCode:0 INFO: Sending the status.
[2026-01-30 03:28:43.000]  [WriteStatusToFile] ErrorCode:0 INFO: Done Sending the status.
[2026-01-30 03:28:43.000]  [WriteHeartbeatToFile] ErrorCode:0 INFO: Done Sending the heartbeat.
[2026-01-30 03:29:13.000]  [WriteHeartbeatToFile] ErrorCode:0 INFO: Sending the heartbeat.
[2026-01-30 03:29:13.000]  [WriteStatusToFile] ErrorCode:0 INFO: Sending the status.
[2026-01-30 03:29:13.000]  [WriteStatusToFile] ErrorCode:0 INFO: Done Sending the status.
[2026-01-30 03:29:13.000]  [WriteHeartbeatToFile] ErrorCode:0 INFO: Done Sending the heartbeat.
[2026-01-30 03:29:14.000]  [FindProcessById] ErrorCode:0 INFO: Attempt to find the process MetricsExtension.Native.exe with ID: 3300.
[2026-01-30 03:29:14.000]  [FindProcessById] ErrorCode:0 INFO: Running Process MetricsExtension.Native.exe found. ID: 3300.
[2026-01-30 03:29:14.000]  [StartMetricsExtension] ErrorCode:0 ERROR: Metrics extension is already running
[2026-01-30 03:29:43.000]  [WriteStatusToFile] ErrorCode:0 INFO: Sending the status.
[2026-01-30 03:29:43.000]  [WriteHeartbeatToFile] ErrorCode:0 INFO: Sending the heartbeat.
[2026-01-30 03:29:43.000]  [WriteStatusToFile] ErrorCode:0 INFO: Done Sending the status.
[2026-01-30 03:29:43.000]  [WriteHeartbeatToFile] ErrorCode:0 INFO: Done Sending the heartbeat.
[2026-01-30 03:30:13.000]  [WriteStatusToFile] ErrorCode:0 INFO: Sending the status.
[2026-01-30 03:30:13.000]  [WriteHeartbeatToFile] ErrorCode:0 INFO: Sending the heartbeat.
[2026-01-30 03:30:13.000]  [WriteStatusToFile] ErrorCode:0 INFO: Done Sending the status.
[2026-01-30 03:30:13.000]  [WriteHeartbeatToFile] ErrorCode:0 INFO: Done Sending the heartbeat.
[2026-01-30 03:30:14.000]  [FindProcessById] ErrorCode:0 INFO: Attempt to find the process MetricsExtension.Native.exe with ID: 3300.
[2026-01-30 03:30:14.000]  [FindProcessById] ErrorCode:0 INFO: Running Process MetricsExtension.Native.exe found. ID: 3300.
[2026-01-30 03:30:14.000]  [StartMetricsExtension] ErrorCode:0 ERROR: Metrics extension is already running
[2026-01-30 03:30:43.000]  [WriteHeartbeatToFile] ErrorCode:0 INFO: Sending the heartbeat.
[2026-01-30 03:30:43.000]  [WriteStatusToFile] ErrorCode:0 INFO: Sending the status.
[2026-01-30 03:30:43.000]  [WriteHeartbeatToFile] ErrorCode:0 INFO: Done Sending the heartbeat.
[2026-01-30 03:30:43.000]  [WriteStatusToFile] ErrorCode:0 INFO: Done Sending the status.
[2026-01-30 03:31:13.000]  [WriteStatusToFile] ErrorCode:0 INFO: Sending the status.
[2026-01-30 03:31:13.000]  [WriteHeartbeatToFile] ErrorCode:0 INFO: Sending the heartbeat.
[2026-01-30 03:31:13.000]  [WriteStatusToFile] ErrorCode:0 INFO: Done Sending the status.
[2026-01-30 03:31:13.000]  [WriteHeartbeatToFile] ErrorCode:0 INFO: Done Sending the heartbeat.
[2026-01-30 03:31:14.000]  [FindProcessById] ErrorCode:0 INFO: Attempt to find the process MetricsExtension.Native.exe with ID: 3300.
[2026-01-30 03:31:14.000]  [FindProcessById] ErrorCode:0 INFO: Running Process MetricsExtension.Native.exe found. ID: 3300.
[2026-01-30 03:31:14.000]  [StartMetricsExtension] ErrorCode:0 ERROR: Metrics extension is already running
[2026-01-30 03:31:43.000]  [WriteHeartbeatToFile] ErrorCode:0 INFO: Sending the heartbeat.
[2026-01-30 03:31:43.000]  [WriteStatusToFile] ErrorCode:0 INFO: Sending the status.
[2026-01-30 03:31:43.000]  [WriteStatusToFile] ErrorCode:0 INFO: Done Sending the status.
[2026-01-30 03:31:43.000]  [WriteHeartbeatToFile] ErrorCode:0 INFO: Done Sending the heartbeat.
[2026-01-30 03:32:13.000]  [WriteHeartbeatToFile] ErrorCode:0 INFO: Sending the heartbeat.
[2026-01-30 03:32:13.000]  [WriteStatusToFile] ErrorCode:0 INFO: Sending the status.
[2026-01-30 03:32:13.000]  [WriteStatusToFile] ErrorCode:0 INFO: Done Sending the status.
[2026-01-30 03:32:13.000]  [WriteHeartbeatToFile] ErrorCode:0 INFO: Done Sending the heartbeat.
[2026-01-30 03:32:14.000]  [FindProcessById] ErrorCode:0 INFO: Attempt to find the process MetricsExtension.Native.exe with ID: 3300.
[2026-01-30 03:32:14.000]  [FindProcessById] ErrorCode:0 INFO: Running Process MetricsExtension.Native.exe found. ID: 3300.
[2026-01-30 03:32:14.000]  [StartMetricsExtension] ErrorCode:0 ERROR: Metrics extension is already running
[2026-01-30 03:32:43.000]  [WriteHeartbeatToFile] ErrorCode:0 INFO: Sending the heartbeat.
[2026-01-30 03:32:43.000]  [WriteStatusToFile] ErrorCode:0 INFO: Sending the status.
[2026-01-30 03:32:43.000]  [WriteStatusToFile] ErrorCode:0 INFO: Done Sending the status.
[2026-01-30 03:32:43.000]  [WriteHeartbeatToFile] ErrorCode:0 INFO: Done Sending the heartbeat.
[2026-01-30 03:33:13.000]  [WriteHeartbeatToFile] ErrorCode:0 INFO: Sending the heartbeat.
[2026-01-30 03:33:13.000]  [WriteStatusToFile] ErrorCode:0 INFO: Sending the status.
[2026-01-30 03:33:13.000]  [WriteHeartbeatToFile] ErrorCode:0 INFO: Done Sending the heartbeat.
[2026-01-30 03:33:13.000]  [WriteStatusToFile] ErrorCode:0 INFO: Done Sending the status.
[2026-01-30 03:33:14.000]  [FindProcessById] ErrorCode:0 INFO: Attempt to find the process MetricsExtension.Native.exe with ID: 3300.
[2026-01-30 03:33:14.000]  [FindProcessById] ErrorCode:0 INFO: Running Process MetricsExtension.Native.exe found. ID: 3300.
[2026-01-30 03:33:14.000]  [StartMetricsExtension] ErrorCode:0 ERROR: Metrics extension is already running
[2026-01-30 03:33:14.000]  [AggregateHeartbeat] ErrorCode:0 INFO: Start heartbeat aggregation.
[2026-01-30 03:33:14.000]  [QueryRegValueDWORD] ErrorCode:0 INFO: Query Registry for Key:SOFTWARE\Microsoft\Windows Azure\CurrentVersion\AzureMonitorAgentExtension\47.4.1.0, Name:MaServiceProcess
[2026-01-30 03:33:14.000]  [QueryRegValueDWORD] ErrorCode:0 INFO: Query Registry for Key:SOFTWARE\Microsoft\Windows Azure\CurrentVersion\AzureMonitorAgentExtension\47.4.1.0, Name:MaServiceProcess, Value:5676
[2026-01-30 03:33:14.000]  [FindProcessById] ErrorCode:0 INFO: Attempt to find the process MonAgentLauncher.exe with ID: 5676.
[2026-01-30 03:33:14.000]  [FindProcessById] ErrorCode:0 INFO: Running Process MonAgentLauncher.exe found. ID: 5676.
[2026-01-30 03:33:14.000]  [CheckIfMAServiceIsRunByExtension] ErrorCode:0 INFO: The MA process is running based on the m_registry
[2026-01-30 03:33:14.000]  [QueryRegValueDWORD] ErrorCode:0 INFO: Query Registry for Key:SOFTWARE\Microsoft\Windows Azure\CurrentVersion\AzureMonitorAgentExtension\47.4.1.0, Name:AMAMultitenantServiceProcess
[2026-01-30 03:33:14.000]  [QueryRegValueDWORD] ErrorCode:0 ERROR: RegQueryValueExA: failed to query REG_DWORD value, Key:SOFTWARE\Microsoft\Windows Azure\CurrentVersion\AzureMonitorAgentExtension\47.4.1.0, name=AMAMultitenantServiceProcess, error=2, type=0
[2026-01-30 03:33:14.000]  [CheckIfMAServiceIsRunByExtension] ErrorCode:1205 INFO: Unable to read the m_registry for MA process. Assume it is not running.
[2026-01-30 03:33:14.000]  [AggregateHeartbeat] ErrorCode:0 INFO: Configured MA Service is not running on the node.
[2026-01-30 03:33:14.000]  [SetImdsEnvironmentVariable] ErrorCode:0 INFO: Querying IMDS information
[2026-01-30 03:33:14.000]  [SetImdsEnvironmentVariable] ErrorCode:-1 INFO: Preparing to call IMDS. Endpoint: http://169.254.169.254
[2026-01-30 03:33:14.000]  [QueryIMDSEndpoint] ErrorCode:0 INFO: Queried IMDS successfully.
[2026-01-30 03:33:14.000]  [GetValueFromJsonOrDefault] ErrorCode:0 INFO: Read Imds response field with Name:location Value: westus2
[2026-01-30 03:33:14.000]  [GetValueFromJsonOrDefault] ErrorCode:0 INFO: Read Imds response field with Name:name Value: amawin
[2026-01-30 03:33:14.000]  [GetValueFromJsonOrDefault] ErrorCode:0 INFO: Read Imds response field with Name:subscriptionId Value: 351651ce-5feb-4e59-975d-f1f344e2b717
[2026-01-30 03:33:14.000]  [GetValueFromJsonOrDefault] ErrorCode:0 INFO: Read Imds response field with Name:vmId Value: 22afd636-aec1-4782-9055-f85ea283dc20
[2026-01-30 03:33:14.000]  [GetValueFromJsonOrDefault] ErrorCode:0 INFO: Read Imds response field with Name:vmScaleSetName Value: 
[2026-01-30 03:33:14.000]  [GetValueFromJsonOrDefault] ErrorCode:0 INFO: Read Imds response field with Name:resourceGroupName Value: AMAWin_group
[2026-01-30 03:33:14.000]  [GetValueFromJsonOrDefault] ErrorCode:0 INFO: Read Imds response field with Name:osType Value: Windows
[2026-01-30 03:33:14.000]  [GetValueFromJsonOrDefault] ErrorCode:0 INFO: Read Imds response field with Name:resourceId Value: /subscriptions/351651ce-5feb-4e59-975d-f1f344e2b717/resourceGroups/AMAWin_group/providers/Microsoft.Compute/virtualMachines/amawin
[2026-01-30 03:33:14.000]  [GetValueFromJsonOrDefault] ErrorCode:0 INFO: Read Imds response field with Name:azEnvironment Value: AzurePublicCloud
[2026-01-30 03:33:14.000]  [SetImdsEnvironmentVariable] ErrorCode:0 INFO: Successfully set Environment variables from Imds
[2026-01-30 03:33:14.000]  [AggregateHeartbeat] ErrorCode:0 INFO: Completed heartbeat aggregation.
[2026-01-30 03:33:43.000]  [WriteHeartbeatToFile] ErrorCode:0 INFO: Sending the heartbeat.
[2026-01-30 03:33:43.000]  [WriteStatusToFile] ErrorCode:0 INFO: Sending the status.
[2026-01-30 03:33:43.000]  [WriteHeartbeatToFile] ErrorCode:0 INFO: Done Sending the heartbeat.
[2026-01-30 03:33:43.000]  [WriteStatusToFile] ErrorCode:0 INFO: Done Sending the status.
[2026-01-30 03:34:14.000]  [WriteStatusToFile] ErrorCode:0 INFO: Sending the status.
[2026-01-30 03:34:14.000]  [WriteHeartbeatToFile] ErrorCode:0 INFO: Sending the heartbeat.
[2026-01-30 03:34:14.000]  [WriteStatusToFile] ErrorCode:0 INFO: Done Sending the status.
[2026-01-30 03:34:14.000]  [WriteHeartbeatToFile] ErrorCode:0 INFO: Done Sending the heartbeat.
[2026-01-30 03:34:14.000]  [FindProcessById] ErrorCode:0 INFO: Attempt to find the process MetricsExtension.Native.exe with ID: 3300.
[2026-01-30 03:34:14.000]  [FindProcessById] ErrorCode:0 INFO: Running Process MetricsExtension.Native.exe found. ID: 3300.
[2026-01-30 03:34:14.000]  [StartMetricsExtension] ErrorCode:0 ERROR: Metrics extension is already running
[2026-01-30 03:34:44.000]  [WriteHeartbeatToFile] ErrorCode:0 INFO: Sending the heartbeat.
[2026-01-30 03:34:44.000]  [WriteStatusToFile] ErrorCode:0 INFO: Sending the status.
[2026-01-30 03:34:44.000]  [WriteHeartbeatToFile] ErrorCode:0 INFO: Done Sending the heartbeat.
[2026-01-30 03:34:44.000]  [WriteStatusToFile] ErrorCode:0 INFO: Done Sending the status.
[2026-01-30 03:35:14.000]  [WriteStatusToFile] ErrorCode:0 INFO: Sending the status.
[2026-01-30 03:35:14.000]  [WriteHeartbeatToFile] ErrorCode:0 INFO: Sending the heartbeat.
[2026-01-30 03:35:14.000]  [WriteHeartbeatToFile] ErrorCode:0 INFO: Done Sending the heartbeat.
[2026-01-30 03:35:14.000]  [WriteStatusToFile] ErrorCode:0 INFO: Done Sending the status.
[2026-01-30 03:35:14.000]  [FindProcessById] ErrorCode:0 INFO: Attempt to find the process MetricsExtension.Native.exe with ID: 3300.
[2026-01-30 03:35:14.000]  [FindProcessById] ErrorCode:0 INFO: Running Process MetricsExtension.Native.exe found. ID: 3300.
[2026-01-30 03:35:14.000]  [StartMetricsExtension] ErrorCode:0 ERROR: Metrics extension is already running
[2026-01-30 03:35:44.000]  [WriteStatusToFile] ErrorCode:0 INFO: Sending the status.
[2026-01-30 03:35:44.000]  [WriteHeartbeatToFile] ErrorCode:0 INFO: Sending the heartbeat.
[2026-01-30 03:35:44.000]  [WriteStatusToFile] ErrorCode:0 INFO: Done Sending the status.
[2026-01-30 03:35:44.000]  [WriteHeartbeatToFile] ErrorCode:0 INFO: Done Sending the heartbeat.
[2026-01-30 03:36:14.000]  [WriteHeartbeatToFile] ErrorCode:0 INFO: Sending the heartbeat.
[2026-01-30 03:36:14.000]  [WriteStatusToFile] ErrorCode:0 INFO: Sending the status.
[2026-01-30 03:36:14.000]  [WriteStatusToFile] ErrorCode:0 INFO: Done Sending the status.
[2026-01-30 03:36:14.000]  [WriteHeartbeatToFile] ErrorCode:0 INFO: Done Sending the heartbeat.
[2026-01-30 03:36:14.000]  [FindProcessById] ErrorCode:0 INFO: Attempt to find the process MetricsExtension.Native.exe with ID: 3300.
[2026-01-30 03:36:14.000]  [FindProcessById] ErrorCode:0 INFO: Running Process MetricsExtension.Native.exe found. ID: 3300.
[2026-01-30 03:36:14.000]  [StartMetricsExtension] ErrorCode:0 ERROR: Metrics extension is already running
[2026-01-30 03:36:44.000]  [WriteHeartbeatToFile] ErrorCode:0 INFO: Sending the heartbeat.
[2026-01-30 03:36:44.000]  [WriteStatusToFile] ErrorCode:0 INFO: Sending the status.
[2026-01-30 03:36:44.000]  [WriteStatusToFile] ErrorCode:0 INFO: Done Sending the status.
[2026-01-30 03:36:44.000]  [WriteHeartbeatToFile] ErrorCode:0 INFO: Done Sending the heartbeat.
[2026-01-30 03:37:14.000]  [WriteHeartbeatToFile] ErrorCode:0 INFO: Sending the heartbeat.
[2026-01-30 03:37:14.000]  [WriteStatusToFile] ErrorCode:0 INFO: Sending the status.
[2026-01-30 03:37:14.000]  [WriteHeartbeatToFile] ErrorCode:0 INFO: Done Sending the heartbeat.
[2026-01-30 03:37:14.000]  [WriteStatusToFile] ErrorCode:0 INFO: Done Sending the status.
[2026-01-30 03:37:14.000]  [FindProcessById] ErrorCode:0 INFO: Attempt to find the process MetricsExtension.Native.exe with ID: 3300.
[2026-01-30 03:37:14.000]  [FindProcessById] ErrorCode:0 INFO: Running Process MetricsExtension.Native.exe found. ID: 3300.
[2026-01-30 03:37:14.000]  [StartMetricsExtension] ErrorCode:0 ERROR: Metrics extension is already running
[2026-01-30 03:37:44.000]  [WriteStatusToFile] ErrorCode:0 INFO: Sending the status.
[2026-01-30 03:37:44.000]  [WriteHeartbeatToFile] ErrorCode:0 INFO: Sending the heartbeat.
[2026-01-30 03:37:44.000]  [WriteHeartbeatToFile] ErrorCode:0 INFO: Done Sending the heartbeat.
[2026-01-30 03:37:44.000]  [WriteStatusToFile] ErrorCode:0 INFO: Done Sending the status.
[2026-01-30 03:38:14.000]  [WriteHeartbeatToFile] ErrorCode:0 INFO: Sending the heartbeat.
[2026-01-30 03:38:14.000]  [WriteStatusToFile] ErrorCode:0 INFO: Sending the status.
[2026-01-30 03:38:14.000]  [WriteStatusToFile] ErrorCode:0 INFO: Done Sending the status.
[2026-01-30 03:38:14.000]  [WriteHeartbeatToFile] ErrorCode:0 INFO: Done Sending the heartbeat.
[2026-01-30 03:38:14.000]  [FindProcessById] ErrorCode:0 INFO: Attempt to find the process MetricsExtension.Native.exe with ID: 3300.
[2026-01-30 03:38:14.000]  [FindProcessById] ErrorCode:0 INFO: Running Process MetricsExtension.Native.exe found. ID: 3300.
[2026-01-30 03:38:14.000]  [StartMetricsExtension] ErrorCode:0 ERROR: Metrics extension is already running
[2026-01-30 03:38:14.000]  [AggregateHeartbeat] ErrorCode:0 INFO: Start heartbeat aggregation.
[2026-01-30 03:38:14.000]  [QueryRegValueDWORD] ErrorCode:0 INFO: Query Registry for Key:SOFTWARE\Microsoft\Windows Azure\CurrentVersion\AzureMonitorAgentExtension\47.4.1.0, Name:MaServiceProcess
[2026-01-30 03:38:14.000]  [QueryRegValueDWORD] ErrorCode:0 INFO: Query Registry for Key:SOFTWARE\Microsoft\Windows Azure\CurrentVersion\AzureMonitorAgentExtension\47.4.1.0, Name:MaServiceProcess, Value:5676
[2026-01-30 03:38:14.000]  [FindProcessById] ErrorCode:0 INFO: Attempt to find the process MonAgentLauncher.exe with ID: 5676.
[2026-01-30 03:38:14.000]  [FindProcessById] ErrorCode:0 INFO: Running Process MonAgentLauncher.exe found. ID: 5676.
[2026-01-30 03:38:14.000]  [CheckIfMAServiceIsRunByExtension] ErrorCode:0 INFO: The MA process is running based on the m_registry
[2026-01-30 03:38:14.000]  [QueryRegValueDWORD] ErrorCode:0 INFO: Query Registry for Key:SOFTWARE\Microsoft\Windows Azure\CurrentVersion\AzureMonitorAgentExtension\47.4.1.0, Name:AMAMultitenantServiceProcess
[2026-01-30 03:38:14.000]  [QueryRegValueDWORD] ErrorCode:0 ERROR: RegQueryValueExA: failed to query REG_DWORD value, Key:SOFTWARE\Microsoft\Windows Azure\CurrentVersion\AzureMonitorAgentExtension\47.4.1.0, name=AMAMultitenantServiceProcess, error=2, type=0
[2026-01-30 03:38:14.000]  [CheckIfMAServiceIsRunByExtension] ErrorCode:1205 INFO: Unable to read the m_registry for MA process. Assume it is not running.
[2026-01-30 03:38:14.000]  [AggregateHeartbeat] ErrorCode:0 INFO: Configured MA Service is not running on the node.
[2026-01-30 03:38:14.000]  [SetImdsEnvironmentVariable] ErrorCode:0 INFO: Querying IMDS information
[2026-01-30 03:38:14.000]  [SetImdsEnvironmentVariable] ErrorCode:-1 INFO: Preparing to call IMDS. Endpoint: http://169.254.169.254
[2026-01-30 03:38:14.000]  [QueryIMDSEndpoint] ErrorCode:0 INFO: Queried IMDS successfully.
[2026-01-30 03:38:14.000]  [GetValueFromJsonOrDefault] ErrorCode:0 INFO: Read Imds response field with Name:location Value: westus2
[2026-01-30 03:38:14.000]  [GetValueFromJsonOrDefault] ErrorCode:0 INFO: Read Imds response field with Name:name Value: amawin
[2026-01-30 03:38:14.000]  [GetValueFromJsonOrDefault] ErrorCode:0 INFO: Read Imds response field with Name:subscriptionId Value: 351651ce-5feb-4e59-975d-f1f344e2b717
[2026-01-30 03:38:14.000]  [GetValueFromJsonOrDefault] ErrorCode:0 INFO: Read Imds response field with Name:vmId Value: 22afd636-aec1-4782-9055-f85ea283dc20
[2026-01-30 03:38:14.000]  [GetValueFromJsonOrDefault] ErrorCode:0 INFO: Read Imds response field with Name:vmScaleSetName Value: 
[2026-01-30 03:38:14.000]  [GetValueFromJsonOrDefault] ErrorCode:0 INFO: Read Imds response field with Name:resourceGroupName Value: AMAWin_group
[2026-01-30 03:38:14.000]  [GetValueFromJsonOrDefault] ErrorCode:0 INFO: Read Imds response field with Name:osType Value: Windows
[2026-01-30 03:38:14.000]  [GetValueFromJsonOrDefault] ErrorCode:0 INFO: Read Imds response field with Name:resourceId Value: /subscriptions/351651ce-5feb-4e59-975d-f1f344e2b717/resourceGroups/AMAWin_group/providers/Microsoft.Compute/virtualMachines/amawin
[2026-01-30 03:38:14.000]  [GetValueFromJsonOrDefault] ErrorCode:0 INFO: Read Imds response field with Name:azEnvironment Value: AzurePublicCloud
[2026-01-30 03:38:14.000]  [SetImdsEnvironmentVariable] ErrorCode:0 INFO: Successfully set Environment variables from Imds
[2026-01-30 03:38:14.000]  [AggregateHeartbeat] ErrorCode:0 INFO: Completed heartbeat aggregation.
[2026-01-30 03:38:44.000]  [WriteStatusToFile] ErrorCode:0 INFO: Sending the status.
[2026-01-30 03:38:44.000]  [WriteHeartbeatToFile] ErrorCode:0 INFO: Sending the heartbeat.
[2026-01-30 03:38:44.000]  [WriteHeartbeatToFile] ErrorCode:0 INFO: Done Sending the heartbeat.
[2026-01-30 03:38:44.000]  [WriteStatusToFile] ErrorCode:0 INFO: Done Sending the status.
[2026-01-30 03:39:14.000]  [WriteHeartbeatToFile] ErrorCode:0 INFO: Sending the heartbeat.
[2026-01-30 03:39:14.000]  [WriteStatusToFile] ErrorCode:0 INFO: Sending the status.
[2026-01-30 03:39:14.000]  [WriteStatusToFile] ErrorCode:0 INFO: Done Sending the status.
[2026-01-30 03:39:14.000]  [WriteHeartbeatToFile] ErrorCode:0 INFO: Done Sending the heartbeat.
[2026-01-30 03:39:14.000]  [FindProcessById] ErrorCode:0 INFO: Attempt to find the process MetricsExtension.Native.exe with ID: 3300.
[2026-01-30 03:39:14.000]  [FindProcessById] ErrorCode:0 INFO: Running Process MetricsExtension.Native.exe found. ID: 3300.
[2026-01-30 03:39:14.000]  [StartMetricsExtension] ErrorCode:0 ERROR: Metrics extension is already running
[2026-01-30 03:39:44.000]  [WriteHeartbeatToFile] ErrorCode:0 INFO: Sending the heartbeat.
[2026-01-30 03:39:44.000]  [WriteStatusToFile] ErrorCode:0 INFO: Sending the status.
[2026-01-30 03:39:44.000]  [WriteHeartbeatToFile] ErrorCode:0 INFO: Done Sending the heartbeat.
[2026-01-30 03:39:44.000]  [WriteStatusToFile] ErrorCode:0 INFO: Done Sending the status.
[2026-01-30 03:40:14.000]  [WriteStatusToFile] ErrorCode:0 INFO: Sending the status.
[2026-01-30 03:40:14.000]  [WriteHeartbeatToFile] ErrorCode:0 INFO: Sending the heartbeat.
[2026-01-30 03:40:14.000]  [WriteHeartbeatToFile] ErrorCode:0 INFO: Done Sending the heartbeat.
[2026-01-30 03:40:14.000]  [WriteStatusToFile] ErrorCode:0 INFO: Done Sending the status.
[2026-01-30 03:40:14.000]  [FindProcessById] ErrorCode:0 INFO: Attempt to find the process MetricsExtension.Native.exe with ID: 3300.
[2026-01-30 03:40:14.000]  [FindProcessById] ErrorCode:0 INFO: Running Process MetricsExtension.Native.exe found. ID: 3300.
[2026-01-30 03:40:14.000]  [StartMetricsExtension] ErrorCode:0 ERROR: Metrics extension is already running
[2026-01-30 03:40:44.000]  [WriteStatusToFile] ErrorCode:0 INFO: Sending the status.
[2026-01-30 03:40:44.000]  [WriteHeartbeatToFile] ErrorCode:0 INFO: Sending the heartbeat.
[2026-01-30 03:40:44.000]  [WriteStatusToFile] ErrorCode:0 INFO: Done Sending the status.
[2026-01-30 03:40:44.000]  [WriteHeartbeatToFile] ErrorCode:0 INFO: Done Sending the heartbeat.
[2026-01-30 03:41:14.000]  [WriteHeartbeatToFile] ErrorCode:0 INFO: Sending the heartbeat.
[2026-01-30 03:41:14.000]  [WriteStatusToFile] ErrorCode:0 INFO: Sending the status.
[2026-01-30 03:41:14.000]  [WriteHeartbeatToFile] ErrorCode:0 INFO: Done Sending the heartbeat.
[2026-01-30 03:41:14.000]  [WriteStatusToFile] ErrorCode:0 INFO: Done Sending the status.
[2026-01-30 03:41:14.000]  [FindProcessById] ErrorCode:0 INFO: Attempt to find the process MetricsExtension.Native.exe with ID: 3300.
[2026-01-30 03:41:14.000]  [FindProcessById] ErrorCode:0 INFO: Running Process MetricsExtension.Native.exe found. ID: 3300.
[2026-01-30 03:41:14.000]  [StartMetricsExtension] ErrorCode:0 ERROR: Metrics extension is already running
[2026-01-30 03:41:44.000]  [WriteHeartbeatToFile] ErrorCode:0 INFO: Sending the heartbeat.
[2026-01-30 03:41:44.000]  [WriteStatusToFile] ErrorCode:0 INFO: Sending the status.
[2026-01-30 03:41:44.000]  [WriteStatusToFile] ErrorCode:0 INFO: Done Sending the status.
[2026-01-30 03:41:44.000]  [WriteHeartbeatToFile] ErrorCode:0 INFO: Done Sending the heartbeat.
[2026-01-30 03:42:14.000]  [WriteStatusToFile] ErrorCode:0 INFO: Sending the status.
[2026-01-30 03:42:14.000]  [WriteHeartbeatToFile] ErrorCode:0 INFO: Sending the heartbeat.
[2026-01-30 03:42:14.000]  [WriteHeartbeatToFile] ErrorCode:0 INFO: Done Sending the heartbeat.
[2026-01-30 03:42:14.000]  [WriteStatusToFile] ErrorCode:0 INFO: Done Sending the status.
[2026-01-30 03:42:14.000]  [FindProcessById] ErrorCode:0 INFO: Attempt to find the process MetricsExtension.Native.exe with ID: 3300.
[2026-01-30 03:42:14.000]  [FindProcessById] ErrorCode:0 INFO: Running Process MetricsExtension.Native.exe found. ID: 3300.
[2026-01-30 03:42:14.000]  [StartMetricsExtension] ErrorCode:0 ERROR: Metrics extension is already running
[2026-01-30 03:42:44.000]  [WriteHeartbeatToFile] ErrorCode:0 INFO: Sending the heartbeat.
[2026-01-30 03:42:44.000]  [WriteStatusToFile] ErrorCode:0 INFO: Sending the status.
[2026-01-30 03:42:44.000]  [WriteStatusToFile] ErrorCode:0 INFO: Done Sending the status.
[2026-01-30 03:42:44.000]  [WriteHeartbeatToFile] ErrorCode:0 INFO: Done Sending the heartbeat.
[2026-01-30 03:43:14.000]  [WriteHeartbeatToFile] ErrorCode:0 INFO: Sending the heartbeat.
[2026-01-30 03:43:14.000]  [WriteHeartbeatToFile] ErrorCode:0 INFO: Done Sending the heartbeat.
[2026-01-30 03:43:14.000]  [WriteStatusToFile] ErrorCode:0 INFO: Sending the status.
[2026-01-30 03:43:14.000]  [WriteStatusToFile] ErrorCode:0 INFO: Done Sending the status.
[2026-01-30 03:43:14.000]  [FindProcessById] ErrorCode:0 INFO: Attempt to find the process MetricsExtension.Native.exe with ID: 3300.
[2026-01-30 03:43:14.000]  [FindProcessById] ErrorCode:0 INFO: Running Process MetricsExtension.Native.exe found. ID: 3300.
[2026-01-30 03:43:14.000]  [StartMetricsExtension] ErrorCode:0 ERROR: Metrics extension is already running
[2026-01-30 03:43:14.000]  [AggregateHeartbeat] ErrorCode:0 INFO: Start heartbeat aggregation.
[2026-01-30 03:43:14.000]  [QueryRegValueDWORD] ErrorCode:0 INFO: Query Registry for Key:SOFTWARE\Microsoft\Windows Azure\CurrentVersion\AzureMonitorAgentExtension\47.4.1.0, Name:MaServiceProcess
[2026-01-30 03:43:14.000]  [QueryRegValueDWORD] ErrorCode:0 INFO: Query Registry for Key:SOFTWARE\Microsoft\Windows Azure\CurrentVersion\AzureMonitorAgentExtension\47.4.1.0, Name:MaServiceProcess, Value:5676
[2026-01-30 03:43:14.000]  [FindProcessById] ErrorCode:0 INFO: Attempt to find the process MonAgentLauncher.exe with ID: 5676.
[2026-01-30 03:43:14.000]  [FindProcessById] ErrorCode:0 INFO: Running Process MonAgentLauncher.exe found. ID: 5676.
[2026-01-30 03:43:14.000]  [CheckIfMAServiceIsRunByExtension] ErrorCode:0 INFO: The MA process is running based on the m_registry
[2026-01-30 03:43:14.000]  [QueryRegValueDWORD] ErrorCode:0 INFO: Query Registry for Key:SOFTWARE\Microsoft\Windows Azure\CurrentVersion\AzureMonitorAgentExtension\47.4.1.0, Name:AMAMultitenantServiceProcess
[2026-01-30 03:43:14.000]  [QueryRegValueDWORD] ErrorCode:0 ERROR: RegQueryValueExA: failed to query REG_DWORD value, Key:SOFTWARE\Microsoft\Windows Azure\CurrentVersion\AzureMonitorAgentExtension\47.4.1.0, name=AMAMultitenantServiceProcess, error=2, type=0
[2026-01-30 03:43:14.000]  [CheckIfMAServiceIsRunByExtension] ErrorCode:1205 INFO: Unable to read the m_registry for MA process. Assume it is not running.
[2026-01-30 03:43:14.000]  [AggregateHeartbeat] ErrorCode:0 INFO: Configured MA Service is not running on the node.
[2026-01-30 03:43:14.000]  [SetImdsEnvironmentVariable] ErrorCode:0 INFO: Querying IMDS information
[2026-01-30 03:43:14.000]  [SetImdsEnvironmentVariable] ErrorCode:-1 INFO: Preparing to call IMDS. Endpoint: http://169.254.169.254
[2026-01-30 03:43:14.000]  [QueryIMDSEndpoint] ErrorCode:0 INFO: Queried IMDS successfully.
[2026-01-30 03:43:14.000]  [GetValueFromJsonOrDefault] ErrorCode:0 INFO: Read Imds response field with Name:location Value: westus2
[2026-01-30 03:43:14.000]  [GetValueFromJsonOrDefault] ErrorCode:0 INFO: Read Imds response field with Name:name Value: amawin
[2026-01-30 03:43:14.000]  [GetValueFromJsonOrDefault] ErrorCode:0 INFO: Read Imds response field with Name:subscriptionId Value: 351651ce-5feb-4e59-975d-f1f344e2b717
[2026-01-30 03:43:14.000]  [GetValueFromJsonOrDefault] ErrorCode:0 INFO: Read Imds response field with Name:vmId Value: 22afd636-aec1-4782-9055-f85ea283dc20
[2026-01-30 03:43:14.000]  [GetValueFromJsonOrDefault] ErrorCode:0 INFO: Read Imds response field with Name:vmScaleSetName Value: 
[2026-01-30 03:43:14.000]  [GetValueFromJsonOrDefault] ErrorCode:0 INFO: Read Imds response field with Name:resourceGroupName Value: AMAWin_group
[2026-01-30 03:43:14.000]  [GetValueFromJsonOrDefault] ErrorCode:0 INFO: Read Imds response field with Name:osType Value: Windows
[2026-01-30 03:43:14.000]  [GetValueFromJsonOrDefault] ErrorCode:0 INFO: Read Imds response field with Name:resourceId Value: /subscriptions/351651ce-5feb-4e59-975d-f1f344e2b717/resourceGroups/AMAWin_group/providers/Microsoft.Compute/virtualMachines/amawin
[2026-01-30 03:43:14.000]  [GetValueFromJsonOrDefault] ErrorCode:0 INFO: Read Imds response field with Name:azEnvironment Value: AzurePublicCloud
[2026-01-30 03:43:14.000]  [SetImdsEnvironmentVariable] ErrorCode:0 INFO: Successfully set Environment variables from Imds
[2026-01-30 03:43:14.000]  [AggregateHeartbeat] ErrorCode:0 INFO: Completed heartbeat aggregation.
[2026-01-30 03:43:44.000]  [WriteHeartbeatToFile] ErrorCode:0 INFO: Sending the heartbeat.
[2026-01-30 03:43:44.000]  [WriteHeartbeatToFile] ErrorCode:0 INFO: Done Sending the heartbeat.
[2026-01-30 03:43:44.000]  [WriteStatusToFile] ErrorCode:0 INFO: Sending the status.
[2026-01-30 03:43:44.000]  [WriteStatusToFile] ErrorCode:0 INFO: Done Sending the status.
[2026-01-30 03:44:14.000]  [WriteHeartbeatToFile] ErrorCode:0 INFO: Sending the heartbeat.
[2026-01-30 03:44:14.000]  [WriteStatusToFile] ErrorCode:0 INFO: Sending the status.
[2026-01-30 03:44:14.000]  [WriteHeartbeatToFile] ErrorCode:0 INFO: Done Sending the heartbeat.
[2026-01-30 03:44:14.000]  [WriteStatusToFile] ErrorCode:0 INFO: Done Sending the status.
[2026-01-30 03:44:14.000]  [FindProcessById] ErrorCode:0 INFO: Attempt to find the process MetricsExtension.Native.exe with ID: 3300.
[2026-01-30 03:44:14.000]  [FindProcessById] ErrorCode:0 INFO: Running Process MetricsExtension.Native.exe found. ID: 3300.
[2026-01-30 03:44:14.000]  [StartMetricsExtension] ErrorCode:0 ERROR: Metrics extension is already running
[2026-01-30 03:44:44.000]  [WriteStatusToFile] ErrorCode:0 INFO: Sending the status.
[2026-01-30 03:44:44.000]  [WriteHeartbeatToFile] ErrorCode:0 INFO: Sending the heartbeat.
[2026-01-30 03:44:44.000]  [WriteHeartbeatToFile] ErrorCode:0 INFO: Done Sending the heartbeat.
[2026-01-30 03:44:44.000]  [WriteStatusToFile] ErrorCode:0 INFO: Done Sending the status.
[2026-01-30 03:45:14.000]  [WriteHeartbeatToFile] ErrorCode:0 INFO: Sending the heartbeat.
[2026-01-30 03:45:14.000]  [WriteStatusToFile] ErrorCode:0 INFO: Sending the status.
[2026-01-30 03:45:14.000]  [WriteHeartbeatToFile] ErrorCode:0 INFO: Done Sending the heartbeat.
[2026-01-30 03:45:14.000]  [WriteStatusToFile] ErrorCode:0 INFO: Done Sending the status.
[2026-01-30 03:45:14.000]  [FindProcessById] ErrorCode:0 INFO: Attempt to find the process MetricsExtension.Native.exe with ID: 3300.
[2026-01-30 03:45:14.000]  [FindProcessById] ErrorCode:0 INFO: Running Process MetricsExtension.Native.exe found. ID: 3300.
[2026-01-30 03:45:14.000]  [StartMetricsExtension] ErrorCode:0 ERROR: Metrics extension is already running
[2026-01-30 03:45:44.000]  [WriteHeartbeatToFile] ErrorCode:0 INFO: Sending the heartbeat.
[2026-01-30 03:45:44.000]  [WriteStatusToFile] ErrorCode:0 INFO: Sending the status.
[2026-01-30 03:45:44.000]  [WriteStatusToFile] ErrorCode:0 INFO: Done Sending the status.
[2026-01-30 03:45:44.000]  [WriteHeartbeatToFile] ErrorCode:0 INFO: Done Sending the heartbeat.
[2026-01-30 03:46:14.000]  [WriteHeartbeatToFile] ErrorCode:0 INFO: Sending the heartbeat.
[2026-01-30 03:46:14.000]  [WriteStatusToFile] ErrorCode:0 INFO: Sending the status.
[2026-01-30 03:46:14.000]  [WriteStatusToFile] ErrorCode:0 INFO: Done Sending the status.
[2026-01-30 03:46:14.000]  [WriteHeartbeatToFile] ErrorCode:0 INFO: Done Sending the heartbeat.
[2026-01-30 03:46:14.000]  [FindProcessById] ErrorCode:0 INFO: Attempt to find the process MetricsExtension.Native.exe with ID: 3300.
[2026-01-30 03:46:14.000]  [FindProcessById] ErrorCode:0 INFO: Running Process MetricsExtension.Native.exe found. ID: 3300.
[2026-01-30 03:46:14.000]  [StartMetricsExtension] ErrorCode:0 ERROR: Metrics extension is already running
[2026-01-30 03:46:44.000]  [WriteStatusToFile] ErrorCode:0 INFO: Sending the status.
[2026-01-30 03:46:44.000]  [WriteHeartbeatToFile] ErrorCode:0 INFO: Sending the heartbeat.
[2026-01-30 03:46:44.000]  [WriteHeartbeatToFile] ErrorCode:0 INFO: Done Sending the heartbeat.
[2026-01-30 03:46:44.000]  [WriteStatusToFile] ErrorCode:0 INFO: Done Sending the status.
[2026-01-30 03:47:14.000]  [WriteStatusToFile] ErrorCode:0 INFO: Sending the status.
[2026-01-30 03:47:14.000]  [WriteHeartbeatToFile] ErrorCode:0 INFO: Sending the heartbeat.
[2026-01-30 03:47:14.000]  [WriteStatusToFile] ErrorCode:0 INFO: Done Sending the status.
[2026-01-30 03:47:14.000]  [WriteHeartbeatToFile] ErrorCode:0 INFO: Done Sending the heartbeat.
[2026-01-30 03:47:14.000]  [FindProcessById] ErrorCode:0 INFO: Attempt to find the process MetricsExtension.Native.exe with ID: 3300.
[2026-01-30 03:47:14.000]  [FindProcessById] ErrorCode:0 INFO: Running Process MetricsExtension.Native.exe found. ID: 3300.
[2026-01-30 03:47:14.000]  [StartMetricsExtension] ErrorCode:0 ERROR: Metrics extension is already running
[2026-01-30 03:47:44.000]  [WriteStatusToFile] ErrorCode:0 INFO: Sending the status.
[2026-01-30 03:47:44.000]  [WriteHeartbeatToFile] ErrorCode:0 INFO: Sending the heartbeat.
[2026-01-30 03:47:44.000]  [WriteHeartbeatToFile] ErrorCode:0 INFO: Done Sending the heartbeat.
[2026-01-30 03:47:44.000]  [WriteStatusToFile] ErrorCode:0 INFO: Done Sending the status.
[2026-01-30 03:48:14.000]  [WriteStatusToFile] ErrorCode:0 INFO: Sending the status.
[2026-01-30 03:48:14.000]  [WriteHeartbeatToFile] ErrorCode:0 INFO: Sending the heartbeat.
[2026-01-30 03:48:14.000]  [WriteStatusToFile] ErrorCode:0 INFO: Done Sending the status.
[2026-01-30 03:48:14.000]  [WriteHeartbeatToFile] ErrorCode:0 INFO: Done Sending the heartbeat.
[2026-01-30 03:48:14.000]  [FindProcessById] ErrorCode:0 INFO: Attempt to find the process MetricsExtension.Native.exe with ID: 3300.
[2026-01-30 03:48:14.000]  [FindProcessById] ErrorCode:0 INFO: Running Process MetricsExtension.Native.exe found. ID: 3300.
[2026-01-30 03:48:14.000]  [StartMetricsExtension] ErrorCode:0 ERROR: Metrics extension is already running
[2026-01-30 03:48:14.000]  [AggregateHeartbeat] ErrorCode:0 INFO: Start heartbeat aggregation.
[2026-01-30 03:48:14.000]  [QueryRegValueDWORD] ErrorCode:0 INFO: Query Registry for Key:SOFTWARE\Microsoft\Windows Azure\CurrentVersion\AzureMonitorAgentExtension\47.4.1.0, Name:MaServiceProcess
[2026-01-30 03:48:14.000]  [QueryRegValueDWORD] ErrorCode:0 INFO: Query Registry for Key:SOFTWARE\Microsoft\Windows Azure\CurrentVersion\AzureMonitorAgentExtension\47.4.1.0, Name:MaServiceProcess, Value:5676
[2026-01-30 03:48:14.000]  [FindProcessById] ErrorCode:0 INFO: Attempt to find the process MonAgentLauncher.exe with ID: 5676.
[2026-01-30 03:48:14.000]  [FindProcessById] ErrorCode:0 INFO: Running Process MonAgentLauncher.exe found. ID: 5676.
[2026-01-30 03:48:14.000]  [CheckIfMAServiceIsRunByExtension] ErrorCode:0 INFO: The MA process is running based on the m_registry
[2026-01-30 03:48:14.000]  [QueryRegValueDWORD] ErrorCode:0 INFO: Query Registry for Key:SOFTWARE\Microsoft\Windows Azure\CurrentVersion\AzureMonitorAgentExtension\47.4.1.0, Name:AMAMultitenantServiceProcess
[2026-01-30 03:48:14.000]  [QueryRegValueDWORD] ErrorCode:0 ERROR: RegQueryValueExA: failed to query REG_DWORD value, Key:SOFTWARE\Microsoft\Windows Azure\CurrentVersion\AzureMonitorAgentExtension\47.4.1.0, name=AMAMultitenantServiceProcess, error=2, type=0
[2026-01-30 03:48:14.000]  [CheckIfMAServiceIsRunByExtension] ErrorCode:1205 INFO: Unable to read the m_registry for MA process. Assume it is not running.
[2026-01-30 03:48:14.000]  [AggregateHeartbeat] ErrorCode:0 INFO: Configured MA Service is not running on the node.
[2026-01-30 03:48:14.000]  [SetImdsEnvironmentVariable] ErrorCode:0 INFO: Querying IMDS information
[2026-01-30 03:48:14.000]  [SetImdsEnvironmentVariable] ErrorCode:-1 INFO: Preparing to call IMDS. Endpoint: http://169.254.169.254
[2026-01-30 03:48:14.000]  [QueryIMDSEndpoint] ErrorCode:0 INFO: Queried IMDS successfully.
[2026-01-30 03:48:14.000]  [GetValueFromJsonOrDefault] ErrorCode:0 INFO: Read Imds response field with Name:location Value: westus2
[2026-01-30 03:48:14.000]  [GetValueFromJsonOrDefault] ErrorCode:0 INFO: Read Imds response field with Name:name Value: amawin
[2026-01-30 03:48:14.000]  [GetValueFromJsonOrDefault] ErrorCode:0 INFO: Read Imds response field with Name:subscriptionId Value: 351651ce-5feb-4e59-975d-f1f344e2b717
[2026-01-30 03:48:14.000]  [GetValueFromJsonOrDefault] ErrorCode:0 INFO: Read Imds response field with Name:vmId Value: 22afd636-aec1-4782-9055-f85ea283dc20
[2026-01-30 03:48:14.000]  [GetValueFromJsonOrDefault] ErrorCode:0 INFO: Read Imds response field with Name:vmScaleSetName Value: 
[2026-01-30 03:48:14.000]  [GetValueFromJsonOrDefault] ErrorCode:0 INFO: Read Imds response field with Name:resourceGroupName Value: AMAWin_group
[2026-01-30 03:48:14.000]  [GetValueFromJsonOrDefault] ErrorCode:0 INFO: Read Imds response field with Name:osType Value: Windows
[2026-01-30 03:48:14.000]  [GetValueFromJsonOrDefault] ErrorCode:0 INFO: Read Imds response field with Name:resourceId Value: /subscriptions/351651ce-5feb-4e59-975d-f1f344e2b717/resourceGroups/AMAWin_group/providers/Microsoft.Compute/virtualMachines/amawin
[2026-01-30 03:48:14.000]  [GetValueFromJsonOrDefault] ErrorCode:0 INFO: Read Imds response field with Name:azEnvironment Value: AzurePublicCloud
[2026-01-30 03:48:14.000]  [SetImdsEnvironmentVariable] ErrorCode:0 INFO: Successfully set Environment variables from Imds
[2026-01-30 03:48:14.000]  [AggregateHeartbeat] ErrorCode:0 INFO: Completed heartbeat aggregation.
[2026-01-30 03:48:44.000]  [WriteStatusToFile] ErrorCode:0 INFO: Sending the status.
[2026-01-30 03:48:44.000]  [WriteHeartbeatToFile] ErrorCode:0 INFO: Sending the heartbeat.
[2026-01-30 03:48:44.000]  [WriteHeartbeatToFile] ErrorCode:0 INFO: Done Sending the heartbeat.
[2026-01-30 03:48:44.000]  [WriteStatusToFile] ErrorCode:0 INFO: Done Sending the status.
[2026-01-30 03:49:14.000]  [WriteStatusToFile] ErrorCode:0 INFO: Sending the status.
[2026-01-30 03:49:14.000]  [WriteHeartbeatToFile] ErrorCode:0 INFO: Sending the heartbeat.
[2026-01-30 03:49:14.000]  [WriteHeartbeatToFile] ErrorCode:0 INFO: Done Sending the heartbeat.
[2026-01-30 03:49:14.000]  [WriteStatusToFile] ErrorCode:0 INFO: Done Sending the status.
[2026-01-30 03:49:14.000]  [FindProcessById] ErrorCode:0 INFO: Attempt to find the process MetricsExtension.Native.exe with ID: 3300.
[2026-01-30 03:49:14.000]  [FindProcessById] ErrorCode:0 INFO: Running Process MetricsExtension.Native.exe found. ID: 3300.
[2026-01-30 03:49:14.000]  [StartMetricsExtension] ErrorCode:0 ERROR: Metrics extension is already running
[2026-01-30 03:49:44.000]  [WriteHeartbeatToFile] ErrorCode:0 INFO: Sending the heartbeat.
[2026-01-30 03:49:44.000]  [WriteStatusToFile] ErrorCode:0 INFO: Sending the status.
[2026-01-30 03:49:44.000]  [WriteStatusToFile] ErrorCode:0 INFO: Done Sending the status.
[2026-01-30 03:49:44.000]  [WriteHeartbeatToFile] ErrorCode:0 INFO: Done Sending the heartbeat.
[2026-01-30 03:50:14.000]  [WriteHeartbeatToFile] ErrorCode:0 INFO: Sending the heartbeat.
[2026-01-30 03:50:14.000]  [WriteStatusToFile] ErrorCode:0 INFO: Sending the status.
[2026-01-30 03:50:14.000]  [WriteHeartbeatToFile] ErrorCode:0 INFO: Done Sending the heartbeat.
[2026-01-30 03:50:14.000]  [WriteStatusToFile] ErrorCode:0 INFO: Done Sending the status.
[2026-01-30 03:50:14.000]  [FindProcessById] ErrorCode:0 INFO: Attempt to find the process MetricsExtension.Native.exe with ID: 3300.
[2026-01-30 03:50:14.000]  [FindProcessById] ErrorCode:0 INFO: Running Process MetricsExtension.Native.exe found. ID: 3300.
[2026-01-30 03:50:14.000]  [StartMetricsExtension] ErrorCode:0 ERROR: Metrics extension is already running
[2026-01-30 03:50:44.000]  [WriteHeartbeatToFile] ErrorCode:0 INFO: Sending the heartbeat.
[2026-01-30 03:50:44.000]  [WriteStatusToFile] ErrorCode:0 INFO: Sending the status.
[2026-01-30 03:50:44.000]  [WriteHeartbeatToFile] ErrorCode:0 INFO: Done Sending the heartbeat.
[2026-01-30 03:50:44.000]  [WriteStatusToFile] ErrorCode:0 INFO: Done Sending the status.
[2026-01-30 03:51:14.000]  [WriteHeartbeatToFile] ErrorCode:0 INFO: Sending the heartbeat.
[2026-01-30 03:51:14.000]  [WriteStatusToFile] ErrorCode:0 INFO: Sending the status.
[2026-01-30 03:51:14.000]  [WriteHeartbeatToFile] ErrorCode:0 INFO: Done Sending the heartbeat.
[2026-01-30 03:51:14.000]  [WriteStatusToFile] ErrorCode:0 INFO: Done Sending the status.
[2026-01-30 03:51:14.000]  [FindProcessById] ErrorCode:0 INFO: Attempt to find the process MetricsExtension.Native.exe with ID: 3300.
[2026-01-30 03:51:14.000]  [FindProcessById] ErrorCode:0 INFO: Running Process MetricsExtension.Native.exe found. ID: 3300.
[2026-01-30 03:51:14.000]  [StartMetricsExtension] ErrorCode:0 ERROR: Metrics extension is already running
[2026-01-30 03:51:44.000]  [WriteHeartbeatToFile] ErrorCode:0 INFO: Sending the heartbeat.
[2026-01-30 03:51:44.000]  [WriteStatusToFile] ErrorCode:0 INFO: Sending the status.
[2026-01-30 03:51:44.000]  [WriteStatusToFile] ErrorCode:0 INFO: Done Sending the status.
[2026-01-30 03:51:44.000]  [WriteHeartbeatToFile] ErrorCode:0 INFO: Done Sending the heartbeat.
[2026-01-30 03:52:14.000]  [WriteHeartbeatToFile] ErrorCode:0 INFO: Sending the heartbeat.
[2026-01-30 03:52:14.000]  [WriteHeartbeatToFile] ErrorCode:0 INFO: Done Sending the heartbeat.
[2026-01-30 03:52:14.000]  [WriteStatusToFile] ErrorCode:0 INFO: Sending the status.
[2026-01-30 03:52:14.000]  [WriteStatusToFile] ErrorCode:0 INFO: Done Sending the status.
[2026-01-30 03:52:14.000]  [FindProcessById] ErrorCode:0 INFO: Attempt to find the process MetricsExtension.Native.exe with ID: 3300.
[2026-01-30 03:52:14.000]  [FindProcessById] ErrorCode:0 INFO: Running Process MetricsExtension.Native.exe found. ID: 3300.
[2026-01-30 03:52:14.000]  [StartMetricsExtension] ErrorCode:0 ERROR: Metrics extension is already running
[2026-01-30 03:52:44.000]  [WriteHeartbeatToFile] ErrorCode:0 INFO: Sending the heartbeat.
[2026-01-30 03:52:44.000]  [WriteStatusToFile] ErrorCode:0 INFO: Sending the status.
[2026-01-30 03:52:44.000]  [WriteHeartbeatToFile] ErrorCode:0 INFO: Done Sending the heartbeat.
[2026-01-30 03:52:44.000]  [WriteStatusToFile] ErrorCode:0 INFO: Done Sending the status.
[2026-01-30 03:53:14.000]  [WriteHeartbeatToFile] ErrorCode:0 INFO: Sending the heartbeat.
[2026-01-30 03:53:14.000]  [WriteStatusToFile] ErrorCode:0 INFO: Sending the status.
[2026-01-30 03:53:14.000]  [WriteStatusToFile] ErrorCode:0 INFO: Done Sending the status.
[2026-01-30 03:53:14.000]  [WriteHeartbeatToFile] ErrorCode:0 INFO: Done Sending the heartbeat.
[2026-01-30 03:53:14.000]  [FindProcessById] ErrorCode:0 INFO: Attempt to find the process MetricsExtension.Native.exe with ID: 3300.
[2026-01-30 03:53:14.000]  [FindProcessById] ErrorCode:0 INFO: Running Process MetricsExtension.Native.exe found. ID: 3300.
[2026-01-30 03:53:14.000]  [StartMetricsExtension] ErrorCode:0 ERROR: Metrics extension is already running
[2026-01-30 03:53:14.000]  [AggregateHeartbeat] ErrorCode:0 INFO: Start heartbeat aggregation.
[2026-01-30 03:53:14.000]  [QueryRegValueDWORD] ErrorCode:0 INFO: Query Registry for Key:SOFTWARE\Microsoft\Windows Azure\CurrentVersion\AzureMonitorAgentExtension\47.4.1.0, Name:MaServiceProcess
[2026-01-30 03:53:14.000]  [QueryRegValueDWORD] ErrorCode:0 INFO: Query Registry for Key:SOFTWARE\Microsoft\Windows Azure\CurrentVersion\AzureMonitorAgentExtension\47.4.1.0, Name:MaServiceProcess, Value:5676
[2026-01-30 03:53:14.000]  [FindProcessById] ErrorCode:0 INFO: Attempt to find the process MonAgentLauncher.exe with ID: 5676.
[2026-01-30 03:53:14.000]  [FindProcessById] ErrorCode:0 INFO: Running Process MonAgentLauncher.exe found. ID: 5676.
[2026-01-30 03:53:14.000]  [CheckIfMAServiceIsRunByExtension] ErrorCode:0 INFO: The MA process is running based on the m_registry
[2026-01-30 03:53:14.000]  [QueryRegValueDWORD] ErrorCode:0 INFO: Query Registry for Key:SOFTWARE\Microsoft\Windows Azure\CurrentVersion\AzureMonitorAgentExtension\47.4.1.0, Name:AMAMultitenantServiceProcess
[2026-01-30 03:53:14.000]  [QueryRegValueDWORD] ErrorCode:0 ERROR: RegQueryValueExA: failed to query REG_DWORD value, Key:SOFTWARE\Microsoft\Windows Azure\CurrentVersion\AzureMonitorAgentExtension\47.4.1.0, name=AMAMultitenantServiceProcess, error=2, type=0
[2026-01-30 03:53:14.000]  [CheckIfMAServiceIsRunByExtension] ErrorCode:1205 INFO: Unable to read the m_registry for MA process. Assume it is not running.
[2026-01-30 03:53:14.000]  [AggregateHeartbeat] ErrorCode:0 INFO: Configured MA Service is not running on the node.
[2026-01-30 03:53:14.000]  [SetImdsEnvironmentVariable] ErrorCode:0 INFO: Querying IMDS information
[2026-01-30 03:53:14.000]  [SetImdsEnvironmentVariable] ErrorCode:-1 INFO: Preparing to call IMDS. Endpoint: http://169.254.169.254
[2026-01-30 03:53:14.000]  [QueryIMDSEndpoint] ErrorCode:0 INFO: Queried IMDS successfully.
[2026-01-30 03:53:14.000]  [GetValueFromJsonOrDefault] ErrorCode:0 INFO: Read Imds response field with Name:location Value: westus2
[2026-01-30 03:53:14.000]  [GetValueFromJsonOrDefault] ErrorCode:0 INFO: Read Imds response field with Name:name Value: amawin
[2026-01-30 03:53:14.000]  [GetValueFromJsonOrDefault] ErrorCode:0 INFO: Read Imds response field with Name:subscriptionId Value: 351651ce-5feb-4e59-975d-f1f344e2b717
[2026-01-30 03:53:14.000]  [GetValueFromJsonOrDefault] ErrorCode:0 INFO: Read Imds response field with Name:vmId Value: 22afd636-aec1-4782-9055-f85ea283dc20
[2026-01-30 03:53:14.000]  [GetValueFromJsonOrDefault] ErrorCode:0 INFO: Read Imds response field with Name:vmScaleSetName Value: 
[2026-01-30 03:53:14.000]  [GetValueFromJsonOrDefault] ErrorCode:0 INFO: Read Imds response field with Name:resourceGroupName Value: AMAWin_group
[2026-01-30 03:53:14.000]  [GetValueFromJsonOrDefault] ErrorCode:0 INFO: Read Imds response field with Name:osType Value: Windows
[2026-01-30 03:53:14.000]  [GetValueFromJsonOrDefault] ErrorCode:0 INFO: Read Imds response field with Name:resourceId Value: /subscriptions/351651ce-5feb-4e59-975d-f1f344e2b717/resourceGroups/AMAWin_group/providers/Microsoft.Compute/virtualMachines/amawin
[2026-01-30 03:53:14.000]  [GetValueFromJsonOrDefault] ErrorCode:0 INFO: Read Imds response field with Name:azEnvironment Value: AzurePublicCloud
[2026-01-30 03:53:14.000]  [SetImdsEnvironmentVariable] ErrorCode:0 INFO: Successfully set Environment variables from Imds
[2026-01-30 03:53:14.000]  [AggregateHeartbeat] ErrorCode:0 INFO: Completed heartbeat aggregation.
[2026-01-30 03:53:44.000]  [WriteHeartbeatToFile] ErrorCode:0 INFO: Sending the heartbeat.
[2026-01-30 03:53:44.000]  [WriteStatusToFile] ErrorCode:0 INFO: Sending the status.
[2026-01-30 03:53:44.000]  [WriteHeartbeatToFile] ErrorCode:0 INFO: Done Sending the heartbeat.
[2026-01-30 03:53:44.000]  [WriteStatusToFile] ErrorCode:0 INFO: Done Sending the status.
[2026-01-30 03:54:14.000]  [WriteStatusToFile] ErrorCode:0 INFO: Sending the status.
[2026-01-30 03:54:14.000]  [WriteHeartbeatToFile] ErrorCode:0 INFO: Sending the heartbeat.
[2026-01-30 03:54:14.000]  [WriteStatusToFile] ErrorCode:0 INFO: Done Sending the status.
[2026-01-30 03:54:14.000]  [WriteHeartbeatToFile] ErrorCode:0 INFO: Done Sending the heartbeat.
[2026-01-30 03:54:14.000]  [FindProcessById] ErrorCode:0 INFO: Attempt to find the process MetricsExtension.Native.exe with ID: 3300.
[2026-01-30 03:54:14.000]  [FindProcessById] ErrorCode:0 INFO: Running Process MetricsExtension.Native.exe found. ID: 3300.
[2026-01-30 03:54:14.000]  [StartMetricsExtension] ErrorCode:0 ERROR: Metrics extension is already running
[2026-01-30 03:54:44.000]  [WriteStatusToFile] ErrorCode:0 INFO: Sending the status.
[2026-01-30 03:54:44.000]  [WriteHeartbeatToFile] ErrorCode:0 INFO: Sending the heartbeat.
[2026-01-30 03:54:44.000]  [WriteHeartbeatToFile] ErrorCode:0 INFO: Done Sending the heartbeat.
[2026-01-30 03:54:44.000]  [WriteStatusToFile] ErrorCode:0 INFO: Done Sending the status.
[2026-01-30 03:55:14.000]  [WriteStatusToFile] ErrorCode:0 INFO: Sending the status.
[2026-01-30 03:55:14.000]  [WriteHeartbeatToFile] ErrorCode:0 INFO: Sending the heartbeat.
[2026-01-30 03:55:14.000]  [WriteHeartbeatToFile] ErrorCode:0 INFO: Done Sending the heartbeat.
[2026-01-30 03:55:14.000]  [WriteStatusToFile] ErrorCode:0 INFO: Done Sending the status.
[2026-01-30 03:55:14.000]  [FindProcessById] ErrorCode:0 INFO: Attempt to find the process MetricsExtension.Native.exe with ID: 3300.
[2026-01-30 03:55:14.000]  [FindProcessById] ErrorCode:0 INFO: Running Process MetricsExtension.Native.exe found. ID: 3300.
[2026-01-30 03:55:14.000]  [StartMetricsExtension] ErrorCode:0 ERROR: Metrics extension is already running
[2026-01-30 03:55:44.000]  [WriteStatusToFile] ErrorCode:0 INFO: Sending the status.
[2026-01-30 03:55:44.000]  [WriteHeartbeatToFile] ErrorCode:0 INFO: Sending the heartbeat.
[2026-01-30 03:55:44.000]  [WriteStatusToFile] ErrorCode:0 INFO: Done Sending the status.
[2026-01-30 03:55:44.000]  [WriteHeartbeatToFile] ErrorCode:0 INFO: Done Sending the heartbeat.
[2026-01-30 03:56:14.000]  [WriteStatusToFile] ErrorCode:0 INFO: Sending the status.
[2026-01-30 03:56:14.000]  [WriteHeartbeatToFile] ErrorCode:0 INFO: Sending the heartbeat.
[2026-01-30 03:56:14.000]  [WriteHeartbeatToFile] ErrorCode:0 INFO: Done Sending the heartbeat.
[2026-01-30 03:56:14.000]  [WriteStatusToFile] ErrorCode:0 INFO: Done Sending the status.
[2026-01-30 03:56:14.000]  [FindProcessById] ErrorCode:0 INFO: Attempt to find the process MetricsExtension.Native.exe with ID: 3300.
[2026-01-30 03:56:14.000]  [FindProcessById] ErrorCode:0 INFO: Running Process MetricsExtension.Native.exe found. ID: 3300.
[2026-01-30 03:56:14.000]  [StartMetricsExtension] ErrorCode:0 ERROR: Metrics extension is already running
[2026-01-30 03:56:44.000]  [WriteStatusToFile] ErrorCode:0 INFO: Sending the status.
[2026-01-30 03:56:44.000]  [WriteHeartbeatToFile] ErrorCode:0 INFO: Sending the heartbeat.
[2026-01-30 03:56:44.000]  [WriteHeartbeatToFile] ErrorCode:0 INFO: Done Sending the heartbeat.
[2026-01-30 03:56:44.000]  [WriteStatusToFile] ErrorCode:0 INFO: Done Sending the status.
[2026-01-30 03:57:14.000]  [WriteHeartbeatToFile] ErrorCode:0 INFO: Sending the heartbeat.
[2026-01-30 03:57:14.000]  [WriteStatusToFile] ErrorCode:0 INFO: Sending the status.
[2026-01-30 03:57:14.000]  [WriteStatusToFile] ErrorCode:0 INFO: Done Sending the status.
[2026-01-30 03:57:14.000]  [WriteHeartbeatToFile] ErrorCode:0 INFO: Done Sending the heartbeat.
[2026-01-30 03:57:14.000]  [FindProcessById] ErrorCode:0 INFO: Attempt to find the process MetricsExtension.Native.exe with ID: 3300.
[2026-01-30 03:57:14.000]  [FindProcessById] ErrorCode:0 INFO: Running Process MetricsExtension.Native.exe found. ID: 3300.
[2026-01-30 03:57:14.000]  [StartMetricsExtension] ErrorCode:0 ERROR: Metrics extension is already running
[2026-01-30 03:57:44.000]  [WriteStatusToFile] ErrorCode:0 INFO: Sending the status.
[2026-01-30 03:57:44.000]  [WriteHeartbeatToFile] ErrorCode:0 INFO: Sending the heartbeat.
[2026-01-30 03:57:44.000]  [WriteStatusToFile] ErrorCode:0 INFO: Done Sending the status.
[2026-01-30 03:57:44.000]  [WriteHeartbeatToFile] ErrorCode:0 INFO: Done Sending the heartbeat.
[2026-01-30 03:58:14.000]  [WriteStatusToFile] ErrorCode:0 INFO: Sending the status.
[2026-01-30 03:58:14.000]  [WriteHeartbeatToFile] ErrorCode:0 INFO: Sending the heartbeat.
[2026-01-30 03:58:14.000]  [WriteHeartbeatToFile] ErrorCode:0 INFO: Done Sending the heartbeat.
[2026-01-30 03:58:14.000]  [WriteStatusToFile] ErrorCode:0 INFO: Done Sending the status.
[2026-01-30 03:58:14.000]  [FindProcessById] ErrorCode:0 INFO: Attempt to find the process MetricsExtension.Native.exe with ID: 3300.
[2026-01-30 03:58:14.000]  [FindProcessById] ErrorCode:0 INFO: Running Process MetricsExtension.Native.exe found. ID: 3300.
[2026-01-30 03:58:14.000]  [StartMetricsExtension] ErrorCode:0 ERROR: Metrics extension is already running
[2026-01-30 03:58:14.000]  [AggregateHeartbeat] ErrorCode:0 INFO: Start heartbeat aggregation.
[2026-01-30 03:58:14.000]  [QueryRegValueDWORD] ErrorCode:0 INFO: Query Registry for Key:SOFTWARE\Microsoft\Windows Azure\CurrentVersion\AzureMonitorAgentExtension\47.4.1.0, Name:MaServiceProcess
[2026-01-30 03:58:14.000]  [QueryRegValueDWORD] ErrorCode:0 INFO: Query Registry for Key:SOFTWARE\Microsoft\Windows Azure\CurrentVersion\AzureMonitorAgentExtension\47.4.1.0, Name:MaServiceProcess, Value:5676
[2026-01-30 03:58:14.000]  [FindProcessById] ErrorCode:0 INFO: Attempt to find the process MonAgentLauncher.exe with ID: 5676.
[2026-01-30 03:58:14.000]  [FindProcessById] ErrorCode:0 INFO: Running Process MonAgentLauncher.exe found. ID: 5676.
[2026-01-30 03:58:14.000]  [CheckIfMAServiceIsRunByExtension] ErrorCode:0 INFO: The MA process is running based on the m_registry
[2026-01-30 03:58:14.000]  [QueryRegValueDWORD] ErrorCode:0 INFO: Query Registry for Key:SOFTWARE\Microsoft\Windows Azure\CurrentVersion\AzureMonitorAgentExtension\47.4.1.0, Name:AMAMultitenantServiceProcess
[2026-01-30 03:58:14.000]  [QueryRegValueDWORD] ErrorCode:0 ERROR: RegQueryValueExA: failed to query REG_DWORD value, Key:SOFTWARE\Microsoft\Windows Azure\CurrentVersion\AzureMonitorAgentExtension\47.4.1.0, name=AMAMultitenantServiceProcess, error=2, type=0
[2026-01-30 03:58:14.000]  [CheckIfMAServiceIsRunByExtension] ErrorCode:1205 INFO: Unable to read the m_registry for MA process. Assume it is not running.
[2026-01-30 03:58:14.000]  [AggregateHeartbeat] ErrorCode:0 INFO: Configured MA Service is not running on the node.
[2026-01-30 03:58:14.000]  [SetImdsEnvironmentVariable] ErrorCode:0 INFO: Querying IMDS information
[2026-01-30 03:58:14.000]  [SetImdsEnvironmentVariable] ErrorCode:-1 INFO: Preparing to call IMDS. Endpoint: http://169.254.169.254
[2026-01-30 03:58:14.000]  [QueryIMDSEndpoint] ErrorCode:0 INFO: Queried IMDS successfully.
[2026-01-30 03:58:14.000]  [GetValueFromJsonOrDefault] ErrorCode:0 INFO: Read Imds response field with Name:location Value: westus2
[2026-01-30 03:58:14.000]  [GetValueFromJsonOrDefault] ErrorCode:0 INFO: Read Imds response field with Name:name Value: amawin
[2026-01-30 03:58:14.000]  [GetValueFromJsonOrDefault] ErrorCode:0 INFO: Read Imds response field with Name:subscriptionId Value: 351651ce-5feb-4e59-975d-f1f344e2b717
[2026-01-30 03:58:14.000]  [GetValueFromJsonOrDefault] ErrorCode:0 INFO: Read Imds response field with Name:vmId Value: 22afd636-aec1-4782-9055-f85ea283dc20
[2026-01-30 03:58:14.000]  [GetValueFromJsonOrDefault] ErrorCode:0 INFO: Read Imds response field with Name:vmScaleSetName Value: 
[2026-01-30 03:58:14.000]  [GetValueFromJsonOrDefault] ErrorCode:0 INFO: Read Imds response field with Name:resourceGroupName Value: AMAWin_group
[2026-01-30 03:58:14.000]  [GetValueFromJsonOrDefault] ErrorCode:0 INFO: Read Imds response field with Name:osType Value: Windows
[2026-01-30 03:58:14.000]  [GetValueFromJsonOrDefault] ErrorCode:0 INFO: Read Imds response field with Name:resourceId Value: /subscriptions/351651ce-5feb-4e59-975d-f1f344e2b717/resourceGroups/AMAWin_group/providers/Microsoft.Compute/virtualMachines/amawin
[2026-01-30 03:58:14.000]  [GetValueFromJsonOrDefault] ErrorCode:0 INFO: Read Imds response field with Name:azEnvironment Value: AzurePublicCloud
[2026-01-30 03:58:14.000]  [SetImdsEnvironmentVariable] ErrorCode:0 INFO: Successfully set Environment variables from Imds
[2026-01-30 03:58:14.000]  [AggregateHeartbeat] ErrorCode:0 INFO: Completed heartbeat aggregation.
[2026-01-30 03:58:44.000]  [WriteHeartbeatToFile] ErrorCode:0 INFO: Sending the heartbeat.
[2026-01-30 03:58:44.000]  [WriteStatusToFile] ErrorCode:0 INFO: Sending the status.
[2026-01-30 03:58:44.000]  [WriteHeartbeatToFile] ErrorCode:0 INFO: Done Sending the heartbeat.
[2026-01-30 03:58:44.000]  [WriteStatusToFile] ErrorCode:0 INFO: Done Sending the status.
[2026-01-30 03:59:14.000]  [WriteStatusToFile] ErrorCode:0 INFO: Sending the status.
[2026-01-30 03:59:14.000]  [WriteHeartbeatToFile] ErrorCode:0 INFO: Sending the heartbeat.
[2026-01-30 03:59:14.000]  [WriteHeartbeatToFile] ErrorCode:0 INFO: Done Sending the heartbeat.
[2026-01-30 03:59:14.000]  [WriteStatusToFile] ErrorCode:0 INFO: Done Sending the status.
[2026-01-30 03:59:14.000]  [FindProcessById] ErrorCode:0 INFO: Attempt to find the process MetricsExtension.Native.exe with ID: 3300.
[2026-01-30 03:59:14.000]  [FindProcessById] ErrorCode:0 INFO: Running Process MetricsExtension.Native.exe found. ID: 3300.
[2026-01-30 03:59:14.000]  [StartMetricsExtension] ErrorCode:0 ERROR: Metrics extension is already running
[2026-01-30 03:59:44.000]  [WriteHeartbeatToFile] ErrorCode:0 INFO: Sending the heartbeat.
[2026-01-30 03:59:44.000]  [WriteStatusToFile] ErrorCode:0 INFO: Sending the status.
[2026-01-30 03:59:44.000]  [WriteHeartbeatToFile] ErrorCode:0 INFO: Done Sending the heartbeat.
[2026-01-30 03:59:44.000]  [WriteStatusToFile] ErrorCode:0 INFO: Done Sending the status.
[2026-01-30 04:00:14.000]  [WriteHeartbeatToFile] ErrorCode:0 INFO: Sending the heartbeat.
[2026-01-30 04:00:14.000]  [WriteStatusToFile] ErrorCode:0 INFO: Sending the status.
[2026-01-30 04:00:14.000]  [WriteHeartbeatToFile] ErrorCode:0 INFO: Done Sending the heartbeat.
[2026-01-30 04:00:14.000]  [WriteStatusToFile] ErrorCode:0 INFO: Done Sending the status.
[2026-01-30 04:00:14.000]  [FindProcessById] ErrorCode:0 INFO: Attempt to find the process MetricsExtension.Native.exe with ID: 3300.
[2026-01-30 04:00:14.000]  [FindProcessById] ErrorCode:0 INFO: Running Process MetricsExtension.Native.exe found. ID: 3300.
[2026-01-30 04:00:14.000]  [StartMetricsExtension] ErrorCode:0 ERROR: Metrics extension is already running
[2026-01-30 04:00:44.000]  [WriteHeartbeatToFile] ErrorCode:0 INFO: Sending the heartbeat.
[2026-01-30 04:00:44.000]  [WriteStatusToFile] ErrorCode:0 INFO: Sending the status.
[2026-01-30 04:00:44.000]  [WriteStatusToFile] ErrorCode:0 INFO: Done Sending the status.
[2026-01-30 04:00:44.000]  [WriteHeartbeatToFile] ErrorCode:0 INFO: Done Sending the heartbeat.
[2026-01-30 04:01:14.000]  [WriteStatusToFile] ErrorCode:0 INFO: Sending the status.
[2026-01-30 04:01:14.000]  [WriteHeartbeatToFile] ErrorCode:0 INFO: Sending the heartbeat.
[2026-01-30 04:01:14.000]  [WriteStatusToFile] ErrorCode:0 INFO: Done Sending the status.
[2026-01-30 04:01:14.000]  [WriteHeartbeatToFile] ErrorCode:0 INFO: Done Sending the heartbeat.
[2026-01-30 04:01:14.000]  [FindProcessById] ErrorCode:0 INFO: Attempt to find the process MetricsExtension.Native.exe with ID: 3300.
[2026-01-30 04:01:14.000]  [FindProcessById] ErrorCode:0 INFO: Running Process MetricsExtension.Native.exe found. ID: 3300.
[2026-01-30 04:01:14.000]  [StartMetricsExtension] ErrorCode:0 ERROR: Metrics extension is already running
[2026-01-30 04:01:44.000]  [WriteHeartbeatToFile] ErrorCode:0 INFO: Sending the heartbeat.
[2026-01-30 04:01:44.000]  [WriteStatusToFile] ErrorCode:0 INFO: Sending the status.
[2026-01-30 04:01:44.000]  [WriteStatusToFile] ErrorCode:0 INFO: Done Sending the status.
[2026-01-30 04:01:44.000]  [WriteHeartbeatToFile] ErrorCode:0 INFO: Done Sending the heartbeat.
[2026-01-30 04:02:14.000]  [WriteStatusToFile] ErrorCode:0 INFO: Sending the status.
[2026-01-30 04:02:14.000]  [WriteHeartbeatToFile] ErrorCode:0 INFO: Sending the heartbeat.
[2026-01-30 04:02:14.000]  [WriteStatusToFile] ErrorCode:0 INFO: Done Sending the status.
[2026-01-30 04:02:14.000]  [WriteHeartbeatToFile] ErrorCode:0 INFO: Done Sending the heartbeat.
[2026-01-30 04:02:14.000]  [FindProcessById] ErrorCode:0 INFO: Attempt to find the process MetricsExtension.Native.exe with ID: 3300.
[2026-01-30 04:02:14.000]  [FindProcessById] ErrorCode:0 INFO: Running Process MetricsExtension.Native.exe found. ID: 3300.
[2026-01-30 04:02:14.000]  [StartMetricsExtension] ErrorCode:0 ERROR: Metrics extension is already running
[2026-01-30 04:02:44.000]  [WriteStatusToFile] ErrorCode:0 INFO: Sending the status.
[2026-01-30 04:02:44.000]  [WriteHeartbeatToFile] ErrorCode:0 INFO: Sending the heartbeat.
[2026-01-30 04:02:44.000]  [WriteHeartbeatToFile] ErrorCode:0 INFO: Done Sending the heartbeat.
[2026-01-30 04:02:44.000]  [WriteStatusToFile] ErrorCode:0 INFO: Done Sending the status.
[2026-01-30 04:03:14.000]  [WriteStatusToFile] ErrorCode:0 INFO: Sending the status.
[2026-01-30 04:03:14.000]  [WriteHeartbeatToFile] ErrorCode:0 INFO: Sending the heartbeat.
[2026-01-30 04:03:14.000]  [WriteHeartbeatToFile] ErrorCode:0 INFO: Done Sending the heartbeat.
[2026-01-30 04:03:14.000]  [WriteStatusToFile] ErrorCode:0 INFO: Done Sending the status.
[2026-01-30 04:03:14.000]  [FindProcessById] ErrorCode:0 INFO: Attempt to find the process MetricsExtension.Native.exe with ID: 3300.
[2026-01-30 04:03:14.000]  [FindProcessById] ErrorCode:0 INFO: Running Process MetricsExtension.Native.exe found. ID: 3300.
[2026-01-30 04:03:14.000]  [StartMetricsExtension] ErrorCode:0 ERROR: Metrics extension is already running
[2026-01-30 04:03:14.000]  [AggregateHeartbeat] ErrorCode:0 INFO: Start heartbeat aggregation.
[2026-01-30 04:03:14.000]  [QueryRegValueDWORD] ErrorCode:0 INFO: Query Registry for Key:SOFTWARE\Microsoft\Windows Azure\CurrentVersion\AzureMonitorAgentExtension\47.4.1.0, Name:MaServiceProcess
[2026-01-30 04:03:14.000]  [QueryRegValueDWORD] ErrorCode:0 INFO: Query Registry for Key:SOFTWARE\Microsoft\Windows Azure\CurrentVersion\AzureMonitorAgentExtension\47.4.1.0, Name:MaServiceProcess, Value:5676
[2026-01-30 04:03:14.000]  [FindProcessById] ErrorCode:0 INFO: Attempt to find the process MonAgentLauncher.exe with ID: 5676.
[2026-01-30 04:03:14.000]  [FindProcessById] ErrorCode:0 INFO: Running Process MonAgentLauncher.exe found. ID: 5676.
[2026-01-30 04:03:14.000]  [CheckIfMAServiceIsRunByExtension] ErrorCode:0 INFO: The MA process is running based on the m_registry
[2026-01-30 04:03:14.000]  [QueryRegValueDWORD] ErrorCode:0 INFO: Query Registry for Key:SOFTWARE\Microsoft\Windows Azure\CurrentVersion\AzureMonitorAgentExtension\47.4.1.0, Name:AMAMultitenantServiceProcess
[2026-01-30 04:03:14.000]  [QueryRegValueDWORD] ErrorCode:0 ERROR: RegQueryValueExA: failed to query REG_DWORD value, Key:SOFTWARE\Microsoft\Windows Azure\CurrentVersion\AzureMonitorAgentExtension\47.4.1.0, name=AMAMultitenantServiceProcess, error=2, type=0
[2026-01-30 04:03:14.000]  [CheckIfMAServiceIsRunByExtension] ErrorCode:1205 INFO: Unable to read the m_registry for MA process. Assume it is not running.
[2026-01-30 04:03:14.000]  [AggregateHeartbeat] ErrorCode:0 INFO: Configured MA Service is not running on the node.
[2026-01-30 04:03:14.000]  [SetImdsEnvironmentVariable] ErrorCode:0 INFO: Querying IMDS information
[2026-01-30 04:03:14.000]  [SetImdsEnvironmentVariable] ErrorCode:-1 INFO: Preparing to call IMDS. Endpoint: http://169.254.169.254
[2026-01-30 04:03:14.000]  [QueryIMDSEndpoint] ErrorCode:0 INFO: Queried IMDS successfully.
[2026-01-30 04:03:14.000]  [GetValueFromJsonOrDefault] ErrorCode:0 INFO: Read Imds response field with Name:location Value: westus2
[2026-01-30 04:03:14.000]  [GetValueFromJsonOrDefault] ErrorCode:0 INFO: Read Imds response field with Name:name Value: amawin
[2026-01-30 04:03:14.000]  [GetValueFromJsonOrDefault] ErrorCode:0 INFO: Read Imds response field with Name:subscriptionId Value: 351651ce-5feb-4e59-975d-f1f344e2b717
[2026-01-30 04:03:14.000]  [GetValueFromJsonOrDefault] ErrorCode:0 INFO: Read Imds response field with Name:vmId Value: 22afd636-aec1-4782-9055-f85ea283dc20
[2026-01-30 04:03:14.000]  [GetValueFromJsonOrDefault] ErrorCode:0 INFO: Read Imds response field with Name:vmScaleSetName Value: 
[2026-01-30 04:03:14.000]  [GetValueFromJsonOrDefault] ErrorCode:0 INFO: Read Imds response field with Name:resourceGroupName Value: AMAWin_group
[2026-01-30 04:03:14.000]  [GetValueFromJsonOrDefault] ErrorCode:0 INFO: Read Imds response field with Name:osType Value: Windows
[2026-01-30 04:03:14.000]  [GetValueFromJsonOrDefault] ErrorCode:0 INFO: Read Imds response field with Name:resourceId Value: /subscriptions/351651ce-5feb-4e59-975d-f1f344e2b717/resourceGroups/AMAWin_group/providers/Microsoft.Compute/virtualMachines/amawin
[2026-01-30 04:03:14.000]  [GetValueFromJsonOrDefault] ErrorCode:0 INFO: Read Imds response field with Name:azEnvironment Value: AzurePublicCloud
[2026-01-30 04:03:14.000]  [SetImdsEnvironmentVariable] ErrorCode:0 INFO: Successfully set Environment variables from Imds
[2026-01-30 04:03:14.000]  [AggregateHeartbeat] ErrorCode:0 INFO: Completed heartbeat aggregation.
[2026-01-30 04:03:44.000]  [WriteStatusToFile] ErrorCode:0 INFO: Sending the status.
[2026-01-30 04:03:44.000]  [WriteHeartbeatToFile] ErrorCode:0 INFO: Sending the heartbeat.
[2026-01-30 04:03:44.000]  [WriteHeartbeatToFile] ErrorCode:0 INFO: Done Sending the heartbeat.
[2026-01-30 04:03:44.000]  [WriteStatusToFile] ErrorCode:0 INFO: Done Sending the status.
[2026-01-30 04:04:14.000]  [WriteHeartbeatToFile] ErrorCode:0 INFO: Sending the heartbeat.
[2026-01-30 04:04:14.000]  [WriteStatusToFile] ErrorCode:0 INFO: Sending the status.
[2026-01-30 04:04:14.000]  [WriteStatusToFile] ErrorCode:0 INFO: Done Sending the status.
[2026-01-30 04:04:14.000]  [WriteHeartbeatToFile] ErrorCode:0 INFO: Done Sending the heartbeat.
[2026-01-30 04:04:14.000]  [FindProcessById] ErrorCode:0 INFO: Attempt to find the process MetricsExtension.Native.exe with ID: 3300.
[2026-01-30 04:04:14.000]  [FindProcessById] ErrorCode:0 INFO: Running Process MetricsExtension.Native.exe found. ID: 3300.
[2026-01-30 04:04:14.000]  [StartMetricsExtension] ErrorCode:0 ERROR: Metrics extension is already running
[2026-01-30 04:04:44.000]  [WriteStatusToFile] ErrorCode:0 INFO: Sending the status.
[2026-01-30 04:04:44.000]  [WriteHeartbeatToFile] ErrorCode:0 INFO: Sending the heartbeat.
[2026-01-30 04:04:44.000]  [WriteHeartbeatToFile] ErrorCode:0 INFO: Done Sending the heartbeat.
[2026-01-30 04:04:44.000]  [WriteStatusToFile] ErrorCode:0 INFO: Done Sending the status.
[2026-01-30 04:05:14.000]  [WriteStatusToFile] ErrorCode:0 INFO: Sending the status.
[2026-01-30 04:05:14.000]  [WriteHeartbeatToFile] ErrorCode:0 INFO: Sending the heartbeat.
[2026-01-30 04:05:14.000]  [WriteStatusToFile] ErrorCode:0 INFO: Done Sending the status.
[2026-01-30 04:05:14.000]  [WriteHeartbeatToFile] ErrorCode:0 INFO: Done Sending the heartbeat.
[2026-01-30 04:05:14.000]  [FindProcessById] ErrorCode:0 INFO: Attempt to find the process MetricsExtension.Native.exe with ID: 3300.
[2026-01-30 04:05:14.000]  [FindProcessById] ErrorCode:0 INFO: Running Process MetricsExtension.Native.exe found. ID: 3300.
[2026-01-30 04:05:14.000]  [StartMetricsExtension] ErrorCode:0 ERROR: Metrics extension is already running
[2026-01-30 04:05:44.000]  [WriteHeartbeatToFile] ErrorCode:0 INFO: Sending the heartbeat.
[2026-01-30 04:05:44.000]  [WriteStatusToFile] ErrorCode:0 INFO: Sending the status.
[2026-01-30 04:05:44.000]  [WriteStatusToFile] ErrorCode:0 INFO: Done Sending the status.
[2026-01-30 04:05:44.000]  [WriteHeartbeatToFile] ErrorCode:0 INFO: Done Sending the heartbeat.
[2026-01-30 04:06:14.000]  [WriteHeartbeatToFile] ErrorCode:0 INFO: Sending the heartbeat.
[2026-01-30 04:06:14.000]  [WriteStatusToFile] ErrorCode:0 INFO: Sending the status.
[2026-01-30 04:06:14.000]  [WriteStatusToFile] ErrorCode:0 INFO: Done Sending the status.
[2026-01-30 04:06:14.000]  [WriteHeartbeatToFile] ErrorCode:0 INFO: Done Sending the heartbeat.
[2026-01-30 04:06:14.000]  [FindProcessById] ErrorCode:0 INFO: Attempt to find the process MetricsExtension.Native.exe with ID: 3300.
[2026-01-30 04:06:14.000]  [FindProcessById] ErrorCode:0 INFO: Running Process MetricsExtension.Native.exe found. ID: 3300.
[2026-01-30 04:06:14.000]  [StartMetricsExtension] ErrorCode:0 ERROR: Metrics extension is already running
[2026-01-30 04:06:44.000]  [WriteHeartbeatToFile] ErrorCode:0 INFO: Sending the heartbeat.
[2026-01-30 04:06:44.000]  [WriteStatusToFile] ErrorCode:0 INFO: Sending the status.
[2026-01-30 04:06:44.000]  [WriteStatusToFile] ErrorCode:0 INFO: Done Sending the status.
[2026-01-30 04:06:44.000]  [WriteHeartbeatToFile] ErrorCode:0 INFO: Done Sending the heartbeat.
[2026-01-30 04:07:14.000]  [WriteStatusToFile] ErrorCode:0 INFO: Sending the status.
[2026-01-30 04:07:14.000]  [WriteHeartbeatToFile] ErrorCode:0 INFO: Sending the heartbeat.
[2026-01-30 04:07:14.000]  [WriteHeartbeatToFile] ErrorCode:0 INFO: Done Sending the heartbeat.
[2026-01-30 04:07:14.000]  [WriteStatusToFile] ErrorCode:0 INFO: Done Sending the status.
[2026-01-30 04:07:14.000]  [FindProcessById] ErrorCode:0 INFO: Attempt to find the process MetricsExtension.Native.exe with ID: 3300.
[2026-01-30 04:07:14.000]  [FindProcessById] ErrorCode:0 INFO: Running Process MetricsExtension.Native.exe found. ID: 3300.
[2026-01-30 04:07:14.000]  [StartMetricsExtension] ErrorCode:0 ERROR: Metrics extension is already running
[2026-01-30 04:07:44.000]  [WriteStatusToFile] ErrorCode:0 INFO: Sending the status.
[2026-01-30 04:07:44.000]  [WriteHeartbeatToFile] ErrorCode:0 INFO: Sending the heartbeat.
[2026-01-30 04:07:44.000]  [WriteStatusToFile] ErrorCode:0 INFO: Done Sending the status.
[2026-01-30 04:07:44.000]  [WriteHeartbeatToFile] ErrorCode:0 INFO: Done Sending the heartbeat.
[2026-01-30 04:08:14.000]  [WriteStatusToFile] ErrorCode:0 INFO: Sending the status.
[2026-01-30 04:08:14.000]  [WriteHeartbeatToFile] ErrorCode:0 INFO: Sending the heartbeat.
[2026-01-30 04:08:14.000]  [WriteStatusToFile] ErrorCode:0 INFO: Done Sending the status.
[2026-01-30 04:08:14.000]  [WriteHeartbeatToFile] ErrorCode:0 INFO: Done Sending the heartbeat.
[2026-01-30 04:08:14.000]  [FindProcessById] ErrorCode:0 INFO: Attempt to find the process MetricsExtension.Native.exe with ID: 3300.
[2026-01-30 04:08:14.000]  [FindProcessById] ErrorCode:0 INFO: Running Process MetricsExtension.Native.exe found. ID: 3300.
[2026-01-30 04:08:14.000]  [StartMetricsExtension] ErrorCode:0 ERROR: Metrics extension is already running
[2026-01-30 04:08:14.000]  [AggregateHeartbeat] ErrorCode:0 INFO: Start heartbeat aggregation.
[2026-01-30 04:08:14.000]  [QueryRegValueDWORD] ErrorCode:0 INFO: Query Registry for Key:SOFTWARE\Microsoft\Windows Azure\CurrentVersion\AzureMonitorAgentExtension\47.4.1.0, Name:MaServiceProcess
[2026-01-30 04:08:14.000]  [QueryRegValueDWORD] ErrorCode:0 INFO: Query Registry for Key:SOFTWARE\Microsoft\Windows Azure\CurrentVersion\AzureMonitorAgentExtension\47.4.1.0, Name:MaServiceProcess, Value:5676
[2026-01-30 04:08:14.000]  [FindProcessById] ErrorCode:0 INFO: Attempt to find the process MonAgentLauncher.exe with ID: 5676.
[2026-01-30 04:08:14.000]  [FindProcessById] ErrorCode:0 INFO: Running Process MonAgentLauncher.exe found. ID: 5676.
[2026-01-30 04:08:14.000]  [CheckIfMAServiceIsRunByExtension] ErrorCode:0 INFO: The MA process is running based on the m_registry
[2026-01-30 04:08:14.000]  [QueryRegValueDWORD] ErrorCode:0 INFO: Query Registry for Key:SOFTWARE\Microsoft\Windows Azure\CurrentVersion\AzureMonitorAgentExtension\47.4.1.0, Name:AMAMultitenantServiceProcess
[2026-01-30 04:08:14.000]  [QueryRegValueDWORD] ErrorCode:0 ERROR: RegQueryValueExA: failed to query REG_DWORD value, Key:SOFTWARE\Microsoft\Windows Azure\CurrentVersion\AzureMonitorAgentExtension\47.4.1.0, name=AMAMultitenantServiceProcess, error=2, type=0
[2026-01-30 04:08:14.000]  [CheckIfMAServiceIsRunByExtension] ErrorCode:1205 INFO: Unable to read the m_registry for MA process. Assume it is not running.
[2026-01-30 04:08:14.000]  [AggregateHeartbeat] ErrorCode:0 INFO: Configured MA Service is not running on the node.
[2026-01-30 04:08:14.000]  [SetImdsEnvironmentVariable] ErrorCode:0 INFO: Querying IMDS information
[2026-01-30 04:08:14.000]  [SetImdsEnvironmentVariable] ErrorCode:-1 INFO: Preparing to call IMDS. Endpoint: http://169.254.169.254
[2026-01-30 04:08:14.000]  [QueryIMDSEndpoint] ErrorCode:0 INFO: Queried IMDS successfully.
[2026-01-30 04:08:14.000]  [GetValueFromJsonOrDefault] ErrorCode:0 INFO: Read Imds response field with Name:location Value: westus2
[2026-01-30 04:08:14.000]  [GetValueFromJsonOrDefault] ErrorCode:0 INFO: Read Imds response field with Name:name Value: amawin
[2026-01-30 04:08:14.000]  [GetValueFromJsonOrDefault] ErrorCode:0 INFO: Read Imds response field with Name:subscriptionId Value: 351651ce-5feb-4e59-975d-f1f344e2b717
[2026-01-30 04:08:14.000]  [GetValueFromJsonOrDefault] ErrorCode:0 INFO: Read Imds response field with Name:vmId Value: 22afd636-aec1-4782-9055-f85ea283dc20
[2026-01-30 04:08:14.000]  [GetValueFromJsonOrDefault] ErrorCode:0 INFO: Read Imds response field with Name:vmScaleSetName Value: 
[2026-01-30 04:08:14.000]  [GetValueFromJsonOrDefault] ErrorCode:0 INFO: Read Imds response field with Name:resourceGroupName Value: AMAWin_group
[2026-01-30 04:08:14.000]  [GetValueFromJsonOrDefault] ErrorCode:0 INFO: Read Imds response field with Name:osType Value: Windows
[2026-01-30 04:08:14.000]  [GetValueFromJsonOrDefault] ErrorCode:0 INFO: Read Imds response field with Name:resourceId Value: /subscriptions/351651ce-5feb-4e59-975d-f1f344e2b717/resourceGroups/AMAWin_group/providers/Microsoft.Compute/virtualMachines/amawin
[2026-01-30 04:08:14.000]  [GetValueFromJsonOrDefault] ErrorCode:0 INFO: Read Imds response field with Name:azEnvironment Value: AzurePublicCloud
[2026-01-30 04:08:14.000]  [SetImdsEnvironmentVariable] ErrorCode:0 INFO: Successfully set Environment variables from Imds
[2026-01-30 04:08:14.000]  [AggregateHeartbeat] ErrorCode:0 INFO: Completed heartbeat aggregation.
[2026-01-30 04:08:44.000]  [WriteHeartbeatToFile] ErrorCode:0 INFO: Sending the heartbeat.
[2026-01-30 04:08:44.000]  [WriteStatusToFile] ErrorCode:0 INFO: Sending the status.
[2026-01-30 04:08:44.000]  [WriteHeartbeatToFile] ErrorCode:0 INFO: Done Sending the heartbeat.
[2026-01-30 04:08:44.000]  [WriteStatusToFile] ErrorCode:0 INFO: Done Sending the status.
[2026-01-30 04:09:14.000]  [WriteHeartbeatToFile] ErrorCode:0 INFO: Sending the heartbeat.
[2026-01-30 04:09:14.000]  [WriteStatusToFile] ErrorCode:0 INFO: Sending the status.
[2026-01-30 04:09:14.000]  [WriteHeartbeatToFile] ErrorCode:0 INFO: Done Sending the heartbeat.
[2026-01-30 04:09:14.000]  [WriteStatusToFile] ErrorCode:0 INFO: Done Sending the status.
[2026-01-30 04:09:14.000]  [FindProcessById] ErrorCode:0 INFO: Attempt to find the process MetricsExtension.Native.exe with ID: 3300.
[2026-01-30 04:09:14.000]  [FindProcessById] ErrorCode:0 INFO: Running Process MetricsExtension.Native.exe found. ID: 3300.
[2026-01-30 04:09:14.000]  [StartMetricsExtension] ErrorCode:0 ERROR: Metrics extension is already running
[2026-01-30 04:09:44.000]  [WriteStatusToFile] ErrorCode:0 INFO: Sending the status.
[2026-01-30 04:09:44.000]  [WriteHeartbeatToFile] ErrorCode:0 INFO: Sending the heartbeat.
[2026-01-30 04:09:44.000]  [WriteStatusToFile] ErrorCode:0 INFO: Done Sending the status.
[2026-01-30 04:09:44.000]  [WriteHeartbeatToFile] ErrorCode:0 INFO: Done Sending the heartbeat.
[2026-01-30 04:10:14.000]  [WriteHeartbeatToFile] ErrorCode:0 INFO: Sending the heartbeat.
[2026-01-30 04:10:14.000]  [WriteStatusToFile] ErrorCode:0 INFO: Sending the status.
[2026-01-30 04:10:14.000]  [WriteStatusToFile] ErrorCode:0 INFO: Done Sending the status.
[2026-01-30 04:10:14.000]  [WriteHeartbeatToFile] ErrorCode:0 INFO: Done Sending the heartbeat.
[2026-01-30 04:10:14.000]  [FindProcessById] ErrorCode:0 INFO: Attempt to find the process MetricsExtension.Native.exe with ID: 3300.
[2026-01-30 04:10:14.000]  [FindProcessById] ErrorCode:0 INFO: Running Process MetricsExtension.Native.exe found. ID: 3300.
[2026-01-30 04:10:14.000]  [StartMetricsExtension] ErrorCode:0 ERROR: Metrics extension is already running
[2026-01-30 04:10:44.000]  [WriteHeartbeatToFile] ErrorCode:0 INFO: Sending the heartbeat.
[2026-01-30 04:10:44.000]  [WriteStatusToFile] ErrorCode:0 INFO: Sending the status.
[2026-01-30 04:10:44.000]  [WriteStatusToFile] ErrorCode:0 INFO: Done Sending the status.
[2026-01-30 04:10:44.000]  [WriteHeartbeatToFile] ErrorCode:0 INFO: Done Sending the heartbeat.
[2026-01-30 04:11:14.000]  [WriteStatusToFile] ErrorCode:0 INFO: Sending the status.
[2026-01-30 04:11:14.000]  [WriteHeartbeatToFile] ErrorCode:0 INFO: Sending the heartbeat.
[2026-01-30 04:11:14.000]  [WriteStatusToFile] ErrorCode:0 INFO: Done Sending the status.
[2026-01-30 04:11:14.000]  [WriteHeartbeatToFile] ErrorCode:0 INFO: Done Sending the heartbeat.
[2026-01-30 04:11:14.000]  [FindProcessById] ErrorCode:0 INFO: Attempt to find the process MetricsExtension.Native.exe with ID: 3300.
[2026-01-30 04:11:14.000]  [FindProcessById] ErrorCode:0 INFO: Running Process MetricsExtension.Native.exe found. ID: 3300.
[2026-01-30 04:11:14.000]  [StartMetricsExtension] ErrorCode:0 ERROR: Metrics extension is already running
[2026-01-30 04:11:44.000]  [WriteStatusToFile] ErrorCode:0 INFO: Sending the status.
[2026-01-30 04:11:44.000]  [WriteHeartbeatToFile] ErrorCode:0 INFO: Sending the heartbeat.
[2026-01-30 04:11:44.000]  [WriteStatusToFile] ErrorCode:0 INFO: Done Sending the status.
[2026-01-30 04:11:44.000]  [WriteHeartbeatToFile] ErrorCode:0 INFO: Done Sending the heartbeat.
[2026-01-30 04:12:14.000]  [WriteHeartbeatToFile] ErrorCode:0 INFO: Sending the heartbeat.
[2026-01-30 04:12:14.000]  [WriteStatusToFile] ErrorCode:0 INFO: Sending the status.
[2026-01-30 04:12:14.000]  [WriteHeartbeatToFile] ErrorCode:0 INFO: Done Sending the heartbeat.
[2026-01-30 04:12:14.000]  [WriteStatusToFile] ErrorCode:0 INFO: Done Sending the status.
[2026-01-30 04:12:14.000]  [FindProcessById] ErrorCode:0 INFO: Attempt to find the process MetricsExtension.Native.exe with ID: 3300.
[2026-01-30 04:12:14.000]  [FindProcessById] ErrorCode:0 INFO: Running Process MetricsExtension.Native.exe found. ID: 3300.
[2026-01-30 04:12:14.000]  [StartMetricsExtension] ErrorCode:0 ERROR: Metrics extension is already running
[2026-01-30 04:12:44.000]  [WriteHeartbeatToFile] ErrorCode:0 INFO: Sending the heartbeat.
[2026-01-30 04:12:44.000]  [WriteStatusToFile] ErrorCode:0 INFO: Sending the status.
[2026-01-30 04:12:44.000]  [WriteHeartbeatToFile] ErrorCode:0 INFO: Done Sending the heartbeat.
[2026-01-30 04:12:44.000]  [WriteStatusToFile] ErrorCode:0 INFO: Done Sending the status.
[2026-01-30 04:13:14.000]  [WriteStatusToFile] ErrorCode:0 INFO: Sending the status.
[2026-01-30 04:13:14.000]  [WriteHeartbeatToFile] ErrorCode:0 INFO: Sending the heartbeat.
[2026-01-30 04:13:14.000]  [WriteStatusToFile] ErrorCode:0 INFO: Done Sending the status.
[2026-01-30 04:13:14.000]  [WriteHeartbeatToFile] ErrorCode:0 INFO: Done Sending the heartbeat.
[2026-01-30 04:13:14.000]  [FindProcessById] ErrorCode:0 INFO: Attempt to find the process MetricsExtension.Native.exe with ID: 3300.
[2026-01-30 04:13:14.000]  [FindProcessById] ErrorCode:0 INFO: Running Process MetricsExtension.Native.exe found. ID: 3300.
[2026-01-30 04:13:14.000]  [StartMetricsExtension] ErrorCode:0 ERROR: Metrics extension is already running
[2026-01-30 04:13:14.000]  [AggregateHeartbeat] ErrorCode:0 INFO: Start heartbeat aggregation.
[2026-01-30 04:13:14.000]  [QueryRegValueDWORD] ErrorCode:0 INFO: Query Registry for Key:SOFTWARE\Microsoft\Windows Azure\CurrentVersion\AzureMonitorAgentExtension\47.4.1.0, Name:MaServiceProcess
[2026-01-30 04:13:14.000]  [QueryRegValueDWORD] ErrorCode:0 INFO: Query Registry for Key:SOFTWARE\Microsoft\Windows Azure\CurrentVersion\AzureMonitorAgentExtension\47.4.1.0, Name:MaServiceProcess, Value:5676
[2026-01-30 04:13:14.000]  [FindProcessById] ErrorCode:0 INFO: Attempt to find the process MonAgentLauncher.exe with ID: 5676.
[2026-01-30 04:13:14.000]  [FindProcessById] ErrorCode:0 INFO: Running Process MonAgentLauncher.exe found. ID: 5676.
[2026-01-30 04:13:14.000]  [CheckIfMAServiceIsRunByExtension] ErrorCode:0 INFO: The MA process is running based on the m_registry
[2026-01-30 04:13:14.000]  [QueryRegValueDWORD] ErrorCode:0 INFO: Query Registry for Key:SOFTWARE\Microsoft\Windows Azure\CurrentVersion\AzureMonitorAgentExtension\47.4.1.0, Name:AMAMultitenantServiceProcess
[2026-01-30 04:13:14.000]  [QueryRegValueDWORD] ErrorCode:0 ERROR: RegQueryValueExA: failed to query REG_DWORD value, Key:SOFTWARE\Microsoft\Windows Azure\CurrentVersion\AzureMonitorAgentExtension\47.4.1.0, name=AMAMultitenantServiceProcess, error=2, type=0
[2026-01-30 04:13:14.000]  [CheckIfMAServiceIsRunByExtension] ErrorCode:1205 INFO: Unable to read the m_registry for MA process. Assume it is not running.
[2026-01-30 04:13:14.000]  [AggregateHeartbeat] ErrorCode:0 INFO: Configured MA Service is not running on the node.
[2026-01-30 04:13:14.000]  [SetImdsEnvironmentVariable] ErrorCode:0 INFO: Querying IMDS information
[2026-01-30 04:13:14.000]  [SetImdsEnvironmentVariable] ErrorCode:-1 INFO: Preparing to call IMDS. Endpoint: http://169.254.169.254
[2026-01-30 04:13:14.000]  [QueryIMDSEndpoint] ErrorCode:0 INFO: Queried IMDS successfully.
[2026-01-30 04:13:14.000]  [GetValueFromJsonOrDefault] ErrorCode:0 INFO: Read Imds response field with Name:location Value: westus2
[2026-01-30 04:13:14.000]  [GetValueFromJsonOrDefault] ErrorCode:0 INFO: Read Imds response field with Name:name Value: amawin
[2026-01-30 04:13:14.000]  [GetValueFromJsonOrDefault] ErrorCode:0 INFO: Read Imds response field with Name:subscriptionId Value: 351651ce-5feb-4e59-975d-f1f344e2b717
[2026-01-30 04:13:14.000]  [GetValueFromJsonOrDefault] ErrorCode:0 INFO: Read Imds response field with Name:vmId Value: 22afd636-aec1-4782-9055-f85ea283dc20
[2026-01-30 04:13:14.000]  [GetValueFromJsonOrDefault] ErrorCode:0 INFO: Read Imds response field with Name:vmScaleSetName Value: 
[2026-01-30 04:13:14.000]  [GetValueFromJsonOrDefault] ErrorCode:0 INFO: Read Imds response field with Name:resourceGroupName Value: AMAWin_group
[2026-01-30 04:13:14.000]  [GetValueFromJsonOrDefault] ErrorCode:0 INFO: Read Imds response field with Name:osType Value: Windows
[2026-01-30 04:13:14.000]  [GetValueFromJsonOrDefault] ErrorCode:0 INFO: Read Imds response field with Name:resourceId Value: /subscriptions/351651ce-5feb-4e59-975d-f1f344e2b717/resourceGroups/AMAWin_group/providers/Microsoft.Compute/virtualMachines/amawin
[2026-01-30 04:13:14.000]  [GetValueFromJsonOrDefault] ErrorCode:0 INFO: Read Imds response field with Name:azEnvironment Value: AzurePublicCloud
[2026-01-30 04:13:14.000]  [SetImdsEnvironmentVariable] ErrorCode:0 INFO: Successfully set Environment variables from Imds
[2026-01-30 04:13:14.000]  [AggregateHeartbeat] ErrorCode:0 INFO: Completed heartbeat aggregation.
[2026-01-30 04:13:44.000]  [WriteHeartbeatToFile] ErrorCode:0 INFO: Sending the heartbeat.
[2026-01-30 04:13:44.000]  [WriteStatusToFile] ErrorCode:0 INFO: Sending the status.
[2026-01-30 04:13:44.000]  [WriteHeartbeatToFile] ErrorCode:0 INFO: Done Sending the heartbeat.
[2026-01-30 04:13:44.000]  [WriteStatusToFile] ErrorCode:0 INFO: Done Sending the status.
[2026-01-30 04:14:14.000]  [WriteHeartbeatToFile] ErrorCode:0 INFO: Sending the heartbeat.
[2026-01-30 04:14:14.000]  [WriteStatusToFile] ErrorCode:0 INFO: Sending the status.
[2026-01-30 04:14:14.000]  [WriteStatusToFile] ErrorCode:0 INFO: Done Sending the status.
[2026-01-30 04:14:14.000]  [WriteHeartbeatToFile] ErrorCode:0 INFO: Done Sending the heartbeat.
[2026-01-30 04:14:14.000]  [FindProcessById] ErrorCode:0 INFO: Attempt to find the process MetricsExtension.Native.exe with ID: 3300.
[2026-01-30 04:14:14.000]  [FindProcessById] ErrorCode:0 INFO: Running Process MetricsExtension.Native.exe found. ID: 3300.
[2026-01-30 04:14:14.000]  [StartMetricsExtension] ErrorCode:0 ERROR: Metrics extension is already running
[2026-01-30 04:14:44.000]  [WriteStatusToFile] ErrorCode:0 INFO: Sending the status.
[2026-01-30 04:14:44.000]  [WriteHeartbeatToFile] ErrorCode:0 INFO: Sending the heartbeat.
[2026-01-30 04:14:44.000]  [WriteStatusToFile] ErrorCode:0 INFO: Done Sending the status.
[2026-01-30 04:14:44.000]  [WriteHeartbeatToFile] ErrorCode:0 INFO: Done Sending the heartbeat.
[2026-01-30 04:15:14.000]  [WriteStatusToFile] ErrorCode:0 INFO: Sending the status.
[2026-01-30 04:15:14.000]  [WriteHeartbeatToFile] ErrorCode:0 INFO: Sending the heartbeat.
[2026-01-30 04:15:14.000]  [WriteStatusToFile] ErrorCode:0 INFO: Done Sending the status.
[2026-01-30 04:15:14.000]  [WriteHeartbeatToFile] ErrorCode:0 INFO: Done Sending the heartbeat.
[2026-01-30 04:15:14.000]  [FindProcessById] ErrorCode:0 INFO: Attempt to find the process MetricsExtension.Native.exe with ID: 3300.
[2026-01-30 04:15:14.000]  [FindProcessById] ErrorCode:0 INFO: Running Process MetricsExtension.Native.exe found. ID: 3300.
[2026-01-30 04:15:14.000]  [StartMetricsExtension] ErrorCode:0 ERROR: Metrics extension is already running
[2026-01-30 04:15:44.000]  [WriteStatusToFile] ErrorCode:0 INFO: Sending the status.
[2026-01-30 04:15:44.000]  [WriteHeartbeatToFile] ErrorCode:0 INFO: Sending the heartbeat.
[2026-01-30 04:15:44.000]  [WriteStatusToFile] ErrorCode:0 INFO: Done Sending the status.
[2026-01-30 04:15:44.000]  [WriteHeartbeatToFile] ErrorCode:0 INFO: Done Sending the heartbeat.
[2026-01-30 04:16:14.000]  [WriteStatusToFile] ErrorCode:0 INFO: Sending the status.
[2026-01-30 04:16:14.000]  [WriteHeartbeatToFile] ErrorCode:0 INFO: Sending the heartbeat.
[2026-01-30 04:16:14.000]  [WriteStatusToFile] ErrorCode:0 INFO: Done Sending the status.
[2026-01-30 04:16:14.000]  [WriteHeartbeatToFile] ErrorCode:0 INFO: Done Sending the heartbeat.
[2026-01-30 04:16:14.000]  [FindProcessById] ErrorCode:0 INFO: Attempt to find the process MetricsExtension.Native.exe with ID: 3300.
[2026-01-30 04:16:14.000]  [FindProcessById] ErrorCode:0 INFO: Running Process MetricsExtension.Native.exe found. ID: 3300.
[2026-01-30 04:16:14.000]  [StartMetricsExtension] ErrorCode:0 ERROR: Metrics extension is already running
[2026-01-30 04:16:44.000]  [WriteHeartbeatToFile] ErrorCode:0 INFO: Sending the heartbeat.
[2026-01-30 04:16:44.000]  [WriteStatusToFile] ErrorCode:0 INFO: Sending the status.
[2026-01-30 04:16:44.000]  [WriteHeartbeatToFile] ErrorCode:0 INFO: Done Sending the heartbeat.
[2026-01-30 04:16:44.000]  [WriteStatusToFile] ErrorCode:0 INFO: Done Sending the status.
[2026-01-30 04:17:14.000]  [WriteStatusToFile] ErrorCode:0 INFO: Sending the status.
[2026-01-30 04:17:14.000]  [WriteHeartbeatToFile] ErrorCode:0 INFO: Sending the heartbeat.
[2026-01-30 04:17:14.000]  [WriteHeartbeatToFile] ErrorCode:0 INFO: Done Sending the heartbeat.
[2026-01-30 04:17:14.000]  [WriteStatusToFile] ErrorCode:0 INFO: Done Sending the status.
[2026-01-30 04:17:14.000]  [FindProcessById] ErrorCode:0 INFO: Attempt to find the process MetricsExtension.Native.exe with ID: 3300.
[2026-01-30 04:17:14.000]  [FindProcessById] ErrorCode:0 INFO: Running Process MetricsExtension.Native.exe found. ID: 3300.
[2026-01-30 04:17:14.000]  [StartMetricsExtension] ErrorCode:0 ERROR: Metrics extension is already running
[2026-01-30 04:17:44.000]  [WriteHeartbeatToFile] ErrorCode:0 INFO: Sending the heartbeat.
[2026-01-30 04:17:44.000]  [WriteStatusToFile] ErrorCode:0 INFO: Sending the status.
[2026-01-30 04:17:44.000]  [WriteHeartbeatToFile] ErrorCode:0 INFO: Done Sending the heartbeat.
[2026-01-30 04:17:44.000]  [WriteStatusToFile] ErrorCode:0 INFO: Done Sending the status.
[2026-01-30 04:18:14.000]  [WriteStatusToFile] ErrorCode:0 INFO: Sending the status.
[2026-01-30 04:18:14.000]  [WriteHeartbeatToFile] ErrorCode:0 INFO: Sending the heartbeat.
[2026-01-30 04:18:14.000]  [WriteStatusToFile] ErrorCode:0 INFO: Done Sending the status.
[2026-01-30 04:18:14.000]  [WriteHeartbeatToFile] ErrorCode:0 INFO: Done Sending the heartbeat.
[2026-01-30 04:18:14.000]  [FindProcessById] ErrorCode:0 INFO: Attempt to find the process MetricsExtension.Native.exe with ID: 3300.
[2026-01-30 04:18:14.000]  [FindProcessById] ErrorCode:0 INFO: Running Process MetricsExtension.Native.exe found. ID: 3300.
[2026-01-30 04:18:14.000]  [StartMetricsExtension] ErrorCode:0 ERROR: Metrics extension is already running
[2026-01-30 04:18:14.000]  [AggregateHeartbeat] ErrorCode:0 INFO: Start heartbeat aggregation.
[2026-01-30 04:18:14.000]  [QueryRegValueDWORD] ErrorCode:0 INFO: Query Registry for Key:SOFTWARE\Microsoft\Windows Azure\CurrentVersion\AzureMonitorAgentExtension\47.4.1.0, Name:MaServiceProcess
[2026-01-30 04:18:14.000]  [QueryRegValueDWORD] ErrorCode:0 INFO: Query Registry for Key:SOFTWARE\Microsoft\Windows Azure\CurrentVersion\AzureMonitorAgentExtension\47.4.1.0, Name:MaServiceProcess, Value:5676
[2026-01-30 04:18:14.000]  [FindProcessById] ErrorCode:0 INFO: Attempt to find the process MonAgentLauncher.exe with ID: 5676.
[2026-01-30 04:18:14.000]  [FindProcessById] ErrorCode:0 INFO: Running Process MonAgentLauncher.exe found. ID: 5676.
[2026-01-30 04:18:14.000]  [CheckIfMAServiceIsRunByExtension] ErrorCode:0 INFO: The MA process is running based on the m_registry
[2026-01-30 04:18:14.000]  [QueryRegValueDWORD] ErrorCode:0 INFO: Query Registry for Key:SOFTWARE\Microsoft\Windows Azure\CurrentVersion\AzureMonitorAgentExtension\47.4.1.0, Name:AMAMultitenantServiceProcess
[2026-01-30 04:18:14.000]  [QueryRegValueDWORD] ErrorCode:0 ERROR: RegQueryValueExA: failed to query REG_DWORD value, Key:SOFTWARE\Microsoft\Windows Azure\CurrentVersion\AzureMonitorAgentExtension\47.4.1.0, name=AMAMultitenantServiceProcess, error=2, type=0
[2026-01-30 04:18:14.000]  [CheckIfMAServiceIsRunByExtension] ErrorCode:1205 INFO: Unable to read the m_registry for MA process. Assume it is not running.
[2026-01-30 04:18:14.000]  [AggregateHeartbeat] ErrorCode:0 INFO: Configured MA Service is not running on the node.
[2026-01-30 04:18:14.000]  [SetImdsEnvironmentVariable] ErrorCode:0 INFO: Querying IMDS information
[2026-01-30 04:18:14.000]  [SetImdsEnvironmentVariable] ErrorCode:-1 INFO: Preparing to call IMDS. Endpoint: http://169.254.169.254
[2026-01-30 04:18:14.000]  [QueryIMDSEndpoint] ErrorCode:0 INFO: Queried IMDS successfully.
[2026-01-30 04:18:14.000]  [GetValueFromJsonOrDefault] ErrorCode:0 INFO: Read Imds response field with Name:location Value: westus2
[2026-01-30 04:18:14.000]  [GetValueFromJsonOrDefault] ErrorCode:0 INFO: Read Imds response field with Name:name Value: amawin
[2026-01-30 04:18:14.000]  [GetValueFromJsonOrDefault] ErrorCode:0 INFO: Read Imds response field with Name:subscriptionId Value: 351651ce-5feb-4e59-975d-f1f344e2b717
[2026-01-30 04:18:14.000]  [GetValueFromJsonOrDefault] ErrorCode:0 INFO: Read Imds response field with Name:vmId Value: 22afd636-aec1-4782-9055-f85ea283dc20
[2026-01-30 04:18:14.000]  [GetValueFromJsonOrDefault] ErrorCode:0 INFO: Read Imds response field with Name:vmScaleSetName Value: 
[2026-01-30 04:18:14.000]  [GetValueFromJsonOrDefault] ErrorCode:0 INFO: Read Imds response field with Name:resourceGroupName Value: AMAWin_group
[2026-01-30 04:18:14.000]  [GetValueFromJsonOrDefault] ErrorCode:0 INFO: Read Imds response field with Name:osType Value: Windows
[2026-01-30 04:18:14.000]  [GetValueFromJsonOrDefault] ErrorCode:0 INFO: Read Imds response field with Name:resourceId Value: /subscriptions/351651ce-5feb-4e59-975d-f1f344e2b717/resourceGroups/AMAWin_group/providers/Microsoft.Compute/virtualMachines/amawin
[2026-01-30 04:18:14.000]  [GetValueFromJsonOrDefault] ErrorCode:0 INFO: Read Imds response field with Name:azEnvironment Value: AzurePublicCloud
[2026-01-30 04:18:14.000]  [SetImdsEnvironmentVariable] ErrorCode:0 INFO: Successfully set Environment variables from Imds
[2026-01-30 04:18:14.000]  [AggregateHeartbeat] ErrorCode:0 INFO: Completed heartbeat aggregation.
[2026-01-30 04:18:44.000]  [WriteHeartbeatToFile] ErrorCode:0 INFO: Sending the heartbeat.
[2026-01-30 04:18:44.000]  [WriteStatusToFile] ErrorCode:0 INFO: Sending the status.
[2026-01-30 04:18:44.000]  [WriteStatusToFile] ErrorCode:0 INFO: Done Sending the status.
[2026-01-30 04:18:44.000]  [WriteHeartbeatToFile] ErrorCode:0 INFO: Done Sending the heartbeat.
[2026-01-30 04:19:14.000]  [WriteHeartbeatToFile] ErrorCode:0 INFO: Sending the heartbeat.
[2026-01-30 04:19:14.000]  [WriteStatusToFile] ErrorCode:0 INFO: Sending the status.
[2026-01-30 04:19:14.000]  [WriteHeartbeatToFile] ErrorCode:0 INFO: Done Sending the heartbeat.
[2026-01-30 04:19:14.000]  [WriteStatusToFile] ErrorCode:0 INFO: Done Sending the status.
[2026-01-30 04:19:14.000]  [FindProcessById] ErrorCode:0 INFO: Attempt to find the process MetricsExtension.Native.exe with ID: 3300.
[2026-01-30 04:19:14.000]  [FindProcessById] ErrorCode:0 INFO: Running Process MetricsExtension.Native.exe found. ID: 3300.
[2026-01-30 04:19:14.000]  [StartMetricsExtension] ErrorCode:0 ERROR: Metrics extension is already running
[2026-01-30 04:19:44.000]  [WriteHeartbeatToFile] ErrorCode:0 INFO: Sending the heartbeat.
[2026-01-30 04:19:44.000]  [WriteStatusToFile] ErrorCode:0 INFO: Sending the status.
[2026-01-30 04:19:44.000]  [WriteStatusToFile] ErrorCode:0 INFO: Done Sending the status.
[2026-01-30 04:19:44.000]  [WriteHeartbeatToFile] ErrorCode:0 INFO: Done Sending the heartbeat.
[2026-01-30 04:20:14.000]  [WriteHeartbeatToFile] ErrorCode:0 INFO: Sending the heartbeat.
[2026-01-30 04:20:14.000]  [WriteStatusToFile] ErrorCode:0 INFO: Sending the status.
[2026-01-30 04:20:14.000]  [WriteHeartbeatToFile] ErrorCode:0 INFO: Done Sending the heartbeat.
[2026-01-30 04:20:14.000]  [WriteStatusToFile] ErrorCode:0 INFO: Done Sending the status.
[2026-01-30 04:20:14.000]  [FindProcessById] ErrorCode:0 INFO: Attempt to find the process MetricsExtension.Native.exe with ID: 3300.
[2026-01-30 04:20:14.000]  [FindProcessById] ErrorCode:0 INFO: Running Process MetricsExtension.Native.exe found. ID: 3300.
[2026-01-30 04:20:14.000]  [StartMetricsExtension] ErrorCode:0 ERROR: Metrics extension is already running
[2026-01-30 04:20:44.000]  [WriteStatusToFile] ErrorCode:0 INFO: Sending the status.
[2026-01-30 04:20:44.000]  [WriteHeartbeatToFile] ErrorCode:0 INFO: Sending the heartbeat.
[2026-01-30 04:20:44.000]  [WriteHeartbeatToFile] ErrorCode:0 INFO: Done Sending the heartbeat.
[2026-01-30 04:20:44.000]  [WriteStatusToFile] ErrorCode:0 INFO: Done Sending the status.
[2026-01-30 04:21:14.000]  [WriteStatusToFile] ErrorCode:0 INFO: Sending the status.
[2026-01-30 04:21:14.000]  [WriteHeartbeatToFile] ErrorCode:0 INFO: Sending the heartbeat.
[2026-01-30 04:21:14.000]  [WriteHeartbeatToFile] ErrorCode:0 INFO: Done Sending the heartbeat.
[2026-01-30 04:21:14.000]  [WriteStatusToFile] ErrorCode:0 INFO: Done Sending the status.
[2026-01-30 04:21:14.000]  [FindProcessById] ErrorCode:0 INFO: Attempt to find the process MetricsExtension.Native.exe with ID: 3300.
[2026-01-30 04:21:14.000]  [FindProcessById] ErrorCode:0 INFO: Running Process MetricsExtension.Native.exe found. ID: 3300.
[2026-01-30 04:21:14.000]  [StartMetricsExtension] ErrorCode:0 ERROR: Metrics extension is already running
[2026-01-30 04:21:44.000]  [WriteHeartbeatToFile] ErrorCode:0 INFO: Sending the heartbeat.
[2026-01-30 04:21:44.000]  [WriteStatusToFile] ErrorCode:0 INFO: Sending the status.
[2026-01-30 04:21:44.000]  [WriteStatusToFile] ErrorCode:0 INFO: Done Sending the status.
[2026-01-30 04:21:44.000]  [WriteHeartbeatToFile] ErrorCode:0 INFO: Done Sending the heartbeat.
[2026-01-30 04:22:14.000]  [WriteStatusToFile] ErrorCode:0 INFO: Sending the status.
[2026-01-30 04:22:14.000]  [WriteHeartbeatToFile] ErrorCode:0 INFO: Sending the heartbeat.
[2026-01-30 04:22:14.000]  [WriteHeartbeatToFile] ErrorCode:0 INFO: Done Sending the heartbeat.
[2026-01-30 04:22:14.000]  [WriteStatusToFile] ErrorCode:0 INFO: Done Sending the status.
[2026-01-30 04:22:14.000]  [FindProcessById] ErrorCode:0 INFO: Attempt to find the process MetricsExtension.Native.exe with ID: 3300.
[2026-01-30 04:22:14.000]  [FindProcessById] ErrorCode:0 INFO: Running Process MetricsExtension.Native.exe found. ID: 3300.
[2026-01-30 04:22:14.000]  [StartMetricsExtension] ErrorCode:0 ERROR: Metrics extension is already running
[2026-01-30 04:22:44.000]  [WriteHeartbeatToFile] ErrorCode:0 INFO: Sending the heartbeat.
[2026-01-30 04:22:44.000]  [WriteStatusToFile] ErrorCode:0 INFO: Sending the status.
[2026-01-30 04:22:44.000]  [WriteHeartbeatToFile] ErrorCode:0 INFO: Done Sending the heartbeat.
[2026-01-30 04:22:44.000]  [WriteStatusToFile] ErrorCode:0 INFO: Done Sending the status.
[2026-01-30 04:23:14.000]  [WriteHeartbeatToFile] ErrorCode:0 INFO: Sending the heartbeat.
[2026-01-30 04:23:14.000]  [WriteStatusToFile] ErrorCode:0 INFO: Sending the status.
[2026-01-30 04:23:14.000]  [WriteStatusToFile] ErrorCode:0 INFO: Done Sending the status.
[2026-01-30 04:23:14.000]  [WriteHeartbeatToFile] ErrorCode:0 INFO: Done Sending the heartbeat.
[2026-01-30 04:23:14.000]  [FindProcessById] ErrorCode:0 INFO: Attempt to find the process MetricsExtension.Native.exe with ID: 3300.
[2026-01-30 04:23:14.000]  [FindProcessById] ErrorCode:0 INFO: Running Process MetricsExtension.Native.exe found. ID: 3300.
[2026-01-30 04:23:14.000]  [StartMetricsExtension] ErrorCode:0 ERROR: Metrics extension is already running
[2026-01-30 04:23:14.000]  [AggregateHeartbeat] ErrorCode:0 INFO: Start heartbeat aggregation.
[2026-01-30 04:23:14.000]  [QueryRegValueDWORD] ErrorCode:0 INFO: Query Registry for Key:SOFTWARE\Microsoft\Windows Azure\CurrentVersion\AzureMonitorAgentExtension\47.4.1.0, Name:MaServiceProcess
[2026-01-30 04:23:14.000]  [QueryRegValueDWORD] ErrorCode:0 INFO: Query Registry for Key:SOFTWARE\Microsoft\Windows Azure\CurrentVersion\AzureMonitorAgentExtension\47.4.1.0, Name:MaServiceProcess, Value:5676
[2026-01-30 04:23:14.000]  [FindProcessById] ErrorCode:0 INFO: Attempt to find the process MonAgentLauncher.exe with ID: 5676.
[2026-01-30 04:23:14.000]  [FindProcessById] ErrorCode:0 INFO: Running Process MonAgentLauncher.exe found. ID: 5676.
[2026-01-30 04:23:14.000]  [CheckIfMAServiceIsRunByExtension] ErrorCode:0 INFO: The MA process is running based on the m_registry
[2026-01-30 04:23:14.000]  [QueryRegValueDWORD] ErrorCode:0 INFO: Query Registry for Key:SOFTWARE\Microsoft\Windows Azure\CurrentVersion\AzureMonitorAgentExtension\47.4.1.0, Name:AMAMultitenantServiceProcess
[2026-01-30 04:23:14.000]  [QueryRegValueDWORD] ErrorCode:0 ERROR: RegQueryValueExA: failed to query REG_DWORD value, Key:SOFTWARE\Microsoft\Windows Azure\CurrentVersion\AzureMonitorAgentExtension\47.4.1.0, name=AMAMultitenantServiceProcess, error=2, type=0
[2026-01-30 04:23:14.000]  [CheckIfMAServiceIsRunByExtension] ErrorCode:1205 INFO: Unable to read the m_registry for MA process. Assume it is not running.
[2026-01-30 04:23:14.000]  [AggregateHeartbeat] ErrorCode:0 INFO: Configured MA Service is not running on the node.
[2026-01-30 04:23:14.000]  [SetImdsEnvironmentVariable] ErrorCode:0 INFO: Querying IMDS information
[2026-01-30 04:23:14.000]  [SetImdsEnvironmentVariable] ErrorCode:-1 INFO: Preparing to call IMDS. Endpoint: http://169.254.169.254
[2026-01-30 04:23:14.000]  [QueryIMDSEndpoint] ErrorCode:0 INFO: Queried IMDS successfully.
[2026-01-30 04:23:14.000]  [GetValueFromJsonOrDefault] ErrorCode:0 INFO: Read Imds response field with Name:location Value: westus2
[2026-01-30 04:23:14.000]  [GetValueFromJsonOrDefault] ErrorCode:0 INFO: Read Imds response field with Name:name Value: amawin
[2026-01-30 04:23:14.000]  [GetValueFromJsonOrDefault] ErrorCode:0 INFO: Read Imds response field with Name:subscriptionId Value: 351651ce-5feb-4e59-975d-f1f344e2b717
[2026-01-30 04:23:14.000]  [GetValueFromJsonOrDefault] ErrorCode:0 INFO: Read Imds response field with Name:vmId Value: 22afd636-aec1-4782-9055-f85ea283dc20
[2026-01-30 04:23:14.000]  [GetValueFromJsonOrDefault] ErrorCode:0 INFO: Read Imds response field with Name:vmScaleSetName Value: 
[2026-01-30 04:23:14.000]  [GetValueFromJsonOrDefault] ErrorCode:0 INFO: Read Imds response field with Name:resourceGroupName Value: AMAWin_group
[2026-01-30 04:23:14.000]  [GetValueFromJsonOrDefault] ErrorCode:0 INFO: Read Imds response field with Name:osType Value: Windows
[2026-01-30 04:23:14.000]  [GetValueFromJsonOrDefault] ErrorCode:0 INFO: Read Imds response field with Name:resourceId Value: /subscriptions/351651ce-5feb-4e59-975d-f1f344e2b717/resourceGroups/AMAWin_group/providers/Microsoft.Compute/virtualMachines/amawin
[2026-01-30 04:23:14.000]  [GetValueFromJsonOrDefault] ErrorCode:0 INFO: Read Imds response field with Name:azEnvironment Value: AzurePublicCloud
[2026-01-30 04:23:14.000]  [SetImdsEnvironmentVariable] ErrorCode:0 INFO: Successfully set Environment variables from Imds
[2026-01-30 04:23:14.000]  [AggregateHeartbeat] ErrorCode:0 INFO: Completed heartbeat aggregation.
[2026-01-30 04:23:44.000]  [WriteHeartbeatToFile] ErrorCode:0 INFO: Sending the heartbeat.
[2026-01-30 04:23:44.000]  [WriteStatusToFile] ErrorCode:0 INFO: Sending the status.
[2026-01-30 04:23:44.000]  [WriteStatusToFile] ErrorCode:0 INFO: Done Sending the status.
[2026-01-30 04:23:44.000]  [WriteHeartbeatToFile] ErrorCode:0 INFO: Done Sending the heartbeat.
[2026-01-30 04:24:14.000]  [WriteHeartbeatToFile] ErrorCode:0 INFO: Sending the heartbeat.
[2026-01-30 04:24:14.000]  [WriteStatusToFile] ErrorCode:0 INFO: Sending the status.
[2026-01-30 04:24:14.000]  [WriteHeartbeatToFile] ErrorCode:0 INFO: Done Sending the heartbeat.
[2026-01-30 04:24:14.000]  [WriteStatusToFile] ErrorCode:0 INFO: Done Sending the status.
[2026-01-30 04:24:14.000]  [FindProcessById] ErrorCode:0 INFO: Attempt to find the process MetricsExtension.Native.exe with ID: 3300.
[2026-01-30 04:24:14.000]  [FindProcessById] ErrorCode:0 INFO: Running Process MetricsExtension.Native.exe found. ID: 3300.
[2026-01-30 04:24:14.000]  [StartMetricsExtension] ErrorCode:0 ERROR: Metrics extension is already running
[2026-01-30 04:24:44.000]  [WriteHeartbeatToFile] ErrorCode:0 INFO: Sending the heartbeat.
[2026-01-30 04:24:44.000]  [WriteStatusToFile] ErrorCode:0 INFO: Sending the status.
[2026-01-30 04:24:44.000]  [WriteHeartbeatToFile] ErrorCode:0 INFO: Done Sending the heartbeat.
[2026-01-30 04:24:44.000]  [WriteStatusToFile] ErrorCode:0 INFO: Done Sending the status.
[2026-01-30 04:25:14.000]  [WriteStatusToFile] ErrorCode:0 INFO: Sending the status.
[2026-01-30 04:25:14.000]  [WriteHeartbeatToFile] ErrorCode:0 INFO: Sending the heartbeat.
[2026-01-30 04:25:14.000]  [WriteHeartbeatToFile] ErrorCode:0 INFO: Done Sending the heartbeat.
[2026-01-30 04:25:14.000]  [WriteStatusToFile] ErrorCode:0 INFO: Done Sending the status.
[2026-01-30 04:25:14.000]  [FindProcessById] ErrorCode:0 INFO: Attempt to find the process MetricsExtension.Native.exe with ID: 3300.
[2026-01-30 04:25:14.000]  [FindProcessById] ErrorCode:0 INFO: Running Process MetricsExtension.Native.exe found. ID: 3300.
[2026-01-30 04:25:14.000]  [StartMetricsExtension] ErrorCode:0 ERROR: Metrics extension is already running
[2026-01-30 04:25:44.000]  [WriteStatusToFile] ErrorCode:0 INFO: Sending the status.
[2026-01-30 04:25:44.000]  [WriteHeartbeatToFile] ErrorCode:0 INFO: Sending the heartbeat.
[2026-01-30 04:25:44.000]  [WriteHeartbeatToFile] ErrorCode:0 INFO: Done Sending the heartbeat.
[2026-01-30 04:25:44.000]  [WriteStatusToFile] ErrorCode:0 INFO: Done Sending the status.
[2026-01-30 04:26:14.000]  [WriteStatusToFile] ErrorCode:0 INFO: Sending the status.
[2026-01-30 04:26:14.000]  [WriteHeartbeatToFile] ErrorCode:0 INFO: Sending the heartbeat.
[2026-01-30 04:26:14.000]  [WriteStatusToFile] ErrorCode:0 INFO: Done Sending the status.
[2026-01-30 04:26:14.000]  [WriteHeartbeatToFile] ErrorCode:0 INFO: Done Sending the heartbeat.
[2026-01-30 04:26:14.000]  [FindProcessById] ErrorCode:0 INFO: Attempt to find the process MetricsExtension.Native.exe with ID: 3300.
[2026-01-30 04:26:14.000]  [FindProcessById] ErrorCode:0 INFO: Running Process MetricsExtension.Native.exe found. ID: 3300.
[2026-01-30 04:26:14.000]  [StartMetricsExtension] ErrorCode:0 ERROR: Metrics extension is already running
[2026-01-30 04:26:44.000]  [WriteStatusToFile] ErrorCode:0 INFO: Sending the status.
[2026-01-30 04:26:44.000]  [WriteHeartbeatToFile] ErrorCode:0 INFO: Sending the heartbeat.
[2026-01-30 04:26:44.000]  [WriteHeartbeatToFile] ErrorCode:0 INFO: Done Sending the heartbeat.
[2026-01-30 04:26:44.000]  [WriteStatusToFile] ErrorCode:0 INFO: Done Sending the status.
[2026-01-30 04:27:14.000]  [WriteHeartbeatToFile] ErrorCode:0 INFO: Sending the heartbeat.
[2026-01-30 04:27:14.000]  [WriteStatusToFile] ErrorCode:0 INFO: Sending the status.
[2026-01-30 04:27:14.000]  [WriteHeartbeatToFile] ErrorCode:0 INFO: Done Sending the heartbeat.
[2026-01-30 04:27:14.000]  [WriteStatusToFile] ErrorCode:0 INFO: Done Sending the status.
[2026-01-30 04:27:14.000]  [FindProcessById] ErrorCode:0 INFO: Attempt to find the process MetricsExtension.Native.exe with ID: 3300.
[2026-01-30 04:27:14.000]  [FindProcessById] ErrorCode:0 INFO: Running Process MetricsExtension.Native.exe found. ID: 3300.
[2026-01-30 04:27:14.000]  [StartMetricsExtension] ErrorCode:0 ERROR: Metrics extension is already running
[2026-01-30 04:27:44.000]  [WriteHeartbeatToFile] ErrorCode:0 INFO: Sending the heartbeat.
[2026-01-30 04:27:44.000]  [WriteStatusToFile] ErrorCode:0 INFO: Sending the status.
[2026-01-30 04:27:44.000]  [WriteStatusToFile] ErrorCode:0 INFO: Done Sending the status.
[2026-01-30 04:27:44.000]  [WriteHeartbeatToFile] ErrorCode:0 INFO: Done Sending the heartbeat.
[2026-01-30 04:28:14.000]  [WriteHeartbeatToFile] ErrorCode:0 INFO: Sending the heartbeat.
[2026-01-30 04:28:14.000]  [WriteStatusToFile] ErrorCode:0 INFO: Sending the status.
[2026-01-30 04:28:14.000]  [WriteStatusToFile] ErrorCode:0 INFO: Done Sending the status.
[2026-01-30 04:28:14.000]  [WriteHeartbeatToFile] ErrorCode:0 INFO: Done Sending the heartbeat.
[2026-01-30 04:28:14.000]  [FindProcessById] ErrorCode:0 INFO: Attempt to find the process MetricsExtension.Native.exe with ID: 3300.
[2026-01-30 04:28:14.000]  [FindProcessById] ErrorCode:0 INFO: Running Process MetricsExtension.Native.exe found. ID: 3300.
[2026-01-30 04:28:14.000]  [StartMetricsExtension] ErrorCode:0 ERROR: Metrics extension is already running
[2026-01-30 04:28:14.000]  [AggregateHeartbeat] ErrorCode:0 INFO: Start heartbeat aggregation.
[2026-01-30 04:28:14.000]  [QueryRegValueDWORD] ErrorCode:0 INFO: Query Registry for Key:SOFTWARE\Microsoft\Windows Azure\CurrentVersion\AzureMonitorAgentExtension\47.4.1.0, Name:MaServiceProcess
[2026-01-30 04:28:14.000]  [QueryRegValueDWORD] ErrorCode:0 INFO: Query Registry for Key:SOFTWARE\Microsoft\Windows Azure\CurrentVersion\AzureMonitorAgentExtension\47.4.1.0, Name:MaServiceProcess, Value:5676
[2026-01-30 04:28:14.000]  [FindProcessById] ErrorCode:0 INFO: Attempt to find the process MonAgentLauncher.exe with ID: 5676.
[2026-01-30 04:28:14.000]  [FindProcessById] ErrorCode:0 INFO: Running Process MonAgentLauncher.exe found. ID: 5676.
[2026-01-30 04:28:14.000]  [CheckIfMAServiceIsRunByExtension] ErrorCode:0 INFO: The MA process is running based on the m_registry
[2026-01-30 04:28:14.000]  [QueryRegValueDWORD] ErrorCode:0 INFO: Query Registry for Key:SOFTWARE\Microsoft\Windows Azure\CurrentVersion\AzureMonitorAgentExtension\47.4.1.0, Name:AMAMultitenantServiceProcess
[2026-01-30 04:28:14.000]  [QueryRegValueDWORD] ErrorCode:0 ERROR: RegQueryValueExA: failed to query REG_DWORD value, Key:SOFTWARE\Microsoft\Windows Azure\CurrentVersion\AzureMonitorAgentExtension\47.4.1.0, name=AMAMultitenantServiceProcess, error=2, type=0
[2026-01-30 04:28:14.000]  [CheckIfMAServiceIsRunByExtension] ErrorCode:1205 INFO: Unable to read the m_registry for MA process. Assume it is not running.
[2026-01-30 04:28:14.000]  [AggregateHeartbeat] ErrorCode:0 INFO: Configured MA Service is not running on the node.
[2026-01-30 04:28:14.000]  [SetImdsEnvironmentVariable] ErrorCode:0 INFO: Querying IMDS information
[2026-01-30 04:28:14.000]  [SetImdsEnvironmentVariable] ErrorCode:-1 INFO: Preparing to call IMDS. Endpoint: http://169.254.169.254
[2026-01-30 04:28:14.000]  [QueryIMDSEndpoint] ErrorCode:0 INFO: Queried IMDS successfully.
[2026-01-30 04:28:14.000]  [GetValueFromJsonOrDefault] ErrorCode:0 INFO: Read Imds response field with Name:location Value: westus2
[2026-01-30 04:28:14.000]  [GetValueFromJsonOrDefault] ErrorCode:0 INFO: Read Imds response field with Name:name Value: amawin
[2026-01-30 04:28:14.000]  [GetValueFromJsonOrDefault] ErrorCode:0 INFO: Read Imds response field with Name:subscriptionId Value: 351651ce-5feb-4e59-975d-f1f344e2b717
[2026-01-30 04:28:14.000]  [GetValueFromJsonOrDefault] ErrorCode:0 INFO: Read Imds response field with Name:vmId Value: 22afd636-aec1-4782-9055-f85ea283dc20
[2026-01-30 04:28:14.000]  [GetValueFromJsonOrDefault] ErrorCode:0 INFO: Read Imds response field with Name:vmScaleSetName Value: 
[2026-01-30 04:28:14.000]  [GetValueFromJsonOrDefault] ErrorCode:0 INFO: Read Imds response field with Name:resourceGroupName Value: AMAWin_group
[2026-01-30 04:28:14.000]  [GetValueFromJsonOrDefault] ErrorCode:0 INFO: Read Imds response field with Name:osType Value: Windows
[2026-01-30 04:28:14.000]  [GetValueFromJsonOrDefault] ErrorCode:0 INFO: Read Imds response field with Name:resourceId Value: /subscriptions/351651ce-5feb-4e59-975d-f1f344e2b717/resourceGroups/AMAWin_group/providers/Microsoft.Compute/virtualMachines/amawin
[2026-01-30 04:28:14.000]  [GetValueFromJsonOrDefault] ErrorCode:0 INFO: Read Imds response field with Name:azEnvironment Value: AzurePublicCloud
[2026-01-30 04:28:14.000]  [SetImdsEnvironmentVariable] ErrorCode:0 INFO: Successfully set Environment variables from Imds
[2026-01-30 04:28:14.000]  [AggregateHeartbeat] ErrorCode:0 INFO: Completed heartbeat aggregation.
[2026-01-30 04:28:44.000]  [WriteHeartbeatToFile] ErrorCode:0 INFO: Sending the heartbeat.
[2026-01-30 04:28:44.000]  [WriteStatusToFile] ErrorCode:0 INFO: Sending the status.
[2026-01-30 04:28:44.000]  [WriteStatusToFile] ErrorCode:0 INFO: Done Sending the status.
[2026-01-30 04:28:44.000]  [WriteHeartbeatToFile] ErrorCode:0 INFO: Done Sending the heartbeat.
[2026-01-30 04:29:14.000]  [WriteStatusToFile] ErrorCode:0 INFO: Sending the status.
[2026-01-30 04:29:14.000]  [WriteHeartbeatToFile] ErrorCode:0 INFO: Sending the heartbeat.
[2026-01-30 04:29:14.000]  [WriteStatusToFile] ErrorCode:0 INFO: Done Sending the status.
[2026-01-30 04:29:14.000]  [WriteHeartbeatToFile] ErrorCode:0 INFO: Done Sending the heartbeat.
[2026-01-30 04:29:14.000]  [FindProcessById] ErrorCode:0 INFO: Attempt to find the process MetricsExtension.Native.exe with ID: 3300.
[2026-01-30 04:29:14.000]  [FindProcessById] ErrorCode:0 INFO: Running Process MetricsExtension.Native.exe found. ID: 3300.
[2026-01-30 04:29:14.000]  [StartMetricsExtension] ErrorCode:0 ERROR: Metrics extension is already running
[2026-01-30 04:29:44.000]  [WriteHeartbeatToFile] ErrorCode:0 INFO: Sending the heartbeat.
[2026-01-30 04:29:44.000]  [WriteStatusToFile] ErrorCode:0 INFO: Sending the status.
[2026-01-30 04:29:44.000]  [WriteStatusToFile] ErrorCode:0 INFO: Done Sending the status.
[2026-01-30 04:29:44.000]  [WriteHeartbeatToFile] ErrorCode:0 INFO: Done Sending the heartbeat.
[2026-01-30 04:30:14.000]  [WriteHeartbeatToFile] ErrorCode:0 INFO: Sending the heartbeat.
[2026-01-30 04:30:14.000]  [WriteStatusToFile] ErrorCode:0 INFO: Sending the status.
[2026-01-30 04:30:14.000]  [WriteStatusToFile] ErrorCode:0 INFO: Done Sending the status.
[2026-01-30 04:30:14.000]  [WriteHeartbeatToFile] ErrorCode:0 INFO: Done Sending the heartbeat.
[2026-01-30 04:30:14.000]  [FindProcessById] ErrorCode:0 INFO: Attempt to find the process MetricsExtension.Native.exe with ID: 3300.
[2026-01-30 04:30:14.000]  [FindProcessById] ErrorCode:0 INFO: Running Process MetricsExtension.Native.exe found. ID: 3300.
[2026-01-30 04:30:14.000]  [StartMetricsExtension] ErrorCode:0 ERROR: Metrics extension is already running
[2026-01-30 04:30:44.000]  [WriteHeartbeatToFile] ErrorCode:0 INFO: Sending the heartbeat.
[2026-01-30 04:30:44.000]  [WriteStatusToFile] ErrorCode:0 INFO: Sending the status.
[2026-01-30 04:30:44.000]  [WriteStatusToFile] ErrorCode:0 INFO: Done Sending the status.
[2026-01-30 04:30:44.000]  [WriteHeartbeatToFile] ErrorCode:0 INFO: Done Sending the heartbeat.
[2026-01-30 04:31:14.000]  [WriteStatusToFile] ErrorCode:0 INFO: Sending the status.
[2026-01-30 04:31:14.000]  [WriteHeartbeatToFile] ErrorCode:0 INFO: Sending the heartbeat.
[2026-01-30 04:31:14.000]  [WriteHeartbeatToFile] ErrorCode:0 INFO: Done Sending the heartbeat.
[2026-01-30 04:31:14.000]  [WriteStatusToFile] ErrorCode:0 INFO: Done Sending the status.
[2026-01-30 04:31:14.000]  [FindProcessById] ErrorCode:0 INFO: Attempt to find the process MetricsExtension.Native.exe with ID: 3300.
[2026-01-30 04:31:14.000]  [FindProcessById] ErrorCode:0 INFO: Running Process MetricsExtension.Native.exe found. ID: 3300.
[2026-01-30 04:31:14.000]  [StartMetricsExtension] ErrorCode:0 ERROR: Metrics extension is already running
[2026-01-30 04:31:44.000]  [WriteStatusToFile] ErrorCode:0 INFO: Sending the status.
[2026-01-30 04:31:44.000]  [WriteHeartbeatToFile] ErrorCode:0 INFO: Sending the heartbeat.
[2026-01-30 04:31:44.000]  [WriteHeartbeatToFile] ErrorCode:0 INFO: Done Sending the heartbeat.
[2026-01-30 04:31:44.000]  [WriteStatusToFile] ErrorCode:0 INFO: Done Sending the status.
[2026-01-30 04:32:14.000]  [WriteHeartbeatToFile] ErrorCode:0 INFO: Sending the heartbeat.
[2026-01-30 04:32:14.000]  [WriteStatusToFile] ErrorCode:0 INFO: Sending the status.
[2026-01-30 04:32:14.000]  [WriteHeartbeatToFile] ErrorCode:0 INFO: Done Sending the heartbeat.
[2026-01-30 04:32:14.000]  [WriteStatusToFile] ErrorCode:0 INFO: Done Sending the status.
[2026-01-30 04:32:14.000]  [FindProcessById] ErrorCode:0 INFO: Attempt to find the process MetricsExtension.Native.exe with ID: 3300.
[2026-01-30 04:32:14.000]  [FindProcessById] ErrorCode:0 INFO: Running Process MetricsExtension.Native.exe found. ID: 3300.
[2026-01-30 04:32:14.000]  [StartMetricsExtension] ErrorCode:0 ERROR: Metrics extension is already running
[2026-01-30 04:32:44.000]  [WriteStatusToFile] ErrorCode:0 INFO: Sending the status.
[2026-01-30 04:32:44.000]  [WriteHeartbeatToFile] ErrorCode:0 INFO: Sending the heartbeat.
[2026-01-30 04:32:44.000]  [WriteStatusToFile] ErrorCode:0 INFO: Done Sending the status.
[2026-01-30 04:32:44.000]  [WriteHeartbeatToFile] ErrorCode:0 INFO: Done Sending the heartbeat.
[2026-01-30 04:33:14.000]  [WriteHeartbeatToFile] ErrorCode:0 INFO: Sending the heartbeat.
[2026-01-30 04:33:14.000]  [WriteStatusToFile] ErrorCode:0 INFO: Sending the status.
[2026-01-30 04:33:14.000]  [WriteHeartbeatToFile] ErrorCode:0 INFO: Done Sending the heartbeat.
[2026-01-30 04:33:14.000]  [WriteStatusToFile] ErrorCode:0 INFO: Done Sending the status.
[2026-01-30 04:33:14.000]  [FindProcessById] ErrorCode:0 INFO: Attempt to find the process MetricsExtension.Native.exe with ID: 3300.
[2026-01-30 04:33:14.000]  [FindProcessById] ErrorCode:0 INFO: Running Process MetricsExtension.Native.exe found. ID: 3300.
[2026-01-30 04:33:14.000]  [StartMetricsExtension] ErrorCode:0 ERROR: Metrics extension is already running
[2026-01-30 04:33:14.000]  [AggregateHeartbeat] ErrorCode:0 INFO: Start heartbeat aggregation.
[2026-01-30 04:33:14.000]  [QueryRegValueDWORD] ErrorCode:0 INFO: Query Registry for Key:SOFTWARE\Microsoft\Windows Azure\CurrentVersion\AzureMonitorAgentExtension\47.4.1.0, Name:MaServiceProcess
[2026-01-30 04:33:14.000]  [QueryRegValueDWORD] ErrorCode:0 INFO: Query Registry for Key:SOFTWARE\Microsoft\Windows Azure\CurrentVersion\AzureMonitorAgentExtension\47.4.1.0, Name:MaServiceProcess, Value:5676
[2026-01-30 04:33:14.000]  [FindProcessById] ErrorCode:0 INFO: Attempt to find the process MonAgentLauncher.exe with ID: 5676.
[2026-01-30 04:33:14.000]  [FindProcessById] ErrorCode:0 INFO: Running Process MonAgentLauncher.exe found. ID: 5676.
[2026-01-30 04:33:14.000]  [CheckIfMAServiceIsRunByExtension] ErrorCode:0 INFO: The MA process is running based on the m_registry
[2026-01-30 04:33:14.000]  [QueryRegValueDWORD] ErrorCode:0 INFO: Query Registry for Key:SOFTWARE\Microsoft\Windows Azure\CurrentVersion\AzureMonitorAgentExtension\47.4.1.0, Name:AMAMultitenantServiceProcess
[2026-01-30 04:33:14.000]  [QueryRegValueDWORD] ErrorCode:0 ERROR: RegQueryValueExA: failed to query REG_DWORD value, Key:SOFTWARE\Microsoft\Windows Azure\CurrentVersion\AzureMonitorAgentExtension\47.4.1.0, name=AMAMultitenantServiceProcess, error=2, type=0
[2026-01-30 04:33:14.000]  [CheckIfMAServiceIsRunByExtension] ErrorCode:1205 INFO: Unable to read the m_registry for MA process. Assume it is not running.
[2026-01-30 04:33:14.000]  [AggregateHeartbeat] ErrorCode:0 INFO: Configured MA Service is not running on the node.
[2026-01-30 04:33:14.000]  [SetImdsEnvironmentVariable] ErrorCode:0 INFO: Querying IMDS information
[2026-01-30 04:33:14.000]  [SetImdsEnvironmentVariable] ErrorCode:-1 INFO: Preparing to call IMDS. Endpoint: http://169.254.169.254
[2026-01-30 04:33:15.000]  [QueryIMDSEndpoint] ErrorCode:0 INFO: Queried IMDS successfully.
[2026-01-30 04:33:15.000]  [GetValueFromJsonOrDefault] ErrorCode:0 INFO: Read Imds response field with Name:location Value: westus2
[2026-01-30 04:33:15.000]  [GetValueFromJsonOrDefault] ErrorCode:0 INFO: Read Imds response field with Name:name Value: amawin
[2026-01-30 04:33:15.000]  [GetValueFromJsonOrDefault] ErrorCode:0 INFO: Read Imds response field with Name:subscriptionId Value: 351651ce-5feb-4e59-975d-f1f344e2b717
[2026-01-30 04:33:15.000]  [GetValueFromJsonOrDefault] ErrorCode:0 INFO: Read Imds response field with Name:vmId Value: 22afd636-aec1-4782-9055-f85ea283dc20
[2026-01-30 04:33:15.000]  [GetValueFromJsonOrDefault] ErrorCode:0 INFO: Read Imds response field with Name:vmScaleSetName Value: 
[2026-01-30 04:33:15.000]  [GetValueFromJsonOrDefault] ErrorCode:0 INFO: Read Imds response field with Name:resourceGroupName Value: AMAWin_group
[2026-01-30 04:33:15.000]  [GetValueFromJsonOrDefault] ErrorCode:0 INFO: Read Imds response field with Name:osType Value: Windows
[2026-01-30 04:33:15.000]  [GetValueFromJsonOrDefault] ErrorCode:0 INFO: Read Imds response field with Name:resourceId Value: /subscriptions/351651ce-5feb-4e59-975d-f1f344e2b717/resourceGroups/AMAWin_group/providers/Microsoft.Compute/virtualMachines/amawin
[2026-01-30 04:33:15.000]  [GetValueFromJsonOrDefault] ErrorCode:0 INFO: Read Imds response field with Name:azEnvironment Value: AzurePublicCloud
[2026-01-30 04:33:15.000]  [SetImdsEnvironmentVariable] ErrorCode:0 INFO: Successfully set Environment variables from Imds
[2026-01-30 04:33:15.000]  [AggregateHeartbeat] ErrorCode:0 INFO: Completed heartbeat aggregation.
[2026-01-30 04:33:44.000]  [WriteHeartbeatToFile] ErrorCode:0 INFO: Sending the heartbeat.
[2026-01-30 04:33:44.000]  [WriteStatusToFile] ErrorCode:0 INFO: Sending the status.
[2026-01-30 04:33:44.000]  [WriteHeartbeatToFile] ErrorCode:0 INFO: Done Sending the heartbeat.
[2026-01-30 04:33:44.000]  [WriteStatusToFile] ErrorCode:0 INFO: Done Sending the status.
[2026-01-30 04:34:14.000]  [WriteStatusToFile] ErrorCode:0 INFO: Sending the status.
[2026-01-30 04:34:14.000]  [WriteHeartbeatToFile] ErrorCode:0 INFO: Sending the heartbeat.
[2026-01-30 04:34:14.000]  [WriteHeartbeatToFile] ErrorCode:0 INFO: Done Sending the heartbeat.
[2026-01-30 04:34:14.000]  [WriteStatusToFile] ErrorCode:0 INFO: Done Sending the status.
[2026-01-30 04:34:15.000]  [FindProcessById] ErrorCode:0 INFO: Attempt to find the process MetricsExtension.Native.exe with ID: 3300.
[2026-01-30 04:34:15.000]  [FindProcessById] ErrorCode:0 INFO: Running Process MetricsExtension.Native.exe found. ID: 3300.
[2026-01-30 04:34:15.000]  [StartMetricsExtension] ErrorCode:0 ERROR: Metrics extension is already running
[2026-01-30 04:34:44.000]  [WriteHeartbeatToFile] ErrorCode:0 INFO: Sending the heartbeat.
[2026-01-30 04:34:44.000]  [WriteStatusToFile] ErrorCode:0 INFO: Sending the status.
[2026-01-30 04:34:44.000]  [WriteHeartbeatToFile] ErrorCode:0 INFO: Done Sending the heartbeat.
[2026-01-30 04:34:44.000]  [WriteStatusToFile] ErrorCode:0 INFO: Done Sending the status.
[2026-01-30 04:35:14.000]  [WriteStatusToFile] ErrorCode:0 INFO: Sending the status.
[2026-01-30 04:35:14.000]  [WriteHeartbeatToFile] ErrorCode:0 INFO: Sending the heartbeat.
[2026-01-30 04:35:14.000]  [WriteStatusToFile] ErrorCode:0 INFO: Done Sending the status.
[2026-01-30 04:35:14.000]  [WriteHeartbeatToFile] ErrorCode:0 INFO: Done Sending the heartbeat.
[2026-01-30 04:35:15.000]  [FindProcessById] ErrorCode:0 INFO: Attempt to find the process MetricsExtension.Native.exe with ID: 3300.
[2026-01-30 04:35:15.000]  [FindProcessById] ErrorCode:0 INFO: Running Process MetricsExtension.Native.exe found. ID: 3300.
[2026-01-30 04:35:15.000]  [StartMetricsExtension] ErrorCode:0 ERROR: Metrics extension is already running
[2026-01-30 04:35:44.000]  [WriteHeartbeatToFile] ErrorCode:0 INFO: Sending the heartbeat.
[2026-01-30 04:35:44.000]  [WriteStatusToFile] ErrorCode:0 INFO: Sending the status.
[2026-01-30 04:35:44.000]  [WriteStatusToFile] ErrorCode:0 INFO: Done Sending the status.
[2026-01-30 04:35:44.000]  [WriteHeartbeatToFile] ErrorCode:0 INFO: Done Sending the heartbeat.
[2026-01-30 04:36:14.000]  [WriteHeartbeatToFile] ErrorCode:0 INFO: Sending the heartbeat.
[2026-01-30 04:36:14.000]  [WriteStatusToFile] ErrorCode:0 INFO: Sending the status.
[2026-01-30 04:36:14.000]  [WriteStatusToFile] ErrorCode:0 INFO: Done Sending the status.
[2026-01-30 04:36:14.000]  [WriteHeartbeatToFile] ErrorCode:0 INFO: Done Sending the heartbeat.
[2026-01-30 04:36:15.000]  [FindProcessById] ErrorCode:0 INFO: Attempt to find the process MetricsExtension.Native.exe with ID: 3300.
[2026-01-30 04:36:15.000]  [FindProcessById] ErrorCode:0 INFO: Running Process MetricsExtension.Native.exe found. ID: 3300.
[2026-01-30 04:36:15.000]  [StartMetricsExtension] ErrorCode:0 ERROR: Metrics extension is already running
[2026-01-30 04:36:45.000]  [WriteHeartbeatToFile] ErrorCode:0 INFO: Sending the heartbeat.
[2026-01-30 04:36:45.000]  [WriteStatusToFile] ErrorCode:0 INFO: Sending the status.
[2026-01-30 04:36:45.000]  [WriteHeartbeatToFile] ErrorCode:0 INFO: Done Sending the heartbeat.
[2026-01-30 04:36:45.000]  [WriteStatusToFile] ErrorCode:0 INFO: Done Sending the status.
[2026-01-30 04:37:15.000]  [WriteStatusToFile] ErrorCode:0 INFO: Sending the status.
[2026-01-30 04:37:15.000]  [WriteHeartbeatToFile] ErrorCode:0 INFO: Sending the heartbeat.
[2026-01-30 04:37:15.000]  [WriteStatusToFile] ErrorCode:0 INFO: Done Sending the status.
[2026-01-30 04:37:15.000]  [WriteHeartbeatToFile] ErrorCode:0 INFO: Done Sending the heartbeat.
[2026-01-30 04:37:15.000]  [FindProcessById] ErrorCode:0 INFO: Attempt to find the process MetricsExtension.Native.exe with ID: 3300.
[2026-01-30 04:37:15.000]  [FindProcessById] ErrorCode:0 INFO: Running Process MetricsExtension.Native.exe found. ID: 3300.
[2026-01-30 04:37:15.000]  [StartMetricsExtension] ErrorCode:0 ERROR: Metrics extension is already running
[2026-01-30 04:37:45.000]  [WriteStatusToFile] ErrorCode:0 INFO: Sending the status.
[2026-01-30 04:37:45.000]  [WriteHeartbeatToFile] ErrorCode:0 INFO: Sending the heartbeat.
[2026-01-30 04:37:45.000]  [WriteHeartbeatToFile] ErrorCode:0 INFO: Done Sending the heartbeat.
[2026-01-30 04:37:45.000]  [WriteStatusToFile] ErrorCode:0 INFO: Done Sending the status.
[2026-01-30 04:38:15.000]  [WriteStatusToFile] ErrorCode:0 INFO: Sending the status.
[2026-01-30 04:38:15.000]  [WriteHeartbeatToFile] ErrorCode:0 INFO: Sending the heartbeat.
[2026-01-30 04:38:15.000]  [WriteStatusToFile] ErrorCode:0 INFO: Done Sending the status.
[2026-01-30 04:38:15.000]  [WriteHeartbeatToFile] ErrorCode:0 INFO: Done Sending the heartbeat.
[2026-01-30 04:38:15.000]  [FindProcessById] ErrorCode:0 INFO: Attempt to find the process MetricsExtension.Native.exe with ID: 3300.
[2026-01-30 04:38:15.000]  [FindProcessById] ErrorCode:0 INFO: Running Process MetricsExtension.Native.exe found. ID: 3300.
[2026-01-30 04:38:15.000]  [StartMetricsExtension] ErrorCode:0 ERROR: Metrics extension is already running
[2026-01-30 04:38:15.000]  [AggregateHeartbeat] ErrorCode:0 INFO: Start heartbeat aggregation.
[2026-01-30 04:38:15.000]  [QueryRegValueDWORD] ErrorCode:0 INFO: Query Registry for Key:SOFTWARE\Microsoft\Windows Azure\CurrentVersion\AzureMonitorAgentExtension\47.4.1.0, Name:MaServiceProcess
[2026-01-30 04:38:15.000]  [QueryRegValueDWORD] ErrorCode:0 INFO: Query Registry for Key:SOFTWARE\Microsoft\Windows Azure\CurrentVersion\AzureMonitorAgentExtension\47.4.1.0, Name:MaServiceProcess, Value:5676
[2026-01-30 04:38:15.000]  [FindProcessById] ErrorCode:0 INFO: Attempt to find the process MonAgentLauncher.exe with ID: 5676.
[2026-01-30 04:38:15.000]  [FindProcessById] ErrorCode:0 INFO: Running Process MonAgentLauncher.exe found. ID: 5676.
[2026-01-30 04:38:15.000]  [CheckIfMAServiceIsRunByExtension] ErrorCode:0 INFO: The MA process is running based on the m_registry
[2026-01-30 04:38:15.000]  [QueryRegValueDWORD] ErrorCode:0 INFO: Query Registry for Key:SOFTWARE\Microsoft\Windows Azure\CurrentVersion\AzureMonitorAgentExtension\47.4.1.0, Name:AMAMultitenantServiceProcess
[2026-01-30 04:38:15.000]  [QueryRegValueDWORD] ErrorCode:0 ERROR: RegQueryValueExA: failed to query REG_DWORD value, Key:SOFTWARE\Microsoft\Windows Azure\CurrentVersion\AzureMonitorAgentExtension\47.4.1.0, name=AMAMultitenantServiceProcess, error=2, type=0
[2026-01-30 04:38:15.000]  [CheckIfMAServiceIsRunByExtension] ErrorCode:1205 INFO: Unable to read the m_registry for MA process. Assume it is not running.
[2026-01-30 04:38:15.000]  [AggregateHeartbeat] ErrorCode:0 INFO: Configured MA Service is not running on the node.
[2026-01-30 04:38:15.000]  [SetImdsEnvironmentVariable] ErrorCode:0 INFO: Querying IMDS information
[2026-01-30 04:38:15.000]  [SetImdsEnvironmentVariable] ErrorCode:-1 INFO: Preparing to call IMDS. Endpoint: http://169.254.169.254
[2026-01-30 04:38:15.000]  [QueryIMDSEndpoint] ErrorCode:0 INFO: Queried IMDS successfully.
[2026-01-30 04:38:15.000]  [GetValueFromJsonOrDefault] ErrorCode:0 INFO: Read Imds response field with Name:location Value: westus2
[2026-01-30 04:38:15.000]  [GetValueFromJsonOrDefault] ErrorCode:0 INFO: Read Imds response field with Name:name Value: amawin
[2026-01-30 04:38:15.000]  [GetValueFromJsonOrDefault] ErrorCode:0 INFO: Read Imds response field with Name:subscriptionId Value: 351651ce-5feb-4e59-975d-f1f344e2b717
[2026-01-30 04:38:15.000]  [GetValueFromJsonOrDefault] ErrorCode:0 INFO: Read Imds response field with Name:vmId Value: 22afd636-aec1-4782-9055-f85ea283dc20
[2026-01-30 04:38:15.000]  [GetValueFromJsonOrDefault] ErrorCode:0 INFO: Read Imds response field with Name:vmScaleSetName Value: 
[2026-01-30 04:38:15.000]  [GetValueFromJsonOrDefault] ErrorCode:0 INFO: Read Imds response field with Name:resourceGroupName Value: AMAWin_group
[2026-01-30 04:38:15.000]  [GetValueFromJsonOrDefault] ErrorCode:0 INFO: Read Imds response field with Name:osType Value: Windows
[2026-01-30 04:38:15.000]  [GetValueFromJsonOrDefault] ErrorCode:0 INFO: Read Imds response field with Name:resourceId Value: /subscriptions/351651ce-5feb-4e59-975d-f1f344e2b717/resourceGroups/AMAWin_group/providers/Microsoft.Compute/virtualMachines/amawin
[2026-01-30 04:38:15.000]  [GetValueFromJsonOrDefault] ErrorCode:0 INFO: Read Imds response field with Name:azEnvironment Value: AzurePublicCloud
[2026-01-30 04:38:15.000]  [SetImdsEnvironmentVariable] ErrorCode:0 INFO: Successfully set Environment variables from Imds
[2026-01-30 04:38:15.000]  [AggregateHeartbeat] ErrorCode:0 INFO: Completed heartbeat aggregation.
[2026-01-30 04:38:45.000]  [WriteHeartbeatToFile] ErrorCode:0 INFO: Sending the heartbeat.
[2026-01-30 04:38:45.000]  [WriteStatusToFile] ErrorCode:0 INFO: Sending the status.
[2026-01-30 04:38:45.000]  [WriteStatusToFile] ErrorCode:0 INFO: Done Sending the status.
[2026-01-30 04:38:45.000]  [WriteHeartbeatToFile] ErrorCode:0 INFO: Done Sending the heartbeat.
[2026-01-30 04:39:15.000]  [WriteStatusToFile] ErrorCode:0 INFO: Sending the status.
[2026-01-30 04:39:15.000]  [WriteHeartbeatToFile] ErrorCode:0 INFO: Sending the heartbeat.
[2026-01-30 04:39:15.000]  [WriteHeartbeatToFile] ErrorCode:0 INFO: Done Sending the heartbeat.
[2026-01-30 04:39:15.000]  [WriteStatusToFile] ErrorCode:0 INFO: Done Sending the status.
[2026-01-30 04:39:15.000]  [FindProcessById] ErrorCode:0 INFO: Attempt to find the process MetricsExtension.Native.exe with ID: 3300.
[2026-01-30 04:39:15.000]  [FindProcessById] ErrorCode:0 INFO: Running Process MetricsExtension.Native.exe found. ID: 3300.
[2026-01-30 04:39:15.000]  [StartMetricsExtension] ErrorCode:0 ERROR: Metrics extension is already running
[2026-01-30 04:39:45.000]  [WriteHeartbeatToFile] ErrorCode:0 INFO: Sending the heartbeat.
[2026-01-30 04:39:45.000]  [WriteStatusToFile] ErrorCode:0 INFO: Sending the status.
[2026-01-30 04:39:45.000]  [WriteStatusToFile] ErrorCode:0 INFO: Done Sending the status.
[2026-01-30 04:39:45.000]  [WriteHeartbeatToFile] ErrorCode:0 INFO: Done Sending the heartbeat.
[2026-01-30 04:40:15.000]  [WriteHeartbeatToFile] ErrorCode:0 INFO: Sending the heartbeat.
[2026-01-30 04:40:15.000]  [WriteStatusToFile] ErrorCode:0 INFO: Sending the status.
[2026-01-30 04:40:15.000]  [WriteStatusToFile] ErrorCode:0 INFO: Done Sending the status.
[2026-01-30 04:40:15.000]  [WriteHeartbeatToFile] ErrorCode:0 INFO: Done Sending the heartbeat.
[2026-01-30 04:40:15.000]  [FindProcessById] ErrorCode:0 INFO: Attempt to find the process MetricsExtension.Native.exe with ID: 3300.
[2026-01-30 04:40:15.000]  [FindProcessById] ErrorCode:0 INFO: Running Process MetricsExtension.Native.exe found. ID: 3300.
[2026-01-30 04:40:15.000]  [StartMetricsExtension] ErrorCode:0 ERROR: Metrics extension is already running
[2026-01-30 04:40:45.000]  [WriteStatusToFile] ErrorCode:0 INFO: Sending the status.
[2026-01-30 04:40:45.000]  [WriteHeartbeatToFile] ErrorCode:0 INFO: Sending the heartbeat.
[2026-01-30 04:40:45.000]  [WriteStatusToFile] ErrorCode:0 INFO: Done Sending the status.
[2026-01-30 04:40:45.000]  [WriteHeartbeatToFile] ErrorCode:0 INFO: Done Sending the heartbeat.
[2026-01-30 04:41:15.000]  [WriteHeartbeatToFile] ErrorCode:0 INFO: Sending the heartbeat.
[2026-01-30 04:41:15.000]  [WriteStatusToFile] ErrorCode:0 INFO: Sending the status.
[2026-01-30 04:41:15.000]  [WriteHeartbeatToFile] ErrorCode:0 INFO: Done Sending the heartbeat.
[2026-01-30 04:41:15.000]  [WriteStatusToFile] ErrorCode:0 INFO: Done Sending the status.
[2026-01-30 04:41:15.000]  [FindProcessById] ErrorCode:0 INFO: Attempt to find the process MetricsExtension.Native.exe with ID: 3300.
[2026-01-30 04:41:15.000]  [FindProcessById] ErrorCode:0 INFO: Running Process MetricsExtension.Native.exe found. ID: 3300.
[2026-01-30 04:41:15.000]  [StartMetricsExtension] ErrorCode:0 ERROR: Metrics extension is already running
[2026-01-30 04:41:45.000]  [WriteHeartbeatToFile] ErrorCode:0 INFO: Sending the heartbeat.
[2026-01-30 04:41:45.000]  [WriteStatusToFile] ErrorCode:0 INFO: Sending the status.
[2026-01-30 04:41:45.000]  [WriteStatusToFile] ErrorCode:0 INFO: Done Sending the status.
[2026-01-30 04:41:45.000]  [WriteHeartbeatToFile] ErrorCode:0 INFO: Done Sending the heartbeat.
[2026-01-30 04:42:15.000]  [WriteHeartbeatToFile] ErrorCode:0 INFO: Sending the heartbeat.
[2026-01-30 04:42:15.000]  [WriteStatusToFile] ErrorCode:0 INFO: Sending the status.
[2026-01-30 04:42:15.000]  [WriteStatusToFile] ErrorCode:0 INFO: Done Sending the status.
[2026-01-30 04:42:15.000]  [WriteHeartbeatToFile] ErrorCode:0 INFO: Done Sending the heartbeat.
[2026-01-30 04:42:15.000]  [FindProcessById] ErrorCode:0 INFO: Attempt to find the process MetricsExtension.Native.exe with ID: 3300.
[2026-01-30 04:42:15.000]  [FindProcessById] ErrorCode:0 INFO: Running Process MetricsExtension.Native.exe found. ID: 3300.
[2026-01-30 04:42:15.000]  [StartMetricsExtension] ErrorCode:0 ERROR: Metrics extension is already running
[2026-01-30 04:42:45.000]  [WriteStatusToFile] ErrorCode:0 INFO: Sending the status.
[2026-01-30 04:42:45.000]  [WriteHeartbeatToFile] ErrorCode:0 INFO: Sending the heartbeat.
[2026-01-30 04:42:45.000]  [WriteHeartbeatToFile] ErrorCode:0 INFO: Done Sending the heartbeat.
[2026-01-30 04:42:45.000]  [WriteStatusToFile] ErrorCode:0 INFO: Done Sending the status.
[2026-01-30 04:43:15.000]  [WriteHeartbeatToFile] ErrorCode:0 INFO: Sending the heartbeat.
[2026-01-30 04:43:15.000]  [WriteStatusToFile] ErrorCode:0 INFO: Sending the status.
[2026-01-30 04:43:15.000]  [WriteHeartbeatToFile] ErrorCode:0 INFO: Done Sending the heartbeat.
[2026-01-30 04:43:15.000]  [WriteStatusToFile] ErrorCode:0 INFO: Done Sending the status.
[2026-01-30 04:43:15.000]  [FindProcessById] ErrorCode:0 INFO: Attempt to find the process MetricsExtension.Native.exe with ID: 3300.
[2026-01-30 04:43:15.000]  [FindProcessById] ErrorCode:0 INFO: Running Process MetricsExtension.Native.exe found. ID: 3300.
[2026-01-30 04:43:15.000]  [StartMetricsExtension] ErrorCode:0 ERROR: Metrics extension is already running
[2026-01-30 04:43:15.000]  [AggregateHeartbeat] ErrorCode:0 INFO: Start heartbeat aggregation.
[2026-01-30 04:43:15.000]  [QueryRegValueDWORD] ErrorCode:0 INFO: Query Registry for Key:SOFTWARE\Microsoft\Windows Azure\CurrentVersion\AzureMonitorAgentExtension\47.4.1.0, Name:MaServiceProcess
[2026-01-30 04:43:15.000]  [QueryRegValueDWORD] ErrorCode:0 INFO: Query Registry for Key:SOFTWARE\Microsoft\Windows Azure\CurrentVersion\AzureMonitorAgentExtension\47.4.1.0, Name:MaServiceProcess, Value:5676
[2026-01-30 04:43:15.000]  [FindProcessById] ErrorCode:0 INFO: Attempt to find the process MonAgentLauncher.exe with ID: 5676.
[2026-01-30 04:43:15.000]  [FindProcessById] ErrorCode:0 INFO: Running Process MonAgentLauncher.exe found. ID: 5676.
[2026-01-30 04:43:15.000]  [CheckIfMAServiceIsRunByExtension] ErrorCode:0 INFO: The MA process is running based on the m_registry
[2026-01-30 04:43:15.000]  [QueryRegValueDWORD] ErrorCode:0 INFO: Query Registry for Key:SOFTWARE\Microsoft\Windows Azure\CurrentVersion\AzureMonitorAgentExtension\47.4.1.0, Name:AMAMultitenantServiceProcess
[2026-01-30 04:43:15.000]  [QueryRegValueDWORD] ErrorCode:0 ERROR: RegQueryValueExA: failed to query REG_DWORD value, Key:SOFTWARE\Microsoft\Windows Azure\CurrentVersion\AzureMonitorAgentExtension\47.4.1.0, name=AMAMultitenantServiceProcess, error=2, type=0
[2026-01-30 04:43:15.000]  [CheckIfMAServiceIsRunByExtension] ErrorCode:1205 INFO: Unable to read the m_registry for MA process. Assume it is not running.
[2026-01-30 04:43:15.000]  [AggregateHeartbeat] ErrorCode:0 INFO: Configured MA Service is not running on the node.
[2026-01-30 04:43:15.000]  [SetImdsEnvironmentVariable] ErrorCode:0 INFO: Querying IMDS information
[2026-01-30 04:43:15.000]  [SetImdsEnvironmentVariable] ErrorCode:-1 INFO: Preparing to call IMDS. Endpoint: http://169.254.169.254
[2026-01-30 04:43:15.000]  [QueryIMDSEndpoint] ErrorCode:0 INFO: Queried IMDS successfully.
[2026-01-30 04:43:15.000]  [GetValueFromJsonOrDefault] ErrorCode:0 INFO: Read Imds response field with Name:location Value: westus2
[2026-01-30 04:43:15.000]  [GetValueFromJsonOrDefault] ErrorCode:0 INFO: Read Imds response field with Name:name Value: amawin
[2026-01-30 04:43:15.000]  [GetValueFromJsonOrDefault] ErrorCode:0 INFO: Read Imds response field with Name:subscriptionId Value: 351651ce-5feb-4e59-975d-f1f344e2b717
[2026-01-30 04:43:15.000]  [GetValueFromJsonOrDefault] ErrorCode:0 INFO: Read Imds response field with Name:vmId Value: 22afd636-aec1-4782-9055-f85ea283dc20
[2026-01-30 04:43:15.000]  [GetValueFromJsonOrDefault] ErrorCode:0 INFO: Read Imds response field with Name:vmScaleSetName Value: 
[2026-01-30 04:43:15.000]  [GetValueFromJsonOrDefault] ErrorCode:0 INFO: Read Imds response field with Name:resourceGroupName Value: AMAWin_group
[2026-01-30 04:43:15.000]  [GetValueFromJsonOrDefault] ErrorCode:0 INFO: Read Imds response field with Name:osType Value: Windows
[2026-01-30 04:43:15.000]  [GetValueFromJsonOrDefault] ErrorCode:0 INFO: Read Imds response field with Name:resourceId Value: /subscriptions/351651ce-5feb-4e59-975d-f1f344e2b717/resourceGroups/AMAWin_group/providers/Microsoft.Compute/virtualMachines/amawin
[2026-01-30 04:43:15.000]  [GetValueFromJsonOrDefault] ErrorCode:0 INFO: Read Imds response field with Name:azEnvironment Value: AzurePublicCloud
[2026-01-30 04:43:15.000]  [SetImdsEnvironmentVariable] ErrorCode:0 INFO: Successfully set Environment variables from Imds
[2026-01-30 04:43:15.000]  [AggregateHeartbeat] ErrorCode:0 INFO: Completed heartbeat aggregation.
[2026-01-30 04:43:45.000]  [WriteHeartbeatToFile] ErrorCode:0 INFO: Sending the heartbeat.
[2026-01-30 04:43:45.000]  [WriteStatusToFile] ErrorCode:0 INFO: Sending the status.
[2026-01-30 04:43:45.000]  [WriteHeartbeatToFile] ErrorCode:0 INFO: Done Sending the heartbeat.
[2026-01-30 04:43:45.000]  [WriteStatusToFile] ErrorCode:0 INFO: Done Sending the status.
[2026-01-30 04:44:15.000]  [WriteHeartbeatToFile] ErrorCode:0 INFO: Sending the heartbeat.
[2026-01-30 04:44:15.000]  [WriteStatusToFile] ErrorCode:0 INFO: Sending the status.
[2026-01-30 04:44:15.000]  [WriteStatusToFile] ErrorCode:0 INFO: Done Sending the status.
[2026-01-30 04:44:15.000]  [WriteHeartbeatToFile] ErrorCode:0 INFO: Done Sending the heartbeat.
[2026-01-30 04:44:15.000]  [FindProcessById] ErrorCode:0 INFO: Attempt to find the process MetricsExtension.Native.exe with ID: 3300.
[2026-01-30 04:44:15.000]  [FindProcessById] ErrorCode:0 INFO: Running Process MetricsExtension.Native.exe found. ID: 3300.
[2026-01-30 04:44:15.000]  [StartMetricsExtension] ErrorCode:0 ERROR: Metrics extension is already running
[2026-01-30 04:44:45.000]  [WriteStatusToFile] ErrorCode:0 INFO: Sending the status.
[2026-01-30 04:44:45.000]  [WriteHeartbeatToFile] ErrorCode:0 INFO: Sending the heartbeat.
[2026-01-30 04:44:45.000]  [WriteHeartbeatToFile] ErrorCode:0 INFO: Done Sending the heartbeat.
[2026-01-30 04:44:45.000]  [WriteStatusToFile] ErrorCode:0 INFO: Done Sending the status.
[2026-01-30 04:45:15.000]  [WriteHeartbeatToFile] ErrorCode:0 INFO: Sending the heartbeat.
[2026-01-30 04:45:15.000]  [WriteStatusToFile] ErrorCode:0 INFO: Sending the status.
[2026-01-30 04:45:15.000]  [WriteStatusToFile] ErrorCode:0 INFO: Done Sending the status.
[2026-01-30 04:45:15.000]  [WriteHeartbeatToFile] ErrorCode:0 INFO: Done Sending the heartbeat.
[2026-01-30 04:45:15.000]  [FindProcessById] ErrorCode:0 INFO: Attempt to find the process MetricsExtension.Native.exe with ID: 3300.
[2026-01-30 04:45:15.000]  [FindProcessById] ErrorCode:0 INFO: Running Process MetricsExtension.Native.exe found. ID: 3300.
[2026-01-30 04:45:15.000]  [StartMetricsExtension] ErrorCode:0 ERROR: Metrics extension is already running
[2026-01-30 04:45:45.000]  [WriteHeartbeatToFile] ErrorCode:0 INFO: Sending the heartbeat.
[2026-01-30 04:45:45.000]  [WriteStatusToFile] ErrorCode:0 INFO: Sending the status.
[2026-01-30 04:45:45.000]  [WriteHeartbeatToFile] ErrorCode:0 INFO: Done Sending the heartbeat.
[2026-01-30 04:45:45.000]  [WriteStatusToFile] ErrorCode:0 INFO: Done Sending the status.
[2026-01-30 04:46:15.000]  [WriteStatusToFile] ErrorCode:0 INFO: Sending the status.
[2026-01-30 04:46:15.000]  [WriteHeartbeatToFile] ErrorCode:0 INFO: Sending the heartbeat.
[2026-01-30 04:46:15.000]  [WriteStatusToFile] ErrorCode:0 INFO: Done Sending the status.
[2026-01-30 04:46:15.000]  [WriteHeartbeatToFile] ErrorCode:0 INFO: Done Sending the heartbeat.
[2026-01-30 04:46:15.000]  [FindProcessById] ErrorCode:0 INFO: Attempt to find the process MetricsExtension.Native.exe with ID: 3300.
[2026-01-30 04:46:15.000]  [FindProcessById] ErrorCode:0 INFO: Running Process MetricsExtension.Native.exe found. ID: 3300.
[2026-01-30 04:46:15.000]  [StartMetricsExtension] ErrorCode:0 ERROR: Metrics extension is already running
[2026-01-30 04:46:45.000]  [WriteHeartbeatToFile] ErrorCode:0 INFO: Sending the heartbeat.
[2026-01-30 04:46:45.000]  [WriteStatusToFile] ErrorCode:0 INFO: Sending the status.
[2026-01-30 04:46:45.000]  [WriteStatusToFile] ErrorCode:0 INFO: Done Sending the status.
[2026-01-30 04:46:45.000]  [WriteHeartbeatToFile] ErrorCode:0 INFO: Done Sending the heartbeat.
[2026-01-30 04:47:15.000]  [WriteStatusToFile] ErrorCode:0 INFO: Sending the status.
[2026-01-30 04:47:15.000]  [WriteHeartbeatToFile] ErrorCode:0 INFO: Sending the heartbeat.
[2026-01-30 04:47:15.000]  [WriteStatusToFile] ErrorCode:0 INFO: Done Sending the status.
[2026-01-30 04:47:15.000]  [WriteHeartbeatToFile] ErrorCode:0 INFO: Done Sending the heartbeat.
[2026-01-30 04:47:15.000]  [FindProcessById] ErrorCode:0 INFO: Attempt to find the process MetricsExtension.Native.exe with ID: 3300.
[2026-01-30 04:47:15.000]  [FindProcessById] ErrorCode:0 INFO: Running Process MetricsExtension.Native.exe found. ID: 3300.
[2026-01-30 04:47:15.000]  [StartMetricsExtension] ErrorCode:0 ERROR: Metrics extension is already running
[2026-01-30 04:47:45.000]  [WriteHeartbeatToFile] ErrorCode:0 INFO: Sending the heartbeat.
[2026-01-30 04:47:45.000]  [WriteStatusToFile] ErrorCode:0 INFO: Sending the status.
[2026-01-30 04:47:45.000]  [WriteStatusToFile] ErrorCode:0 INFO: Done Sending the status.
[2026-01-30 04:47:45.000]  [WriteHeartbeatToFile] ErrorCode:0 INFO: Done Sending the heartbeat.
[2026-01-30 04:48:15.000]  [WriteHeartbeatToFile] ErrorCode:0 INFO: Sending the heartbeat.
[2026-01-30 04:48:15.000]  [WriteStatusToFile] ErrorCode:0 INFO: Sending the status.
[2026-01-30 04:48:15.000]  [WriteHeartbeatToFile] ErrorCode:0 INFO: Done Sending the heartbeat.
[2026-01-30 04:48:15.000]  [WriteStatusToFile] ErrorCode:0 INFO: Done Sending the status.
[2026-01-30 04:48:15.000]  [FindProcessById] ErrorCode:0 INFO: Attempt to find the process MetricsExtension.Native.exe with ID: 3300.
[2026-01-30 04:48:15.000]  [FindProcessById] ErrorCode:0 INFO: Running Process MetricsExtension.Native.exe found. ID: 3300.
[2026-01-30 04:48:15.000]  [StartMetricsExtension] ErrorCode:0 ERROR: Metrics extension is already running
[2026-01-30 04:48:15.000]  [AggregateHeartbeat] ErrorCode:0 INFO: Start heartbeat aggregation.
[2026-01-30 04:48:15.000]  [QueryRegValueDWORD] ErrorCode:0 INFO: Query Registry for Key:SOFTWARE\Microsoft\Windows Azure\CurrentVersion\AzureMonitorAgentExtension\47.4.1.0, Name:MaServiceProcess
[2026-01-30 04:48:15.000]  [QueryRegValueDWORD] ErrorCode:0 INFO: Query Registry for Key:SOFTWARE\Microsoft\Windows Azure\CurrentVersion\AzureMonitorAgentExtension\47.4.1.0, Name:MaServiceProcess, Value:5676
[2026-01-30 04:48:15.000]  [FindProcessById] ErrorCode:0 INFO: Attempt to find the process MonAgentLauncher.exe with ID: 5676.
[2026-01-30 04:48:15.000]  [FindProcessById] ErrorCode:0 INFO: Running Process MonAgentLauncher.exe found. ID: 5676.
[2026-01-30 04:48:15.000]  [CheckIfMAServiceIsRunByExtension] ErrorCode:0 INFO: The MA process is running based on the m_registry
[2026-01-30 04:48:15.000]  [QueryRegValueDWORD] ErrorCode:0 INFO: Query Registry for Key:SOFTWARE\Microsoft\Windows Azure\CurrentVersion\AzureMonitorAgentExtension\47.4.1.0, Name:AMAMultitenantServiceProcess
[2026-01-30 04:48:15.000]  [QueryRegValueDWORD] ErrorCode:0 ERROR: RegQueryValueExA: failed to query REG_DWORD value, Key:SOFTWARE\Microsoft\Windows Azure\CurrentVersion\AzureMonitorAgentExtension\47.4.1.0, name=AMAMultitenantServiceProcess, error=2, type=0
[2026-01-30 04:48:15.000]  [CheckIfMAServiceIsRunByExtension] ErrorCode:1205 INFO: Unable to read the m_registry for MA process. Assume it is not running.
[2026-01-30 04:48:15.000]  [AggregateHeartbeat] ErrorCode:0 INFO: Configured MA Service is not running on the node.
[2026-01-30 04:48:15.000]  [SetImdsEnvironmentVariable] ErrorCode:0 INFO: Querying IMDS information
[2026-01-30 04:48:15.000]  [SetImdsEnvironmentVariable] ErrorCode:-1 INFO: Preparing to call IMDS. Endpoint: http://169.254.169.254
[2026-01-30 04:48:15.000]  [QueryIMDSEndpoint] ErrorCode:0 INFO: Queried IMDS successfully.
[2026-01-30 04:48:15.000]  [GetValueFromJsonOrDefault] ErrorCode:0 INFO: Read Imds response field with Name:location Value: westus2
[2026-01-30 04:48:15.000]  [GetValueFromJsonOrDefault] ErrorCode:0 INFO: Read Imds response field with Name:name Value: amawin
[2026-01-30 04:48:15.000]  [GetValueFromJsonOrDefault] ErrorCode:0 INFO: Read Imds response field with Name:subscriptionId Value: 351651ce-5feb-4e59-975d-f1f344e2b717
[2026-01-30 04:48:15.000]  [GetValueFromJsonOrDefault] ErrorCode:0 INFO: Read Imds response field with Name:vmId Value: 22afd636-aec1-4782-9055-f85ea283dc20
[2026-01-30 04:48:15.000]  [GetValueFromJsonOrDefault] ErrorCode:0 INFO: Read Imds response field with Name:vmScaleSetName Value: 
[2026-01-30 04:48:15.000]  [GetValueFromJsonOrDefault] ErrorCode:0 INFO: Read Imds response field with Name:resourceGroupName Value: AMAWin_group
[2026-01-30 04:48:15.000]  [GetValueFromJsonOrDefault] ErrorCode:0 INFO: Read Imds response field with Name:osType Value: Windows
[2026-01-30 04:48:15.000]  [GetValueFromJsonOrDefault] ErrorCode:0 INFO: Read Imds response field with Name:resourceId Value: /subscriptions/351651ce-5feb-4e59-975d-f1f344e2b717/resourceGroups/AMAWin_group/providers/Microsoft.Compute/virtualMachines/amawin
[2026-01-30 04:48:15.000]  [GetValueFromJsonOrDefault] ErrorCode:0 INFO: Read Imds response field with Name:azEnvironment Value: AzurePublicCloud
[2026-01-30 04:48:15.000]  [SetImdsEnvironmentVariable] ErrorCode:0 INFO: Successfully set Environment variables from Imds
[2026-01-30 04:48:15.000]  [AggregateHeartbeat] ErrorCode:0 INFO: Completed heartbeat aggregation.
[2026-01-30 04:48:45.000]  [WriteHeartbeatToFile] ErrorCode:0 INFO: Sending the heartbeat.
[2026-01-30 04:48:45.000]  [WriteStatusToFile] ErrorCode:0 INFO: Sending the status.
[2026-01-30 04:48:45.000]  [WriteStatusToFile] ErrorCode:0 INFO: Done Sending the status.
[2026-01-30 04:48:45.000]  [WriteHeartbeatToFile] ErrorCode:0 INFO: Done Sending the heartbeat.
[2026-01-30 04:49:15.000]  [WriteHeartbeatToFile] ErrorCode:0 INFO: Sending the heartbeat.
[2026-01-30 04:49:15.000]  [WriteStatusToFile] ErrorCode:0 INFO: Sending the status.
[2026-01-30 04:49:15.000]  [WriteHeartbeatToFile] ErrorCode:0 INFO: Done Sending the heartbeat.
[2026-01-30 04:49:15.000]  [WriteStatusToFile] ErrorCode:0 INFO: Done Sending the status.
[2026-01-30 04:49:15.000]  [FindProcessById] ErrorCode:0 INFO: Attempt to find the process MetricsExtension.Native.exe with ID: 3300.
[2026-01-30 04:49:15.000]  [FindProcessById] ErrorCode:0 INFO: Running Process MetricsExtension.Native.exe found. ID: 3300.
[2026-01-30 04:49:15.000]  [StartMetricsExtension] ErrorCode:0 ERROR: Metrics extension is already running
[2026-01-30 04:49:45.000]  [WriteHeartbeatToFile] ErrorCode:0 INFO: Sending the heartbeat.
[2026-01-30 04:49:45.000]  [WriteStatusToFile] ErrorCode:0 INFO: Sending the status.
[2026-01-30 04:49:45.000]  [WriteStatusToFile] ErrorCode:0 INFO: Done Sending the status.
[2026-01-30 04:49:45.000]  [WriteHeartbeatToFile] ErrorCode:0 INFO: Done Sending the heartbeat.
[2026-01-30 04:50:15.000]  [WriteHeartbeatToFile] ErrorCode:0 INFO: Sending the heartbeat.
[2026-01-30 04:50:15.000]  [WriteStatusToFile] ErrorCode:0 INFO: Sending the status.
[2026-01-30 04:50:15.000]  [WriteStatusToFile] ErrorCode:0 INFO: Done Sending the status.
[2026-01-30 04:50:15.000]  [WriteHeartbeatToFile] ErrorCode:0 INFO: Done Sending the heartbeat.
[2026-01-30 04:50:15.000]  [FindProcessById] ErrorCode:0 INFO: Attempt to find the process MetricsExtension.Native.exe with ID: 3300.
[2026-01-30 04:50:15.000]  [FindProcessById] ErrorCode:0 INFO: Running Process MetricsExtension.Native.exe found. ID: 3300.
[2026-01-30 04:50:15.000]  [StartMetricsExtension] ErrorCode:0 ERROR: Metrics extension is already running
[2026-01-30 04:50:45.000]  [WriteHeartbeatToFile] ErrorCode:0 INFO: Sending the heartbeat.
[2026-01-30 04:50:45.000]  [WriteStatusToFile] ErrorCode:0 INFO: Sending the status.
[2026-01-30 04:50:45.000]  [WriteHeartbeatToFile] ErrorCode:0 INFO: Done Sending the heartbeat.
[2026-01-30 04:50:45.000]  [WriteStatusToFile] ErrorCode:0 INFO: Done Sending the status.
[2026-01-30 04:51:15.000]  [WriteHeartbeatToFile] ErrorCode:0 INFO: Sending the heartbeat.
[2026-01-30 04:51:15.000]  [WriteStatusToFile] ErrorCode:0 INFO: Sending the status.
[2026-01-30 04:51:15.000]  [WriteStatusToFile] ErrorCode:0 INFO: Done Sending the status.
[2026-01-30 04:51:15.000]  [WriteHeartbeatToFile] ErrorCode:0 INFO: Done Sending the heartbeat.
[2026-01-30 04:51:15.000]  [FindProcessById] ErrorCode:0 INFO: Attempt to find the process MetricsExtension.Native.exe with ID: 3300.
[2026-01-30 04:51:15.000]  [FindProcessById] ErrorCode:0 INFO: Running Process MetricsExtension.Native.exe found. ID: 3300.
[2026-01-30 04:51:15.000]  [StartMetricsExtension] ErrorCode:0 ERROR: Metrics extension is already running
[2026-01-30 04:51:45.000]  [WriteHeartbeatToFile] ErrorCode:0 INFO: Sending the heartbeat.
[2026-01-30 04:51:45.000]  [WriteStatusToFile] ErrorCode:0 INFO: Sending the status.
[2026-01-30 04:51:45.000]  [WriteHeartbeatToFile] ErrorCode:0 INFO: Done Sending the heartbeat.
[2026-01-30 04:51:45.000]  [WriteStatusToFile] ErrorCode:0 INFO: Done Sending the status.
[2026-01-30 04:52:15.000]  [WriteStatusToFile] ErrorCode:0 INFO: Sending the status.
[2026-01-30 04:52:15.000]  [WriteHeartbeatToFile] ErrorCode:0 INFO: Sending the heartbeat.
[2026-01-30 04:52:15.000]  [WriteStatusToFile] ErrorCode:0 INFO: Done Sending the status.
[2026-01-30 04:52:15.000]  [WriteHeartbeatToFile] ErrorCode:0 INFO: Done Sending the heartbeat.
[2026-01-30 04:52:15.000]  [FindProcessById] ErrorCode:0 INFO: Attempt to find the process MetricsExtension.Native.exe with ID: 3300.
[2026-01-30 04:52:15.000]  [FindProcessById] ErrorCode:0 INFO: Running Process MetricsExtension.Native.exe found. ID: 3300.
[2026-01-30 04:52:15.000]  [StartMetricsExtension] ErrorCode:0 ERROR: Metrics extension is already running
[2026-01-30 04:52:45.000]  [WriteHeartbeatToFile] ErrorCode:0 INFO: Sending the heartbeat.
[2026-01-30 04:52:45.000]  [WriteStatusToFile] ErrorCode:0 INFO: Sending the status.
[2026-01-30 04:52:45.000]  [WriteStatusToFile] ErrorCode:0 INFO: Done Sending the status.
[2026-01-30 04:52:45.000]  [WriteHeartbeatToFile] ErrorCode:0 INFO: Done Sending the heartbeat.
[2026-01-30 04:53:15.000]  [WriteHeartbeatToFile] ErrorCode:0 INFO: Sending the heartbeat.
[2026-01-30 04:53:15.000]  [WriteStatusToFile] ErrorCode:0 INFO: Sending the status.
[2026-01-30 04:53:15.000]  [WriteHeartbeatToFile] ErrorCode:0 INFO: Done Sending the heartbeat.
[2026-01-30 04:53:15.000]  [WriteStatusToFile] ErrorCode:0 INFO: Done Sending the status.
[2026-01-30 04:53:15.000]  [FindProcessById] ErrorCode:0 INFO: Attempt to find the process MetricsExtension.Native.exe with ID: 3300.
[2026-01-30 04:53:15.000]  [FindProcessById] ErrorCode:0 INFO: Running Process MetricsExtension.Native.exe found. ID: 3300.
[2026-01-30 04:53:15.000]  [StartMetricsExtension] ErrorCode:0 ERROR: Metrics extension is already running
[2026-01-30 04:53:15.000]  [AggregateHeartbeat] ErrorCode:0 INFO: Start heartbeat aggregation.
[2026-01-30 04:53:15.000]  [QueryRegValueDWORD] ErrorCode:0 INFO: Query Registry for Key:SOFTWARE\Microsoft\Windows Azure\CurrentVersion\AzureMonitorAgentExtension\47.4.1.0, Name:MaServiceProcess
[2026-01-30 04:53:15.000]  [QueryRegValueDWORD] ErrorCode:0 INFO: Query Registry for Key:SOFTWARE\Microsoft\Windows Azure\CurrentVersion\AzureMonitorAgentExtension\47.4.1.0, Name:MaServiceProcess, Value:5676
[2026-01-30 04:53:15.000]  [FindProcessById] ErrorCode:0 INFO: Attempt to find the process MonAgentLauncher.exe with ID: 5676.
[2026-01-30 04:53:15.000]  [FindProcessById] ErrorCode:0 INFO: Running Process MonAgentLauncher.exe found. ID: 5676.
[2026-01-30 04:53:15.000]  [CheckIfMAServiceIsRunByExtension] ErrorCode:0 INFO: The MA process is running based on the m_registry
[2026-01-30 04:53:15.000]  [QueryRegValueDWORD] ErrorCode:0 INFO: Query Registry for Key:SOFTWARE\Microsoft\Windows Azure\CurrentVersion\AzureMonitorAgentExtension\47.4.1.0, Name:AMAMultitenantServiceProcess
[2026-01-30 04:53:15.000]  [QueryRegValueDWORD] ErrorCode:0 ERROR: RegQueryValueExA: failed to query REG_DWORD value, Key:SOFTWARE\Microsoft\Windows Azure\CurrentVersion\AzureMonitorAgentExtension\47.4.1.0, name=AMAMultitenantServiceProcess, error=2, type=0
[2026-01-30 04:53:15.000]  [CheckIfMAServiceIsRunByExtension] ErrorCode:1205 INFO: Unable to read the m_registry for MA process. Assume it is not running.
[2026-01-30 04:53:15.000]  [AggregateHeartbeat] ErrorCode:0 INFO: Configured MA Service is not running on the node.
[2026-01-30 04:53:15.000]  [SetImdsEnvironmentVariable] ErrorCode:0 INFO: Querying IMDS information
[2026-01-30 04:53:15.000]  [SetImdsEnvironmentVariable] ErrorCode:-1 INFO: Preparing to call IMDS. Endpoint: http://169.254.169.254
[2026-01-30 04:53:15.000]  [QueryIMDSEndpoint] ErrorCode:0 INFO: Queried IMDS successfully.
[2026-01-30 04:53:15.000]  [GetValueFromJsonOrDefault] ErrorCode:0 INFO: Read Imds response field with Name:location Value: westus2
[2026-01-30 04:53:15.000]  [GetValueFromJsonOrDefault] ErrorCode:0 INFO: Read Imds response field with Name:name Value: amawin
[2026-01-30 04:53:15.000]  [GetValueFromJsonOrDefault] ErrorCode:0 INFO: Read Imds response field with Name:subscriptionId Value: 351651ce-5feb-4e59-975d-f1f344e2b717
[2026-01-30 04:53:15.000]  [GetValueFromJsonOrDefault] ErrorCode:0 INFO: Read Imds response field with Name:vmId Value: 22afd636-aec1-4782-9055-f85ea283dc20
[2026-01-30 04:53:15.000]  [GetValueFromJsonOrDefault] ErrorCode:0 INFO: Read Imds response field with Name:vmScaleSetName Value: 
[2026-01-30 04:53:15.000]  [GetValueFromJsonOrDefault] ErrorCode:0 INFO: Read Imds response field with Name:resourceGroupName Value: AMAWin_group
[2026-01-30 04:53:15.000]  [GetValueFromJsonOrDefault] ErrorCode:0 INFO: Read Imds response field with Name:osType Value: Windows
[2026-01-30 04:53:15.000]  [GetValueFromJsonOrDefault] ErrorCode:0 INFO: Read Imds response field with Name:resourceId Value: /subscriptions/351651ce-5feb-4e59-975d-f1f344e2b717/resourceGroups/AMAWin_group/providers/Microsoft.Compute/virtualMachines/amawin
[2026-01-30 04:53:15.000]  [GetValueFromJsonOrDefault] ErrorCode:0 INFO: Read Imds response field with Name:azEnvironment Value: AzurePublicCloud
[2026-01-30 04:53:15.000]  [SetImdsEnvironmentVariable] ErrorCode:0 INFO: Successfully set Environment variables from Imds
[2026-01-30 04:53:15.000]  [AggregateHeartbeat] ErrorCode:0 INFO: Completed heartbeat aggregation.
[2026-01-30 04:53:45.000]  [WriteHeartbeatToFile] ErrorCode:0 INFO: Sending the heartbeat.
[2026-01-30 04:53:45.000]  [WriteStatusToFile] ErrorCode:0 INFO: Sending the status.
[2026-01-30 04:53:45.000]  [WriteHeartbeatToFile] ErrorCode:0 INFO: Done Sending the heartbeat.
[2026-01-30 04:53:45.000]  [WriteStatusToFile] ErrorCode:0 INFO: Done Sending the status.
[2026-01-30 04:54:15.000]  [WriteHeartbeatToFile] ErrorCode:0 INFO: Sending the heartbeat.
[2026-01-30 04:54:15.000]  [WriteStatusToFile] ErrorCode:0 INFO: Sending the status.
[2026-01-30 04:54:15.000]  [WriteHeartbeatToFile] ErrorCode:0 INFO: Done Sending the heartbeat.
[2026-01-30 04:54:15.000]  [WriteStatusToFile] ErrorCode:0 INFO: Done Sending the status.
[2026-01-30 04:54:15.000]  [FindProcessById] ErrorCode:0 INFO: Attempt to find the process MetricsExtension.Native.exe with ID: 3300.
[2026-01-30 04:54:15.000]  [FindProcessById] ErrorCode:0 INFO: Running Process MetricsExtension.Native.exe found. ID: 3300.
[2026-01-30 04:54:15.000]  [StartMetricsExtension] ErrorCode:0 ERROR: Metrics extension is already running
[2026-01-30 04:54:45.000]  [WriteHeartbeatToFile] ErrorCode:0 INFO: Sending the heartbeat.
[2026-01-30 04:54:45.000]  [WriteStatusToFile] ErrorCode:0 INFO: Sending the status.
[2026-01-30 04:54:45.000]  [WriteHeartbeatToFile] ErrorCode:0 INFO: Done Sending the heartbeat.
[2026-01-30 04:54:45.000]  [WriteStatusToFile] ErrorCode:0 INFO: Done Sending the status.
[2026-01-30 04:55:15.000]  [WriteStatusToFile] ErrorCode:0 INFO: Sending the status.
[2026-01-30 04:55:15.000]  [WriteHeartbeatToFile] ErrorCode:0 INFO: Sending the heartbeat.
[2026-01-30 04:55:15.000]  [WriteHeartbeatToFile] ErrorCode:0 INFO: Done Sending the heartbeat.
[2026-01-30 04:55:15.000]  [WriteStatusToFile] ErrorCode:0 INFO: Done Sending the status.
[2026-01-30 04:55:15.000]  [FindProcessById] ErrorCode:0 INFO: Attempt to find the process MetricsExtension.Native.exe with ID: 3300.
[2026-01-30 04:55:15.000]  [FindProcessById] ErrorCode:0 INFO: Running Process MetricsExtension.Native.exe found. ID: 3300.
[2026-01-30 04:55:15.000]  [StartMetricsExtension] ErrorCode:0 ERROR: Metrics extension is already running
[2026-01-30 04:55:45.000]  [WriteHeartbeatToFile] ErrorCode:0 INFO: Sending the heartbeat.
[2026-01-30 04:55:45.000]  [WriteStatusToFile] ErrorCode:0 INFO: Sending the status.
[2026-01-30 04:55:45.000]  [WriteHeartbeatToFile] ErrorCode:0 INFO: Done Sending the heartbeat.
[2026-01-30 04:55:45.000]  [WriteStatusToFile] ErrorCode:0 INFO: Done Sending the status.
[2026-01-30 04:56:15.000]  [WriteStatusToFile] ErrorCode:0 INFO: Sending the status.
[2026-01-30 04:56:15.000]  [WriteHeartbeatToFile] ErrorCode:0 INFO: Sending the heartbeat.
[2026-01-30 04:56:15.000]  [WriteHeartbeatToFile] ErrorCode:0 INFO: Done Sending the heartbeat.
[2026-01-30 04:56:15.000]  [WriteStatusToFile] ErrorCode:0 INFO: Done Sending the status.
[2026-01-30 04:56:15.000]  [FindProcessById] ErrorCode:0 INFO: Attempt to find the process MetricsExtension.Native.exe with ID: 3300.
[2026-01-30 04:56:15.000]  [FindProcessById] ErrorCode:0 INFO: Running Process MetricsExtension.Native.exe found. ID: 3300.
[2026-01-30 04:56:15.000]  [StartMetricsExtension] ErrorCode:0 ERROR: Metrics extension is already running
[2026-01-30 04:56:45.000]  [WriteStatusToFile] ErrorCode:0 INFO: Sending the status.
[2026-01-30 04:56:45.000]  [WriteHeartbeatToFile] ErrorCode:0 INFO: Sending the heartbeat.
[2026-01-30 04:56:45.000]  [WriteHeartbeatToFile] ErrorCode:0 INFO: Done Sending the heartbeat.
[2026-01-30 04:56:45.000]  [WriteStatusToFile] ErrorCode:0 INFO: Done Sending the status.
[2026-01-30 04:57:15.000]  [WriteHeartbeatToFile] ErrorCode:0 INFO: Sending the heartbeat.
[2026-01-30 04:57:15.000]  [WriteStatusToFile] ErrorCode:0 INFO: Sending the status.
[2026-01-30 04:57:15.000]  [WriteStatusToFile] ErrorCode:0 INFO: Done Sending the status.
[2026-01-30 04:57:15.000]  [WriteHeartbeatToFile] ErrorCode:0 INFO: Done Sending the heartbeat.
[2026-01-30 04:57:15.000]  [FindProcessById] ErrorCode:0 INFO: Attempt to find the process MetricsExtension.Native.exe with ID: 3300.
[2026-01-30 04:57:15.000]  [FindProcessById] ErrorCode:0 INFO: Running Process MetricsExtension.Native.exe found. ID: 3300.
[2026-01-30 04:57:15.000]  [StartMetricsExtension] ErrorCode:0 ERROR: Metrics extension is already running
[2026-01-30 04:57:45.000]  [WriteStatusToFile] ErrorCode:0 INFO: Sending the status.
[2026-01-30 04:57:45.000]  [WriteHeartbeatToFile] ErrorCode:0 INFO: Sending the heartbeat.
[2026-01-30 04:57:45.000]  [WriteHeartbeatToFile] ErrorCode:0 INFO: Done Sending the heartbeat.
[2026-01-30 04:57:45.000]  [WriteStatusToFile] ErrorCode:0 INFO: Done Sending the status.
[2026-01-30 04:58:15.000]  [WriteStatusToFile] ErrorCode:0 INFO: Sending the status.
[2026-01-30 04:58:15.000]  [WriteHeartbeatToFile] ErrorCode:0 INFO: Sending the heartbeat.
[2026-01-30 04:58:15.000]  [WriteHeartbeatToFile] ErrorCode:0 INFO: Done Sending the heartbeat.
[2026-01-30 04:58:15.000]  [WriteStatusToFile] ErrorCode:0 INFO: Done Sending the status.
[2026-01-30 04:58:15.000]  [FindProcessById] ErrorCode:0 INFO: Attempt to find the process MetricsExtension.Native.exe with ID: 3300.
[2026-01-30 04:58:15.000]  [FindProcessById] ErrorCode:0 INFO: Running Process MetricsExtension.Native.exe found. ID: 3300.
[2026-01-30 04:58:15.000]  [StartMetricsExtension] ErrorCode:0 ERROR: Metrics extension is already running
[2026-01-30 04:58:15.000]  [AggregateHeartbeat] ErrorCode:0 INFO: Start heartbeat aggregation.
[2026-01-30 04:58:15.000]  [QueryRegValueDWORD] ErrorCode:0 INFO: Query Registry for Key:SOFTWARE\Microsoft\Windows Azure\CurrentVersion\AzureMonitorAgentExtension\47.4.1.0, Name:MaServiceProcess
[2026-01-30 04:58:15.000]  [QueryRegValueDWORD] ErrorCode:0 INFO: Query Registry for Key:SOFTWARE\Microsoft\Windows Azure\CurrentVersion\AzureMonitorAgentExtension\47.4.1.0, Name:MaServiceProcess, Value:5676
[2026-01-30 04:58:15.000]  [FindProcessById] ErrorCode:0 INFO: Attempt to find the process MonAgentLauncher.exe with ID: 5676.
[2026-01-30 04:58:15.000]  [FindProcessById] ErrorCode:0 INFO: Running Process MonAgentLauncher.exe found. ID: 5676.
[2026-01-30 04:58:15.000]  [CheckIfMAServiceIsRunByExtension] ErrorCode:0 INFO: The MA process is running based on the m_registry
[2026-01-30 04:58:15.000]  [QueryRegValueDWORD] ErrorCode:0 INFO: Query Registry for Key:SOFTWARE\Microsoft\Windows Azure\CurrentVersion\AzureMonitorAgentExtension\47.4.1.0, Name:AMAMultitenantServiceProcess
[2026-01-30 04:58:15.000]  [QueryRegValueDWORD] ErrorCode:0 ERROR: RegQueryValueExA: failed to query REG_DWORD value, Key:SOFTWARE\Microsoft\Windows Azure\CurrentVersion\AzureMonitorAgentExtension\47.4.1.0, name=AMAMultitenantServiceProcess, error=2, type=0
[2026-01-30 04:58:15.000]  [CheckIfMAServiceIsRunByExtension] ErrorCode:1205 INFO: Unable to read the m_registry for MA process. Assume it is not running.
[2026-01-30 04:58:15.000]  [AggregateHeartbeat] ErrorCode:0 INFO: Configured MA Service is not running on the node.
[2026-01-30 04:58:15.000]  [SetImdsEnvironmentVariable] ErrorCode:0 INFO: Querying IMDS information
[2026-01-30 04:58:15.000]  [SetImdsEnvironmentVariable] ErrorCode:-1 INFO: Preparing to call IMDS. Endpoint: http://169.254.169.254
[2026-01-30 04:58:15.000]  [QueryIMDSEndpoint] ErrorCode:0 INFO: Queried IMDS successfully.
[2026-01-30 04:58:15.000]  [GetValueFromJsonOrDefault] ErrorCode:0 INFO: Read Imds response field with Name:location Value: westus2
[2026-01-30 04:58:15.000]  [GetValueFromJsonOrDefault] ErrorCode:0 INFO: Read Imds response field with Name:name Value: amawin
[2026-01-30 04:58:15.000]  [GetValueFromJsonOrDefault] ErrorCode:0 INFO: Read Imds response field with Name:subscriptionId Value: 351651ce-5feb-4e59-975d-f1f344e2b717
[2026-01-30 04:58:15.000]  [GetValueFromJsonOrDefault] ErrorCode:0 INFO: Read Imds response field with Name:vmId Value: 22afd636-aec1-4782-9055-f85ea283dc20
[2026-01-30 04:58:15.000]  [GetValueFromJsonOrDefault] ErrorCode:0 INFO: Read Imds response field with Name:vmScaleSetName Value: 
[2026-01-30 04:58:15.000]  [GetValueFromJsonOrDefault] ErrorCode:0 INFO: Read Imds response field with Name:resourceGroupName Value: AMAWin_group
[2026-01-30 04:58:15.000]  [GetValueFromJsonOrDefault] ErrorCode:0 INFO: Read Imds response field with Name:osType Value: Windows
[2026-01-30 04:58:15.000]  [GetValueFromJsonOrDefault] ErrorCode:0 INFO: Read Imds response field with Name:resourceId Value: /subscriptions/351651ce-5feb-4e59-975d-f1f344e2b717/resourceGroups/AMAWin_group/providers/Microsoft.Compute/virtualMachines/amawin
[2026-01-30 04:58:15.000]  [GetValueFromJsonOrDefault] ErrorCode:0 INFO: Read Imds response field with Name:azEnvironment Value: AzurePublicCloud
[2026-01-30 04:58:15.000]  [SetImdsEnvironmentVariable] ErrorCode:0 INFO: Successfully set Environment variables from Imds
[2026-01-30 04:58:15.000]  [AggregateHeartbeat] ErrorCode:0 INFO: Completed heartbeat aggregation.
[2026-01-30 04:58:45.000]  [WriteStatusToFile] ErrorCode:0 INFO: Sending the status.
[2026-01-30 04:58:45.000]  [WriteHeartbeatToFile] ErrorCode:0 INFO: Sending the heartbeat.
[2026-01-30 04:58:45.000]  [WriteHeartbeatToFile] ErrorCode:0 INFO: Done Sending the heartbeat.
[2026-01-30 04:58:45.000]  [WriteStatusToFile] ErrorCode:0 INFO: Done Sending the status.
[2026-01-30 04:59:15.000]  [WriteStatusToFile] ErrorCode:0 INFO: Sending the status.
[2026-01-30 04:59:15.000]  [WriteHeartbeatToFile] ErrorCode:0 INFO: Sending the heartbeat.
[2026-01-30 04:59:15.000]  [WriteStatusToFile] ErrorCode:0 INFO: Done Sending the status.
[2026-01-30 04:59:15.000]  [WriteHeartbeatToFile] ErrorCode:0 INFO: Done Sending the heartbeat.
[2026-01-30 04:59:15.000]  [FindProcessById] ErrorCode:0 INFO: Attempt to find the process MetricsExtension.Native.exe with ID: 3300.
[2026-01-30 04:59:15.000]  [FindProcessById] ErrorCode:0 INFO: Running Process MetricsExtension.Native.exe found. ID: 3300.
[2026-01-30 04:59:15.000]  [StartMetricsExtension] ErrorCode:0 ERROR: Metrics extension is already running
[2026-01-30 04:59:45.000]  [WriteHeartbeatToFile] ErrorCode:0 INFO: Sending the heartbeat.
[2026-01-30 04:59:45.000]  [WriteStatusToFile] ErrorCode:0 INFO: Sending the status.
[2026-01-30 04:59:45.000]  [WriteHeartbeatToFile] ErrorCode:0 INFO: Done Sending the heartbeat.
[2026-01-30 04:59:45.000]  [WriteStatusToFile] ErrorCode:0 INFO: Done Sending the status.
[2026-01-30 05:00:15.000]  [WriteHeartbeatToFile] ErrorCode:0 INFO: Sending the heartbeat.
[2026-01-30 05:00:15.000]  [WriteStatusToFile] ErrorCode:0 INFO: Sending the status.
[2026-01-30 05:00:15.000]  [WriteStatusToFile] ErrorCode:0 INFO: Done Sending the status.
[2026-01-30 05:00:15.000]  [WriteHeartbeatToFile] ErrorCode:0 INFO: Done Sending the heartbeat.
[2026-01-30 05:00:15.000]  [FindProcessById] ErrorCode:0 INFO: Attempt to find the process MetricsExtension.Native.exe with ID: 3300.
[2026-01-30 05:00:15.000]  [FindProcessById] ErrorCode:0 INFO: Running Process MetricsExtension.Native.exe found. ID: 3300.
[2026-01-30 05:00:15.000]  [StartMetricsExtension] ErrorCode:0 ERROR: Metrics extension is already running
[2026-01-30 05:00:45.000]  [WriteHeartbeatToFile] ErrorCode:0 INFO: Sending the heartbeat.
[2026-01-30 05:00:45.000]  [WriteStatusToFile] ErrorCode:0 INFO: Sending the status.
[2026-01-30 05:00:45.000]  [WriteHeartbeatToFile] ErrorCode:0 INFO: Done Sending the heartbeat.
[2026-01-30 05:00:45.000]  [WriteStatusToFile] ErrorCode:0 INFO: Done Sending the status.
[2026-01-30 05:01:15.000]  [WriteStatusToFile] ErrorCode:0 INFO: Sending the status.
[2026-01-30 05:01:15.000]  [WriteHeartbeatToFile] ErrorCode:0 INFO: Sending the heartbeat.
[2026-01-30 05:01:15.000]  [WriteStatusToFile] ErrorCode:0 INFO: Done Sending the status.
[2026-01-30 05:01:15.000]  [WriteHeartbeatToFile] ErrorCode:0 INFO: Done Sending the heartbeat.
[2026-01-30 05:01:15.000]  [FindProcessById] ErrorCode:0 INFO: Attempt to find the process MetricsExtension.Native.exe with ID: 3300.
[2026-01-30 05:01:15.000]  [FindProcessById] ErrorCode:0 INFO: Running Process MetricsExtension.Native.exe found. ID: 3300.
[2026-01-30 05:01:15.000]  [StartMetricsExtension] ErrorCode:0 ERROR: Metrics extension is already running
[2026-01-30 05:01:45.000]  [WriteHeartbeatToFile] ErrorCode:0 INFO: Sending the heartbeat.
[2026-01-30 05:01:45.000]  [WriteStatusToFile] ErrorCode:0 INFO: Sending the status.
[2026-01-30 05:01:45.000]  [WriteHeartbeatToFile] ErrorCode:0 INFO: Done Sending the heartbeat.
[2026-01-30 05:01:45.000]  [WriteStatusToFile] ErrorCode:0 INFO: Done Sending the status.
[2026-01-30 05:02:15.000]  [WriteStatusToFile] ErrorCode:0 INFO: Sending the status.
[2026-01-30 05:02:15.000]  [WriteHeartbeatToFile] ErrorCode:0 INFO: Sending the heartbeat.
[2026-01-30 05:02:15.000]  [WriteStatusToFile] ErrorCode:0 INFO: Done Sending the status.
[2026-01-30 05:02:15.000]  [WriteHeartbeatToFile] ErrorCode:0 INFO: Done Sending the heartbeat.
[2026-01-30 05:02:15.000]  [FindProcessById] ErrorCode:0 INFO: Attempt to find the process MetricsExtension.Native.exe with ID: 3300.
[2026-01-30 05:02:15.000]  [FindProcessById] ErrorCode:0 INFO: Running Process MetricsExtension.Native.exe found. ID: 3300.
[2026-01-30 05:02:15.000]  [StartMetricsExtension] ErrorCode:0 ERROR: Metrics extension is already running
[2026-01-30 05:02:45.000]  [WriteHeartbeatToFile] ErrorCode:0 INFO: Sending the heartbeat.
[2026-01-30 05:02:45.000]  [WriteStatusToFile] ErrorCode:0 INFO: Sending the status.
[2026-01-30 05:02:45.000]  [WriteHeartbeatToFile] ErrorCode:0 INFO: Done Sending the heartbeat.
[2026-01-30 05:02:45.000]  [WriteStatusToFile] ErrorCode:0 INFO: Done Sending the status.
[2026-01-30 05:03:15.000]  [WriteHeartbeatToFile] ErrorCode:0 INFO: Sending the heartbeat.
[2026-01-30 05:03:15.000]  [WriteStatusToFile] ErrorCode:0 INFO: Sending the status.
[2026-01-30 05:03:15.000]  [WriteHeartbeatToFile] ErrorCode:0 INFO: Done Sending the heartbeat.
[2026-01-30 05:03:15.000]  [WriteStatusToFile] ErrorCode:0 INFO: Done Sending the status.
[2026-01-30 05:03:15.000]  [FindProcessById] ErrorCode:0 INFO: Attempt to find the process MetricsExtension.Native.exe with ID: 3300.
[2026-01-30 05:03:15.000]  [FindProcessById] ErrorCode:0 INFO: Running Process MetricsExtension.Native.exe found. ID: 3300.
[2026-01-30 05:03:15.000]  [StartMetricsExtension] ErrorCode:0 ERROR: Metrics extension is already running
[2026-01-30 05:03:15.000]  [AggregateHeartbeat] ErrorCode:0 INFO: Start heartbeat aggregation.
[2026-01-30 05:03:15.000]  [QueryRegValueDWORD] ErrorCode:0 INFO: Query Registry for Key:SOFTWARE\Microsoft\Windows Azure\CurrentVersion\AzureMonitorAgentExtension\47.4.1.0, Name:MaServiceProcess
[2026-01-30 05:03:15.000]  [QueryRegValueDWORD] ErrorCode:0 INFO: Query Registry for Key:SOFTWARE\Microsoft\Windows Azure\CurrentVersion\AzureMonitorAgentExtension\47.4.1.0, Name:MaServiceProcess, Value:5676
[2026-01-30 05:03:15.000]  [FindProcessById] ErrorCode:0 INFO: Attempt to find the process MonAgentLauncher.exe with ID: 5676.
[2026-01-30 05:03:15.000]  [FindProcessById] ErrorCode:0 INFO: Running Process MonAgentLauncher.exe found. ID: 5676.
[2026-01-30 05:03:15.000]  [CheckIfMAServiceIsRunByExtension] ErrorCode:0 INFO: The MA process is running based on the m_registry
[2026-01-30 05:03:15.000]  [QueryRegValueDWORD] ErrorCode:0 INFO: Query Registry for Key:SOFTWARE\Microsoft\Windows Azure\CurrentVersion\AzureMonitorAgentExtension\47.4.1.0, Name:AMAMultitenantServiceProcess
[2026-01-30 05:03:15.000]  [QueryRegValueDWORD] ErrorCode:0 ERROR: RegQueryValueExA: failed to query REG_DWORD value, Key:SOFTWARE\Microsoft\Windows Azure\CurrentVersion\AzureMonitorAgentExtension\47.4.1.0, name=AMAMultitenantServiceProcess, error=2, type=0
[2026-01-30 05:03:15.000]  [CheckIfMAServiceIsRunByExtension] ErrorCode:1205 INFO: Unable to read the m_registry for MA process. Assume it is not running.
[2026-01-30 05:03:15.000]  [AggregateHeartbeat] ErrorCode:0 INFO: Configured MA Service is not running on the node.
[2026-01-30 05:03:15.000]  [SetImdsEnvironmentVariable] ErrorCode:0 INFO: Querying IMDS information
[2026-01-30 05:03:15.000]  [SetImdsEnvironmentVariable] ErrorCode:-1 INFO: Preparing to call IMDS. Endpoint: http://169.254.169.254
[2026-01-30 05:03:15.000]  [QueryIMDSEndpoint] ErrorCode:0 INFO: Queried IMDS successfully.
[2026-01-30 05:03:15.000]  [GetValueFromJsonOrDefault] ErrorCode:0 INFO: Read Imds response field with Name:location Value: westus2
[2026-01-30 05:03:15.000]  [GetValueFromJsonOrDefault] ErrorCode:0 INFO: Read Imds response field with Name:name Value: amawin
[2026-01-30 05:03:15.000]  [GetValueFromJsonOrDefault] ErrorCode:0 INFO: Read Imds response field with Name:subscriptionId Value: 351651ce-5feb-4e59-975d-f1f344e2b717
[2026-01-30 05:03:15.000]  [GetValueFromJsonOrDefault] ErrorCode:0 INFO: Read Imds response field with Name:vmId Value: 22afd636-aec1-4782-9055-f85ea283dc20
[2026-01-30 05:03:15.000]  [GetValueFromJsonOrDefault] ErrorCode:0 INFO: Read Imds response field with Name:vmScaleSetName Value: 
[2026-01-30 05:03:15.000]  [GetValueFromJsonOrDefault] ErrorCode:0 INFO: Read Imds response field with Name:resourceGroupName Value: AMAWin_group
[2026-01-30 05:03:15.000]  [GetValueFromJsonOrDefault] ErrorCode:0 INFO: Read Imds response field with Name:osType Value: Windows
[2026-01-30 05:03:15.000]  [GetValueFromJsonOrDefault] ErrorCode:0 INFO: Read Imds response field with Name:resourceId Value: /subscriptions/351651ce-5feb-4e59-975d-f1f344e2b717/resourceGroups/AMAWin_group/providers/Microsoft.Compute/virtualMachines/amawin
[2026-01-30 05:03:15.000]  [GetValueFromJsonOrDefault] ErrorCode:0 INFO: Read Imds response field with Name:azEnvironment Value: AzurePublicCloud
[2026-01-30 05:03:15.000]  [SetImdsEnvironmentVariable] ErrorCode:0 INFO: Successfully set Environment variables from Imds
[2026-01-30 05:03:15.000]  [AggregateHeartbeat] ErrorCode:0 INFO: Completed heartbeat aggregation.
[2026-01-30 05:03:45.000]  [WriteHeartbeatToFile] ErrorCode:0 INFO: Sending the heartbeat.
[2026-01-30 05:03:45.000]  [WriteStatusToFile] ErrorCode:0 INFO: Sending the status.
[2026-01-30 05:03:45.000]  [WriteHeartbeatToFile] ErrorCode:0 INFO: Done Sending the heartbeat.
[2026-01-30 05:03:45.000]  [WriteStatusToFile] ErrorCode:0 INFO: Done Sending the status.
[2026-01-30 05:04:15.000]  [WriteStatusToFile] ErrorCode:0 INFO: Sending the status.
[2026-01-30 05:04:15.000]  [WriteHeartbeatToFile] ErrorCode:0 INFO: Sending the heartbeat.
[2026-01-30 05:04:15.000]  [WriteStatusToFile] ErrorCode:0 INFO: Done Sending the status.
[2026-01-30 05:04:15.000]  [WriteHeartbeatToFile] ErrorCode:0 INFO: Done Sending the heartbeat.
[2026-01-30 05:04:15.000]  [FindProcessById] ErrorCode:0 INFO: Attempt to find the process MetricsExtension.Native.exe with ID: 3300.
[2026-01-30 05:04:15.000]  [FindProcessById] ErrorCode:0 INFO: Running Process MetricsExtension.Native.exe found. ID: 3300.
[2026-01-30 05:04:15.000]  [StartMetricsExtension] ErrorCode:0 ERROR: Metrics extension is already running
[2026-01-30 05:04:45.000]  [WriteStatusToFile] ErrorCode:0 INFO: Sending the status.
[2026-01-30 05:04:45.000]  [WriteHeartbeatToFile] ErrorCode:0 INFO: Sending the heartbeat.
[2026-01-30 05:04:45.000]  [WriteHeartbeatToFile] ErrorCode:0 INFO: Done Sending the heartbeat.
[2026-01-30 05:04:45.000]  [WriteStatusToFile] ErrorCode:0 INFO: Done Sending the status.
[2026-01-30 05:05:15.000]  [WriteStatusToFile] ErrorCode:0 INFO: Sending the status.
[2026-01-30 05:05:15.000]  [WriteHeartbeatToFile] ErrorCode:0 INFO: Sending the heartbeat.
[2026-01-30 05:05:15.000]  [WriteStatusToFile] ErrorCode:0 INFO: Done Sending the status.
[2026-01-30 05:05:15.000]  [WriteHeartbeatToFile] ErrorCode:0 INFO: Done Sending the heartbeat.
[2026-01-30 05:05:15.000]  [FindProcessById] ErrorCode:0 INFO: Attempt to find the process MetricsExtension.Native.exe with ID: 3300.
[2026-01-30 05:05:15.000]  [FindProcessById] ErrorCode:0 INFO: Running Process MetricsExtension.Native.exe found. ID: 3300.
[2026-01-30 05:05:15.000]  [StartMetricsExtension] ErrorCode:0 ERROR: Metrics extension is already running
[2026-01-30 05:05:45.000]  [WriteHeartbeatToFile] ErrorCode:0 INFO: Sending the heartbeat.
[2026-01-30 05:05:45.000]  [WriteStatusToFile] ErrorCode:0 INFO: Sending the status.
[2026-01-30 05:05:45.000]  [WriteHeartbeatToFile] ErrorCode:0 INFO: Done Sending the heartbeat.
[2026-01-30 05:05:45.000]  [WriteStatusToFile] ErrorCode:0 INFO: Done Sending the status.
[2026-01-30 05:06:15.000]  [WriteStatusToFile] ErrorCode:0 INFO: Sending the status.
[2026-01-30 05:06:15.000]  [WriteHeartbeatToFile] ErrorCode:0 INFO: Sending the heartbeat.
[2026-01-30 05:06:15.000]  [WriteStatusToFile] ErrorCode:0 INFO: Done Sending the status.
[2026-01-30 05:06:15.000]  [WriteHeartbeatToFile] ErrorCode:0 INFO: Done Sending the heartbeat.
[2026-01-30 05:06:15.000]  [FindProcessById] ErrorCode:0 INFO: Attempt to find the process MetricsExtension.Native.exe with ID: 3300.
[2026-01-30 05:06:15.000]  [FindProcessById] ErrorCode:0 INFO: Running Process MetricsExtension.Native.exe found. ID: 3300.
[2026-01-30 05:06:15.000]  [StartMetricsExtension] ErrorCode:0 ERROR: Metrics extension is already running
[2026-01-30 05:06:45.000]  [WriteStatusToFile] ErrorCode:0 INFO: Sending the status.
[2026-01-30 05:06:45.000]  [WriteHeartbeatToFile] ErrorCode:0 INFO: Sending the heartbeat.
[2026-01-30 05:06:45.000]  [WriteHeartbeatToFile] ErrorCode:0 INFO: Done Sending the heartbeat.
[2026-01-30 05:06:45.000]  [WriteStatusToFile] ErrorCode:0 INFO: Done Sending the status.
[2026-01-30 05:07:15.000]  [WriteHeartbeatToFile] ErrorCode:0 INFO: Sending the heartbeat.
[2026-01-30 05:07:15.000]  [WriteStatusToFile] ErrorCode:0 INFO: Sending the status.
[2026-01-30 05:07:15.000]  [WriteHeartbeatToFile] ErrorCode:0 INFO: Done Sending the heartbeat.
[2026-01-30 05:07:15.000]  [WriteStatusToFile] ErrorCode:0 INFO: Done Sending the status.
[2026-01-30 05:07:15.000]  [FindProcessById] ErrorCode:0 INFO: Attempt to find the process MetricsExtension.Native.exe with ID: 3300.
[2026-01-30 05:07:15.000]  [FindProcessById] ErrorCode:0 INFO: Running Process MetricsExtension.Native.exe found. ID: 3300.
[2026-01-30 05:07:15.000]  [StartMetricsExtension] ErrorCode:0 ERROR: Metrics extension is already running
[2026-01-30 05:07:45.000]  [WriteStatusToFile] ErrorCode:0 INFO: Sending the status.
[2026-01-30 05:07:45.000]  [WriteHeartbeatToFile] ErrorCode:0 INFO: Sending the heartbeat.
[2026-01-30 05:07:45.000]  [WriteHeartbeatToFile] ErrorCode:0 INFO: Done Sending the heartbeat.
[2026-01-30 05:07:45.000]  [WriteStatusToFile] ErrorCode:0 INFO: Done Sending the status.
[2026-01-30 05:08:15.000]  [WriteHeartbeatToFile] ErrorCode:0 INFO: Sending the heartbeat.
[2026-01-30 05:08:15.000]  [WriteStatusToFile] ErrorCode:0 INFO: Sending the status.
[2026-01-30 05:08:15.000]  [WriteHeartbeatToFile] ErrorCode:0 INFO: Done Sending the heartbeat.
[2026-01-30 05:08:15.000]  [WriteStatusToFile] ErrorCode:0 INFO: Done Sending the status.
[2026-01-30 05:08:15.000]  [FindProcessById] ErrorCode:0 INFO: Attempt to find the process MetricsExtension.Native.exe with ID: 3300.
[2026-01-30 05:08:15.000]  [FindProcessById] ErrorCode:0 INFO: Running Process MetricsExtension.Native.exe found. ID: 3300.
[2026-01-30 05:08:15.000]  [StartMetricsExtension] ErrorCode:0 ERROR: Metrics extension is already running
[2026-01-30 05:08:15.000]  [AggregateHeartbeat] ErrorCode:0 INFO: Start heartbeat aggregation.
[2026-01-30 05:08:15.000]  [QueryRegValueDWORD] ErrorCode:0 INFO: Query Registry for Key:SOFTWARE\Microsoft\Windows Azure\CurrentVersion\AzureMonitorAgentExtension\47.4.1.0, Name:MaServiceProcess
[2026-01-30 05:08:15.000]  [QueryRegValueDWORD] ErrorCode:0 INFO: Query Registry for Key:SOFTWARE\Microsoft\Windows Azure\CurrentVersion\AzureMonitorAgentExtension\47.4.1.0, Name:MaServiceProcess, Value:5676
[2026-01-30 05:08:15.000]  [FindProcessById] ErrorCode:0 INFO: Attempt to find the process MonAgentLauncher.exe with ID: 5676.
[2026-01-30 05:08:15.000]  [FindProcessById] ErrorCode:0 INFO: Running Process MonAgentLauncher.exe found. ID: 5676.
[2026-01-30 05:08:15.000]  [CheckIfMAServiceIsRunByExtension] ErrorCode:0 INFO: The MA process is running based on the m_registry
[2026-01-30 05:08:15.000]  [QueryRegValueDWORD] ErrorCode:0 INFO: Query Registry for Key:SOFTWARE\Microsoft\Windows Azure\CurrentVersion\AzureMonitorAgentExtension\47.4.1.0, Name:AMAMultitenantServiceProcess
[2026-01-30 05:08:15.000]  [QueryRegValueDWORD] ErrorCode:0 ERROR: RegQueryValueExA: failed to query REG_DWORD value, Key:SOFTWARE\Microsoft\Windows Azure\CurrentVersion\AzureMonitorAgentExtension\47.4.1.0, name=AMAMultitenantServiceProcess, error=2, type=0
[2026-01-30 05:08:15.000]  [CheckIfMAServiceIsRunByExtension] ErrorCode:1205 INFO: Unable to read the m_registry for MA process. Assume it is not running.
[2026-01-30 05:08:15.000]  [AggregateHeartbeat] ErrorCode:0 INFO: Configured MA Service is not running on the node.
[2026-01-30 05:08:15.000]  [SetImdsEnvironmentVariable] ErrorCode:0 INFO: Querying IMDS information
[2026-01-30 05:08:15.000]  [SetImdsEnvironmentVariable] ErrorCode:-1 INFO: Preparing to call IMDS. Endpoint: http://169.254.169.254
[2026-01-30 05:08:15.000]  [QueryIMDSEndpoint] ErrorCode:0 INFO: Queried IMDS successfully.
[2026-01-30 05:08:15.000]  [GetValueFromJsonOrDefault] ErrorCode:0 INFO: Read Imds response field with Name:location Value: westus2
[2026-01-30 05:08:15.000]  [GetValueFromJsonOrDefault] ErrorCode:0 INFO: Read Imds response field with Name:name Value: amawin
[2026-01-30 05:08:15.000]  [GetValueFromJsonOrDefault] ErrorCode:0 INFO: Read Imds response field with Name:subscriptionId Value: 351651ce-5feb-4e59-975d-f1f344e2b717
[2026-01-30 05:08:15.000]  [GetValueFromJsonOrDefault] ErrorCode:0 INFO: Read Imds response field with Name:vmId Value: 22afd636-aec1-4782-9055-f85ea283dc20
[2026-01-30 05:08:15.000]  [GetValueFromJsonOrDefault] ErrorCode:0 INFO: Read Imds response field with Name:vmScaleSetName Value: 
[2026-01-30 05:08:15.000]  [GetValueFromJsonOrDefault] ErrorCode:0 INFO: Read Imds response field with Name:resourceGroupName Value: AMAWin_group
[2026-01-30 05:08:15.000]  [GetValueFromJsonOrDefault] ErrorCode:0 INFO: Read Imds response field with Name:osType Value: Windows
[2026-01-30 05:08:15.000]  [GetValueFromJsonOrDefault] ErrorCode:0 INFO: Read Imds response field with Name:resourceId Value: /subscriptions/351651ce-5feb-4e59-975d-f1f344e2b717/resourceGroups/AMAWin_group/providers/Microsoft.Compute/virtualMachines/amawin
[2026-01-30 05:08:15.000]  [GetValueFromJsonOrDefault] ErrorCode:0 INFO: Read Imds response field with Name:azEnvironment Value: AzurePublicCloud
[2026-01-30 05:08:15.000]  [SetImdsEnvironmentVariable] ErrorCode:0 INFO: Successfully set Environment variables from Imds
[2026-01-30 05:08:15.000]  [AggregateHeartbeat] ErrorCode:0 INFO: Completed heartbeat aggregation.
[2026-01-30 05:08:45.000]  [WriteHeartbeatToFile] ErrorCode:0 INFO: Sending the heartbeat.
[2026-01-30 05:08:45.000]  [WriteStatusToFile] ErrorCode:0 INFO: Sending the status.
[2026-01-30 05:08:45.000]  [WriteStatusToFile] ErrorCode:0 INFO: Done Sending the status.
[2026-01-30 05:08:45.000]  [WriteHeartbeatToFile] ErrorCode:0 INFO: Done Sending the heartbeat.
[2026-01-30 05:09:15.000]  [WriteStatusToFile] ErrorCode:0 INFO: Sending the status.
[2026-01-30 05:09:15.000]  [WriteHeartbeatToFile] ErrorCode:0 INFO: Sending the heartbeat.
[2026-01-30 05:09:15.000]  [WriteHeartbeatToFile] ErrorCode:0 INFO: Done Sending the heartbeat.
[2026-01-30 05:09:15.000]  [WriteStatusToFile] ErrorCode:0 INFO: Done Sending the status.
[2026-01-30 05:09:15.000]  [FindProcessById] ErrorCode:0 INFO: Attempt to find the process MetricsExtension.Native.exe with ID: 3300.
[2026-01-30 05:09:15.000]  [FindProcessById] ErrorCode:0 INFO: Running Process MetricsExtension.Native.exe found. ID: 3300.
[2026-01-30 05:09:15.000]  [StartMetricsExtension] ErrorCode:0 ERROR: Metrics extension is already running
[2026-01-30 05:09:45.000]  [WriteHeartbeatToFile] ErrorCode:0 INFO: Sending the heartbeat.
[2026-01-30 05:09:45.000]  [WriteStatusToFile] ErrorCode:0 INFO: Sending the status.
[2026-01-30 05:09:45.000]  [WriteStatusToFile] ErrorCode:0 INFO: Done Sending the status.
[2026-01-30 05:09:45.000]  [WriteHeartbeatToFile] ErrorCode:0 INFO: Done Sending the heartbeat.
[2026-01-30 05:10:15.000]  [WriteStatusToFile] ErrorCode:0 INFO: Sending the status.
[2026-01-30 05:10:15.000]  [WriteHeartbeatToFile] ErrorCode:0 INFO: Sending the heartbeat.
[2026-01-30 05:10:15.000]  [WriteStatusToFile] ErrorCode:0 INFO: Done Sending the status.
[2026-01-30 05:10:15.000]  [WriteHeartbeatToFile] ErrorCode:0 INFO: Done Sending the heartbeat.
[2026-01-30 05:10:15.000]  [FindProcessById] ErrorCode:0 INFO: Attempt to find the process MetricsExtension.Native.exe with ID: 3300.
[2026-01-30 05:10:15.000]  [FindProcessById] ErrorCode:0 INFO: Running Process MetricsExtension.Native.exe found. ID: 3300.
[2026-01-30 05:10:15.000]  [StartMetricsExtension] ErrorCode:0 ERROR: Metrics extension is already running
[2026-01-30 05:10:45.000]  [WriteHeartbeatToFile] ErrorCode:0 INFO: Sending the heartbeat.
[2026-01-30 05:10:45.000]  [WriteStatusToFile] ErrorCode:0 INFO: Sending the status.
[2026-01-30 05:10:45.000]  [WriteHeartbeatToFile] ErrorCode:0 INFO: Done Sending the heartbeat.
[2026-01-30 05:10:45.000]  [WriteStatusToFile] ErrorCode:0 INFO: Done Sending the status.
[2026-01-30 05:11:15.000]  [WriteHeartbeatToFile] ErrorCode:0 INFO: Sending the heartbeat.
[2026-01-30 05:11:15.000]  [WriteStatusToFile] ErrorCode:0 INFO: Sending the status.
[2026-01-30 05:11:15.000]  [WriteStatusToFile] ErrorCode:0 INFO: Done Sending the status.
[2026-01-30 05:11:15.000]  [WriteHeartbeatToFile] ErrorCode:0 INFO: Done Sending the heartbeat.
[2026-01-30 05:11:15.000]  [FindProcessById] ErrorCode:0 INFO: Attempt to find the process MetricsExtension.Native.exe with ID: 3300.
[2026-01-30 05:11:15.000]  [FindProcessById] ErrorCode:0 INFO: Running Process MetricsExtension.Native.exe found. ID: 3300.
[2026-01-30 05:11:15.000]  [StartMetricsExtension] ErrorCode:0 ERROR: Metrics extension is already running
[2026-01-30 05:11:45.000]  [WriteStatusToFile] ErrorCode:0 INFO: Sending the status.
[2026-01-30 05:11:45.000]  [WriteHeartbeatToFile] ErrorCode:0 INFO: Sending the heartbeat.
[2026-01-30 05:11:45.000]  [WriteHeartbeatToFile] ErrorCode:0 INFO: Done Sending the heartbeat.
[2026-01-30 05:11:45.000]  [WriteStatusToFile] ErrorCode:0 INFO: Done Sending the status.
[2026-01-30 05:12:15.000]  [WriteHeartbeatToFile] ErrorCode:0 INFO: Sending the heartbeat.
[2026-01-30 05:12:15.000]  [WriteStatusToFile] ErrorCode:0 INFO: Sending the status.
[2026-01-30 05:12:15.000]  [WriteHeartbeatToFile] ErrorCode:0 INFO: Done Sending the heartbeat.
[2026-01-30 05:12:15.000]  [WriteStatusToFile] ErrorCode:0 INFO: Done Sending the status.
[2026-01-30 05:12:15.000]  [FindProcessById] ErrorCode:0 INFO: Attempt to find the process MetricsExtension.Native.exe with ID: 3300.
[2026-01-30 05:12:15.000]  [FindProcessById] ErrorCode:0 INFO: Running Process MetricsExtension.Native.exe found. ID: 3300.
[2026-01-30 05:12:15.000]  [StartMetricsExtension] ErrorCode:0 ERROR: Metrics extension is already running
[2026-01-30 05:12:45.000]  [WriteHeartbeatToFile] ErrorCode:0 INFO: Sending the heartbeat.
[2026-01-30 05:12:45.000]  [WriteStatusToFile] ErrorCode:0 INFO: Sending the status.
[2026-01-30 05:12:45.000]  [WriteStatusToFile] ErrorCode:0 INFO: Done Sending the status.
[2026-01-30 05:12:45.000]  [WriteHeartbeatToFile] ErrorCode:0 INFO: Done Sending the heartbeat.
[2026-01-30 05:13:15.000]  [WriteStatusToFile] ErrorCode:0 INFO: Sending the status.
[2026-01-30 05:13:15.000]  [WriteHeartbeatToFile] ErrorCode:0 INFO: Sending the heartbeat.
[2026-01-30 05:13:15.000]  [WriteStatusToFile] ErrorCode:0 INFO: Done Sending the status.
[2026-01-30 05:13:15.000]  [WriteHeartbeatToFile] ErrorCode:0 INFO: Done Sending the heartbeat.
[2026-01-30 05:13:15.000]  [FindProcessById] ErrorCode:0 INFO: Attempt to find the process MetricsExtension.Native.exe with ID: 3300.
[2026-01-30 05:13:15.000]  [FindProcessById] ErrorCode:0 INFO: Running Process MetricsExtension.Native.exe found. ID: 3300.
[2026-01-30 05:13:15.000]  [StartMetricsExtension] ErrorCode:0 ERROR: Metrics extension is already running
[2026-01-30 05:13:15.000]  [AggregateHeartbeat] ErrorCode:0 INFO: Start heartbeat aggregation.
[2026-01-30 05:13:15.000]  [QueryRegValueDWORD] ErrorCode:0 INFO: Query Registry for Key:SOFTWARE\Microsoft\Windows Azure\CurrentVersion\AzureMonitorAgentExtension\47.4.1.0, Name:MaServiceProcess
[2026-01-30 05:13:15.000]  [QueryRegValueDWORD] ErrorCode:0 INFO: Query Registry for Key:SOFTWARE\Microsoft\Windows Azure\CurrentVersion\AzureMonitorAgentExtension\47.4.1.0, Name:MaServiceProcess, Value:5676
[2026-01-30 05:13:15.000]  [FindProcessById] ErrorCode:0 INFO: Attempt to find the process MonAgentLauncher.exe with ID: 5676.
[2026-01-30 05:13:15.000]  [FindProcessById] ErrorCode:0 INFO: Running Process MonAgentLauncher.exe found. ID: 5676.
[2026-01-30 05:13:15.000]  [CheckIfMAServiceIsRunByExtension] ErrorCode:0 INFO: The MA process is running based on the m_registry
[2026-01-30 05:13:15.000]  [QueryRegValueDWORD] ErrorCode:0 INFO: Query Registry for Key:SOFTWARE\Microsoft\Windows Azure\CurrentVersion\AzureMonitorAgentExtension\47.4.1.0, Name:AMAMultitenantServiceProcess
[2026-01-30 05:13:15.000]  [QueryRegValueDWORD] ErrorCode:0 ERROR: RegQueryValueExA: failed to query REG_DWORD value, Key:SOFTWARE\Microsoft\Windows Azure\CurrentVersion\AzureMonitorAgentExtension\47.4.1.0, name=AMAMultitenantServiceProcess, error=2, type=0
[2026-01-30 05:13:15.000]  [CheckIfMAServiceIsRunByExtension] ErrorCode:1205 INFO: Unable to read the m_registry for MA process. Assume it is not running.
[2026-01-30 05:13:15.000]  [AggregateHeartbeat] ErrorCode:0 INFO: Configured MA Service is not running on the node.
[2026-01-30 05:13:15.000]  [SetImdsEnvironmentVariable] ErrorCode:0 INFO: Querying IMDS information
[2026-01-30 05:13:15.000]  [SetImdsEnvironmentVariable] ErrorCode:-1 INFO: Preparing to call IMDS. Endpoint: http://169.254.169.254
[2026-01-30 05:13:15.000]  [QueryIMDSEndpoint] ErrorCode:0 INFO: Queried IMDS successfully.
[2026-01-30 05:13:15.000]  [GetValueFromJsonOrDefault] ErrorCode:0 INFO: Read Imds response field with Name:location Value: westus2
[2026-01-30 05:13:15.000]  [GetValueFromJsonOrDefault] ErrorCode:0 INFO: Read Imds response field with Name:name Value: amawin
[2026-01-30 05:13:15.000]  [GetValueFromJsonOrDefault] ErrorCode:0 INFO: Read Imds response field with Name:subscriptionId Value: 351651ce-5feb-4e59-975d-f1f344e2b717
[2026-01-30 05:13:15.000]  [GetValueFromJsonOrDefault] ErrorCode:0 INFO: Read Imds response field with Name:vmId Value: 22afd636-aec1-4782-9055-f85ea283dc20
[2026-01-30 05:13:15.000]  [GetValueFromJsonOrDefault] ErrorCode:0 INFO: Read Imds response field with Name:vmScaleSetName Value: 
[2026-01-30 05:13:15.000]  [GetValueFromJsonOrDefault] ErrorCode:0 INFO: Read Imds response field with Name:resourceGroupName Value: AMAWin_group
[2026-01-30 05:13:15.000]  [GetValueFromJsonOrDefault] ErrorCode:0 INFO: Read Imds response field with Name:osType Value: Windows
[2026-01-30 05:13:15.000]  [GetValueFromJsonOrDefault] ErrorCode:0 INFO: Read Imds response field with Name:resourceId Value: /subscriptions/351651ce-5feb-4e59-975d-f1f344e2b717/resourceGroups/AMAWin_group/providers/Microsoft.Compute/virtualMachines/amawin
[2026-01-30 05:13:15.000]  [GetValueFromJsonOrDefault] ErrorCode:0 INFO: Read Imds response field with Name:azEnvironment Value: AzurePublicCloud
[2026-01-30 05:13:15.000]  [SetImdsEnvironmentVariable] ErrorCode:0 INFO: Successfully set Environment variables from Imds
[2026-01-30 05:13:15.000]  [AggregateHeartbeat] ErrorCode:0 INFO: Completed heartbeat aggregation.
[2026-01-30 05:13:45.000]  [WriteStatusToFile] ErrorCode:0 INFO: Sending the status.
[2026-01-30 05:13:45.000]  [WriteHeartbeatToFile] ErrorCode:0 INFO: Sending the heartbeat.
[2026-01-30 05:13:45.000]  [WriteHeartbeatToFile] ErrorCode:0 INFO: Done Sending the heartbeat.
[2026-01-30 05:13:45.000]  [WriteStatusToFile] ErrorCode:0 INFO: Done Sending the status.
[2026-01-30 05:14:15.000]  [WriteStatusToFile] ErrorCode:0 INFO: Sending the status.
[2026-01-30 05:14:15.000]  [WriteHeartbeatToFile] ErrorCode:0 INFO: Sending the heartbeat.
[2026-01-30 05:14:15.000]  [WriteStatusToFile] ErrorCode:0 INFO: Done Sending the status.
[2026-01-30 05:14:15.000]  [WriteHeartbeatToFile] ErrorCode:0 INFO: Done Sending the heartbeat.
[2026-01-30 05:14:15.000]  [FindProcessById] ErrorCode:0 INFO: Attempt to find the process MetricsExtension.Native.exe with ID: 3300.
[2026-01-30 05:14:15.000]  [FindProcessById] ErrorCode:0 INFO: Running Process MetricsExtension.Native.exe found. ID: 3300.
[2026-01-30 05:14:15.000]  [StartMetricsExtension] ErrorCode:0 ERROR: Metrics extension is already running
[2026-01-30 05:14:45.000]  [WriteHeartbeatToFile] ErrorCode:0 INFO: Sending the heartbeat.
[2026-01-30 05:14:45.000]  [WriteStatusToFile] ErrorCode:0 INFO: Sending the status.
[2026-01-30 05:14:45.000]  [WriteHeartbeatToFile] ErrorCode:0 INFO: Done Sending the heartbeat.
[2026-01-30 05:14:45.000]  [WriteStatusToFile] ErrorCode:0 INFO: Done Sending the status.
[2026-01-30 05:15:15.000]  [WriteStatusToFile] ErrorCode:0 INFO: Sending the status.
[2026-01-30 05:15:15.000]  [WriteHeartbeatToFile] ErrorCode:0 INFO: Sending the heartbeat.
[2026-01-30 05:15:15.000]  [WriteStatusToFile] ErrorCode:0 INFO: Done Sending the status.
[2026-01-30 05:15:15.000]  [WriteHeartbeatToFile] ErrorCode:0 INFO: Done Sending the heartbeat.
[2026-01-30 05:15:15.000]  [FindProcessById] ErrorCode:0 INFO: Attempt to find the process MetricsExtension.Native.exe with ID: 3300.
[2026-01-30 05:15:15.000]  [FindProcessById] ErrorCode:0 INFO: Running Process MetricsExtension.Native.exe found. ID: 3300.
[2026-01-30 05:15:15.000]  [StartMetricsExtension] ErrorCode:0 ERROR: Metrics extension is already running
[2026-01-30 05:15:45.000]  [WriteStatusToFile] ErrorCode:0 INFO: Sending the status.
[2026-01-30 05:15:45.000]  [WriteHeartbeatToFile] ErrorCode:0 INFO: Sending the heartbeat.
[2026-01-30 05:15:45.000]  [WriteStatusToFile] ErrorCode:0 INFO: Done Sending the status.
[2026-01-30 05:15:45.000]  [WriteHeartbeatToFile] ErrorCode:0 INFO: Done Sending the heartbeat.
[2026-01-30 05:16:15.000]  [WriteHeartbeatToFile] ErrorCode:0 INFO: Sending the heartbeat.
[2026-01-30 05:16:15.000]  [WriteStatusToFile] ErrorCode:0 INFO: Sending the status.
[2026-01-30 05:16:15.000]  [WriteStatusToFile] ErrorCode:0 INFO: Done Sending the status.
[2026-01-30 05:16:15.000]  [WriteHeartbeatToFile] ErrorCode:0 INFO: Done Sending the heartbeat.
[2026-01-30 05:16:15.000]  [FindProcessById] ErrorCode:0 INFO: Attempt to find the process MetricsExtension.Native.exe with ID: 3300.
[2026-01-30 05:16:15.000]  [FindProcessById] ErrorCode:0 INFO: Running Process MetricsExtension.Native.exe found. ID: 3300.
[2026-01-30 05:16:15.000]  [StartMetricsExtension] ErrorCode:0 ERROR: Metrics extension is already running
[2026-01-30 05:16:45.000]  [WriteHeartbeatToFile] ErrorCode:0 INFO: Sending the heartbeat.
[2026-01-30 05:16:45.000]  [WriteStatusToFile] ErrorCode:0 INFO: Sending the status.
[2026-01-30 05:16:45.000]  [WriteStatusToFile] ErrorCode:0 INFO: Done Sending the status.
[2026-01-30 05:16:45.000]  [WriteHeartbeatToFile] ErrorCode:0 INFO: Done Sending the heartbeat.
[2026-01-30 05:17:15.000]  [WriteHeartbeatToFile] ErrorCode:0 INFO: Sending the heartbeat.
[2026-01-30 05:17:15.000]  [WriteStatusToFile] ErrorCode:0 INFO: Sending the status.
[2026-01-30 05:17:15.000]  [WriteHeartbeatToFile] ErrorCode:0 INFO: Done Sending the heartbeat.
[2026-01-30 05:17:15.000]  [WriteStatusToFile] ErrorCode:0 INFO: Done Sending the status.
[2026-01-30 05:17:15.000]  [FindProcessById] ErrorCode:0 INFO: Attempt to find the process MetricsExtension.Native.exe with ID: 3300.
[2026-01-30 05:17:15.000]  [FindProcessById] ErrorCode:0 INFO: Running Process MetricsExtension.Native.exe found. ID: 3300.
[2026-01-30 05:17:15.000]  [StartMetricsExtension] ErrorCode:0 ERROR: Metrics extension is already running
[2026-01-30 05:17:45.000]  [WriteHeartbeatToFile] ErrorCode:0 INFO: Sending the heartbeat.
[2026-01-30 05:17:45.000]  [WriteStatusToFile] ErrorCode:0 INFO: Sending the status.
[2026-01-30 05:17:45.000]  [WriteHeartbeatToFile] ErrorCode:0 INFO: Done Sending the heartbeat.
[2026-01-30 05:17:45.000]  [WriteStatusToFile] ErrorCode:0 INFO: Done Sending the status.
[2026-01-30 05:18:15.000]  [WriteHeartbeatToFile] ErrorCode:0 INFO: Sending the heartbeat.
[2026-01-30 05:18:15.000]  [WriteStatusToFile] ErrorCode:0 INFO: Sending the status.
[2026-01-30 05:18:15.000]  [WriteHeartbeatToFile] ErrorCode:0 INFO: Done Sending the heartbeat.
[2026-01-30 05:18:15.000]  [WriteStatusToFile] ErrorCode:0 INFO: Done Sending the status.
[2026-01-30 05:18:15.000]  [FindProcessById] ErrorCode:0 INFO: Attempt to find the process MetricsExtension.Native.exe with ID: 3300.
[2026-01-30 05:18:15.000]  [FindProcessById] ErrorCode:0 INFO: Running Process MetricsExtension.Native.exe found. ID: 3300.
[2026-01-30 05:18:15.000]  [StartMetricsExtension] ErrorCode:0 ERROR: Metrics extension is already running
[2026-01-30 05:18:15.000]  [AggregateHeartbeat] ErrorCode:0 INFO: Start heartbeat aggregation.
[2026-01-30 05:18:15.000]  [QueryRegValueDWORD] ErrorCode:0 INFO: Query Registry for Key:SOFTWARE\Microsoft\Windows Azure\CurrentVersion\AzureMonitorAgentExtension\47.4.1.0, Name:MaServiceProcess
[2026-01-30 05:18:15.000]  [QueryRegValueDWORD] ErrorCode:0 INFO: Query Registry for Key:SOFTWARE\Microsoft\Windows Azure\CurrentVersion\AzureMonitorAgentExtension\47.4.1.0, Name:MaServiceProcess, Value:5676
[2026-01-30 05:18:15.000]  [FindProcessById] ErrorCode:0 INFO: Attempt to find the process MonAgentLauncher.exe with ID: 5676.
[2026-01-30 05:18:15.000]  [FindProcessById] ErrorCode:0 INFO: Running Process MonAgentLauncher.exe found. ID: 5676.
[2026-01-30 05:18:15.000]  [CheckIfMAServiceIsRunByExtension] ErrorCode:0 INFO: The MA process is running based on the m_registry
[2026-01-30 05:18:15.000]  [QueryRegValueDWORD] ErrorCode:0 INFO: Query Registry for Key:SOFTWARE\Microsoft\Windows Azure\CurrentVersion\AzureMonitorAgentExtension\47.4.1.0, Name:AMAMultitenantServiceProcess
[2026-01-30 05:18:15.000]  [QueryRegValueDWORD] ErrorCode:0 ERROR: RegQueryValueExA: failed to query REG_DWORD value, Key:SOFTWARE\Microsoft\Windows Azure\CurrentVersion\AzureMonitorAgentExtension\47.4.1.0, name=AMAMultitenantServiceProcess, error=2, type=0
[2026-01-30 05:18:15.000]  [CheckIfMAServiceIsRunByExtension] ErrorCode:1205 INFO: Unable to read the m_registry for MA process. Assume it is not running.
[2026-01-30 05:18:15.000]  [AggregateHeartbeat] ErrorCode:0 INFO: Configured MA Service is not running on the node.
[2026-01-30 05:18:15.000]  [SetImdsEnvironmentVariable] ErrorCode:0 INFO: Querying IMDS information
[2026-01-30 05:18:15.000]  [SetImdsEnvironmentVariable] ErrorCode:-1 INFO: Preparing to call IMDS. Endpoint: http://169.254.169.254
[2026-01-30 05:18:15.000]  [QueryIMDSEndpoint] ErrorCode:0 INFO: Queried IMDS successfully.
[2026-01-30 05:18:15.000]  [GetValueFromJsonOrDefault] ErrorCode:0 INFO: Read Imds response field with Name:location Value: westus2
[2026-01-30 05:18:15.000]  [GetValueFromJsonOrDefault] ErrorCode:0 INFO: Read Imds response field with Name:name Value: amawin
[2026-01-30 05:18:15.000]  [GetValueFromJsonOrDefault] ErrorCode:0 INFO: Read Imds response field with Name:subscriptionId Value: 351651ce-5feb-4e59-975d-f1f344e2b717
[2026-01-30 05:18:15.000]  [GetValueFromJsonOrDefault] ErrorCode:0 INFO: Read Imds response field with Name:vmId Value: 22afd636-aec1-4782-9055-f85ea283dc20
[2026-01-30 05:18:15.000]  [GetValueFromJsonOrDefault] ErrorCode:0 INFO: Read Imds response field with Name:vmScaleSetName Value: 
[2026-01-30 05:18:15.000]  [GetValueFromJsonOrDefault] ErrorCode:0 INFO: Read Imds response field with Name:resourceGroupName Value: AMAWin_group
[2026-01-30 05:18:15.000]  [GetValueFromJsonOrDefault] ErrorCode:0 INFO: Read Imds response field with Name:osType Value: Windows
[2026-01-30 05:18:15.000]  [GetValueFromJsonOrDefault] ErrorCode:0 INFO: Read Imds response field with Name:resourceId Value: /subscriptions/351651ce-5feb-4e59-975d-f1f344e2b717/resourceGroups/AMAWin_group/providers/Microsoft.Compute/virtualMachines/amawin
[2026-01-30 05:18:15.000]  [GetValueFromJsonOrDefault] ErrorCode:0 INFO: Read Imds response field with Name:azEnvironment Value: AzurePublicCloud
[2026-01-30 05:18:15.000]  [SetImdsEnvironmentVariable] ErrorCode:0 INFO: Successfully set Environment variables from Imds
[2026-01-30 05:18:15.000]  [AggregateHeartbeat] ErrorCode:0 INFO: Completed heartbeat aggregation.
[2026-01-30 05:18:45.000]  [WriteStatusToFile] ErrorCode:0 INFO: Sending the status.
[2026-01-30 05:18:45.000]  [WriteHeartbeatToFile] ErrorCode:0 INFO: Sending the heartbeat.
[2026-01-30 05:18:45.000]  [WriteStatusToFile] ErrorCode:0 INFO: Done Sending the status.
[2026-01-30 05:18:45.000]  [WriteHeartbeatToFile] ErrorCode:0 INFO: Done Sending the heartbeat.
[2026-01-30 05:19:15.000]  [WriteStatusToFile] ErrorCode:0 INFO: Sending the status.
[2026-01-30 05:19:15.000]  [WriteHeartbeatToFile] ErrorCode:0 INFO: Sending the heartbeat.
[2026-01-30 05:19:15.000]  [WriteHeartbeatToFile] ErrorCode:0 INFO: Done Sending the heartbeat.
[2026-01-30 05:19:15.000]  [WriteStatusToFile] ErrorCode:0 INFO: Done Sending the status.
[2026-01-30 05:19:15.000]  [FindProcessById] ErrorCode:0 INFO: Attempt to find the process MetricsExtension.Native.exe with ID: 3300.
[2026-01-30 05:19:15.000]  [FindProcessById] ErrorCode:0 INFO: Running Process MetricsExtension.Native.exe found. ID: 3300.
[2026-01-30 05:19:15.000]  [StartMetricsExtension] ErrorCode:0 ERROR: Metrics extension is already running
[2026-01-30 05:19:45.000]  [WriteHeartbeatToFile] ErrorCode:0 INFO: Sending the heartbeat.
[2026-01-30 05:19:45.000]  [WriteStatusToFile] ErrorCode:0 INFO: Sending the status.
[2026-01-30 05:19:45.000]  [WriteHeartbeatToFile] ErrorCode:0 INFO: Done Sending the heartbeat.
[2026-01-30 05:19:45.000]  [WriteStatusToFile] ErrorCode:0 INFO: Done Sending the status.
[2026-01-30 05:20:15.000]  [WriteStatusToFile] ErrorCode:0 INFO: Sending the status.
[2026-01-30 05:20:15.000]  [WriteHeartbeatToFile] ErrorCode:0 INFO: Sending the heartbeat.
[2026-01-30 05:20:15.000]  [WriteHeartbeatToFile] ErrorCode:0 INFO: Done Sending the heartbeat.
[2026-01-30 05:20:15.000]  [WriteStatusToFile] ErrorCode:0 INFO: Done Sending the status.
[2026-01-30 05:20:15.000]  [FindProcessById] ErrorCode:0 INFO: Attempt to find the process MetricsExtension.Native.exe with ID: 3300.
[2026-01-30 05:20:15.000]  [FindProcessById] ErrorCode:0 INFO: Running Process MetricsExtension.Native.exe found. ID: 3300.
[2026-01-30 05:20:15.000]  [StartMetricsExtension] ErrorCode:0 ERROR: Metrics extension is already running
[2026-01-30 05:20:45.000]  [WriteHeartbeatToFile] ErrorCode:0 INFO: Sending the heartbeat.
[2026-01-30 05:20:45.000]  [WriteStatusToFile] ErrorCode:0 INFO: Sending the status.
[2026-01-30 05:20:45.000]  [WriteHeartbeatToFile] ErrorCode:0 INFO: Done Sending the heartbeat.
[2026-01-30 05:20:45.000]  [WriteStatusToFile] ErrorCode:0 INFO: Done Sending the status.
[2026-01-30 05:21:15.000]  [WriteHeartbeatToFile] ErrorCode:0 INFO: Sending the heartbeat.
[2026-01-30 05:21:15.000]  [WriteStatusToFile] ErrorCode:0 INFO: Sending the status.
[2026-01-30 05:21:15.000]  [WriteStatusToFile] ErrorCode:0 INFO: Done Sending the status.
[2026-01-30 05:21:15.000]  [WriteHeartbeatToFile] ErrorCode:0 INFO: Done Sending the heartbeat.
[2026-01-30 05:21:15.000]  [FindProcessById] ErrorCode:0 INFO: Attempt to find the process MetricsExtension.Native.exe with ID: 3300.
[2026-01-30 05:21:15.000]  [FindProcessById] ErrorCode:0 INFO: Running Process MetricsExtension.Native.exe found. ID: 3300.
[2026-01-30 05:21:15.000]  [StartMetricsExtension] ErrorCode:0 ERROR: Metrics extension is already running
[2026-01-30 05:21:45.000]  [WriteStatusToFile] ErrorCode:0 INFO: Sending the status.
[2026-01-30 05:21:45.000]  [WriteHeartbeatToFile] ErrorCode:0 INFO: Sending the heartbeat.
[2026-01-30 05:21:45.000]  [WriteStatusToFile] ErrorCode:0 INFO: Done Sending the status.
[2026-01-30 05:21:45.000]  [WriteHeartbeatToFile] ErrorCode:0 INFO: Done Sending the heartbeat.
[2026-01-30 05:22:15.000]  [WriteHeartbeatToFile] ErrorCode:0 INFO: Sending the heartbeat.
[2026-01-30 05:22:15.000]  [WriteStatusToFile] ErrorCode:0 INFO: Sending the status.
[2026-01-30 05:22:15.000]  [WriteStatusToFile] ErrorCode:0 INFO: Done Sending the status.
[2026-01-30 05:22:15.000]  [WriteHeartbeatToFile] ErrorCode:0 INFO: Done Sending the heartbeat.
[2026-01-30 05:22:15.000]  [FindProcessById] ErrorCode:0 INFO: Attempt to find the process MetricsExtension.Native.exe with ID: 3300.
[2026-01-30 05:22:15.000]  [FindProcessById] ErrorCode:0 INFO: Running Process MetricsExtension.Native.exe found. ID: 3300.
[2026-01-30 05:22:15.000]  [StartMetricsExtension] ErrorCode:0 ERROR: Metrics extension is already running
[2026-01-30 05:22:45.000]  [WriteHeartbeatToFile] ErrorCode:0 INFO: Sending the heartbeat.
[2026-01-30 05:22:45.000]  [WriteStatusToFile] ErrorCode:0 INFO: Sending the status.
[2026-01-30 05:22:45.000]  [WriteHeartbeatToFile] ErrorCode:0 INFO: Done Sending the heartbeat.
[2026-01-30 05:22:45.000]  [WriteStatusToFile] ErrorCode:0 INFO: Done Sending the status.
[2026-01-30 05:23:15.000]  [WriteHeartbeatToFile] ErrorCode:0 INFO: Sending the heartbeat.
[2026-01-30 05:23:15.000]  [WriteStatusToFile] ErrorCode:0 INFO: Sending the status.
[2026-01-30 05:23:15.000]  [WriteHeartbeatToFile] ErrorCode:0 INFO: Done Sending the heartbeat.
[2026-01-30 05:23:15.000]  [WriteStatusToFile] ErrorCode:0 INFO: Done Sending the status.
[2026-01-30 05:23:15.000]  [FindProcessById] ErrorCode:0 INFO: Attempt to find the process MetricsExtension.Native.exe with ID: 3300.
[2026-01-30 05:23:15.000]  [FindProcessById] ErrorCode:0 INFO: Running Process MetricsExtension.Native.exe found. ID: 3300.
[2026-01-30 05:23:15.000]  [StartMetricsExtension] ErrorCode:0 ERROR: Metrics extension is already running
[2026-01-30 05:23:15.000]  [AggregateHeartbeat] ErrorCode:0 INFO: Start heartbeat aggregation.
[2026-01-30 05:23:15.000]  [QueryRegValueDWORD] ErrorCode:0 INFO: Query Registry for Key:SOFTWARE\Microsoft\Windows Azure\CurrentVersion\AzureMonitorAgentExtension\47.4.1.0, Name:MaServiceProcess
[2026-01-30 05:23:15.000]  [QueryRegValueDWORD] ErrorCode:0 INFO: Query Registry for Key:SOFTWARE\Microsoft\Windows Azure\CurrentVersion\AzureMonitorAgentExtension\47.4.1.0, Name:MaServiceProcess, Value:5676
[2026-01-30 05:23:15.000]  [FindProcessById] ErrorCode:0 INFO: Attempt to find the process MonAgentLauncher.exe with ID: 5676.
[2026-01-30 05:23:15.000]  [FindProcessById] ErrorCode:0 INFO: Running Process MonAgentLauncher.exe found. ID: 5676.
[2026-01-30 05:23:15.000]  [CheckIfMAServiceIsRunByExtension] ErrorCode:0 INFO: The MA process is running based on the m_registry
[2026-01-30 05:23:15.000]  [QueryRegValueDWORD] ErrorCode:0 INFO: Query Registry for Key:SOFTWARE\Microsoft\Windows Azure\CurrentVersion\AzureMonitorAgentExtension\47.4.1.0, Name:AMAMultitenantServiceProcess
[2026-01-30 05:23:15.000]  [QueryRegValueDWORD] ErrorCode:0 ERROR: RegQueryValueExA: failed to query REG_DWORD value, Key:SOFTWARE\Microsoft\Windows Azure\CurrentVersion\AzureMonitorAgentExtension\47.4.1.0, name=AMAMultitenantServiceProcess, error=2, type=0
[2026-01-30 05:23:15.000]  [CheckIfMAServiceIsRunByExtension] ErrorCode:1205 INFO: Unable to read the m_registry for MA process. Assume it is not running.
[2026-01-30 05:23:15.000]  [AggregateHeartbeat] ErrorCode:0 INFO: Configured MA Service is not running on the node.
[2026-01-30 05:23:15.000]  [SetImdsEnvironmentVariable] ErrorCode:0 INFO: Querying IMDS information
[2026-01-30 05:23:15.000]  [SetImdsEnvironmentVariable] ErrorCode:-1 INFO: Preparing to call IMDS. Endpoint: http://169.254.169.254
[2026-01-30 05:23:15.000]  [QueryIMDSEndpoint] ErrorCode:0 INFO: Queried IMDS successfully.
[2026-01-30 05:23:15.000]  [GetValueFromJsonOrDefault] ErrorCode:0 INFO: Read Imds response field with Name:location Value: westus2
[2026-01-30 05:23:15.000]  [GetValueFromJsonOrDefault] ErrorCode:0 INFO: Read Imds response field with Name:name Value: amawin
[2026-01-30 05:23:15.000]  [GetValueFromJsonOrDefault] ErrorCode:0 INFO: Read Imds response field with Name:subscriptionId Value: 351651ce-5feb-4e59-975d-f1f344e2b717
[2026-01-30 05:23:15.000]  [GetValueFromJsonOrDefault] ErrorCode:0 INFO: Read Imds response field with Name:vmId Value: 22afd636-aec1-4782-9055-f85ea283dc20
[2026-01-30 05:23:15.000]  [GetValueFromJsonOrDefault] ErrorCode:0 INFO: Read Imds response field with Name:vmScaleSetName Value: 
[2026-01-30 05:23:15.000]  [GetValueFromJsonOrDefault] ErrorCode:0 INFO: Read Imds response field with Name:resourceGroupName Value: AMAWin_group
[2026-01-30 05:23:15.000]  [GetValueFromJsonOrDefault] ErrorCode:0 INFO: Read Imds response field with Name:osType Value: Windows
[2026-01-30 05:23:15.000]  [GetValueFromJsonOrDefault] ErrorCode:0 INFO: Read Imds response field with Name:resourceId Value: /subscriptions/351651ce-5feb-4e59-975d-f1f344e2b717/resourceGroups/AMAWin_group/providers/Microsoft.Compute/virtualMachines/amawin
[2026-01-30 05:23:15.000]  [GetValueFromJsonOrDefault] ErrorCode:0 INFO: Read Imds response field with Name:azEnvironment Value: AzurePublicCloud
[2026-01-30 05:23:15.000]  [SetImdsEnvironmentVariable] ErrorCode:0 INFO: Successfully set Environment variables from Imds
[2026-01-30 05:23:15.000]  [AggregateHeartbeat] ErrorCode:0 INFO: Completed heartbeat aggregation.
[2026-01-30 05:23:45.000]  [WriteHeartbeatToFile] ErrorCode:0 INFO: Sending the heartbeat.
[2026-01-30 05:23:45.000]  [WriteStatusToFile] ErrorCode:0 INFO: Sending the status.
[2026-01-30 05:23:45.000]  [WriteStatusToFile] ErrorCode:0 INFO: Done Sending the status.
[2026-01-30 05:23:45.000]  [WriteHeartbeatToFile] ErrorCode:0 INFO: Done Sending the heartbeat.
[2026-01-30 05:24:15.000]  [WriteStatusToFile] ErrorCode:0 INFO: Sending the status.
[2026-01-30 05:24:15.000]  [WriteHeartbeatToFile] ErrorCode:0 INFO: Sending the heartbeat.
[2026-01-30 05:24:15.000]  [WriteStatusToFile] ErrorCode:0 INFO: Done Sending the status.
[2026-01-30 05:24:15.000]  [WriteHeartbeatToFile] ErrorCode:0 INFO: Done Sending the heartbeat.
[2026-01-30 05:24:15.000]  [FindProcessById] ErrorCode:0 INFO: Attempt to find the process MetricsExtension.Native.exe with ID: 3300.
[2026-01-30 05:24:15.000]  [FindProcessById] ErrorCode:0 INFO: Running Process MetricsExtension.Native.exe found. ID: 3300.
[2026-01-30 05:24:15.000]  [StartMetricsExtension] ErrorCode:0 ERROR: Metrics extension is already running
[2026-01-30 05:24:45.000]  [WriteHeartbeatToFile] ErrorCode:0 INFO: Sending the heartbeat.
[2026-01-30 05:24:45.000]  [WriteStatusToFile] ErrorCode:0 INFO: Sending the status.
[2026-01-30 05:24:45.000]  [WriteStatusToFile] ErrorCode:0 INFO: Done Sending the status.
[2026-01-30 05:24:45.000]  [WriteHeartbeatToFile] ErrorCode:0 INFO: Done Sending the heartbeat.
[2026-01-30 05:25:15.000]  [WriteStatusToFile] ErrorCode:0 INFO: Sending the status.
[2026-01-30 05:25:15.000]  [WriteHeartbeatToFile] ErrorCode:0 INFO: Sending the heartbeat.
[2026-01-30 05:25:15.000]  [WriteStatusToFile] ErrorCode:0 INFO: Done Sending the status.
[2026-01-30 05:25:15.000]  [WriteHeartbeatToFile] ErrorCode:0 INFO: Done Sending the heartbeat.
[2026-01-30 05:25:15.000]  [FindProcessById] ErrorCode:0 INFO: Attempt to find the process MetricsExtension.Native.exe with ID: 3300.
[2026-01-30 05:25:15.000]  [FindProcessById] ErrorCode:0 INFO: Running Process MetricsExtension.Native.exe found. ID: 3300.
[2026-01-30 05:25:15.000]  [StartMetricsExtension] ErrorCode:0 ERROR: Metrics extension is already running
[2026-01-30 05:25:45.000]  [WriteStatusToFile] ErrorCode:0 INFO: Sending the status.
[2026-01-30 05:25:45.000]  [WriteHeartbeatToFile] ErrorCode:0 INFO: Sending the heartbeat.
[2026-01-30 05:25:45.000]  [WriteHeartbeatToFile] ErrorCode:0 INFO: Done Sending the heartbeat.
[2026-01-30 05:25:45.000]  [WriteStatusToFile] ErrorCode:0 INFO: Done Sending the status.
[2026-01-30 05:26:15.000]  [WriteHeartbeatToFile] ErrorCode:0 INFO: Sending the heartbeat.
[2026-01-30 05:26:15.000]  [WriteStatusToFile] ErrorCode:0 INFO: Sending the status.
[2026-01-30 05:26:15.000]  [WriteStatusToFile] ErrorCode:0 INFO: Done Sending the status.
[2026-01-30 05:26:15.000]  [WriteHeartbeatToFile] ErrorCode:0 INFO: Done Sending the heartbeat.
[2026-01-30 05:26:15.000]  [FindProcessById] ErrorCode:0 INFO: Attempt to find the process MetricsExtension.Native.exe with ID: 3300.
[2026-01-30 05:26:15.000]  [FindProcessById] ErrorCode:0 INFO: Running Process MetricsExtension.Native.exe found. ID: 3300.
[2026-01-30 05:26:15.000]  [StartMetricsExtension] ErrorCode:0 ERROR: Metrics extension is already running
[2026-01-30 05:26:45.000]  [WriteHeartbeatToFile] ErrorCode:0 INFO: Sending the heartbeat.
[2026-01-30 05:26:45.000]  [WriteStatusToFile] ErrorCode:0 INFO: Sending the status.
[2026-01-30 05:26:45.000]  [WriteHeartbeatToFile] ErrorCode:0 INFO: Done Sending the heartbeat.
[2026-01-30 05:26:45.000]  [WriteStatusToFile] ErrorCode:0 INFO: Done Sending the status.
[2026-01-30 05:27:15.000]  [WriteHeartbeatToFile] ErrorCode:0 INFO: Sending the heartbeat.
[2026-01-30 05:27:15.000]  [WriteStatusToFile] ErrorCode:0 INFO: Sending the status.
[2026-01-30 05:27:15.000]  [WriteStatusToFile] ErrorCode:0 INFO: Done Sending the status.
[2026-01-30 05:27:15.000]  [WriteHeartbeatToFile] ErrorCode:0 INFO: Done Sending the heartbeat.
[2026-01-30 05:27:15.000]  [FindProcessById] ErrorCode:0 INFO: Attempt to find the process MetricsExtension.Native.exe with ID: 3300.
[2026-01-30 05:27:15.000]  [FindProcessById] ErrorCode:0 INFO: Running Process MetricsExtension.Native.exe found. ID: 3300.
[2026-01-30 05:27:15.000]  [StartMetricsExtension] ErrorCode:0 ERROR: Metrics extension is already running
[2026-01-30 05:27:45.000]  [WriteHeartbeatToFile] ErrorCode:0 INFO: Sending the heartbeat.
[2026-01-30 05:27:45.000]  [WriteStatusToFile] ErrorCode:0 INFO: Sending the status.
[2026-01-30 05:27:45.000]  [WriteHeartbeatToFile] ErrorCode:0 INFO: Done Sending the heartbeat.
[2026-01-30 05:27:45.000]  [WriteStatusToFile] ErrorCode:0 INFO: Done Sending the status.
[2026-01-30 05:28:15.000]  [WriteHeartbeatToFile] ErrorCode:0 INFO: Sending the heartbeat.
[2026-01-30 05:28:15.000]  [WriteStatusToFile] ErrorCode:0 INFO: Sending the status.
[2026-01-30 05:28:15.000]  [WriteStatusToFile] ErrorCode:0 INFO: Done Sending the status.
[2026-01-30 05:28:15.000]  [WriteHeartbeatToFile] ErrorCode:0 INFO: Done Sending the heartbeat.
[2026-01-30 05:28:15.000]  [FindProcessById] ErrorCode:0 INFO: Attempt to find the process MetricsExtension.Native.exe with ID: 3300.
[2026-01-30 05:28:15.000]  [FindProcessById] ErrorCode:0 INFO: Running Process MetricsExtension.Native.exe found. ID: 3300.
[2026-01-30 05:28:15.000]  [StartMetricsExtension] ErrorCode:0 ERROR: Metrics extension is already running
[2026-01-30 05:28:15.000]  [AggregateHeartbeat] ErrorCode:0 INFO: Start heartbeat aggregation.
[2026-01-30 05:28:15.000]  [QueryRegValueDWORD] ErrorCode:0 INFO: Query Registry for Key:SOFTWARE\Microsoft\Windows Azure\CurrentVersion\AzureMonitorAgentExtension\47.4.1.0, Name:MaServiceProcess
[2026-01-30 05:28:15.000]  [QueryRegValueDWORD] ErrorCode:0 INFO: Query Registry for Key:SOFTWARE\Microsoft\Windows Azure\CurrentVersion\AzureMonitorAgentExtension\47.4.1.0, Name:MaServiceProcess, Value:5676
[2026-01-30 05:28:15.000]  [FindProcessById] ErrorCode:0 INFO: Attempt to find the process MonAgentLauncher.exe with ID: 5676.
[2026-01-30 05:28:15.000]  [FindProcessById] ErrorCode:0 INFO: Running Process MonAgentLauncher.exe found. ID: 5676.
[2026-01-30 05:28:15.000]  [CheckIfMAServiceIsRunByExtension] ErrorCode:0 INFO: The MA process is running based on the m_registry
[2026-01-30 05:28:15.000]  [QueryRegValueDWORD] ErrorCode:0 INFO: Query Registry for Key:SOFTWARE\Microsoft\Windows Azure\CurrentVersion\AzureMonitorAgentExtension\47.4.1.0, Name:AMAMultitenantServiceProcess
[2026-01-30 05:28:15.000]  [QueryRegValueDWORD] ErrorCode:0 ERROR: RegQueryValueExA: failed to query REG_DWORD value, Key:SOFTWARE\Microsoft\Windows Azure\CurrentVersion\AzureMonitorAgentExtension\47.4.1.0, name=AMAMultitenantServiceProcess, error=2, type=0
[2026-01-30 05:28:15.000]  [CheckIfMAServiceIsRunByExtension] ErrorCode:1205 INFO: Unable to read the m_registry for MA process. Assume it is not running.
[2026-01-30 05:28:15.000]  [AggregateHeartbeat] ErrorCode:0 INFO: Configured MA Service is not running on the node.
[2026-01-30 05:28:15.000]  [SetImdsEnvironmentVariable] ErrorCode:0 INFO: Querying IMDS information
[2026-01-30 05:28:15.000]  [SetImdsEnvironmentVariable] ErrorCode:-1 INFO: Preparing to call IMDS. Endpoint: http://169.254.169.254
[2026-01-30 05:28:15.000]  [QueryIMDSEndpoint] ErrorCode:0 INFO: Queried IMDS successfully.
[2026-01-30 05:28:15.000]  [GetValueFromJsonOrDefault] ErrorCode:0 INFO: Read Imds response field with Name:location Value: westus2
[2026-01-30 05:28:15.000]  [GetValueFromJsonOrDefault] ErrorCode:0 INFO: Read Imds response field with Name:name Value: amawin
[2026-01-30 05:28:15.000]  [GetValueFromJsonOrDefault] ErrorCode:0 INFO: Read Imds response field with Name:subscriptionId Value: 351651ce-5feb-4e59-975d-f1f344e2b717
[2026-01-30 05:28:15.000]  [GetValueFromJsonOrDefault] ErrorCode:0 INFO: Read Imds response field with Name:vmId Value: 22afd636-aec1-4782-9055-f85ea283dc20
[2026-01-30 05:28:15.000]  [GetValueFromJsonOrDefault] ErrorCode:0 INFO: Read Imds response field with Name:vmScaleSetName Value: 
[2026-01-30 05:28:15.000]  [GetValueFromJsonOrDefault] ErrorCode:0 INFO: Read Imds response field with Name:resourceGroupName Value: AMAWin_group
[2026-01-30 05:28:15.000]  [GetValueFromJsonOrDefault] ErrorCode:0 INFO: Read Imds response field with Name:osType Value: Windows
[2026-01-30 05:28:15.000]  [GetValueFromJsonOrDefault] ErrorCode:0 INFO: Read Imds response field with Name:resourceId Value: /subscriptions/351651ce-5feb-4e59-975d-f1f344e2b717/resourceGroups/AMAWin_group/providers/Microsoft.Compute/virtualMachines/amawin
[2026-01-30 05:28:15.000]  [GetValueFromJsonOrDefault] ErrorCode:0 INFO: Read Imds response field with Name:azEnvironment Value: AzurePublicCloud
[2026-01-30 05:28:15.000]  [SetImdsEnvironmentVariable] ErrorCode:0 INFO: Successfully set Environment variables from Imds
[2026-01-30 05:28:15.000]  [AggregateHeartbeat] ErrorCode:0 INFO: Completed heartbeat aggregation.
[2026-01-30 05:28:45.000]  [WriteHeartbeatToFile] ErrorCode:0 INFO: Sending the heartbeat.
[2026-01-30 05:28:45.000]  [WriteStatusToFile] ErrorCode:0 INFO: Sending the status.
[2026-01-30 05:28:45.000]  [WriteStatusToFile] ErrorCode:0 INFO: Done Sending the status.
[2026-01-30 05:28:45.000]  [WriteHeartbeatToFile] ErrorCode:0 INFO: Done Sending the heartbeat.
[2026-01-30 05:29:15.000]  [WriteHeartbeatToFile] ErrorCode:0 INFO: Sending the heartbeat.
[2026-01-30 05:29:15.000]  [WriteStatusToFile] ErrorCode:0 INFO: Sending the status.
[2026-01-30 05:29:15.000]  [WriteHeartbeatToFile] ErrorCode:0 INFO: Done Sending the heartbeat.
[2026-01-30 05:29:15.000]  [WriteStatusToFile] ErrorCode:0 INFO: Done Sending the status.
[2026-01-30 05:29:15.000]  [FindProcessById] ErrorCode:0 INFO: Attempt to find the process MetricsExtension.Native.exe with ID: 3300.
[2026-01-30 05:29:15.000]  [FindProcessById] ErrorCode:0 INFO: Running Process MetricsExtension.Native.exe found. ID: 3300.
[2026-01-30 05:29:15.000]  [StartMetricsExtension] ErrorCode:0 ERROR: Metrics extension is already running
[2026-01-30 05:29:45.000]  [WriteHeartbeatToFile] ErrorCode:0 INFO: Sending the heartbeat.
[2026-01-30 05:29:45.000]  [WriteStatusToFile] ErrorCode:0 INFO: Sending the status.
[2026-01-30 05:29:45.000]  [WriteHeartbeatToFile] ErrorCode:0 INFO: Done Sending the heartbeat.
[2026-01-30 05:29:45.000]  [WriteStatusToFile] ErrorCode:0 INFO: Done Sending the status.
[2026-01-30 05:30:15.000]  [WriteHeartbeatToFile] ErrorCode:0 INFO: Sending the heartbeat.
[2026-01-30 05:30:15.000]  [WriteStatusToFile] ErrorCode:0 INFO: Sending the status.
[2026-01-30 05:30:15.000]  [WriteHeartbeatToFile] ErrorCode:0 INFO: Done Sending the heartbeat.
[2026-01-30 05:30:15.000]  [WriteStatusToFile] ErrorCode:0 INFO: Done Sending the status.
[2026-01-30 05:30:15.000]  [FindProcessById] ErrorCode:0 INFO: Attempt to find the process MetricsExtension.Native.exe with ID: 3300.
[2026-01-30 05:30:15.000]  [FindProcessById] ErrorCode:0 INFO: Running Process MetricsExtension.Native.exe found. ID: 3300.
[2026-01-30 05:30:15.000]  [StartMetricsExtension] ErrorCode:0 ERROR: Metrics extension is already running
[2026-01-30 05:30:45.000]  [WriteHeartbeatToFile] ErrorCode:0 INFO: Sending the heartbeat.
[2026-01-30 05:30:45.000]  [WriteStatusToFile] ErrorCode:0 INFO: Sending the status.
[2026-01-30 05:30:45.000]  [WriteHeartbeatToFile] ErrorCode:0 INFO: Done Sending the heartbeat.
[2026-01-30 05:30:45.000]  [WriteStatusToFile] ErrorCode:0 INFO: Done Sending the status.
[2026-01-30 05:31:15.000]  [WriteHeartbeatToFile] ErrorCode:0 INFO: Sending the heartbeat.
[2026-01-30 05:31:15.000]  [WriteStatusToFile] ErrorCode:0 INFO: Sending the status.
[2026-01-30 05:31:15.000]  [WriteHeartbeatToFile] ErrorCode:0 INFO: Done Sending the heartbeat.
[2026-01-30 05:31:15.000]  [WriteStatusToFile] ErrorCode:0 INFO: Done Sending the status.
[2026-01-30 05:31:15.000]  [FindProcessById] ErrorCode:0 INFO: Attempt to find the process MetricsExtension.Native.exe with ID: 3300.
[2026-01-30 05:31:15.000]  [FindProcessById] ErrorCode:0 INFO: Running Process MetricsExtension.Native.exe found. ID: 3300.
[2026-01-30 05:31:15.000]  [StartMetricsExtension] ErrorCode:0 ERROR: Metrics extension is already running
[2026-01-30 05:31:45.000]  [WriteStatusToFile] ErrorCode:0 INFO: Sending the status.
[2026-01-30 05:31:45.000]  [WriteHeartbeatToFile] ErrorCode:0 INFO: Sending the heartbeat.
[2026-01-30 05:31:45.000]  [WriteStatusToFile] ErrorCode:0 INFO: Done Sending the status.
[2026-01-30 05:31:45.000]  [WriteHeartbeatToFile] ErrorCode:0 INFO: Done Sending the heartbeat.
[2026-01-30 05:32:15.000]  [WriteStatusToFile] ErrorCode:0 INFO: Sending the status.
[2026-01-30 05:32:15.000]  [WriteHeartbeatToFile] ErrorCode:0 INFO: Sending the heartbeat.
[2026-01-30 05:32:15.000]  [WriteStatusToFile] ErrorCode:0 INFO: Done Sending the status.
[2026-01-30 05:32:15.000]  [WriteHeartbeatToFile] ErrorCode:0 INFO: Done Sending the heartbeat.
[2026-01-30 05:32:15.000]  [FindProcessById] ErrorCode:0 INFO: Attempt to find the process MetricsExtension.Native.exe with ID: 3300.
[2026-01-30 05:32:15.000]  [FindProcessById] ErrorCode:0 INFO: Running Process MetricsExtension.Native.exe found. ID: 3300.
[2026-01-30 05:32:15.000]  [StartMetricsExtension] ErrorCode:0 ERROR: Metrics extension is already running
[2026-01-30 05:32:45.000]  [WriteHeartbeatToFile] ErrorCode:0 INFO: Sending the heartbeat.
[2026-01-30 05:32:45.000]  [WriteStatusToFile] ErrorCode:0 INFO: Sending the status.
[2026-01-30 05:32:45.000]  [WriteHeartbeatToFile] ErrorCode:0 INFO: Done Sending the heartbeat.
[2026-01-30 05:32:45.000]  [WriteStatusToFile] ErrorCode:0 INFO: Done Sending the status.
[2026-01-30 05:33:15.000]  [WriteStatusToFile] ErrorCode:0 INFO: Sending the status.
[2026-01-30 05:33:15.000]  [WriteHeartbeatToFile] ErrorCode:0 INFO: Sending the heartbeat.
[2026-01-30 05:33:15.000]  [WriteHeartbeatToFile] ErrorCode:0 INFO: Done Sending the heartbeat.
[2026-01-30 05:33:15.000]  [WriteStatusToFile] ErrorCode:0 INFO: Done Sending the status.
[2026-01-30 05:33:15.000]  [FindProcessById] ErrorCode:0 INFO: Attempt to find the process MetricsExtension.Native.exe with ID: 3300.
[2026-01-30 05:33:15.000]  [FindProcessById] ErrorCode:0 INFO: Running Process MetricsExtension.Native.exe found. ID: 3300.
[2026-01-30 05:33:15.000]  [StartMetricsExtension] ErrorCode:0 ERROR: Metrics extension is already running
[2026-01-30 05:33:15.000]  [AggregateHeartbeat] ErrorCode:0 INFO: Start heartbeat aggregation.
[2026-01-30 05:33:15.000]  [QueryRegValueDWORD] ErrorCode:0 INFO: Query Registry for Key:SOFTWARE\Microsoft\Windows Azure\CurrentVersion\AzureMonitorAgentExtension\47.4.1.0, Name:MaServiceProcess
[2026-01-30 05:33:15.000]  [QueryRegValueDWORD] ErrorCode:0 INFO: Query Registry for Key:SOFTWARE\Microsoft\Windows Azure\CurrentVersion\AzureMonitorAgentExtension\47.4.1.0, Name:MaServiceProcess, Value:5676
[2026-01-30 05:33:15.000]  [FindProcessById] ErrorCode:0 INFO: Attempt to find the process MonAgentLauncher.exe with ID: 5676.
[2026-01-30 05:33:15.000]  [FindProcessById] ErrorCode:0 INFO: Running Process MonAgentLauncher.exe found. ID: 5676.
[2026-01-30 05:33:15.000]  [CheckIfMAServiceIsRunByExtension] ErrorCode:0 INFO: The MA process is running based on the m_registry
[2026-01-30 05:33:15.000]  [QueryRegValueDWORD] ErrorCode:0 INFO: Query Registry for Key:SOFTWARE\Microsoft\Windows Azure\CurrentVersion\AzureMonitorAgentExtension\47.4.1.0, Name:AMAMultitenantServiceProcess
[2026-01-30 05:33:15.000]  [QueryRegValueDWORD] ErrorCode:0 ERROR: RegQueryValueExA: failed to query REG_DWORD value, Key:SOFTWARE\Microsoft\Windows Azure\CurrentVersion\AzureMonitorAgentExtension\47.4.1.0, name=AMAMultitenantServiceProcess, error=2, type=0
[2026-01-30 05:33:15.000]  [CheckIfMAServiceIsRunByExtension] ErrorCode:1205 INFO: Unable to read the m_registry for MA process. Assume it is not running.
[2026-01-30 05:33:15.000]  [AggregateHeartbeat] ErrorCode:0 INFO: Configured MA Service is not running on the node.
[2026-01-30 05:33:15.000]  [SetImdsEnvironmentVariable] ErrorCode:0 INFO: Querying IMDS information
[2026-01-30 05:33:15.000]  [SetImdsEnvironmentVariable] ErrorCode:-1 INFO: Preparing to call IMDS. Endpoint: http://169.254.169.254
[2026-01-30 05:33:15.000]  [QueryIMDSEndpoint] ErrorCode:0 INFO: Queried IMDS successfully.
[2026-01-30 05:33:15.000]  [GetValueFromJsonOrDefault] ErrorCode:0 INFO: Read Imds response field with Name:location Value: westus2
[2026-01-30 05:33:15.000]  [GetValueFromJsonOrDefault] ErrorCode:0 INFO: Read Imds response field with Name:name Value: amawin
[2026-01-30 05:33:15.000]  [GetValueFromJsonOrDefault] ErrorCode:0 INFO: Read Imds response field with Name:subscriptionId Value: 351651ce-5feb-4e59-975d-f1f344e2b717
[2026-01-30 05:33:15.000]  [GetValueFromJsonOrDefault] ErrorCode:0 INFO: Read Imds response field with Name:vmId Value: 22afd636-aec1-4782-9055-f85ea283dc20
[2026-01-30 05:33:15.000]  [GetValueFromJsonOrDefault] ErrorCode:0 INFO: Read Imds response field with Name:vmScaleSetName Value: 
[2026-01-30 05:33:15.000]  [GetValueFromJsonOrDefault] ErrorCode:0 INFO: Read Imds response field with Name:resourceGroupName Value: AMAWin_group
[2026-01-30 05:33:15.000]  [GetValueFromJsonOrDefault] ErrorCode:0 INFO: Read Imds response field with Name:osType Value: Windows
[2026-01-30 05:33:15.000]  [GetValueFromJsonOrDefault] ErrorCode:0 INFO: Read Imds response field with Name:resourceId Value: /subscriptions/351651ce-5feb-4e59-975d-f1f344e2b717/resourceGroups/AMAWin_group/providers/Microsoft.Compute/virtualMachines/amawin
[2026-01-30 05:33:15.000]  [GetValueFromJsonOrDefault] ErrorCode:0 INFO: Read Imds response field with Name:azEnvironment Value: AzurePublicCloud
[2026-01-30 05:33:15.000]  [SetImdsEnvironmentVariable] ErrorCode:0 INFO: Successfully set Environment variables from Imds
[2026-01-30 05:33:15.000]  [AggregateHeartbeat] ErrorCode:0 INFO: Completed heartbeat aggregation.
[2026-01-30 05:33:45.000]  [WriteHeartbeatToFile] ErrorCode:0 INFO: Sending the heartbeat.
[2026-01-30 05:33:45.000]  [WriteStatusToFile] ErrorCode:0 INFO: Sending the status.
[2026-01-30 05:33:45.000]  [WriteHeartbeatToFile] ErrorCode:0 INFO: Done Sending the heartbeat.
[2026-01-30 05:33:45.000]  [WriteStatusToFile] ErrorCode:0 INFO: Done Sending the status.
[2026-01-30 05:34:15.000]  [WriteStatusToFile] ErrorCode:0 INFO: Sending the status.
[2026-01-30 05:34:15.000]  [WriteHeartbeatToFile] ErrorCode:0 INFO: Sending the heartbeat.
[2026-01-30 05:34:15.000]  [WriteStatusToFile] ErrorCode:0 INFO: Done Sending the status.
[2026-01-30 05:34:15.000]  [WriteHeartbeatToFile] ErrorCode:0 INFO: Done Sending the heartbeat.
[2026-01-30 05:34:15.000]  [FindProcessById] ErrorCode:0 INFO: Attempt to find the process MetricsExtension.Native.exe with ID: 3300.
[2026-01-30 05:34:15.000]  [FindProcessById] ErrorCode:0 INFO: Running Process MetricsExtension.Native.exe found. ID: 3300.
[2026-01-30 05:34:15.000]  [StartMetricsExtension] ErrorCode:0 ERROR: Metrics extension is already running
[2026-01-30 05:34:45.000]  [WriteHeartbeatToFile] ErrorCode:0 INFO: Sending the heartbeat.
[2026-01-30 05:34:45.000]  [WriteStatusToFile] ErrorCode:0 INFO: Sending the status.
[2026-01-30 05:34:45.000]  [WriteHeartbeatToFile] ErrorCode:0 INFO: Done Sending the heartbeat.
[2026-01-30 05:34:45.000]  [WriteStatusToFile] ErrorCode:0 INFO: Done Sending the status.
[2026-01-30 05:35:15.000]  [WriteHeartbeatToFile] ErrorCode:0 INFO: Sending the heartbeat.
[2026-01-30 05:35:15.000]  [WriteStatusToFile] ErrorCode:0 INFO: Sending the status.
[2026-01-30 05:35:15.000]  [WriteStatusToFile] ErrorCode:0 INFO: Done Sending the status.
[2026-01-30 05:35:15.000]  [WriteHeartbeatToFile] ErrorCode:0 INFO: Done Sending the heartbeat.
[2026-01-30 05:35:15.000]  [FindProcessById] ErrorCode:0 INFO: Attempt to find the process MetricsExtension.Native.exe with ID: 3300.
[2026-01-30 05:35:15.000]  [FindProcessById] ErrorCode:0 INFO: Running Process MetricsExtension.Native.exe found. ID: 3300.
[2026-01-30 05:35:15.000]  [StartMetricsExtension] ErrorCode:0 ERROR: Metrics extension is already running
[2026-01-30 05:35:45.000]  [WriteStatusToFile] ErrorCode:0 INFO: Sending the status.
[2026-01-30 05:35:45.000]  [WriteHeartbeatToFile] ErrorCode:0 INFO: Sending the heartbeat.
[2026-01-30 05:35:45.000]  [WriteStatusToFile] ErrorCode:0 INFO: Done Sending the status.
[2026-01-30 05:35:45.000]  [WriteHeartbeatToFile] ErrorCode:0 INFO: Done Sending the heartbeat.
[2026-01-30 05:36:15.000]  [WriteHeartbeatToFile] ErrorCode:0 INFO: Sending the heartbeat.
[2026-01-30 05:36:15.000]  [WriteHeartbeatToFile] ErrorCode:0 INFO: Done Sending the heartbeat.
[2026-01-30 05:36:15.000]  [WriteStatusToFile] ErrorCode:0 INFO: Sending the status.
[2026-01-30 05:36:15.000]  [WriteStatusToFile] ErrorCode:0 INFO: Done Sending the status.
[2026-01-30 05:36:15.000]  [FindProcessById] ErrorCode:0 INFO: Attempt to find the process MetricsExtension.Native.exe with ID: 3300.
[2026-01-30 05:36:15.000]  [FindProcessById] ErrorCode:0 INFO: Running Process MetricsExtension.Native.exe found. ID: 3300.
[2026-01-30 05:36:15.000]  [StartMetricsExtension] ErrorCode:0 ERROR: Metrics extension is already running
[2026-01-30 05:36:45.000]  [WriteHeartbeatToFile] ErrorCode:0 INFO: Sending the heartbeat.
[2026-01-30 05:36:45.000]  [WriteHeartbeatToFile] ErrorCode:0 INFO: Done Sending the heartbeat.
[2026-01-30 05:36:45.000]  [WriteStatusToFile] ErrorCode:0 INFO: Sending the status.
[2026-01-30 05:36:45.000]  [WriteStatusToFile] ErrorCode:0 INFO: Done Sending the status.
[2026-01-30 05:37:15.000]  [WriteHeartbeatToFile] ErrorCode:0 INFO: Sending the heartbeat.
[2026-01-30 05:37:15.000]  [WriteHeartbeatToFile] ErrorCode:0 INFO: Done Sending the heartbeat.
[2026-01-30 05:37:15.000]  [WriteStatusToFile] ErrorCode:0 INFO: Sending the status.
[2026-01-30 05:37:15.000]  [WriteStatusToFile] ErrorCode:0 INFO: Done Sending the status.
[2026-01-30 05:37:15.000]  [FindProcessById] ErrorCode:0 INFO: Attempt to find the process MetricsExtension.Native.exe with ID: 3300.
[2026-01-30 05:37:15.000]  [FindProcessById] ErrorCode:0 INFO: Running Process MetricsExtension.Native.exe found. ID: 3300.
[2026-01-30 05:37:15.000]  [StartMetricsExtension] ErrorCode:0 ERROR: Metrics extension is already running
[2026-01-30 05:37:45.000]  [WriteHeartbeatToFile] ErrorCode:0 INFO: Sending the heartbeat.
[2026-01-30 05:37:45.000]  [WriteHeartbeatToFile] ErrorCode:0 INFO: Done Sending the heartbeat.
[2026-01-30 05:37:45.000]  [WriteStatusToFile] ErrorCode:0 INFO: Sending the status.
[2026-01-30 05:37:45.000]  [WriteStatusToFile] ErrorCode:0 INFO: Done Sending the status.
[2026-01-30 05:38:15.000]  [WriteHeartbeatToFile] ErrorCode:0 INFO: Sending the heartbeat.
[2026-01-30 05:38:15.000]  [WriteHeartbeatToFile] ErrorCode:0 INFO: Done Sending the heartbeat.
[2026-01-30 05:38:15.000]  [WriteStatusToFile] ErrorCode:0 INFO: Sending the status.
[2026-01-30 05:38:15.000]  [WriteStatusToFile] ErrorCode:0 INFO: Done Sending the status.
[2026-01-30 05:38:15.000]  [FindProcessById] ErrorCode:0 INFO: Attempt to find the process MetricsExtension.Native.exe with ID: 3300.
[2026-01-30 05:38:15.000]  [FindProcessById] ErrorCode:0 INFO: Running Process MetricsExtension.Native.exe found. ID: 3300.
[2026-01-30 05:38:15.000]  [StartMetricsExtension] ErrorCode:0 ERROR: Metrics extension is already running
[2026-01-30 05:38:15.000]  [AggregateHeartbeat] ErrorCode:0 INFO: Start heartbeat aggregation.
[2026-01-30 05:38:15.000]  [QueryRegValueDWORD] ErrorCode:0 INFO: Query Registry for Key:SOFTWARE\Microsoft\Windows Azure\CurrentVersion\AzureMonitorAgentExtension\47.4.1.0, Name:MaServiceProcess
[2026-01-30 05:38:15.000]  [QueryRegValueDWORD] ErrorCode:0 INFO: Query Registry for Key:SOFTWARE\Microsoft\Windows Azure\CurrentVersion\AzureMonitorAgentExtension\47.4.1.0, Name:MaServiceProcess, Value:5676
[2026-01-30 05:38:15.000]  [FindProcessById] ErrorCode:0 INFO: Attempt to find the process MonAgentLauncher.exe with ID: 5676.
[2026-01-30 05:38:15.000]  [FindProcessById] ErrorCode:0 INFO: Running Process MonAgentLauncher.exe found. ID: 5676.
[2026-01-30 05:38:15.000]  [CheckIfMAServiceIsRunByExtension] ErrorCode:0 INFO: The MA process is running based on the m_registry
[2026-01-30 05:38:15.000]  [QueryRegValueDWORD] ErrorCode:0 INFO: Query Registry for Key:SOFTWARE\Microsoft\Windows Azure\CurrentVersion\AzureMonitorAgentExtension\47.4.1.0, Name:AMAMultitenantServiceProcess
[2026-01-30 05:38:15.000]  [QueryRegValueDWORD] ErrorCode:0 ERROR: RegQueryValueExA: failed to query REG_DWORD value, Key:SOFTWARE\Microsoft\Windows Azure\CurrentVersion\AzureMonitorAgentExtension\47.4.1.0, name=AMAMultitenantServiceProcess, error=2, type=0
[2026-01-30 05:38:15.000]  [CheckIfMAServiceIsRunByExtension] ErrorCode:1205 INFO: Unable to read the m_registry for MA process. Assume it is not running.
[2026-01-30 05:38:15.000]  [AggregateHeartbeat] ErrorCode:0 INFO: Configured MA Service is not running on the node.
[2026-01-30 05:38:15.000]  [SetImdsEnvironmentVariable] ErrorCode:0 INFO: Querying IMDS information
[2026-01-30 05:38:15.000]  [SetImdsEnvironmentVariable] ErrorCode:-1 INFO: Preparing to call IMDS. Endpoint: http://169.254.169.254
[2026-01-30 05:38:15.000]  [QueryIMDSEndpoint] ErrorCode:0 INFO: Queried IMDS successfully.
[2026-01-30 05:38:15.000]  [GetValueFromJsonOrDefault] ErrorCode:0 INFO: Read Imds response field with Name:location Value: westus2
[2026-01-30 05:38:15.000]  [GetValueFromJsonOrDefault] ErrorCode:0 INFO: Read Imds response field with Name:name Value: amawin
[2026-01-30 05:38:15.000]  [GetValueFromJsonOrDefault] ErrorCode:0 INFO: Read Imds response field with Name:subscriptionId Value: 351651ce-5feb-4e59-975d-f1f344e2b717
[2026-01-30 05:38:15.000]  [GetValueFromJsonOrDefault] ErrorCode:0 INFO: Read Imds response field with Name:vmId Value: 22afd636-aec1-4782-9055-f85ea283dc20
[2026-01-30 05:38:15.000]  [GetValueFromJsonOrDefault] ErrorCode:0 INFO: Read Imds response field with Name:vmScaleSetName Value: 
[2026-01-30 05:38:15.000]  [GetValueFromJsonOrDefault] ErrorCode:0 INFO: Read Imds response field with Name:resourceGroupName Value: AMAWin_group
[2026-01-30 05:38:15.000]  [GetValueFromJsonOrDefault] ErrorCode:0 INFO: Read Imds response field with Name:osType Value: Windows
[2026-01-30 05:38:15.000]  [GetValueFromJsonOrDefault] ErrorCode:0 INFO: Read Imds response field with Name:resourceId Value: /subscriptions/351651ce-5feb-4e59-975d-f1f344e2b717/resourceGroups/AMAWin_group/providers/Microsoft.Compute/virtualMachines/amawin
[2026-01-30 05:38:15.000]  [GetValueFromJsonOrDefault] ErrorCode:0 INFO: Read Imds response field with Name:azEnvironment Value: AzurePublicCloud
[2026-01-30 05:38:15.000]  [SetImdsEnvironmentVariable] ErrorCode:0 INFO: Successfully set Environment variables from Imds
[2026-01-30 05:38:15.000]  [AggregateHeartbeat] ErrorCode:0 INFO: Completed heartbeat aggregation.
[2026-01-30 05:38:45.000]  [WriteHeartbeatToFile] ErrorCode:0 INFO: Sending the heartbeat.
[2026-01-30 05:38:45.000]  [WriteHeartbeatToFile] ErrorCode:0 INFO: Done Sending the heartbeat.
[2026-01-30 05:38:45.000]  [WriteStatusToFile] ErrorCode:0 INFO: Sending the status.
[2026-01-30 05:38:45.000]  [WriteStatusToFile] ErrorCode:0 INFO: Done Sending the status.
[2026-01-30 05:39:15.000]  [WriteHeartbeatToFile] ErrorCode:0 INFO: Sending the heartbeat.
[2026-01-30 05:39:15.000]  [WriteHeartbeatToFile] ErrorCode:0 INFO: Done Sending the heartbeat.
[2026-01-30 05:39:15.000]  [WriteStatusToFile] ErrorCode:0 INFO: Sending the status.
[2026-01-30 05:39:15.000]  [WriteStatusToFile] ErrorCode:0 INFO: Done Sending the status.
[2026-01-30 05:39:15.000]  [FindProcessById] ErrorCode:0 INFO: Attempt to find the process MetricsExtension.Native.exe with ID: 3300.
[2026-01-30 05:39:15.000]  [FindProcessById] ErrorCode:0 INFO: Running Process MetricsExtension.Native.exe found. ID: 3300.
[2026-01-30 05:39:15.000]  [StartMetricsExtension] ErrorCode:0 ERROR: Metrics extension is already running
[2026-01-30 05:39:45.000]  [WriteHeartbeatToFile] ErrorCode:0 INFO: Sending the heartbeat.
[2026-01-30 05:39:45.000]  [WriteHeartbeatToFile] ErrorCode:0 INFO: Done Sending the heartbeat.
[2026-01-30 05:39:45.000]  [WriteStatusToFile] ErrorCode:0 INFO: Sending the status.
[2026-01-30 05:39:45.000]  [WriteStatusToFile] ErrorCode:0 INFO: Done Sending the status.
[2026-01-30 05:40:15.000]  [WriteHeartbeatToFile] ErrorCode:0 INFO: Sending the heartbeat.
[2026-01-30 05:40:15.000]  [WriteHeartbeatToFile] ErrorCode:0 INFO: Done Sending the heartbeat.
[2026-01-30 05:40:15.000]  [WriteStatusToFile] ErrorCode:0 INFO: Sending the status.
[2026-01-30 05:40:15.000]  [WriteStatusToFile] ErrorCode:0 INFO: Done Sending the status.
[2026-01-30 05:40:15.000]  [FindProcessById] ErrorCode:0 INFO: Attempt to find the process MetricsExtension.Native.exe with ID: 3300.
[2026-01-30 05:40:15.000]  [FindProcessById] ErrorCode:0 INFO: Running Process MetricsExtension.Native.exe found. ID: 3300.
[2026-01-30 05:40:15.000]  [StartMetricsExtension] ErrorCode:0 ERROR: Metrics extension is already running
[2026-01-30 05:40:45.000]  [WriteHeartbeatToFile] ErrorCode:0 INFO: Sending the heartbeat.
[2026-01-30 05:40:45.000]  [WriteHeartbeatToFile] ErrorCode:0 INFO: Done Sending the heartbeat.
[2026-01-30 05:40:45.000]  [WriteStatusToFile] ErrorCode:0 INFO: Sending the status.
[2026-01-30 05:40:45.000]  [WriteStatusToFile] ErrorCode:0 INFO: Done Sending the status.
[2026-01-30 05:41:15.000]  [WriteHeartbeatToFile] ErrorCode:0 INFO: Sending the heartbeat.
[2026-01-30 05:41:15.000]  [WriteHeartbeatToFile] ErrorCode:0 INFO: Done Sending the heartbeat.
[2026-01-30 05:41:15.000]  [WriteStatusToFile] ErrorCode:0 INFO: Sending the status.
[2026-01-30 05:41:15.000]  [WriteStatusToFile] ErrorCode:0 INFO: Done Sending the status.
[2026-01-30 05:41:16.000]  [FindProcessById] ErrorCode:0 INFO: Attempt to find the process MetricsExtension.Native.exe with ID: 3300.
[2026-01-30 05:41:16.000]  [FindProcessById] ErrorCode:0 INFO: Running Process MetricsExtension.Native.exe found. ID: 3300.
[2026-01-30 05:41:16.000]  [StartMetricsExtension] ErrorCode:0 ERROR: Metrics extension is already running
[2026-01-30 05:41:45.000]  [WriteHeartbeatToFile] ErrorCode:0 INFO: Sending the heartbeat.
[2026-01-30 05:41:45.000]  [WriteHeartbeatToFile] ErrorCode:0 INFO: Done Sending the heartbeat.
[2026-01-30 05:41:45.000]  [WriteStatusToFile] ErrorCode:0 INFO: Sending the status.
[2026-01-30 05:41:45.000]  [WriteStatusToFile] ErrorCode:0 INFO: Done Sending the status.
[2026-01-30 05:42:15.000]  [WriteHeartbeatToFile] ErrorCode:0 INFO: Sending the heartbeat.
[2026-01-30 05:42:15.000]  [WriteHeartbeatToFile] ErrorCode:0 INFO: Done Sending the heartbeat.
[2026-01-30 05:42:15.000]  [WriteStatusToFile] ErrorCode:0 INFO: Sending the status.
[2026-01-30 05:42:15.000]  [WriteStatusToFile] ErrorCode:0 INFO: Done Sending the status.
[2026-01-30 05:42:16.000]  [FindProcessById] ErrorCode:0 INFO: Attempt to find the process MetricsExtension.Native.exe with ID: 3300.
[2026-01-30 05:42:16.000]  [FindProcessById] ErrorCode:0 INFO: Running Process MetricsExtension.Native.exe found. ID: 3300.
[2026-01-30 05:42:16.000]  [StartMetricsExtension] ErrorCode:0 ERROR: Metrics extension is already running
[2026-01-30 05:42:45.000]  [WriteHeartbeatToFile] ErrorCode:0 INFO: Sending the heartbeat.
[2026-01-30 05:42:45.000]  [WriteHeartbeatToFile] ErrorCode:0 INFO: Done Sending the heartbeat.
[2026-01-30 05:42:45.000]  [WriteStatusToFile] ErrorCode:0 INFO: Sending the status.
[2026-01-30 05:42:45.000]  [WriteStatusToFile] ErrorCode:0 INFO: Done Sending the status.
[2026-01-30 05:43:15.000]  [WriteHeartbeatToFile] ErrorCode:0 INFO: Sending the heartbeat.
[2026-01-30 05:43:15.000]  [WriteHeartbeatToFile] ErrorCode:0 INFO: Done Sending the heartbeat.
[2026-01-30 05:43:15.000]  [WriteStatusToFile] ErrorCode:0 INFO: Sending the status.
[2026-01-30 05:43:15.000]  [WriteStatusToFile] ErrorCode:0 INFO: Done Sending the status.
[2026-01-30 05:43:16.000]  [FindProcessById] ErrorCode:0 INFO: Attempt to find the process MetricsExtension.Native.exe with ID: 3300.
[2026-01-30 05:43:16.000]  [FindProcessById] ErrorCode:0 INFO: Running Process MetricsExtension.Native.exe found. ID: 3300.
[2026-01-30 05:43:16.000]  [StartMetricsExtension] ErrorCode:0 ERROR: Metrics extension is already running
[2026-01-30 05:43:16.000]  [AggregateHeartbeat] ErrorCode:0 INFO: Start heartbeat aggregation.
[2026-01-30 05:43:16.000]  [QueryRegValueDWORD] ErrorCode:0 INFO: Query Registry for Key:SOFTWARE\Microsoft\Windows Azure\CurrentVersion\AzureMonitorAgentExtension\47.4.1.0, Name:MaServiceProcess
[2026-01-30 05:43:16.000]  [QueryRegValueDWORD] ErrorCode:0 INFO: Query Registry for Key:SOFTWARE\Microsoft\Windows Azure\CurrentVersion\AzureMonitorAgentExtension\47.4.1.0, Name:MaServiceProcess, Value:5676
[2026-01-30 05:43:16.000]  [FindProcessById] ErrorCode:0 INFO: Attempt to find the process MonAgentLauncher.exe with ID: 5676.
[2026-01-30 05:43:16.000]  [FindProcessById] ErrorCode:0 INFO: Running Process MonAgentLauncher.exe found. ID: 5676.
[2026-01-30 05:43:16.000]  [CheckIfMAServiceIsRunByExtension] ErrorCode:0 INFO: The MA process is running based on the m_registry
[2026-01-30 05:43:16.000]  [QueryRegValueDWORD] ErrorCode:0 INFO: Query Registry for Key:SOFTWARE\Microsoft\Windows Azure\CurrentVersion\AzureMonitorAgentExtension\47.4.1.0, Name:AMAMultitenantServiceProcess
[2026-01-30 05:43:16.000]  [QueryRegValueDWORD] ErrorCode:0 ERROR: RegQueryValueExA: failed to query REG_DWORD value, Key:SOFTWARE\Microsoft\Windows Azure\CurrentVersion\AzureMonitorAgentExtension\47.4.1.0, name=AMAMultitenantServiceProcess, error=2, type=0
[2026-01-30 05:43:16.000]  [CheckIfMAServiceIsRunByExtension] ErrorCode:1205 INFO: Unable to read the m_registry for MA process. Assume it is not running.
[2026-01-30 05:43:16.000]  [AggregateHeartbeat] ErrorCode:0 INFO: Configured MA Service is not running on the node.
[2026-01-30 05:43:16.000]  [SetImdsEnvironmentVariable] ErrorCode:0 INFO: Querying IMDS information
[2026-01-30 05:43:16.000]  [SetImdsEnvironmentVariable] ErrorCode:-1 INFO: Preparing to call IMDS. Endpoint: http://169.254.169.254
[2026-01-30 05:43:16.000]  [QueryIMDSEndpoint] ErrorCode:0 INFO: Queried IMDS successfully.
[2026-01-30 05:43:16.000]  [GetValueFromJsonOrDefault] ErrorCode:0 INFO: Read Imds response field with Name:location Value: westus2
[2026-01-30 05:43:16.000]  [GetValueFromJsonOrDefault] ErrorCode:0 INFO: Read Imds response field with Name:name Value: amawin
[2026-01-30 05:43:16.000]  [GetValueFromJsonOrDefault] ErrorCode:0 INFO: Read Imds response field with Name:subscriptionId Value: 351651ce-5feb-4e59-975d-f1f344e2b717
[2026-01-30 05:43:16.000]  [GetValueFromJsonOrDefault] ErrorCode:0 INFO: Read Imds response field with Name:vmId Value: 22afd636-aec1-4782-9055-f85ea283dc20
[2026-01-30 05:43:16.000]  [GetValueFromJsonOrDefault] ErrorCode:0 INFO: Read Imds response field with Name:vmScaleSetName Value: 
[2026-01-30 05:43:16.000]  [GetValueFromJsonOrDefault] ErrorCode:0 INFO: Read Imds response field with Name:resourceGroupName Value: AMAWin_group
[2026-01-30 05:43:16.000]  [GetValueFromJsonOrDefault] ErrorCode:0 INFO: Read Imds response field with Name:osType Value: Windows
[2026-01-30 05:43:16.000]  [GetValueFromJsonOrDefault] ErrorCode:0 INFO: Read Imds response field with Name:resourceId Value: /subscriptions/351651ce-5feb-4e59-975d-f1f344e2b717/resourceGroups/AMAWin_group/providers/Microsoft.Compute/virtualMachines/amawin
[2026-01-30 05:43:16.000]  [GetValueFromJsonOrDefault] ErrorCode:0 INFO: Read Imds response field with Name:azEnvironment Value: AzurePublicCloud
[2026-01-30 05:43:16.000]  [SetImdsEnvironmentVariable] ErrorCode:0 INFO: Successfully set Environment variables from Imds
[2026-01-30 05:43:16.000]  [AggregateHeartbeat] ErrorCode:0 INFO: Completed heartbeat aggregation.
[2026-01-30 05:43:45.000]  [WriteHeartbeatToFile] ErrorCode:0 INFO: Sending the heartbeat.
[2026-01-30 05:43:45.000]  [WriteHeartbeatToFile] ErrorCode:0 INFO: Done Sending the heartbeat.
[2026-01-30 05:43:45.000]  [WriteStatusToFile] ErrorCode:0 INFO: Sending the status.
[2026-01-30 05:43:45.000]  [WriteStatusToFile] ErrorCode:0 INFO: Done Sending the status.
[2026-01-30 05:44:15.000]  [WriteHeartbeatToFile] ErrorCode:0 INFO: Sending the heartbeat.
[2026-01-30 05:44:15.000]  [WriteHeartbeatToFile] ErrorCode:0 INFO: Done Sending the heartbeat.
[2026-01-30 05:44:15.000]  [WriteStatusToFile] ErrorCode:0 INFO: Sending the status.
[2026-01-30 05:44:15.000]  [WriteStatusToFile] ErrorCode:0 INFO: Done Sending the status.
[2026-01-30 05:44:16.000]  [FindProcessById] ErrorCode:0 INFO: Attempt to find the process MetricsExtension.Native.exe with ID: 3300.
[2026-01-30 05:44:16.000]  [FindProcessById] ErrorCode:0 INFO: Running Process MetricsExtension.Native.exe found. ID: 3300.
[2026-01-30 05:44:16.000]  [StartMetricsExtension] ErrorCode:0 ERROR: Metrics extension is already running
[2026-01-30 05:44:45.000]  [WriteHeartbeatToFile] ErrorCode:0 INFO: Sending the heartbeat.
[2026-01-30 05:44:45.000]  [WriteHeartbeatToFile] ErrorCode:0 INFO: Done Sending the heartbeat.
[2026-01-30 05:44:45.000]  [WriteStatusToFile] ErrorCode:0 INFO: Sending the status.
[2026-01-30 05:44:45.000]  [WriteStatusToFile] ErrorCode:0 INFO: Done Sending the status.
[2026-01-30 05:45:15.000]  [WriteHeartbeatToFile] ErrorCode:0 INFO: Sending the heartbeat.
[2026-01-30 05:45:15.000]  [WriteHeartbeatToFile] ErrorCode:0 INFO: Done Sending the heartbeat.
[2026-01-30 05:45:15.000]  [WriteStatusToFile] ErrorCode:0 INFO: Sending the status.
[2026-01-30 05:45:15.000]  [WriteStatusToFile] ErrorCode:0 INFO: Done Sending the status.
[2026-01-30 05:45:16.000]  [FindProcessById] ErrorCode:0 INFO: Attempt to find the process MetricsExtension.Native.exe with ID: 3300.
[2026-01-30 05:45:16.000]  [FindProcessById] ErrorCode:0 INFO: Running Process MetricsExtension.Native.exe found. ID: 3300.
[2026-01-30 05:45:16.000]  [StartMetricsExtension] ErrorCode:0 ERROR: Metrics extension is already running
[2026-01-30 05:45:45.000]  [WriteHeartbeatToFile] ErrorCode:0 INFO: Sending the heartbeat.
[2026-01-30 05:45:45.000]  [WriteHeartbeatToFile] ErrorCode:0 INFO: Done Sending the heartbeat.
[2026-01-30 05:45:45.000]  [WriteStatusToFile] ErrorCode:0 INFO: Sending the status.
[2026-01-30 05:45:45.000]  [WriteStatusToFile] ErrorCode:0 INFO: Done Sending the status.
[2026-01-30 05:46:15.000]  [WriteHeartbeatToFile] ErrorCode:0 INFO: Sending the heartbeat.
[2026-01-30 05:46:15.000]  [WriteHeartbeatToFile] ErrorCode:0 INFO: Done Sending the heartbeat.
[2026-01-30 05:46:15.000]  [WriteStatusToFile] ErrorCode:0 INFO: Sending the status.
[2026-01-30 05:46:15.000]  [WriteStatusToFile] ErrorCode:0 INFO: Done Sending the status.
[2026-01-30 05:46:16.000]  [FindProcessById] ErrorCode:0 INFO: Attempt to find the process MetricsExtension.Native.exe with ID: 3300.
[2026-01-30 05:46:16.000]  [FindProcessById] ErrorCode:0 INFO: Running Process MetricsExtension.Native.exe found. ID: 3300.
[2026-01-30 05:46:16.000]  [StartMetricsExtension] ErrorCode:0 ERROR: Metrics extension is already running
[2026-01-30 05:46:45.000]  [WriteHeartbeatToFile] ErrorCode:0 INFO: Sending the heartbeat.
[2026-01-30 05:46:45.000]  [WriteHeartbeatToFile] ErrorCode:0 INFO: Done Sending the heartbeat.
[2026-01-30 05:46:45.000]  [WriteStatusToFile] ErrorCode:0 INFO: Sending the status.
[2026-01-30 05:46:45.000]  [WriteStatusToFile] ErrorCode:0 INFO: Done Sending the status.
[2026-01-30 05:47:15.000]  [WriteHeartbeatToFile] ErrorCode:0 INFO: Sending the heartbeat.
[2026-01-30 05:47:15.000]  [WriteHeartbeatToFile] ErrorCode:0 INFO: Done Sending the heartbeat.
[2026-01-30 05:47:15.000]  [WriteStatusToFile] ErrorCode:0 INFO: Sending the status.
[2026-01-30 05:47:15.000]  [WriteStatusToFile] ErrorCode:0 INFO: Done Sending the status.
[2026-01-30 05:47:16.000]  [FindProcessById] ErrorCode:0 INFO: Attempt to find the process MetricsExtension.Native.exe with ID: 3300.
[2026-01-30 05:47:16.000]  [FindProcessById] ErrorCode:0 INFO: Running Process MetricsExtension.Native.exe found. ID: 3300.
[2026-01-30 05:47:16.000]  [StartMetricsExtension] ErrorCode:0 ERROR: Metrics extension is already running
[2026-01-30 05:47:45.000]  [WriteHeartbeatToFile] ErrorCode:0 INFO: Sending the heartbeat.
[2026-01-30 05:47:45.000]  [WriteHeartbeatToFile] ErrorCode:0 INFO: Done Sending the heartbeat.
[2026-01-30 05:47:45.000]  [WriteStatusToFile] ErrorCode:0 INFO: Sending the status.
[2026-01-30 05:47:45.000]  [WriteStatusToFile] ErrorCode:0 INFO: Done Sending the status.
[2026-01-30 05:48:15.000]  [WriteHeartbeatToFile] ErrorCode:0 INFO: Sending the heartbeat.
[2026-01-30 05:48:15.000]  [WriteHeartbeatToFile] ErrorCode:0 INFO: Done Sending the heartbeat.
[2026-01-30 05:48:15.000]  [WriteStatusToFile] ErrorCode:0 INFO: Sending the status.
[2026-01-30 05:48:15.000]  [WriteStatusToFile] ErrorCode:0 INFO: Done Sending the status.
[2026-01-30 05:48:16.000]  [FindProcessById] ErrorCode:0 INFO: Attempt to find the process MetricsExtension.Native.exe with ID: 3300.
[2026-01-30 05:48:16.000]  [FindProcessById] ErrorCode:0 INFO: Running Process MetricsExtension.Native.exe found. ID: 3300.
[2026-01-30 05:48:16.000]  [StartMetricsExtension] ErrorCode:0 ERROR: Metrics extension is already running
[2026-01-30 05:48:16.000]  [AggregateHeartbeat] ErrorCode:0 INFO: Start heartbeat aggregation.
[2026-01-30 05:48:16.000]  [QueryRegValueDWORD] ErrorCode:0 INFO: Query Registry for Key:SOFTWARE\Microsoft\Windows Azure\CurrentVersion\AzureMonitorAgentExtension\47.4.1.0, Name:MaServiceProcess
[2026-01-30 05:48:16.000]  [QueryRegValueDWORD] ErrorCode:0 INFO: Query Registry for Key:SOFTWARE\Microsoft\Windows Azure\CurrentVersion\AzureMonitorAgentExtension\47.4.1.0, Name:MaServiceProcess, Value:5676
[2026-01-30 05:48:16.000]  [FindProcessById] ErrorCode:0 INFO: Attempt to find the process MonAgentLauncher.exe with ID: 5676.
[2026-01-30 05:48:16.000]  [FindProcessById] ErrorCode:0 INFO: Running Process MonAgentLauncher.exe found. ID: 5676.
[2026-01-30 05:48:16.000]  [CheckIfMAServiceIsRunByExtension] ErrorCode:0 INFO: The MA process is running based on the m_registry
[2026-01-30 05:48:16.000]  [QueryRegValueDWORD] ErrorCode:0 INFO: Query Registry for Key:SOFTWARE\Microsoft\Windows Azure\CurrentVersion\AzureMonitorAgentExtension\47.4.1.0, Name:AMAMultitenantServiceProcess
[2026-01-30 05:48:16.000]  [QueryRegValueDWORD] ErrorCode:0 ERROR: RegQueryValueExA: failed to query REG_DWORD value, Key:SOFTWARE\Microsoft\Windows Azure\CurrentVersion\AzureMonitorAgentExtension\47.4.1.0, name=AMAMultitenantServiceProcess, error=2, type=0
[2026-01-30 05:48:16.000]  [CheckIfMAServiceIsRunByExtension] ErrorCode:1205 INFO: Unable to read the m_registry for MA process. Assume it is not running.
[2026-01-30 05:48:16.000]  [AggregateHeartbeat] ErrorCode:0 INFO: Configured MA Service is not running on the node.
[2026-01-30 05:48:16.000]  [SetImdsEnvironmentVariable] ErrorCode:0 INFO: Querying IMDS information
[2026-01-30 05:48:16.000]  [SetImdsEnvironmentVariable] ErrorCode:-1 INFO: Preparing to call IMDS. Endpoint: http://169.254.169.254
[2026-01-30 05:48:16.000]  [QueryIMDSEndpoint] ErrorCode:0 INFO: Queried IMDS successfully.
[2026-01-30 05:48:16.000]  [GetValueFromJsonOrDefault] ErrorCode:0 INFO: Read Imds response field with Name:location Value: westus2
[2026-01-30 05:48:16.000]  [GetValueFromJsonOrDefault] ErrorCode:0 INFO: Read Imds response field with Name:name Value: amawin
[2026-01-30 05:48:16.000]  [GetValueFromJsonOrDefault] ErrorCode:0 INFO: Read Imds response field with Name:subscriptionId Value: 351651ce-5feb-4e59-975d-f1f344e2b717
[2026-01-30 05:48:16.000]  [GetValueFromJsonOrDefault] ErrorCode:0 INFO: Read Imds response field with Name:vmId Value: 22afd636-aec1-4782-9055-f85ea283dc20
[2026-01-30 05:48:16.000]  [GetValueFromJsonOrDefault] ErrorCode:0 INFO: Read Imds response field with Name:vmScaleSetName Value: 
[2026-01-30 05:48:16.000]  [GetValueFromJsonOrDefault] ErrorCode:0 INFO: Read Imds response field with Name:resourceGroupName Value: AMAWin_group
[2026-01-30 05:48:16.000]  [GetValueFromJsonOrDefault] ErrorCode:0 INFO: Read Imds response field with Name:osType Value: Windows
[2026-01-30 05:48:16.000]  [GetValueFromJsonOrDefault] ErrorCode:0 INFO: Read Imds response field with Name:resourceId Value: /subscriptions/351651ce-5feb-4e59-975d-f1f344e2b717/resourceGroups/AMAWin_group/providers/Microsoft.Compute/virtualMachines/amawin
[2026-01-30 05:48:16.000]  [GetValueFromJsonOrDefault] ErrorCode:0 INFO: Read Imds response field with Name:azEnvironment Value: AzurePublicCloud
[2026-01-30 05:48:16.000]  [SetImdsEnvironmentVariable] ErrorCode:0 INFO: Successfully set Environment variables from Imds
[2026-01-30 05:48:16.000]  [AggregateHeartbeat] ErrorCode:0 INFO: Completed heartbeat aggregation.
[2026-01-30 05:48:45.000]  [WriteHeartbeatToFile] ErrorCode:0 INFO: Sending the heartbeat.
[2026-01-30 05:48:45.000]  [WriteHeartbeatToFile] ErrorCode:0 INFO: Done Sending the heartbeat.
[2026-01-30 05:48:45.000]  [WriteStatusToFile] ErrorCode:0 INFO: Sending the status.
[2026-01-30 05:48:45.000]  [WriteStatusToFile] ErrorCode:0 INFO: Done Sending the status.
[2026-01-30 05:49:15.000]  [WriteHeartbeatToFile] ErrorCode:0 INFO: Sending the heartbeat.
[2026-01-30 05:49:15.000]  [WriteHeartbeatToFile] ErrorCode:0 INFO: Done Sending the heartbeat.
[2026-01-30 05:49:15.000]  [WriteStatusToFile] ErrorCode:0 INFO: Sending the status.
[2026-01-30 05:49:15.000]  [WriteStatusToFile] ErrorCode:0 INFO: Done Sending the status.
[2026-01-30 05:49:16.000]  [FindProcessById] ErrorCode:0 INFO: Attempt to find the process MetricsExtension.Native.exe with ID: 3300.
[2026-01-30 05:49:16.000]  [FindProcessById] ErrorCode:0 INFO: Running Process MetricsExtension.Native.exe found. ID: 3300.
[2026-01-30 05:49:16.000]  [StartMetricsExtension] ErrorCode:0 ERROR: Metrics extension is already running
[2026-01-30 05:49:45.000]  [WriteHeartbeatToFile] ErrorCode:0 INFO: Sending the heartbeat.
[2026-01-30 05:49:45.000]  [WriteHeartbeatToFile] ErrorCode:0 INFO: Done Sending the heartbeat.
[2026-01-30 05:49:45.000]  [WriteStatusToFile] ErrorCode:0 INFO: Sending the status.
[2026-01-30 05:49:45.000]  [WriteStatusToFile] ErrorCode:0 INFO: Done Sending the status.
[2026-01-30 05:50:15.000]  [WriteHeartbeatToFile] ErrorCode:0 INFO: Sending the heartbeat.
[2026-01-30 05:50:15.000]  [WriteHeartbeatToFile] ErrorCode:0 INFO: Done Sending the heartbeat.
[2026-01-30 05:50:15.000]  [WriteStatusToFile] ErrorCode:0 INFO: Sending the status.
[2026-01-30 05:50:15.000]  [WriteStatusToFile] ErrorCode:0 INFO: Done Sending the status.
[2026-01-30 05:50:16.000]  [FindProcessById] ErrorCode:0 INFO: Attempt to find the process MetricsExtension.Native.exe with ID: 3300.
[2026-01-30 05:50:16.000]  [FindProcessById] ErrorCode:0 INFO: Running Process MetricsExtension.Native.exe found. ID: 3300.
[2026-01-30 05:50:16.000]  [StartMetricsExtension] ErrorCode:0 ERROR: Metrics extension is already running
[2026-01-30 05:50:45.000]  [WriteHeartbeatToFile] ErrorCode:0 INFO: Sending the heartbeat.
[2026-01-30 05:50:45.000]  [WriteHeartbeatToFile] ErrorCode:0 INFO: Done Sending the heartbeat.
[2026-01-30 05:50:45.000]  [WriteStatusToFile] ErrorCode:0 INFO: Sending the status.
[2026-01-30 05:50:45.000]  [WriteStatusToFile] ErrorCode:0 INFO: Done Sending the status.
