[2026-02-20 20:54:12.000]  [ExtensionConfiguration] ErrorCode:0 INFO: Initializing ExtensionConfiguration
[2026-02-20 20:54:12.000]  [FindConfigSequenceNumber] ErrorCode:1110 WARN: Unable to read ConfigSequenceNumber environment variable for extension, 0
[2026-02-20 20:54:12.000]  [FindLatestSettingsFileNumber] ErrorCode:0 INFO: Looking in folder C:\Packages\Plugins\Microsoft.Azure.Monitor.AzureMonitorWindowsAgent\1.39.0.0\RuntimeSettings
[2026-02-20 20:54:12.000]  [FindLatestSettingsFileNumber] ErrorCode:0 WARN: No config file found. Assuming 0
[2026-02-20 20:54:12.000]  [FindLatestSettingsFileNumber] ErrorCode:0 INFO: Config File:0
[2026-02-20 20:54:12.000]  [ParseExtensionSettingsJson] ErrorCode:0 WARN: extension settings file C:\Packages\Plugins\Microsoft.Azure.Monitor.AzureMonitorWindowsAgent\1.39.0.0\RuntimeSettings\0.settings does not exist
[2026-02-20 20:54:12.000]  [StatusReporting] ErrorCode:0 INFO: Status file :C:\Packages\Plugins\Microsoft.Azure.Monitor.AzureMonitorWindowsAgent\1.39.0.0\Status\0.status
[2026-02-20 20:54:12.000]  [HeartbeatReporting] ErrorCode:0 INFO: HeartBeat file :C:\Packages\Plugins\Microsoft.Azure.Monitor.AzureMonitorWindowsAgent\1.39.0.0\Status\HeartBeat.Json
[2026-02-20 20:54:12.000]  [QueryRegValueString] ErrorCode:0 INFO: Query Registry for Key:SOFTWARE\Microsoft\Windows Azure, Name:VMType
[2026-02-20 20:54:12.000]  [QueryRegValueString] ErrorCode:0 INFO: Query Registry for Key:SOFTWARE\Microsoft\Windows Azure, Name:VMType, Value:IAAS
[2026-02-20 20:54:12.000]  [StatusAggregator] ErrorCode:0 INFO: StatusAggregator getting initialized
[2026-02-20 20:54:12.000]  [StatusAggregator] ErrorCode:0 INFO: Completed Setting the event for status aggregator thread
[2026-02-20 20:54:12.000]  [HeartbeatAggregator] ErrorCode:0 INFO: Heartbeat aggregator getting initialized
[2026-02-20 20:54:12.000]  [HeartbeatAggregator] ErrorCode:0 INFO: Completed Setting the event for heartbeat aggregator thread
[2026-02-20 20:54:12.000]  [ParseHealthMonitorCommand] ErrorCode:0 INFO: ShutdownEventName:Global\AMA-HealthMonitor-ShutdownEvent MaResetSignal:AzureMonitorAgent-ResetEvent Operation:enable
[2026-02-20 20:54:12.000]  [StartSendingStatus] ErrorCode:0 INFO: Start the thread for sending constant Status
[2026-02-20 20:54:12.000]  [StartSendingStatus] ErrorCode:0 INFO: Started the thread for sending constant Status
[2026-02-20 20:54:12.000]  [StartSendingHeartbeat] ErrorCode:0 INFO: Start the thread for sending constant heartbeat
[2026-02-20 20:54:12.000]  [StartSendingHeartbeat] ErrorCode:0 INFO: Started the thread for sending constant heartbeat
[2026-02-20 20:54:12.000]  [StartAggregatingHeartbeat] ErrorCode:0 INFO: Start the thread for sending constant heartbeat aggregation
[2026-02-20 20:54:12.000]  [StartAggregatingHeartbeat] ErrorCode:0 INFO: Started the thread for sending constant heartbeat aggregation
[2026-02-20 20:55:12.000]  [WriteStatusToFile] ErrorCode:0 INFO: Sending the status.
[2026-02-20 20:55:12.000]  [WriteStatusToFile] ErrorCode:0 INFO: Done Sending the status.
[2026-02-20 20:55:12.000]  [WriteHeartbeatToFile] ErrorCode:0 INFO: Sending the heartbeat.
[2026-02-20 20:55:12.000]  [WriteHeartbeatToFile] ErrorCode:0 INFO: Done Sending the heartbeat.
[2026-02-20 20:55:12.000]  [StartMetricsExtension] ErrorCode:0 INFO: MetricsExtension launch arguments: -stopEvent AMA-MetricsExtension-ShutdownEvent -diagnosticsProvider 725594bd-0e9e-11f1-8b38-002248784a84 -TokenSource AMCS -ExecutionPriorityLevel 0 -OperationEnvironment AMA-Windows/1.39.0.0 -ManagedIdentity sai -Input etw,otlp_grpc -OtlpGrpcHost 127.0.0.1 -ConfigOverrides {\"enableInternalMetricsGigQosTarget\":false}
[2026-02-20 20:55:12.000]  [StartProcess] ErrorCode:0 INFO: Starting the command: Monitoring\Agent\Extensions\MetricsExtension\MetricsExtension.Native.exe -stopEvent AMA-MetricsExtension-ShutdownEvent -diagnosticsProvider 725594bd-0e9e-11f1-8b38-002248784a84 -TokenSource AMCS -ExecutionPriorityLevel 0 -OperationEnvironment AMA-Windows/1.39.0.0 -ManagedIdentity sai -Input etw,otlp_grpc -OtlpGrpcHost 127.0.0.1 -ConfigOverrides {\"enableInternalMetricsGigQosTarget\":false}.
[2026-02-20 20:55:12.000]  [StartMetricsExtension] ErrorCode:0 INFO: Metrics extension started successfully
[2026-02-20 20:55:12.000]  [StartMetricsExtension] ErrorCode:0 INFO: Job object created or opened for metrics extension
[2026-02-20 20:55:12.000]  [StartMetricsExtension] ErrorCode:0 INFO: Job object limits set successfully for metrics extension.
[2026-02-20 20:55:12.000]  [AggregateHeartbeat] ErrorCode:0 INFO: Start heartbeat aggregation.
[2026-02-20 20:55:12.000]  [QueryRegValueDWORD] ErrorCode:0 INFO: Query Registry for Key:SOFTWARE\Microsoft\Windows Azure\CurrentVersion\AzureMonitorAgentExtension\47.4.1.0, Name:MaServiceProcess
[2026-02-20 20:55:12.000]  [QueryRegValueDWORD] ErrorCode:0 INFO: Query Registry for Key:SOFTWARE\Microsoft\Windows Azure\CurrentVersion\AzureMonitorAgentExtension\47.4.1.0, Name:MaServiceProcess, Value:5676
[2026-02-20 20:55:12.000]  [FindProcessById] ErrorCode:0 INFO: Attempt to find the process MonAgentLauncher.exe with ID: 5676.
[2026-02-20 20:55:12.000]  [FindProcessById] ErrorCode:0 INFO: No Running Process MonAgentLauncher.exe found. ID: 5676.
[2026-02-20 20:55:12.000]  [CheckIfMAServiceIsRunByExtension] ErrorCode:1301 INFO: The MA process is not running based on the m_registry
[2026-02-20 20:55:12.000]  [QueryRegValueDWORD] ErrorCode:0 INFO: Query Registry for Key:SOFTWARE\Microsoft\Windows Azure\CurrentVersion\AzureMonitorAgentExtension\47.4.1.0, Name:AMAMultitenantServiceProcess
[2026-02-20 20:55:12.000]  [QueryRegValueDWORD] ErrorCode:0 ERROR: RegQueryValueExA: failed to query REG_DWORD value, Key:SOFTWARE\Microsoft\Windows Azure\CurrentVersion\AzureMonitorAgentExtension\47.4.1.0, name=AMAMultitenantServiceProcess, error=2, type=0
[2026-02-20 20:55:12.000]  [CheckIfMAServiceIsRunByExtension] ErrorCode:1205 INFO: Unable to read the m_registry for MA process. Assume it is not running.
[2026-02-20 20:55:12.000]  [CheckIfMAServiceIsRunByCustomer] ErrorCode:0 INFO: MA Serivce is not run by customer.
[2026-02-20 20:55:12.000]  [AggregateHeartbeat] ErrorCode:0 INFO: Configured MA Service is not running on the node.
[2026-02-20 20:55:12.000]  [SetImdsEnvironmentVariable] ErrorCode:0 INFO: Querying IMDS information
[2026-02-20 20:55:12.000]  [SetImdsEnvironmentVariable] ErrorCode:-1 INFO: Preparing to call IMDS. Endpoint: http://169.254.169.254
[2026-02-20 20:55:12.000]  [QueryIMDSEndpoint] ErrorCode:0 INFO: Queried IMDS successfully.
[2026-02-20 20:55:12.000]  [GetValueFromJsonOrDefault] ErrorCode:0 INFO: Read Imds response field with Name:location Value: westus2
[2026-02-20 20:55:12.000]  [GetValueFromJsonOrDefault] ErrorCode:0 INFO: Read Imds response field with Name:name Value: amawin
[2026-02-20 20:55:12.000]  [GetValueFromJsonOrDefault] ErrorCode:0 INFO: Read Imds response field with Name:subscriptionId Value: 351651ce-5feb-4e59-975d-f1f344e2b717
[2026-02-20 20:55:12.000]  [GetValueFromJsonOrDefault] ErrorCode:0 INFO: Read Imds response field with Name:vmId Value: 22afd636-aec1-4782-9055-f85ea283dc20
[2026-02-20 20:55:12.000]  [GetValueFromJsonOrDefault] ErrorCode:0 INFO: Read Imds response field with Name:vmScaleSetName Value: 
[2026-02-20 20:55:12.000]  [GetValueFromJsonOrDefault] ErrorCode:0 INFO: Read Imds response field with Name:resourceGroupName Value: amawin_group
[2026-02-20 20:55:12.000]  [GetValueFromJsonOrDefault] ErrorCode:0 INFO: Read Imds response field with Name:osType Value: Windows
[2026-02-20 20:55:12.000]  [GetValueFromJsonOrDefault] ErrorCode:0 INFO: Read Imds response field with Name:resourceId Value: /subscriptions/351651ce-5feb-4e59-975d-f1f344e2b717/resourceGroups/amawin_group/providers/Microsoft.Compute/virtualMachines/amawin
[2026-02-20 20:55:12.000]  [GetValueFromJsonOrDefault] ErrorCode:0 INFO: Read Imds response field with Name:azEnvironment Value: AzurePublicCloud
[2026-02-20 20:55:12.000]  [SetImdsEnvironmentVariable] ErrorCode:0 INFO: Successfully set Environment variables from Imds
[2026-02-20 20:55:12.000]  [StartAzureMA] ErrorCode:0 INFO: Starting agent with MCS:Monitoring\Agent\MonAgentLauncher.exe  -useenv -ShutDownEvent AzureMonitorAgentExtension-ShutdownEventName -TotalShutDownEvent AzureMonitorAgentExtension-TotalShutdownEventName -StartEvent AzureMonitorAgentExtension-StartAgentEventName -StopEvent AzureMonitorAgentExtension-StopAgentEventName
[2026-02-20 20:55:12.000]  [SetSecurityAttributesOnDir] ErrorCode:0 INFO: Explicit ACE is already set by user. Skipping setting security info.
[2026-02-20 20:55:12.000]  [ValidateDataStorePersistence] ErrorCode:0 INFO: Validating persistence key for the data store at path: C:\WindowsAzure\Resources\AMADataStore.amawin\.persistencekey.
[2026-02-20 20:55:12.000]  [ValidateDataStorePersistence] ErrorCode:0 INFO: Key file exist in data store
[2026-02-20 20:55:12.000]  [ValidateDataStorePersistence] ErrorCode:0 INFO: The key file's real path: \\?\C:\WindowsAzure\Resources\AMADataStore.amawin\.persistencekey.
[2026-02-20 20:55:12.000]  [DoesRegValueExist] ErrorCode:0 INFO: Query Registry for Key:SOFTWARE\Microsoft\AzureMonitorAgent\Secrets, Name:PersistenceKeyCreated
[2026-02-20 20:55:12.000]  [ValidateDataStorePersistence] ErrorCode:0 INFO: The registry value  exist
[2026-02-20 20:55:12.000]  [SetRegSecurityDescriptorOnSubKey] ErrorCode:0 INFO: Setting security descriptor for registry key: SOFTWARE\Microsoft\AzureMonitorAgent\Secrets
[2026-02-20 20:55:12.000]  [ValidateDataStorePersistence] ErrorCode:0 INFO: Validating persistence key in file and registry.
[2026-02-20 20:55:12.000]  [ValidateDataStorePersistence] ErrorCode:0 INFO: Validated persistence key in file. Launching AMA.
[2026-02-20 20:55:12.000]  [StartAzureMA] ErrorCode:0 INFO: Successfully validated datastore persistence C:\WindowsAzure\Resources\AMADataStore.amawin\
[2026-02-20 20:55:12.000]  [StartHealthMonitor] ErrorCode:0 ERROR: Environment variable MA_RoleEnvironment_VmScaleSetName not found.
[2026-02-20 20:55:12.000]  [AddAgentVersionToEnvVars] ErrorCode:0 INFO: Agent version=[1.39.0.0]
[2026-02-20 20:55:12.000]  [AddSystemUuidToEnvVars] ErrorCode:0 INFO: Env Var: 22AFD636-AEC1-4782-9055-F85EA283DC20
[2026-02-20 20:55:12.000]  [AddSmBiosAssestTagToEnvVars] ErrorCode:0 INFO: Env Var: 7783-7084-3265-9085-8269-3286-77
[2026-02-20 20:55:12.000]  [AddParentJobObjectLimitsEnabledToEnvVars] ErrorCode:0 INFO: Parent job cpu rate flags=0x0
[2026-02-20 20:55:12.000]  [AddLargeEventsEnableEnvironmentVariable] ErrorCode:0 INFO: LargeEvents feature Enabled.
[2026-02-20 20:55:12.000]  [AddMeDiagProviderIdToEnvVars] ErrorCode:0 INFO: Successfully added ME diagnostics provider id: AmaMeDiagnosticProvider=725594bd-0e9e-11f1-8b38-002248784a84
[2026-02-20 20:55:12.000]  [StartAzureMA] ErrorCode:0 INFO: MCS endpoints, regional=[MCS_REGIONAL_ENDPOINT=https://westus2.handler.control.monitor.azure.com], global=[MCS_GLOBAL_ENDPOINT=https://global.handler.control.monitor.azure.com], resource=[MCS_AZURE_RESOURCE_ENDPOINT=https://monitor.azure.com/]
[2026-02-20 20:55:12.000]  [GetArcProxyAddress] ErrorCode:0 INFO: expandedArcAgentConfigFilePath: C:\ProgramData\AzureConnectedMachineAgent\Config\localconfig.json
[2026-02-20 20:55:12.000]  [GetArcProxyAddress] ErrorCode:0 INFO: Arc agent config file does not exist.
[2026-02-20 20:55:12.000]  [StartProcess] ErrorCode:0 INFO: Starting the command: Monitoring\Agent\MonAgentLauncher.exe -useenv -ShutDownEvent AzureMonitorAgentExtension-ShutdownEventName -TotalShutDownEvent AzureMonitorAgentExtension-TotalShutdownEventName -StartEvent AzureMonitorAgentExtension-StartAgentEventName -StopEvent AzureMonitorAgentExtension-StopAgentEventName.
[2026-02-20 20:55:12.000]  [SetRegValueDWORD] ErrorCode:0 INFO: Set Registry for Key:SOFTWARE\Microsoft\Windows Azure\CurrentVersion\AzureMonitorAgentExtension\47.4.1.0, Name:MaServiceProcess, Value:3012
[2026-02-20 20:55:12.000]  [SetRegValueDWORD] ErrorCode:0 INFO: Set Registry for Key:SOFTWARE\Microsoft\Windows Azure\CurrentVersion\AzureMonitorAgentExtension\47.4.1.0, Name:MaServiceProcess, Value:3012
[2026-02-20 20:55:12.000]  [AggregateHeartbeat] ErrorCode:0 INFO: Completed heartbeat aggregation.
[2026-02-20 20:55:42.000]  [WriteHeartbeatToFile] ErrorCode:0 INFO: Sending the heartbeat.
[2026-02-20 20:55:42.000]  [WriteStatusToFile] ErrorCode:0 INFO: Sending the status.
[2026-02-20 20:55:42.000]  [WriteHeartbeatToFile] ErrorCode:0 INFO: Done Sending the heartbeat.
[2026-02-20 20:55:42.000]  [WriteStatusToFile] ErrorCode:0 INFO: Done Sending the status.
[2026-02-20 20:56:12.000]  [WriteStatusToFile] ErrorCode:0 INFO: Sending the status.
[2026-02-20 20:56:12.000]  [WriteHeartbeatToFile] ErrorCode:0 INFO: Sending the heartbeat.
[2026-02-20 20:56:12.000]  [WriteHeartbeatToFile] ErrorCode:0 INFO: Done Sending the heartbeat.
[2026-02-20 20:56:12.000]  [WriteStatusToFile] ErrorCode:0 INFO: Done Sending the status.
[2026-02-20 20:56:12.000]  [FindProcessById] ErrorCode:0 INFO: Attempt to find the process MetricsExtension.Native.exe with ID: 2308.
[2026-02-20 20:56:12.000]  [FindProcessById] ErrorCode:0 INFO: Running Process MetricsExtension.Native.exe found. ID: 2308.
[2026-02-20 20:56:12.000]  [StartMetricsExtension] ErrorCode:0 ERROR: Metrics extension is already running
[2026-02-20 20:56:42.000]  [WriteStatusToFile] ErrorCode:0 INFO: Sending the status.
[2026-02-20 20:56:42.000]  [WriteHeartbeatToFile] ErrorCode:0 INFO: Sending the heartbeat.
[2026-02-20 20:56:42.000]  [WriteStatusToFile] ErrorCode:0 INFO: Done Sending the status.
[2026-02-20 20:56:42.000]  [WriteHeartbeatToFile] ErrorCode:0 INFO: Done Sending the heartbeat.
[2026-02-20 20:57:12.000]  [WriteStatusToFile] ErrorCode:0 INFO: Sending the status.
[2026-02-20 20:57:12.000]  [WriteHeartbeatToFile] ErrorCode:0 INFO: Sending the heartbeat.
[2026-02-20 20:57:12.000]  [WriteStatusToFile] ErrorCode:0 INFO: Done Sending the status.
[2026-02-20 20:57:12.000]  [WriteHeartbeatToFile] ErrorCode:0 INFO: Done Sending the heartbeat.
[2026-02-20 20:57:12.000]  [FindProcessById] ErrorCode:0 INFO: Attempt to find the process MetricsExtension.Native.exe with ID: 2308.
[2026-02-20 20:57:12.000]  [FindProcessById] ErrorCode:0 INFO: Running Process MetricsExtension.Native.exe found. ID: 2308.
[2026-02-20 20:57:12.000]  [StartMetricsExtension] ErrorCode:0 ERROR: Metrics extension is already running
[2026-02-20 20:57:42.000]  [WriteStatusToFile] ErrorCode:0 INFO: Sending the status.
[2026-02-20 20:57:42.000]  [WriteHeartbeatToFile] ErrorCode:0 INFO: Sending the heartbeat.
[2026-02-20 20:57:42.000]  [WriteStatusToFile] ErrorCode:0 INFO: Done Sending the status.
[2026-02-20 20:57:42.000]  [WriteHeartbeatToFile] ErrorCode:0 INFO: Done Sending the heartbeat.
[2026-02-20 20:58:12.000]  [WriteStatusToFile] ErrorCode:0 INFO: Sending the status.
[2026-02-20 20:58:12.000]  [WriteHeartbeatToFile] ErrorCode:0 INFO: Sending the heartbeat.
[2026-02-20 20:58:12.000]  [WriteStatusToFile] ErrorCode:0 INFO: Done Sending the status.
[2026-02-20 20:58:12.000]  [WriteHeartbeatToFile] ErrorCode:0 INFO: Done Sending the heartbeat.
[2026-02-20 20:58:12.000]  [FindProcessById] ErrorCode:0 INFO: Attempt to find the process MetricsExtension.Native.exe with ID: 2308.
[2026-02-20 20:58:12.000]  [FindProcessById] ErrorCode:0 INFO: Running Process MetricsExtension.Native.exe found. ID: 2308.
[2026-02-20 20:58:12.000]  [StartMetricsExtension] ErrorCode:0 ERROR: Metrics extension is already running
[2026-02-20 20:58:42.000]  [WriteStatusToFile] ErrorCode:0 INFO: Sending the status.
[2026-02-20 20:58:42.000]  [WriteHeartbeatToFile] ErrorCode:0 INFO: Sending the heartbeat.
[2026-02-20 20:58:42.000]  [WriteStatusToFile] ErrorCode:0 INFO: Done Sending the status.
[2026-02-20 20:58:42.000]  [WriteHeartbeatToFile] ErrorCode:0 INFO: Done Sending the heartbeat.
[2026-02-20 20:59:12.000]  [WriteStatusToFile] ErrorCode:0 INFO: Sending the status.
[2026-02-20 20:59:12.000]  [WriteHeartbeatToFile] ErrorCode:0 INFO: Sending the heartbeat.
[2026-02-20 20:59:12.000]  [WriteStatusToFile] ErrorCode:0 INFO: Done Sending the status.
[2026-02-20 20:59:12.000]  [WriteHeartbeatToFile] ErrorCode:0 INFO: Done Sending the heartbeat.
[2026-02-20 20:59:12.000]  [FindProcessById] ErrorCode:0 INFO: Attempt to find the process MetricsExtension.Native.exe with ID: 2308.
[2026-02-20 20:59:12.000]  [FindProcessById] ErrorCode:0 INFO: Running Process MetricsExtension.Native.exe found. ID: 2308.
[2026-02-20 20:59:12.000]  [StartMetricsExtension] ErrorCode:0 ERROR: Metrics extension is already running
[2026-02-20 20:59:42.000]  [WriteHeartbeatToFile] ErrorCode:0 INFO: Sending the heartbeat.
[2026-02-20 20:59:42.000]  [WriteStatusToFile] ErrorCode:0 INFO: Sending the status.
[2026-02-20 20:59:42.000]  [WriteHeartbeatToFile] ErrorCode:0 INFO: Done Sending the heartbeat.
[2026-02-20 20:59:42.000]  [WriteStatusToFile] ErrorCode:0 INFO: Done Sending the status.
[2026-02-20 21:00:12.000]  [WriteStatusToFile] ErrorCode:0 INFO: Sending the status.
[2026-02-20 21:00:12.000]  [WriteHeartbeatToFile] ErrorCode:0 INFO: Sending the heartbeat.
[2026-02-20 21:00:12.000]  [WriteStatusToFile] ErrorCode:0 INFO: Done Sending the status.
[2026-02-20 21:00:12.000]  [WriteHeartbeatToFile] ErrorCode:0 INFO: Done Sending the heartbeat.
[2026-02-20 21:00:12.000]  [FindProcessById] ErrorCode:0 INFO: Attempt to find the process MetricsExtension.Native.exe with ID: 2308.
[2026-02-20 21:00:12.000]  [FindProcessById] ErrorCode:0 INFO: Running Process MetricsExtension.Native.exe found. ID: 2308.
[2026-02-20 21:00:12.000]  [StartMetricsExtension] ErrorCode:0 ERROR: Metrics extension is already running
[2026-02-20 21:00:12.000]  [AggregateHeartbeat] ErrorCode:0 INFO: Start heartbeat aggregation.
[2026-02-20 21:00:12.000]  [QueryRegValueDWORD] ErrorCode:0 INFO: Query Registry for Key:SOFTWARE\Microsoft\Windows Azure\CurrentVersion\AzureMonitorAgentExtension\47.4.1.0, Name:MaServiceProcess
[2026-02-20 21:00:12.000]  [QueryRegValueDWORD] ErrorCode:0 INFO: Query Registry for Key:SOFTWARE\Microsoft\Windows Azure\CurrentVersion\AzureMonitorAgentExtension\47.4.1.0, Name:MaServiceProcess, Value:3012
[2026-02-20 21:00:12.000]  [FindProcessById] ErrorCode:0 INFO: Attempt to find the process MonAgentLauncher.exe with ID: 3012.
[2026-02-20 21:00:12.000]  [FindProcessById] ErrorCode:0 INFO: Running Process MonAgentLauncher.exe found. ID: 3012.
[2026-02-20 21:00:12.000]  [CheckIfMAServiceIsRunByExtension] ErrorCode:0 INFO: The MA process is running based on the m_registry
[2026-02-20 21:00:12.000]  [QueryRegValueDWORD] ErrorCode:0 INFO: Query Registry for Key:SOFTWARE\Microsoft\Windows Azure\CurrentVersion\AzureMonitorAgentExtension\47.4.1.0, Name:AMAMultitenantServiceProcess
[2026-02-20 21:00:12.000]  [QueryRegValueDWORD] ErrorCode:0 ERROR: RegQueryValueExA: failed to query REG_DWORD value, Key:SOFTWARE\Microsoft\Windows Azure\CurrentVersion\AzureMonitorAgentExtension\47.4.1.0, name=AMAMultitenantServiceProcess, error=2, type=0
[2026-02-20 21:00:12.000]  [CheckIfMAServiceIsRunByExtension] ErrorCode:1205 INFO: Unable to read the m_registry for MA process. Assume it is not running.
[2026-02-20 21:00:12.000]  [AggregateHeartbeat] ErrorCode:0 INFO: Configured MA Service is not running on the node.
[2026-02-20 21:00:12.000]  [SetImdsEnvironmentVariable] ErrorCode:0 INFO: Querying IMDS information
[2026-02-20 21:00:12.000]  [SetImdsEnvironmentVariable] ErrorCode:-1 INFO: Preparing to call IMDS. Endpoint: http://169.254.169.254
[2026-02-20 21:00:12.000]  [QueryIMDSEndpoint] ErrorCode:0 INFO: Queried IMDS successfully.
[2026-02-20 21:00:12.000]  [GetValueFromJsonOrDefault] ErrorCode:0 INFO: Read Imds response field with Name:location Value: westus2
[2026-02-20 21:00:12.000]  [GetValueFromJsonOrDefault] ErrorCode:0 INFO: Read Imds response field with Name:name Value: amawin
[2026-02-20 21:00:12.000]  [GetValueFromJsonOrDefault] ErrorCode:0 INFO: Read Imds response field with Name:subscriptionId Value: 351651ce-5feb-4e59-975d-f1f344e2b717
[2026-02-20 21:00:12.000]  [GetValueFromJsonOrDefault] ErrorCode:0 INFO: Read Imds response field with Name:vmId Value: 22afd636-aec1-4782-9055-f85ea283dc20
[2026-02-20 21:00:12.000]  [GetValueFromJsonOrDefault] ErrorCode:0 INFO: Read Imds response field with Name:vmScaleSetName Value: 
[2026-02-20 21:00:12.000]  [GetValueFromJsonOrDefault] ErrorCode:0 INFO: Read Imds response field with Name:resourceGroupName Value: amawin_group
[2026-02-20 21:00:12.000]  [GetValueFromJsonOrDefault] ErrorCode:0 INFO: Read Imds response field with Name:osType Value: Windows
[2026-02-20 21:00:12.000]  [GetValueFromJsonOrDefault] ErrorCode:0 INFO: Read Imds response field with Name:resourceId Value: /subscriptions/351651ce-5feb-4e59-975d-f1f344e2b717/resourceGroups/amawin_group/providers/Microsoft.Compute/virtualMachines/amawin
[2026-02-20 21:00:12.000]  [GetValueFromJsonOrDefault] ErrorCode:0 INFO: Read Imds response field with Name:azEnvironment Value: AzurePublicCloud
[2026-02-20 21:00:12.000]  [SetImdsEnvironmentVariable] ErrorCode:0 INFO: Successfully set Environment variables from Imds
[2026-02-20 21:00:12.000]  [AggregateHeartbeat] ErrorCode:0 INFO: Completed heartbeat aggregation.
[2026-02-20 21:00:42.000]  [WriteHeartbeatToFile] ErrorCode:0 INFO: Sending the heartbeat.
[2026-02-20 21:00:42.000]  [WriteStatusToFile] ErrorCode:0 INFO: Sending the status.
[2026-02-20 21:00:42.000]  [WriteHeartbeatToFile] ErrorCode:0 INFO: Done Sending the heartbeat.
[2026-02-20 21:00:42.000]  [WriteStatusToFile] ErrorCode:0 INFO: Done Sending the status.
[2026-02-20 21:01:12.000]  [WriteStatusToFile] ErrorCode:0 INFO: Sending the status.
[2026-02-20 21:01:12.000]  [WriteHeartbeatToFile] ErrorCode:0 INFO: Sending the heartbeat.
[2026-02-20 21:01:12.000]  [WriteStatusToFile] ErrorCode:0 INFO: Done Sending the status.
[2026-02-20 21:01:12.000]  [WriteHeartbeatToFile] ErrorCode:0 INFO: Done Sending the heartbeat.
[2026-02-20 21:01:12.000]  [FindProcessById] ErrorCode:0 INFO: Attempt to find the process MetricsExtension.Native.exe with ID: 2308.
[2026-02-20 21:01:12.000]  [FindProcessById] ErrorCode:0 INFO: Running Process MetricsExtension.Native.exe found. ID: 2308.
[2026-02-20 21:01:12.000]  [StartMetricsExtension] ErrorCode:0 ERROR: Metrics extension is already running
[2026-02-20 21:01:42.000]  [WriteHeartbeatToFile] ErrorCode:0 INFO: Sending the heartbeat.
[2026-02-20 21:01:42.000]  [WriteStatusToFile] ErrorCode:0 INFO: Sending the status.
[2026-02-20 21:01:42.000]  [WriteHeartbeatToFile] ErrorCode:0 INFO: Done Sending the heartbeat.
[2026-02-20 21:01:42.000]  [WriteStatusToFile] ErrorCode:0 INFO: Done Sending the status.
[2026-02-20 21:02:12.000]  [WriteHeartbeatToFile] ErrorCode:0 INFO: Sending the heartbeat.
[2026-02-20 21:02:12.000]  [WriteStatusToFile] ErrorCode:0 INFO: Sending the status.
[2026-02-20 21:02:12.000]  [WriteHeartbeatToFile] ErrorCode:0 INFO: Done Sending the heartbeat.
[2026-02-20 21:02:12.000]  [WriteStatusToFile] ErrorCode:0 INFO: Done Sending the status.
[2026-02-20 21:02:12.000]  [FindProcessById] ErrorCode:0 INFO: Attempt to find the process MetricsExtension.Native.exe with ID: 2308.
[2026-02-20 21:02:12.000]  [FindProcessById] ErrorCode:0 INFO: Running Process MetricsExtension.Native.exe found. ID: 2308.
[2026-02-20 21:02:12.000]  [StartMetricsExtension] ErrorCode:0 ERROR: Metrics extension is already running
[2026-02-20 21:02:42.000]  [WriteStatusToFile] ErrorCode:0 INFO: Sending the status.
[2026-02-20 21:02:42.000]  [WriteHeartbeatToFile] ErrorCode:0 INFO: Sending the heartbeat.
[2026-02-20 21:02:42.000]  [WriteHeartbeatToFile] ErrorCode:0 INFO: Done Sending the heartbeat.
[2026-02-20 21:02:42.000]  [WriteStatusToFile] ErrorCode:0 INFO: Done Sending the status.
[2026-02-20 21:03:12.000]  [WriteStatusToFile] ErrorCode:0 INFO: Sending the status.
[2026-02-20 21:03:12.000]  [WriteHeartbeatToFile] ErrorCode:0 INFO: Sending the heartbeat.
[2026-02-20 21:03:12.000]  [WriteStatusToFile] ErrorCode:0 INFO: Done Sending the status.
[2026-02-20 21:03:12.000]  [WriteHeartbeatToFile] ErrorCode:0 INFO: Done Sending the heartbeat.
[2026-02-20 21:03:12.000]  [FindProcessById] ErrorCode:0 INFO: Attempt to find the process MetricsExtension.Native.exe with ID: 2308.
[2026-02-20 21:03:12.000]  [FindProcessById] ErrorCode:0 INFO: Running Process MetricsExtension.Native.exe found. ID: 2308.
[2026-02-20 21:03:12.000]  [StartMetricsExtension] ErrorCode:0 ERROR: Metrics extension is already running
[2026-02-20 21:03:42.000]  [WriteStatusToFile] ErrorCode:0 INFO: Sending the status.
[2026-02-20 21:03:42.000]  [WriteHeartbeatToFile] ErrorCode:0 INFO: Sending the heartbeat.
[2026-02-20 21:03:42.000]  [WriteStatusToFile] ErrorCode:0 INFO: Done Sending the status.
[2026-02-20 21:03:42.000]  [WriteHeartbeatToFile] ErrorCode:0 INFO: Done Sending the heartbeat.
[2026-02-20 21:04:12.000]  [WriteHeartbeatToFile] ErrorCode:0 INFO: Sending the heartbeat.
[2026-02-20 21:04:12.000]  [WriteStatusToFile] ErrorCode:0 INFO: Sending the status.
[2026-02-20 21:04:12.000]  [WriteHeartbeatToFile] ErrorCode:0 INFO: Done Sending the heartbeat.
[2026-02-20 21:04:12.000]  [WriteStatusToFile] ErrorCode:0 INFO: Done Sending the status.
[2026-02-20 21:04:12.000]  [FindProcessById] ErrorCode:0 INFO: Attempt to find the process MetricsExtension.Native.exe with ID: 2308.
[2026-02-20 21:04:12.000]  [FindProcessById] ErrorCode:0 INFO: Running Process MetricsExtension.Native.exe found. ID: 2308.
[2026-02-20 21:04:12.000]  [StartMetricsExtension] ErrorCode:0 ERROR: Metrics extension is already running
[2026-02-20 21:04:42.000]  [WriteStatusToFile] ErrorCode:0 INFO: Sending the status.
[2026-02-20 21:04:42.000]  [WriteHeartbeatToFile] ErrorCode:0 INFO: Sending the heartbeat.
[2026-02-20 21:04:42.000]  [WriteStatusToFile] ErrorCode:0 INFO: Done Sending the status.
[2026-02-20 21:04:42.000]  [WriteHeartbeatToFile] ErrorCode:0 INFO: Done Sending the heartbeat.
[2026-02-20 21:05:12.000]  [WriteHeartbeatToFile] ErrorCode:0 INFO: Sending the heartbeat.
[2026-02-20 21:05:12.000]  [WriteStatusToFile] ErrorCode:0 INFO: Sending the status.
[2026-02-20 21:05:12.000]  [WriteStatusToFile] ErrorCode:0 INFO: Done Sending the status.
[2026-02-20 21:05:12.000]  [WriteHeartbeatToFile] ErrorCode:0 INFO: Done Sending the heartbeat.
[2026-02-20 21:05:12.000]  [FindProcessById] ErrorCode:0 INFO: Attempt to find the process MetricsExtension.Native.exe with ID: 2308.
[2026-02-20 21:05:13.000]  [FindProcessById] ErrorCode:0 INFO: Running Process MetricsExtension.Native.exe found. ID: 2308.
[2026-02-20 21:05:13.000]  [StartMetricsExtension] ErrorCode:0 ERROR: Metrics extension is already running
[2026-02-20 21:05:13.000]  [AggregateHeartbeat] ErrorCode:0 INFO: Start heartbeat aggregation.
[2026-02-20 21:05:13.000]  [QueryRegValueDWORD] ErrorCode:0 INFO: Query Registry for Key:SOFTWARE\Microsoft\Windows Azure\CurrentVersion\AzureMonitorAgentExtension\47.4.1.0, Name:MaServiceProcess
[2026-02-20 21:05:13.000]  [QueryRegValueDWORD] ErrorCode:0 INFO: Query Registry for Key:SOFTWARE\Microsoft\Windows Azure\CurrentVersion\AzureMonitorAgentExtension\47.4.1.0, Name:MaServiceProcess, Value:3012
[2026-02-20 21:05:13.000]  [FindProcessById] ErrorCode:0 INFO: Attempt to find the process MonAgentLauncher.exe with ID: 3012.
[2026-02-20 21:05:13.000]  [FindProcessById] ErrorCode:0 INFO: Running Process MonAgentLauncher.exe found. ID: 3012.
[2026-02-20 21:05:13.000]  [CheckIfMAServiceIsRunByExtension] ErrorCode:0 INFO: The MA process is running based on the m_registry
[2026-02-20 21:05:13.000]  [QueryRegValueDWORD] ErrorCode:0 INFO: Query Registry for Key:SOFTWARE\Microsoft\Windows Azure\CurrentVersion\AzureMonitorAgentExtension\47.4.1.0, Name:AMAMultitenantServiceProcess
[2026-02-20 21:05:13.000]  [QueryRegValueDWORD] ErrorCode:0 ERROR: RegQueryValueExA: failed to query REG_DWORD value, Key:SOFTWARE\Microsoft\Windows Azure\CurrentVersion\AzureMonitorAgentExtension\47.4.1.0, name=AMAMultitenantServiceProcess, error=2, type=0
[2026-02-20 21:05:13.000]  [CheckIfMAServiceIsRunByExtension] ErrorCode:1205 INFO: Unable to read the m_registry for MA process. Assume it is not running.
[2026-02-20 21:05:13.000]  [AggregateHeartbeat] ErrorCode:0 INFO: Configured MA Service is not running on the node.
[2026-02-20 21:05:13.000]  [SetImdsEnvironmentVariable] ErrorCode:0 INFO: Querying IMDS information
[2026-02-20 21:05:13.000]  [SetImdsEnvironmentVariable] ErrorCode:-1 INFO: Preparing to call IMDS. Endpoint: http://169.254.169.254
[2026-02-20 21:05:13.000]  [QueryIMDSEndpoint] ErrorCode:0 INFO: Queried IMDS successfully.
[2026-02-20 21:05:13.000]  [GetValueFromJsonOrDefault] ErrorCode:0 INFO: Read Imds response field with Name:location Value: westus2
[2026-02-20 21:05:13.000]  [GetValueFromJsonOrDefault] ErrorCode:0 INFO: Read Imds response field with Name:name Value: amawin
[2026-02-20 21:05:13.000]  [GetValueFromJsonOrDefault] ErrorCode:0 INFO: Read Imds response field with Name:subscriptionId Value: 351651ce-5feb-4e59-975d-f1f344e2b717
[2026-02-20 21:05:13.000]  [GetValueFromJsonOrDefault] ErrorCode:0 INFO: Read Imds response field with Name:vmId Value: 22afd636-aec1-4782-9055-f85ea283dc20
[2026-02-20 21:05:13.000]  [GetValueFromJsonOrDefault] ErrorCode:0 INFO: Read Imds response field with Name:vmScaleSetName Value: 
[2026-02-20 21:05:13.000]  [GetValueFromJsonOrDefault] ErrorCode:0 INFO: Read Imds response field with Name:resourceGroupName Value: amawin_group
[2026-02-20 21:05:13.000]  [GetValueFromJsonOrDefault] ErrorCode:0 INFO: Read Imds response field with Name:osType Value: Windows
[2026-02-20 21:05:13.000]  [GetValueFromJsonOrDefault] ErrorCode:0 INFO: Read Imds response field with Name:resourceId Value: /subscriptions/351651ce-5feb-4e59-975d-f1f344e2b717/resourceGroups/amawin_group/providers/Microsoft.Compute/virtualMachines/amawin
[2026-02-20 21:05:13.000]  [GetValueFromJsonOrDefault] ErrorCode:0 INFO: Read Imds response field with Name:azEnvironment Value: AzurePublicCloud
[2026-02-20 21:05:13.000]  [SetImdsEnvironmentVariable] ErrorCode:0 INFO: Successfully set Environment variables from Imds
[2026-02-20 21:05:13.000]  [AggregateHeartbeat] ErrorCode:0 INFO: Completed heartbeat aggregation.
[2026-02-20 21:05:42.000]  [WriteHeartbeatToFile] ErrorCode:0 INFO: Sending the heartbeat.
[2026-02-20 21:05:42.000]  [WriteStatusToFile] ErrorCode:0 INFO: Sending the status.
[2026-02-20 21:05:42.000]  [WriteHeartbeatToFile] ErrorCode:0 INFO: Done Sending the heartbeat.
[2026-02-20 21:05:42.000]  [WriteStatusToFile] ErrorCode:0 INFO: Done Sending the status.
[2026-02-20 21:06:12.000]  [WriteStatusToFile] ErrorCode:0 INFO: Sending the status.
[2026-02-20 21:06:12.000]  [WriteHeartbeatToFile] ErrorCode:0 INFO: Sending the heartbeat.
[2026-02-20 21:06:12.000]  [WriteStatusToFile] ErrorCode:0 INFO: Done Sending the status.
[2026-02-20 21:06:12.000]  [WriteHeartbeatToFile] ErrorCode:0 INFO: Done Sending the heartbeat.
[2026-02-20 21:06:13.000]  [FindProcessById] ErrorCode:0 INFO: Attempt to find the process MetricsExtension.Native.exe with ID: 2308.
[2026-02-20 21:06:13.000]  [FindProcessById] ErrorCode:0 INFO: Running Process MetricsExtension.Native.exe found. ID: 2308.
[2026-02-20 21:06:13.000]  [StartMetricsExtension] ErrorCode:0 ERROR: Metrics extension is already running
[2026-02-20 21:06:42.000]  [WriteHeartbeatToFile] ErrorCode:0 INFO: Sending the heartbeat.
[2026-02-20 21:06:42.000]  [WriteStatusToFile] ErrorCode:0 INFO: Sending the status.
[2026-02-20 21:06:42.000]  [WriteHeartbeatToFile] ErrorCode:0 INFO: Done Sending the heartbeat.
[2026-02-20 21:06:42.000]  [WriteStatusToFile] ErrorCode:0 INFO: Done Sending the status.
[2026-02-20 21:07:12.000]  [WriteStatusToFile] ErrorCode:0 INFO: Sending the status.
[2026-02-20 21:07:12.000]  [WriteHeartbeatToFile] ErrorCode:0 INFO: Sending the heartbeat.
[2026-02-20 21:07:12.000]  [WriteStatusToFile] ErrorCode:0 INFO: Done Sending the status.
[2026-02-20 21:07:12.000]  [WriteHeartbeatToFile] ErrorCode:0 INFO: Done Sending the heartbeat.
[2026-02-20 21:07:13.000]  [FindProcessById] ErrorCode:0 INFO: Attempt to find the process MetricsExtension.Native.exe with ID: 2308.
[2026-02-20 21:07:13.000]  [FindProcessById] ErrorCode:0 INFO: Running Process MetricsExtension.Native.exe found. ID: 2308.
[2026-02-20 21:07:13.000]  [StartMetricsExtension] ErrorCode:0 ERROR: Metrics extension is already running
[2026-02-20 21:07:42.000]  [WriteHeartbeatToFile] ErrorCode:0 INFO: Sending the heartbeat.
[2026-02-20 21:07:42.000]  [WriteStatusToFile] ErrorCode:0 INFO: Sending the status.
[2026-02-20 21:07:42.000]  [WriteStatusToFile] ErrorCode:0 INFO: Done Sending the status.
[2026-02-20 21:07:42.000]  [WriteHeartbeatToFile] ErrorCode:0 INFO: Done Sending the heartbeat.
[2026-02-20 21:08:12.000]  [WriteStatusToFile] ErrorCode:0 INFO: Sending the status.
[2026-02-20 21:08:12.000]  [WriteHeartbeatToFile] ErrorCode:0 INFO: Sending the heartbeat.
[2026-02-20 21:08:12.000]  [WriteStatusToFile] ErrorCode:0 INFO: Done Sending the status.
[2026-02-20 21:08:12.000]  [WriteHeartbeatToFile] ErrorCode:0 INFO: Done Sending the heartbeat.
[2026-02-20 21:08:13.000]  [FindProcessById] ErrorCode:0 INFO: Attempt to find the process MetricsExtension.Native.exe with ID: 2308.
[2026-02-20 21:08:13.000]  [FindProcessById] ErrorCode:0 INFO: Running Process MetricsExtension.Native.exe found. ID: 2308.
[2026-02-20 21:08:13.000]  [StartMetricsExtension] ErrorCode:0 ERROR: Metrics extension is already running
[2026-02-20 21:08:42.000]  [WriteHeartbeatToFile] ErrorCode:0 INFO: Sending the heartbeat.
[2026-02-20 21:08:42.000]  [WriteStatusToFile] ErrorCode:0 INFO: Sending the status.
[2026-02-20 21:08:42.000]  [WriteHeartbeatToFile] ErrorCode:0 INFO: Done Sending the heartbeat.
[2026-02-20 21:08:42.000]  [WriteStatusToFile] ErrorCode:0 INFO: Done Sending the status.
[2026-02-20 21:09:12.000]  [WriteStatusToFile] ErrorCode:0 INFO: Sending the status.
[2026-02-20 21:09:12.000]  [WriteHeartbeatToFile] ErrorCode:0 INFO: Sending the heartbeat.
[2026-02-20 21:09:12.000]  [WriteStatusToFile] ErrorCode:0 INFO: Done Sending the status.
[2026-02-20 21:09:12.000]  [WriteHeartbeatToFile] ErrorCode:0 INFO: Done Sending the heartbeat.
[2026-02-20 21:09:13.000]  [FindProcessById] ErrorCode:0 INFO: Attempt to find the process MetricsExtension.Native.exe with ID: 2308.
[2026-02-20 21:09:13.000]  [FindProcessById] ErrorCode:0 INFO: Running Process MetricsExtension.Native.exe found. ID: 2308.
[2026-02-20 21:09:13.000]  [StartMetricsExtension] ErrorCode:0 ERROR: Metrics extension is already running
[2026-02-20 21:09:42.000]  [WriteStatusToFile] ErrorCode:0 INFO: Sending the status.
[2026-02-20 21:09:42.000]  [WriteHeartbeatToFile] ErrorCode:0 INFO: Sending the heartbeat.
[2026-02-20 21:09:42.000]  [WriteStatusToFile] ErrorCode:0 INFO: Done Sending the status.
[2026-02-20 21:09:42.000]  [WriteHeartbeatToFile] ErrorCode:0 INFO: Done Sending the heartbeat.
[2026-02-20 21:10:12.000]  [WriteStatusToFile] ErrorCode:0 INFO: Sending the status.
[2026-02-20 21:10:12.000]  [WriteHeartbeatToFile] ErrorCode:0 INFO: Sending the heartbeat.
[2026-02-20 21:10:12.000]  [WriteHeartbeatToFile] ErrorCode:0 INFO: Done Sending the heartbeat.
[2026-02-20 21:10:12.000]  [WriteStatusToFile] ErrorCode:0 INFO: Done Sending the status.
[2026-02-20 21:10:13.000]  [FindProcessById] ErrorCode:0 INFO: Attempt to find the process MetricsExtension.Native.exe with ID: 2308.
[2026-02-20 21:10:13.000]  [FindProcessById] ErrorCode:0 INFO: Running Process MetricsExtension.Native.exe found. ID: 2308.
[2026-02-20 21:10:13.000]  [StartMetricsExtension] ErrorCode:0 ERROR: Metrics extension is already running
[2026-02-20 21:10:13.000]  [AggregateHeartbeat] ErrorCode:0 INFO: Start heartbeat aggregation.
[2026-02-20 21:10:13.000]  [QueryRegValueDWORD] ErrorCode:0 INFO: Query Registry for Key:SOFTWARE\Microsoft\Windows Azure\CurrentVersion\AzureMonitorAgentExtension\47.4.1.0, Name:MaServiceProcess
[2026-02-20 21:10:13.000]  [QueryRegValueDWORD] ErrorCode:0 INFO: Query Registry for Key:SOFTWARE\Microsoft\Windows Azure\CurrentVersion\AzureMonitorAgentExtension\47.4.1.0, Name:MaServiceProcess, Value:3012
[2026-02-20 21:10:13.000]  [FindProcessById] ErrorCode:0 INFO: Attempt to find the process MonAgentLauncher.exe with ID: 3012.
[2026-02-20 21:10:13.000]  [FindProcessById] ErrorCode:0 INFO: Running Process MonAgentLauncher.exe found. ID: 3012.
[2026-02-20 21:10:13.000]  [CheckIfMAServiceIsRunByExtension] ErrorCode:0 INFO: The MA process is running based on the m_registry
[2026-02-20 21:10:13.000]  [QueryRegValueDWORD] ErrorCode:0 INFO: Query Registry for Key:SOFTWARE\Microsoft\Windows Azure\CurrentVersion\AzureMonitorAgentExtension\47.4.1.0, Name:AMAMultitenantServiceProcess
[2026-02-20 21:10:13.000]  [QueryRegValueDWORD] ErrorCode:0 ERROR: RegQueryValueExA: failed to query REG_DWORD value, Key:SOFTWARE\Microsoft\Windows Azure\CurrentVersion\AzureMonitorAgentExtension\47.4.1.0, name=AMAMultitenantServiceProcess, error=2, type=0
[2026-02-20 21:10:13.000]  [CheckIfMAServiceIsRunByExtension] ErrorCode:1205 INFO: Unable to read the m_registry for MA process. Assume it is not running.
[2026-02-20 21:10:13.000]  [AggregateHeartbeat] ErrorCode:0 INFO: Configured MA Service is not running on the node.
[2026-02-20 21:10:13.000]  [SetImdsEnvironmentVariable] ErrorCode:0 INFO: Querying IMDS information
[2026-02-20 21:10:13.000]  [SetImdsEnvironmentVariable] ErrorCode:-1 INFO: Preparing to call IMDS. Endpoint: http://169.254.169.254
[2026-02-20 21:10:13.000]  [QueryIMDSEndpoint] ErrorCode:0 INFO: Queried IMDS successfully.
[2026-02-20 21:10:13.000]  [GetValueFromJsonOrDefault] ErrorCode:0 INFO: Read Imds response field with Name:location Value: westus2
[2026-02-20 21:10:13.000]  [GetValueFromJsonOrDefault] ErrorCode:0 INFO: Read Imds response field with Name:name Value: amawin
[2026-02-20 21:10:13.000]  [GetValueFromJsonOrDefault] ErrorCode:0 INFO: Read Imds response field with Name:subscriptionId Value: 351651ce-5feb-4e59-975d-f1f344e2b717
[2026-02-20 21:10:13.000]  [GetValueFromJsonOrDefault] ErrorCode:0 INFO: Read Imds response field with Name:vmId Value: 22afd636-aec1-4782-9055-f85ea283dc20
[2026-02-20 21:10:13.000]  [GetValueFromJsonOrDefault] ErrorCode:0 INFO: Read Imds response field with Name:vmScaleSetName Value: 
[2026-02-20 21:10:13.000]  [GetValueFromJsonOrDefault] ErrorCode:0 INFO: Read Imds response field with Name:resourceGroupName Value: amawin_group
[2026-02-20 21:10:13.000]  [GetValueFromJsonOrDefault] ErrorCode:0 INFO: Read Imds response field with Name:osType Value: Windows
[2026-02-20 21:10:13.000]  [GetValueFromJsonOrDefault] ErrorCode:0 INFO: Read Imds response field with Name:resourceId Value: /subscriptions/351651ce-5feb-4e59-975d-f1f344e2b717/resourceGroups/amawin_group/providers/Microsoft.Compute/virtualMachines/amawin
[2026-02-20 21:10:13.000]  [GetValueFromJsonOrDefault] ErrorCode:0 INFO: Read Imds response field with Name:azEnvironment Value: AzurePublicCloud
[2026-02-20 21:10:13.000]  [SetImdsEnvironmentVariable] ErrorCode:0 INFO: Successfully set Environment variables from Imds
[2026-02-20 21:10:13.000]  [AggregateHeartbeat] ErrorCode:0 INFO: Completed heartbeat aggregation.
[2026-02-20 21:10:42.000]  [WriteStatusToFile] ErrorCode:0 INFO: Sending the status.
[2026-02-20 21:10:42.000]  [WriteHeartbeatToFile] ErrorCode:0 INFO: Sending the heartbeat.
[2026-02-20 21:10:42.000]  [WriteStatusToFile] ErrorCode:0 INFO: Done Sending the status.
[2026-02-20 21:10:42.000]  [WriteHeartbeatToFile] ErrorCode:0 INFO: Done Sending the heartbeat.
[2026-02-20 21:11:12.000]  [WriteStatusToFile] ErrorCode:0 INFO: Sending the status.
[2026-02-20 21:11:12.000]  [WriteHeartbeatToFile] ErrorCode:0 INFO: Sending the heartbeat.
[2026-02-20 21:11:12.000]  [WriteHeartbeatToFile] ErrorCode:0 INFO: Done Sending the heartbeat.
[2026-02-20 21:11:12.000]  [WriteStatusToFile] ErrorCode:0 INFO: Done Sending the status.
[2026-02-20 21:11:13.000]  [FindProcessById] ErrorCode:0 INFO: Attempt to find the process MetricsExtension.Native.exe with ID: 2308.
[2026-02-20 21:11:13.000]  [FindProcessById] ErrorCode:0 INFO: Running Process MetricsExtension.Native.exe found. ID: 2308.
[2026-02-20 21:11:13.000]  [StartMetricsExtension] ErrorCode:0 ERROR: Metrics extension is already running
[2026-02-20 21:11:42.000]  [WriteStatusToFile] ErrorCode:0 INFO: Sending the status.
[2026-02-20 21:11:42.000]  [WriteHeartbeatToFile] ErrorCode:0 INFO: Sending the heartbeat.
[2026-02-20 21:11:42.000]  [WriteStatusToFile] ErrorCode:0 INFO: Done Sending the status.
[2026-02-20 21:11:42.000]  [WriteHeartbeatToFile] ErrorCode:0 INFO: Done Sending the heartbeat.
[2026-02-20 21:12:12.000]  [WriteStatusToFile] ErrorCode:0 INFO: Sending the status.
[2026-02-20 21:12:12.000]  [WriteHeartbeatToFile] ErrorCode:0 INFO: Sending the heartbeat.
[2026-02-20 21:12:12.000]  [WriteStatusToFile] ErrorCode:0 INFO: Done Sending the status.
[2026-02-20 21:12:12.000]  [WriteHeartbeatToFile] ErrorCode:0 INFO: Done Sending the heartbeat.
[2026-02-20 21:12:13.000]  [FindProcessById] ErrorCode:0 INFO: Attempt to find the process MetricsExtension.Native.exe with ID: 2308.
[2026-02-20 21:12:13.000]  [FindProcessById] ErrorCode:0 INFO: Running Process MetricsExtension.Native.exe found. ID: 2308.
[2026-02-20 21:12:13.000]  [StartMetricsExtension] ErrorCode:0 ERROR: Metrics extension is already running
[2026-02-20 21:12:42.000]  [WriteStatusToFile] ErrorCode:0 INFO: Sending the status.
[2026-02-20 21:12:42.000]  [WriteHeartbeatToFile] ErrorCode:0 INFO: Sending the heartbeat.
[2026-02-20 21:12:42.000]  [WriteStatusToFile] ErrorCode:0 INFO: Done Sending the status.
[2026-02-20 21:12:42.000]  [WriteHeartbeatToFile] ErrorCode:0 INFO: Done Sending the heartbeat.
[2026-02-20 21:13:12.000]  [WriteHeartbeatToFile] ErrorCode:0 INFO: Sending the heartbeat.
[2026-02-20 21:13:12.000]  [WriteStatusToFile] ErrorCode:0 INFO: Sending the status.
[2026-02-20 21:13:12.000]  [WriteStatusToFile] ErrorCode:0 INFO: Done Sending the status.
[2026-02-20 21:13:12.000]  [WriteHeartbeatToFile] ErrorCode:0 INFO: Done Sending the heartbeat.
[2026-02-20 21:13:13.000]  [FindProcessById] ErrorCode:0 INFO: Attempt to find the process MetricsExtension.Native.exe with ID: 2308.
[2026-02-20 21:13:13.000]  [FindProcessById] ErrorCode:0 INFO: Running Process MetricsExtension.Native.exe found. ID: 2308.
[2026-02-20 21:13:13.000]  [StartMetricsExtension] ErrorCode:0 ERROR: Metrics extension is already running
[2026-02-20 21:13:42.000]  [WriteStatusToFile] ErrorCode:0 INFO: Sending the status.
[2026-02-20 21:13:42.000]  [WriteHeartbeatToFile] ErrorCode:0 INFO: Sending the heartbeat.
[2026-02-20 21:13:42.000]  [WriteStatusToFile] ErrorCode:0 INFO: Done Sending the status.
[2026-02-20 21:13:42.000]  [WriteHeartbeatToFile] ErrorCode:0 INFO: Done Sending the heartbeat.
[2026-02-20 21:14:12.000]  [WriteStatusToFile] ErrorCode:0 INFO: Sending the status.
[2026-02-20 21:14:12.000]  [WriteHeartbeatToFile] ErrorCode:0 INFO: Sending the heartbeat.
[2026-02-20 21:14:12.000]  [WriteStatusToFile] ErrorCode:0 INFO: Done Sending the status.
[2026-02-20 21:14:12.000]  [WriteHeartbeatToFile] ErrorCode:0 INFO: Done Sending the heartbeat.
[2026-02-20 21:14:13.000]  [FindProcessById] ErrorCode:0 INFO: Attempt to find the process MetricsExtension.Native.exe with ID: 2308.
[2026-02-20 21:14:13.000]  [FindProcessById] ErrorCode:0 INFO: Running Process MetricsExtension.Native.exe found. ID: 2308.
[2026-02-20 21:14:13.000]  [StartMetricsExtension] ErrorCode:0 ERROR: Metrics extension is already running
[2026-02-20 21:14:42.000]  [WriteHeartbeatToFile] ErrorCode:0 INFO: Sending the heartbeat.
[2026-02-20 21:14:42.000]  [WriteStatusToFile] ErrorCode:0 INFO: Sending the status.
[2026-02-20 21:14:42.000]  [WriteStatusToFile] ErrorCode:0 INFO: Done Sending the status.
[2026-02-20 21:14:42.000]  [WriteHeartbeatToFile] ErrorCode:0 INFO: Done Sending the heartbeat.
[2026-02-20 21:15:12.000]  [WriteHeartbeatToFile] ErrorCode:0 INFO: Sending the heartbeat.
[2026-02-20 21:15:12.000]  [WriteStatusToFile] ErrorCode:0 INFO: Sending the status.
[2026-02-20 21:15:12.000]  [WriteStatusToFile] ErrorCode:0 INFO: Done Sending the status.
[2026-02-20 21:15:12.000]  [WriteHeartbeatToFile] ErrorCode:0 INFO: Done Sending the heartbeat.
[2026-02-20 21:15:13.000]  [FindProcessById] ErrorCode:0 INFO: Attempt to find the process MetricsExtension.Native.exe with ID: 2308.
[2026-02-20 21:15:13.000]  [FindProcessById] ErrorCode:0 INFO: Running Process MetricsExtension.Native.exe found. ID: 2308.
[2026-02-20 21:15:13.000]  [StartMetricsExtension] ErrorCode:0 ERROR: Metrics extension is already running
[2026-02-20 21:15:13.000]  [AggregateHeartbeat] ErrorCode:0 INFO: Start heartbeat aggregation.
[2026-02-20 21:15:13.000]  [QueryRegValueDWORD] ErrorCode:0 INFO: Query Registry for Key:SOFTWARE\Microsoft\Windows Azure\CurrentVersion\AzureMonitorAgentExtension\47.4.1.0, Name:MaServiceProcess
[2026-02-20 21:15:13.000]  [QueryRegValueDWORD] ErrorCode:0 INFO: Query Registry for Key:SOFTWARE\Microsoft\Windows Azure\CurrentVersion\AzureMonitorAgentExtension\47.4.1.0, Name:MaServiceProcess, Value:3012
[2026-02-20 21:15:13.000]  [FindProcessById] ErrorCode:0 INFO: Attempt to find the process MonAgentLauncher.exe with ID: 3012.
[2026-02-20 21:15:13.000]  [FindProcessById] ErrorCode:0 INFO: Running Process MonAgentLauncher.exe found. ID: 3012.
[2026-02-20 21:15:13.000]  [CheckIfMAServiceIsRunByExtension] ErrorCode:0 INFO: The MA process is running based on the m_registry
[2026-02-20 21:15:13.000]  [QueryRegValueDWORD] ErrorCode:0 INFO: Query Registry for Key:SOFTWARE\Microsoft\Windows Azure\CurrentVersion\AzureMonitorAgentExtension\47.4.1.0, Name:AMAMultitenantServiceProcess
[2026-02-20 21:15:13.000]  [QueryRegValueDWORD] ErrorCode:0 ERROR: RegQueryValueExA: failed to query REG_DWORD value, Key:SOFTWARE\Microsoft\Windows Azure\CurrentVersion\AzureMonitorAgentExtension\47.4.1.0, name=AMAMultitenantServiceProcess, error=2, type=0
[2026-02-20 21:15:13.000]  [CheckIfMAServiceIsRunByExtension] ErrorCode:1205 INFO: Unable to read the m_registry for MA process. Assume it is not running.
[2026-02-20 21:15:13.000]  [AggregateHeartbeat] ErrorCode:0 INFO: Configured MA Service is not running on the node.
[2026-02-20 21:15:13.000]  [SetImdsEnvironmentVariable] ErrorCode:0 INFO: Querying IMDS information
[2026-02-20 21:15:13.000]  [SetImdsEnvironmentVariable] ErrorCode:-1 INFO: Preparing to call IMDS. Endpoint: http://169.254.169.254
[2026-02-20 21:15:13.000]  [QueryIMDSEndpoint] ErrorCode:0 INFO: Queried IMDS successfully.
[2026-02-20 21:15:13.000]  [GetValueFromJsonOrDefault] ErrorCode:0 INFO: Read Imds response field with Name:location Value: westus2
[2026-02-20 21:15:13.000]  [GetValueFromJsonOrDefault] ErrorCode:0 INFO: Read Imds response field with Name:name Value: amawin
[2026-02-20 21:15:13.000]  [GetValueFromJsonOrDefault] ErrorCode:0 INFO: Read Imds response field with Name:subscriptionId Value: 351651ce-5feb-4e59-975d-f1f344e2b717
[2026-02-20 21:15:13.000]  [GetValueFromJsonOrDefault] ErrorCode:0 INFO: Read Imds response field with Name:vmId Value: 22afd636-aec1-4782-9055-f85ea283dc20
[2026-02-20 21:15:13.000]  [GetValueFromJsonOrDefault] ErrorCode:0 INFO: Read Imds response field with Name:vmScaleSetName Value: 
[2026-02-20 21:15:13.000]  [GetValueFromJsonOrDefault] ErrorCode:0 INFO: Read Imds response field with Name:resourceGroupName Value: amawin_group
[2026-02-20 21:15:13.000]  [GetValueFromJsonOrDefault] ErrorCode:0 INFO: Read Imds response field with Name:osType Value: Windows
[2026-02-20 21:15:13.000]  [GetValueFromJsonOrDefault] ErrorCode:0 INFO: Read Imds response field with Name:resourceId Value: /subscriptions/351651ce-5feb-4e59-975d-f1f344e2b717/resourceGroups/amawin_group/providers/Microsoft.Compute/virtualMachines/amawin
[2026-02-20 21:15:13.000]  [GetValueFromJsonOrDefault] ErrorCode:0 INFO: Read Imds response field with Name:azEnvironment Value: AzurePublicCloud
[2026-02-20 21:15:13.000]  [SetImdsEnvironmentVariable] ErrorCode:0 INFO: Successfully set Environment variables from Imds
[2026-02-20 21:15:13.000]  [AggregateHeartbeat] ErrorCode:0 INFO: Completed heartbeat aggregation.
[2026-02-20 21:15:42.000]  [WriteHeartbeatToFile] ErrorCode:0 INFO: Sending the heartbeat.
[2026-02-20 21:15:42.000]  [WriteStatusToFile] ErrorCode:0 INFO: Sending the status.
[2026-02-20 21:15:42.000]  [WriteHeartbeatToFile] ErrorCode:0 INFO: Done Sending the heartbeat.
[2026-02-20 21:15:42.000]  [WriteStatusToFile] ErrorCode:0 INFO: Done Sending the status.
[2026-02-20 21:16:12.000]  [WriteStatusToFile] ErrorCode:0 INFO: Sending the status.
[2026-02-20 21:16:12.000]  [WriteHeartbeatToFile] ErrorCode:0 INFO: Sending the heartbeat.
[2026-02-20 21:16:12.000]  [WriteStatusToFile] ErrorCode:0 INFO: Done Sending the status.
[2026-02-20 21:16:12.000]  [WriteHeartbeatToFile] ErrorCode:0 INFO: Done Sending the heartbeat.
[2026-02-20 21:16:13.000]  [FindProcessById] ErrorCode:0 INFO: Attempt to find the process MetricsExtension.Native.exe with ID: 2308.
[2026-02-20 21:16:13.000]  [FindProcessById] ErrorCode:0 INFO: Running Process MetricsExtension.Native.exe found. ID: 2308.
[2026-02-20 21:16:13.000]  [StartMetricsExtension] ErrorCode:0 ERROR: Metrics extension is already running
[2026-02-20 21:16:42.000]  [WriteStatusToFile] ErrorCode:0 INFO: Sending the status.
[2026-02-20 21:16:42.000]  [WriteHeartbeatToFile] ErrorCode:0 INFO: Sending the heartbeat.
[2026-02-20 21:16:42.000]  [WriteHeartbeatToFile] ErrorCode:0 INFO: Done Sending the heartbeat.
[2026-02-20 21:16:42.000]  [WriteStatusToFile] ErrorCode:0 INFO: Done Sending the status.
[2026-02-20 21:17:12.000]  [WriteStatusToFile] ErrorCode:0 INFO: Sending the status.
[2026-02-20 21:17:12.000]  [WriteHeartbeatToFile] ErrorCode:0 INFO: Sending the heartbeat.
[2026-02-20 21:17:12.000]  [WriteHeartbeatToFile] ErrorCode:0 INFO: Done Sending the heartbeat.
[2026-02-20 21:17:12.000]  [WriteStatusToFile] ErrorCode:0 INFO: Done Sending the status.
[2026-02-20 21:17:13.000]  [FindProcessById] ErrorCode:0 INFO: Attempt to find the process MetricsExtension.Native.exe with ID: 2308.
[2026-02-20 21:17:13.000]  [FindProcessById] ErrorCode:0 INFO: Running Process MetricsExtension.Native.exe found. ID: 2308.
[2026-02-20 21:17:13.000]  [StartMetricsExtension] ErrorCode:0 ERROR: Metrics extension is already running
[2026-02-20 21:17:42.000]  [WriteHeartbeatToFile] ErrorCode:0 INFO: Sending the heartbeat.
[2026-02-20 21:17:42.000]  [WriteStatusToFile] ErrorCode:0 INFO: Sending the status.
[2026-02-20 21:17:42.000]  [WriteHeartbeatToFile] ErrorCode:0 INFO: Done Sending the heartbeat.
[2026-02-20 21:17:42.000]  [WriteStatusToFile] ErrorCode:0 INFO: Done Sending the status.
[2026-02-20 21:18:12.000]  [WriteStatusToFile] ErrorCode:0 INFO: Sending the status.
[2026-02-20 21:18:12.000]  [WriteHeartbeatToFile] ErrorCode:0 INFO: Sending the heartbeat.
[2026-02-20 21:18:12.000]  [WriteStatusToFile] ErrorCode:0 INFO: Done Sending the status.
[2026-02-20 21:18:12.000]  [WriteHeartbeatToFile] ErrorCode:0 INFO: Done Sending the heartbeat.
[2026-02-20 21:18:13.000]  [FindProcessById] ErrorCode:0 INFO: Attempt to find the process MetricsExtension.Native.exe with ID: 2308.
[2026-02-20 21:18:13.000]  [FindProcessById] ErrorCode:0 INFO: Running Process MetricsExtension.Native.exe found. ID: 2308.
[2026-02-20 21:18:13.000]  [StartMetricsExtension] ErrorCode:0 ERROR: Metrics extension is already running
[2026-02-20 21:18:42.000]  [WriteStatusToFile] ErrorCode:0 INFO: Sending the status.
[2026-02-20 21:18:42.000]  [WriteHeartbeatToFile] ErrorCode:0 INFO: Sending the heartbeat.
[2026-02-20 21:18:42.000]  [WriteStatusToFile] ErrorCode:0 INFO: Done Sending the status.
[2026-02-20 21:18:42.000]  [WriteHeartbeatToFile] ErrorCode:0 INFO: Done Sending the heartbeat.
[2026-02-20 21:19:12.000]  [WriteHeartbeatToFile] ErrorCode:0 INFO: Sending the heartbeat.
[2026-02-20 21:19:12.000]  [WriteStatusToFile] ErrorCode:0 INFO: Sending the status.
[2026-02-20 21:19:12.000]  [WriteHeartbeatToFile] ErrorCode:0 INFO: Done Sending the heartbeat.
[2026-02-20 21:19:12.000]  [WriteStatusToFile] ErrorCode:0 INFO: Done Sending the status.
[2026-02-20 21:19:13.000]  [FindProcessById] ErrorCode:0 INFO: Attempt to find the process MetricsExtension.Native.exe with ID: 2308.
[2026-02-20 21:19:13.000]  [FindProcessById] ErrorCode:0 INFO: Running Process MetricsExtension.Native.exe found. ID: 2308.
[2026-02-20 21:19:13.000]  [StartMetricsExtension] ErrorCode:0 ERROR: Metrics extension is already running
[2026-02-20 21:19:42.000]  [WriteHeartbeatToFile] ErrorCode:0 INFO: Sending the heartbeat.
[2026-02-20 21:19:42.000]  [WriteStatusToFile] ErrorCode:0 INFO: Sending the status.
[2026-02-20 21:19:42.000]  [WriteHeartbeatToFile] ErrorCode:0 INFO: Done Sending the heartbeat.
[2026-02-20 21:19:42.000]  [WriteStatusToFile] ErrorCode:0 INFO: Done Sending the status.
[2026-02-20 21:20:13.000]  [WriteHeartbeatToFile] ErrorCode:0 INFO: Sending the heartbeat.
[2026-02-20 21:20:13.000]  [WriteStatusToFile] ErrorCode:0 INFO: Sending the status.
[2026-02-20 21:20:13.000]  [WriteStatusToFile] ErrorCode:0 INFO: Done Sending the status.
[2026-02-20 21:20:13.000]  [WriteHeartbeatToFile] ErrorCode:0 INFO: Done Sending the heartbeat.
[2026-02-20 21:20:13.000]  [FindProcessById] ErrorCode:0 INFO: Attempt to find the process MetricsExtension.Native.exe with ID: 2308.
[2026-02-20 21:20:13.000]  [FindProcessById] ErrorCode:0 INFO: Running Process MetricsExtension.Native.exe found. ID: 2308.
[2026-02-20 21:20:13.000]  [StartMetricsExtension] ErrorCode:0 ERROR: Metrics extension is already running
[2026-02-20 21:20:13.000]  [AggregateHeartbeat] ErrorCode:0 INFO: Start heartbeat aggregation.
[2026-02-20 21:20:13.000]  [QueryRegValueDWORD] ErrorCode:0 INFO: Query Registry for Key:SOFTWARE\Microsoft\Windows Azure\CurrentVersion\AzureMonitorAgentExtension\47.4.1.0, Name:MaServiceProcess
[2026-02-20 21:20:13.000]  [QueryRegValueDWORD] ErrorCode:0 INFO: Query Registry for Key:SOFTWARE\Microsoft\Windows Azure\CurrentVersion\AzureMonitorAgentExtension\47.4.1.0, Name:MaServiceProcess, Value:3012
[2026-02-20 21:20:13.000]  [FindProcessById] ErrorCode:0 INFO: Attempt to find the process MonAgentLauncher.exe with ID: 3012.
[2026-02-20 21:20:13.000]  [FindProcessById] ErrorCode:0 INFO: Running Process MonAgentLauncher.exe found. ID: 3012.
[2026-02-20 21:20:13.000]  [CheckIfMAServiceIsRunByExtension] ErrorCode:0 INFO: The MA process is running based on the m_registry
[2026-02-20 21:20:13.000]  [QueryRegValueDWORD] ErrorCode:0 INFO: Query Registry for Key:SOFTWARE\Microsoft\Windows Azure\CurrentVersion\AzureMonitorAgentExtension\47.4.1.0, Name:AMAMultitenantServiceProcess
[2026-02-20 21:20:13.000]  [QueryRegValueDWORD] ErrorCode:0 ERROR: RegQueryValueExA: failed to query REG_DWORD value, Key:SOFTWARE\Microsoft\Windows Azure\CurrentVersion\AzureMonitorAgentExtension\47.4.1.0, name=AMAMultitenantServiceProcess, error=2, type=0
[2026-02-20 21:20:13.000]  [CheckIfMAServiceIsRunByExtension] ErrorCode:1205 INFO: Unable to read the m_registry for MA process. Assume it is not running.
[2026-02-20 21:20:13.000]  [AggregateHeartbeat] ErrorCode:0 INFO: Configured MA Service is not running on the node.
[2026-02-20 21:20:13.000]  [SetImdsEnvironmentVariable] ErrorCode:0 INFO: Querying IMDS information
[2026-02-20 21:20:13.000]  [SetImdsEnvironmentVariable] ErrorCode:-1 INFO: Preparing to call IMDS. Endpoint: http://169.254.169.254
[2026-02-20 21:20:13.000]  [QueryIMDSEndpoint] ErrorCode:0 INFO: Queried IMDS successfully.
[2026-02-20 21:20:13.000]  [GetValueFromJsonOrDefault] ErrorCode:0 INFO: Read Imds response field with Name:location Value: westus2
[2026-02-20 21:20:13.000]  [GetValueFromJsonOrDefault] ErrorCode:0 INFO: Read Imds response field with Name:name Value: amawin
[2026-02-20 21:20:13.000]  [GetValueFromJsonOrDefault] ErrorCode:0 INFO: Read Imds response field with Name:subscriptionId Value: 351651ce-5feb-4e59-975d-f1f344e2b717
[2026-02-20 21:20:13.000]  [GetValueFromJsonOrDefault] ErrorCode:0 INFO: Read Imds response field with Name:vmId Value: 22afd636-aec1-4782-9055-f85ea283dc20
[2026-02-20 21:20:13.000]  [GetValueFromJsonOrDefault] ErrorCode:0 INFO: Read Imds response field with Name:vmScaleSetName Value: 
[2026-02-20 21:20:13.000]  [GetValueFromJsonOrDefault] ErrorCode:0 INFO: Read Imds response field with Name:resourceGroupName Value: amawin_group
[2026-02-20 21:20:13.000]  [GetValueFromJsonOrDefault] ErrorCode:0 INFO: Read Imds response field with Name:osType Value: Windows
[2026-02-20 21:20:13.000]  [GetValueFromJsonOrDefault] ErrorCode:0 INFO: Read Imds response field with Name:resourceId Value: /subscriptions/351651ce-5feb-4e59-975d-f1f344e2b717/resourceGroups/amawin_group/providers/Microsoft.Compute/virtualMachines/amawin
[2026-02-20 21:20:13.000]  [GetValueFromJsonOrDefault] ErrorCode:0 INFO: Read Imds response field with Name:azEnvironment Value: AzurePublicCloud
[2026-02-20 21:20:13.000]  [SetImdsEnvironmentVariable] ErrorCode:0 INFO: Successfully set Environment variables from Imds
[2026-02-20 21:20:13.000]  [AggregateHeartbeat] ErrorCode:0 INFO: Completed heartbeat aggregation.
[2026-02-20 21:20:43.000]  [WriteHeartbeatToFile] ErrorCode:0 INFO: Sending the heartbeat.
[2026-02-20 21:20:43.000]  [WriteStatusToFile] ErrorCode:0 INFO: Sending the status.
[2026-02-20 21:20:43.000]  [WriteStatusToFile] ErrorCode:0 INFO: Done Sending the status.
[2026-02-20 21:20:43.000]  [WriteHeartbeatToFile] ErrorCode:0 INFO: Done Sending the heartbeat.
[2026-02-20 21:21:13.000]  [WriteHeartbeatToFile] ErrorCode:0 INFO: Sending the heartbeat.
[2026-02-20 21:21:13.000]  [WriteStatusToFile] ErrorCode:0 INFO: Sending the status.
[2026-02-20 21:21:13.000]  [WriteStatusToFile] ErrorCode:0 INFO: Done Sending the status.
[2026-02-20 21:21:13.000]  [WriteHeartbeatToFile] ErrorCode:0 INFO: Done Sending the heartbeat.
[2026-02-20 21:21:13.000]  [FindProcessById] ErrorCode:0 INFO: Attempt to find the process MetricsExtension.Native.exe with ID: 2308.
[2026-02-20 21:21:13.000]  [FindProcessById] ErrorCode:0 INFO: Running Process MetricsExtension.Native.exe found. ID: 2308.
[2026-02-20 21:21:13.000]  [StartMetricsExtension] ErrorCode:0 ERROR: Metrics extension is already running
[2026-02-20 21:21:43.000]  [WriteHeartbeatToFile] ErrorCode:0 INFO: Sending the heartbeat.
[2026-02-20 21:21:43.000]  [WriteStatusToFile] ErrorCode:0 INFO: Sending the status.
[2026-02-20 21:21:43.000]  [WriteHeartbeatToFile] ErrorCode:0 INFO: Done Sending the heartbeat.
[2026-02-20 21:21:43.000]  [WriteStatusToFile] ErrorCode:0 INFO: Done Sending the status.
[2026-02-20 21:22:13.000]  [WriteHeartbeatToFile] ErrorCode:0 INFO: Sending the heartbeat.
[2026-02-20 21:22:13.000]  [WriteStatusToFile] ErrorCode:0 INFO: Sending the status.
[2026-02-20 21:22:13.000]  [WriteStatusToFile] ErrorCode:0 INFO: Done Sending the status.
[2026-02-20 21:22:13.000]  [WriteHeartbeatToFile] ErrorCode:0 INFO: Done Sending the heartbeat.
[2026-02-20 21:22:13.000]  [FindProcessById] ErrorCode:0 INFO: Attempt to find the process MetricsExtension.Native.exe with ID: 2308.
[2026-02-20 21:22:13.000]  [FindProcessById] ErrorCode:0 INFO: Running Process MetricsExtension.Native.exe found. ID: 2308.
[2026-02-20 21:22:13.000]  [StartMetricsExtension] ErrorCode:0 ERROR: Metrics extension is already running
[2026-02-20 21:22:43.000]  [WriteStatusToFile] ErrorCode:0 INFO: Sending the status.
[2026-02-20 21:22:43.000]  [WriteHeartbeatToFile] ErrorCode:0 INFO: Sending the heartbeat.
[2026-02-20 21:22:43.000]  [WriteStatusToFile] ErrorCode:0 INFO: Done Sending the status.
[2026-02-20 21:22:43.000]  [WriteHeartbeatToFile] ErrorCode:0 INFO: Done Sending the heartbeat.
[2026-02-20 21:23:13.000]  [WriteHeartbeatToFile] ErrorCode:0 INFO: Sending the heartbeat.
[2026-02-20 21:23:13.000]  [WriteStatusToFile] ErrorCode:0 INFO: Sending the status.
[2026-02-20 21:23:13.000]  [WriteHeartbeatToFile] ErrorCode:0 INFO: Done Sending the heartbeat.
[2026-02-20 21:23:13.000]  [WriteStatusToFile] ErrorCode:0 INFO: Done Sending the status.
[2026-02-20 21:23:13.000]  [FindProcessById] ErrorCode:0 INFO: Attempt to find the process MetricsExtension.Native.exe with ID: 2308.
[2026-02-20 21:23:13.000]  [FindProcessById] ErrorCode:0 INFO: Running Process MetricsExtension.Native.exe found. ID: 2308.
[2026-02-20 21:23:13.000]  [StartMetricsExtension] ErrorCode:0 ERROR: Metrics extension is already running
[2026-02-20 21:23:43.000]  [WriteStatusToFile] ErrorCode:0 INFO: Sending the status.
[2026-02-20 21:23:43.000]  [WriteHeartbeatToFile] ErrorCode:0 INFO: Sending the heartbeat.
[2026-02-20 21:23:43.000]  [WriteStatusToFile] ErrorCode:0 INFO: Done Sending the status.
[2026-02-20 21:23:43.000]  [WriteHeartbeatToFile] ErrorCode:0 INFO: Done Sending the heartbeat.
[2026-02-20 21:24:13.000]  [WriteStatusToFile] ErrorCode:0 INFO: Sending the status.
[2026-02-20 21:24:13.000]  [WriteHeartbeatToFile] ErrorCode:0 INFO: Sending the heartbeat.
[2026-02-20 21:24:13.000]  [WriteStatusToFile] ErrorCode:0 INFO: Done Sending the status.
[2026-02-20 21:24:13.000]  [WriteHeartbeatToFile] ErrorCode:0 INFO: Done Sending the heartbeat.
[2026-02-20 21:24:13.000]  [FindProcessById] ErrorCode:0 INFO: Attempt to find the process MetricsExtension.Native.exe with ID: 2308.
[2026-02-20 21:24:13.000]  [FindProcessById] ErrorCode:0 INFO: Running Process MetricsExtension.Native.exe found. ID: 2308.
[2026-02-20 21:24:13.000]  [StartMetricsExtension] ErrorCode:0 ERROR: Metrics extension is already running
[2026-02-20 21:24:43.000]  [WriteStatusToFile] ErrorCode:0 INFO: Sending the status.
[2026-02-20 21:24:43.000]  [WriteHeartbeatToFile] ErrorCode:0 INFO: Sending the heartbeat.
[2026-02-20 21:24:43.000]  [WriteHeartbeatToFile] ErrorCode:0 INFO: Done Sending the heartbeat.
[2026-02-20 21:24:43.000]  [WriteStatusToFile] ErrorCode:0 INFO: Done Sending the status.
[2026-02-20 21:25:13.000]  [WriteHeartbeatToFile] ErrorCode:0 INFO: Sending the heartbeat.
[2026-02-20 21:25:13.000]  [WriteStatusToFile] ErrorCode:0 INFO: Sending the status.
[2026-02-20 21:25:13.000]  [WriteHeartbeatToFile] ErrorCode:0 INFO: Done Sending the heartbeat.
[2026-02-20 21:25:13.000]  [WriteStatusToFile] ErrorCode:0 INFO: Done Sending the status.
[2026-02-20 21:25:13.000]  [FindProcessById] ErrorCode:0 INFO: Attempt to find the process MetricsExtension.Native.exe with ID: 2308.
[2026-02-20 21:25:13.000]  [FindProcessById] ErrorCode:0 INFO: Running Process MetricsExtension.Native.exe found. ID: 2308.
[2026-02-20 21:25:13.000]  [StartMetricsExtension] ErrorCode:0 ERROR: Metrics extension is already running
[2026-02-20 21:25:13.000]  [AggregateHeartbeat] ErrorCode:0 INFO: Start heartbeat aggregation.
[2026-02-20 21:25:13.000]  [QueryRegValueDWORD] ErrorCode:0 INFO: Query Registry for Key:SOFTWARE\Microsoft\Windows Azure\CurrentVersion\AzureMonitorAgentExtension\47.4.1.0, Name:MaServiceProcess
[2026-02-20 21:25:13.000]  [QueryRegValueDWORD] ErrorCode:0 INFO: Query Registry for Key:SOFTWARE\Microsoft\Windows Azure\CurrentVersion\AzureMonitorAgentExtension\47.4.1.0, Name:MaServiceProcess, Value:3012
[2026-02-20 21:25:13.000]  [FindProcessById] ErrorCode:0 INFO: Attempt to find the process MonAgentLauncher.exe with ID: 3012.
[2026-02-20 21:25:13.000]  [FindProcessById] ErrorCode:0 INFO: Running Process MonAgentLauncher.exe found. ID: 3012.
[2026-02-20 21:25:13.000]  [CheckIfMAServiceIsRunByExtension] ErrorCode:0 INFO: The MA process is running based on the m_registry
[2026-02-20 21:25:13.000]  [QueryRegValueDWORD] ErrorCode:0 INFO: Query Registry for Key:SOFTWARE\Microsoft\Windows Azure\CurrentVersion\AzureMonitorAgentExtension\47.4.1.0, Name:AMAMultitenantServiceProcess
[2026-02-20 21:25:13.000]  [QueryRegValueDWORD] ErrorCode:0 ERROR: RegQueryValueExA: failed to query REG_DWORD value, Key:SOFTWARE\Microsoft\Windows Azure\CurrentVersion\AzureMonitorAgentExtension\47.4.1.0, name=AMAMultitenantServiceProcess, error=2, type=0
[2026-02-20 21:25:13.000]  [CheckIfMAServiceIsRunByExtension] ErrorCode:1205 INFO: Unable to read the m_registry for MA process. Assume it is not running.
[2026-02-20 21:25:13.000]  [AggregateHeartbeat] ErrorCode:0 INFO: Configured MA Service is not running on the node.
[2026-02-20 21:25:13.000]  [SetImdsEnvironmentVariable] ErrorCode:0 INFO: Querying IMDS information
[2026-02-20 21:25:13.000]  [SetImdsEnvironmentVariable] ErrorCode:-1 INFO: Preparing to call IMDS. Endpoint: http://169.254.169.254
[2026-02-20 21:25:13.000]  [QueryIMDSEndpoint] ErrorCode:0 INFO: Queried IMDS successfully.
[2026-02-20 21:25:13.000]  [GetValueFromJsonOrDefault] ErrorCode:0 INFO: Read Imds response field with Name:location Value: westus2
[2026-02-20 21:25:13.000]  [GetValueFromJsonOrDefault] ErrorCode:0 INFO: Read Imds response field with Name:name Value: amawin
[2026-02-20 21:25:13.000]  [GetValueFromJsonOrDefault] ErrorCode:0 INFO: Read Imds response field with Name:subscriptionId Value: 351651ce-5feb-4e59-975d-f1f344e2b717
[2026-02-20 21:25:13.000]  [GetValueFromJsonOrDefault] ErrorCode:0 INFO: Read Imds response field with Name:vmId Value: 22afd636-aec1-4782-9055-f85ea283dc20
[2026-02-20 21:25:13.000]  [GetValueFromJsonOrDefault] ErrorCode:0 INFO: Read Imds response field with Name:vmScaleSetName Value: 
[2026-02-20 21:25:13.000]  [GetValueFromJsonOrDefault] ErrorCode:0 INFO: Read Imds response field with Name:resourceGroupName Value: amawin_group
[2026-02-20 21:25:13.000]  [GetValueFromJsonOrDefault] ErrorCode:0 INFO: Read Imds response field with Name:osType Value: Windows
[2026-02-20 21:25:13.000]  [GetValueFromJsonOrDefault] ErrorCode:0 INFO: Read Imds response field with Name:resourceId Value: /subscriptions/351651ce-5feb-4e59-975d-f1f344e2b717/resourceGroups/amawin_group/providers/Microsoft.Compute/virtualMachines/amawin
[2026-02-20 21:25:13.000]  [GetValueFromJsonOrDefault] ErrorCode:0 INFO: Read Imds response field with Name:azEnvironment Value: AzurePublicCloud
[2026-02-20 21:25:13.000]  [SetImdsEnvironmentVariable] ErrorCode:0 INFO: Successfully set Environment variables from Imds
[2026-02-20 21:25:13.000]  [AggregateHeartbeat] ErrorCode:0 INFO: Completed heartbeat aggregation.
[2026-02-20 21:25:43.000]  [WriteStatusToFile] ErrorCode:0 INFO: Sending the status.
[2026-02-20 21:25:43.000]  [WriteHeartbeatToFile] ErrorCode:0 INFO: Sending the heartbeat.
[2026-02-20 21:25:43.000]  [WriteStatusToFile] ErrorCode:0 INFO: Done Sending the status.
[2026-02-20 21:25:43.000]  [WriteHeartbeatToFile] ErrorCode:0 INFO: Done Sending the heartbeat.
[2026-02-20 21:26:13.000]  [WriteStatusToFile] ErrorCode:0 INFO: Sending the status.
[2026-02-20 21:26:13.000]  [WriteHeartbeatToFile] ErrorCode:0 INFO: Sending the heartbeat.
[2026-02-20 21:26:13.000]  [WriteHeartbeatToFile] ErrorCode:0 INFO: Done Sending the heartbeat.
[2026-02-20 21:26:13.000]  [WriteStatusToFile] ErrorCode:0 INFO: Done Sending the status.
[2026-02-20 21:26:13.000]  [FindProcessById] ErrorCode:0 INFO: Attempt to find the process MetricsExtension.Native.exe with ID: 2308.
[2026-02-20 21:26:13.000]  [FindProcessById] ErrorCode:0 INFO: Running Process MetricsExtension.Native.exe found. ID: 2308.
[2026-02-20 21:26:13.000]  [StartMetricsExtension] ErrorCode:0 ERROR: Metrics extension is already running
[2026-02-20 21:26:43.000]  [WriteStatusToFile] ErrorCode:0 INFO: Sending the status.
[2026-02-20 21:26:43.000]  [WriteHeartbeatToFile] ErrorCode:0 INFO: Sending the heartbeat.
[2026-02-20 21:26:43.000]  [WriteHeartbeatToFile] ErrorCode:0 INFO: Done Sending the heartbeat.
[2026-02-20 21:26:43.000]  [WriteStatusToFile] ErrorCode:0 INFO: Done Sending the status.
[2026-02-20 21:27:13.000]  [WriteStatusToFile] ErrorCode:0 INFO: Sending the status.
[2026-02-20 21:27:13.000]  [WriteHeartbeatToFile] ErrorCode:0 INFO: Sending the heartbeat.
[2026-02-20 21:27:13.000]  [WriteStatusToFile] ErrorCode:0 INFO: Done Sending the status.
[2026-02-20 21:27:13.000]  [WriteHeartbeatToFile] ErrorCode:0 INFO: Done Sending the heartbeat.
[2026-02-20 21:27:13.000]  [FindProcessById] ErrorCode:0 INFO: Attempt to find the process MetricsExtension.Native.exe with ID: 2308.
[2026-02-20 21:27:13.000]  [FindProcessById] ErrorCode:0 INFO: Running Process MetricsExtension.Native.exe found. ID: 2308.
[2026-02-20 21:27:13.000]  [StartMetricsExtension] ErrorCode:0 ERROR: Metrics extension is already running
[2026-02-20 21:27:43.000]  [WriteHeartbeatToFile] ErrorCode:0 INFO: Sending the heartbeat.
[2026-02-20 21:27:43.000]  [WriteStatusToFile] ErrorCode:0 INFO: Sending the status.
[2026-02-20 21:27:43.000]  [WriteHeartbeatToFile] ErrorCode:0 INFO: Done Sending the heartbeat.
[2026-02-20 21:27:43.000]  [WriteStatusToFile] ErrorCode:0 INFO: Done Sending the status.
[2026-02-20 21:28:13.000]  [WriteStatusToFile] ErrorCode:0 INFO: Sending the status.
[2026-02-20 21:28:13.000]  [WriteHeartbeatToFile] ErrorCode:0 INFO: Sending the heartbeat.
[2026-02-20 21:28:13.000]  [WriteStatusToFile] ErrorCode:0 INFO: Done Sending the status.
[2026-02-20 21:28:13.000]  [WriteHeartbeatToFile] ErrorCode:0 INFO: Done Sending the heartbeat.
[2026-02-20 21:28:13.000]  [FindProcessById] ErrorCode:0 INFO: Attempt to find the process MetricsExtension.Native.exe with ID: 2308.
[2026-02-20 21:28:13.000]  [FindProcessById] ErrorCode:0 INFO: Running Process MetricsExtension.Native.exe found. ID: 2308.
[2026-02-20 21:28:13.000]  [StartMetricsExtension] ErrorCode:0 ERROR: Metrics extension is already running
[2026-02-20 21:28:43.000]  [WriteHeartbeatToFile] ErrorCode:0 INFO: Sending the heartbeat.
[2026-02-20 21:28:43.000]  [WriteStatusToFile] ErrorCode:0 INFO: Sending the status.
[2026-02-20 21:28:43.000]  [WriteHeartbeatToFile] ErrorCode:0 INFO: Done Sending the heartbeat.
[2026-02-20 21:28:43.000]  [WriteStatusToFile] ErrorCode:0 INFO: Done Sending the status.
[2026-02-20 21:29:13.000]  [WriteStatusToFile] ErrorCode:0 INFO: Sending the status.
[2026-02-20 21:29:13.000]  [WriteHeartbeatToFile] ErrorCode:0 INFO: Sending the heartbeat.
[2026-02-20 21:29:13.000]  [WriteHeartbeatToFile] ErrorCode:0 INFO: Done Sending the heartbeat.
[2026-02-20 21:29:13.000]  [WriteStatusToFile] ErrorCode:0 INFO: Done Sending the status.
[2026-02-20 21:29:13.000]  [FindProcessById] ErrorCode:0 INFO: Attempt to find the process MetricsExtension.Native.exe with ID: 2308.
[2026-02-20 21:29:13.000]  [FindProcessById] ErrorCode:0 INFO: Running Process MetricsExtension.Native.exe found. ID: 2308.
[2026-02-20 21:29:13.000]  [StartMetricsExtension] ErrorCode:0 ERROR: Metrics extension is already running
[2026-02-20 21:29:43.000]  [WriteHeartbeatToFile] ErrorCode:0 INFO: Sending the heartbeat.
[2026-02-20 21:29:43.000]  [WriteStatusToFile] ErrorCode:0 INFO: Sending the status.
[2026-02-20 21:29:43.000]  [WriteHeartbeatToFile] ErrorCode:0 INFO: Done Sending the heartbeat.
[2026-02-20 21:29:43.000]  [WriteStatusToFile] ErrorCode:0 INFO: Done Sending the status.
[2026-02-20 21:30:13.000]  [WriteHeartbeatToFile] ErrorCode:0 INFO: Sending the heartbeat.
[2026-02-20 21:30:13.000]  [WriteStatusToFile] ErrorCode:0 INFO: Sending the status.
[2026-02-20 21:30:13.000]  [WriteStatusToFile] ErrorCode:0 INFO: Done Sending the status.
[2026-02-20 21:30:13.000]  [WriteHeartbeatToFile] ErrorCode:0 INFO: Done Sending the heartbeat.
[2026-02-20 21:30:13.000]  [FindProcessById] ErrorCode:0 INFO: Attempt to find the process MetricsExtension.Native.exe with ID: 2308.
[2026-02-20 21:30:13.000]  [FindProcessById] ErrorCode:0 INFO: Running Process MetricsExtension.Native.exe found. ID: 2308.
[2026-02-20 21:30:13.000]  [StartMetricsExtension] ErrorCode:0 ERROR: Metrics extension is already running
[2026-02-20 21:30:13.000]  [AggregateHeartbeat] ErrorCode:0 INFO: Start heartbeat aggregation.
[2026-02-20 21:30:13.000]  [QueryRegValueDWORD] ErrorCode:0 INFO: Query Registry for Key:SOFTWARE\Microsoft\Windows Azure\CurrentVersion\AzureMonitorAgentExtension\47.4.1.0, Name:MaServiceProcess
[2026-02-20 21:30:13.000]  [QueryRegValueDWORD] ErrorCode:0 INFO: Query Registry for Key:SOFTWARE\Microsoft\Windows Azure\CurrentVersion\AzureMonitorAgentExtension\47.4.1.0, Name:MaServiceProcess, Value:3012
[2026-02-20 21:30:13.000]  [FindProcessById] ErrorCode:0 INFO: Attempt to find the process MonAgentLauncher.exe with ID: 3012.
[2026-02-20 21:30:13.000]  [FindProcessById] ErrorCode:0 INFO: Running Process MonAgentLauncher.exe found. ID: 3012.
[2026-02-20 21:30:13.000]  [CheckIfMAServiceIsRunByExtension] ErrorCode:0 INFO: The MA process is running based on the m_registry
[2026-02-20 21:30:13.000]  [QueryRegValueDWORD] ErrorCode:0 INFO: Query Registry for Key:SOFTWARE\Microsoft\Windows Azure\CurrentVersion\AzureMonitorAgentExtension\47.4.1.0, Name:AMAMultitenantServiceProcess
[2026-02-20 21:30:13.000]  [QueryRegValueDWORD] ErrorCode:0 ERROR: RegQueryValueExA: failed to query REG_DWORD value, Key:SOFTWARE\Microsoft\Windows Azure\CurrentVersion\AzureMonitorAgentExtension\47.4.1.0, name=AMAMultitenantServiceProcess, error=2, type=0
[2026-02-20 21:30:13.000]  [CheckIfMAServiceIsRunByExtension] ErrorCode:1205 INFO: Unable to read the m_registry for MA process. Assume it is not running.
[2026-02-20 21:30:13.000]  [AggregateHeartbeat] ErrorCode:0 INFO: Configured MA Service is not running on the node.
[2026-02-20 21:30:13.000]  [SetImdsEnvironmentVariable] ErrorCode:0 INFO: Querying IMDS information
[2026-02-20 21:30:13.000]  [SetImdsEnvironmentVariable] ErrorCode:-1 INFO: Preparing to call IMDS. Endpoint: http://169.254.169.254
[2026-02-20 21:30:13.000]  [QueryIMDSEndpoint] ErrorCode:0 INFO: Queried IMDS successfully.
[2026-02-20 21:30:13.000]  [GetValueFromJsonOrDefault] ErrorCode:0 INFO: Read Imds response field with Name:location Value: westus2
[2026-02-20 21:30:13.000]  [GetValueFromJsonOrDefault] ErrorCode:0 INFO: Read Imds response field with Name:name Value: amawin
[2026-02-20 21:30:13.000]  [GetValueFromJsonOrDefault] ErrorCode:0 INFO: Read Imds response field with Name:subscriptionId Value: 351651ce-5feb-4e59-975d-f1f344e2b717
[2026-02-20 21:30:13.000]  [GetValueFromJsonOrDefault] ErrorCode:0 INFO: Read Imds response field with Name:vmId Value: 22afd636-aec1-4782-9055-f85ea283dc20
[2026-02-20 21:30:13.000]  [GetValueFromJsonOrDefault] ErrorCode:0 INFO: Read Imds response field with Name:vmScaleSetName Value: 
[2026-02-20 21:30:13.000]  [GetValueFromJsonOrDefault] ErrorCode:0 INFO: Read Imds response field with Name:resourceGroupName Value: AMAWin_group
[2026-02-20 21:30:13.000]  [GetValueFromJsonOrDefault] ErrorCode:0 INFO: Read Imds response field with Name:osType Value: Windows
[2026-02-20 21:30:13.000]  [GetValueFromJsonOrDefault] ErrorCode:0 INFO: Read Imds response field with Name:resourceId Value: /subscriptions/351651ce-5feb-4e59-975d-f1f344e2b717/resourceGroups/AMAWin_group/providers/Microsoft.Compute/virtualMachines/amawin
[2026-02-20 21:30:13.000]  [GetValueFromJsonOrDefault] ErrorCode:0 INFO: Read Imds response field with Name:azEnvironment Value: AzurePublicCloud
[2026-02-20 21:30:13.000]  [SetImdsEnvironmentVariable] ErrorCode:0 INFO: Successfully set Environment variables from Imds
[2026-02-20 21:30:13.000]  [AggregateHeartbeat] ErrorCode:0 INFO: Completed heartbeat aggregation.
[2026-02-20 21:30:43.000]  [WriteStatusToFile] ErrorCode:0 INFO: Sending the status.
[2026-02-20 21:30:43.000]  [WriteHeartbeatToFile] ErrorCode:0 INFO: Sending the heartbeat.
[2026-02-20 21:30:43.000]  [WriteStatusToFile] ErrorCode:0 INFO: Done Sending the status.
[2026-02-20 21:30:43.000]  [WriteHeartbeatToFile] ErrorCode:0 INFO: Done Sending the heartbeat.
[2026-02-20 21:31:13.000]  [WriteStatusToFile] ErrorCode:0 INFO: Sending the status.
[2026-02-20 21:31:13.000]  [WriteHeartbeatToFile] ErrorCode:0 INFO: Sending the heartbeat.
[2026-02-20 21:31:13.000]  [WriteHeartbeatToFile] ErrorCode:0 INFO: Done Sending the heartbeat.
[2026-02-20 21:31:13.000]  [WriteStatusToFile] ErrorCode:0 INFO: Done Sending the status.
[2026-02-20 21:31:13.000]  [FindProcessById] ErrorCode:0 INFO: Attempt to find the process MetricsExtension.Native.exe with ID: 2308.
[2026-02-20 21:31:13.000]  [FindProcessById] ErrorCode:0 INFO: Running Process MetricsExtension.Native.exe found. ID: 2308.
[2026-02-20 21:31:13.000]  [StartMetricsExtension] ErrorCode:0 ERROR: Metrics extension is already running
[2026-02-20 21:31:43.000]  [WriteHeartbeatToFile] ErrorCode:0 INFO: Sending the heartbeat.
[2026-02-20 21:31:43.000]  [WriteStatusToFile] ErrorCode:0 INFO: Sending the status.
[2026-02-20 21:31:43.000]  [WriteStatusToFile] ErrorCode:0 INFO: Done Sending the status.
[2026-02-20 21:31:43.000]  [WriteHeartbeatToFile] ErrorCode:0 INFO: Done Sending the heartbeat.
[2026-02-20 21:32:13.000]  [WriteStatusToFile] ErrorCode:0 INFO: Sending the status.
[2026-02-20 21:32:13.000]  [WriteHeartbeatToFile] ErrorCode:0 INFO: Sending the heartbeat.
[2026-02-20 21:32:13.000]  [WriteHeartbeatToFile] ErrorCode:0 INFO: Done Sending the heartbeat.
[2026-02-20 21:32:13.000]  [WriteStatusToFile] ErrorCode:0 INFO: Done Sending the status.
[2026-02-20 21:32:13.000]  [FindProcessById] ErrorCode:0 INFO: Attempt to find the process MetricsExtension.Native.exe with ID: 2308.
[2026-02-20 21:32:13.000]  [FindProcessById] ErrorCode:0 INFO: Running Process MetricsExtension.Native.exe found. ID: 2308.
[2026-02-20 21:32:13.000]  [StartMetricsExtension] ErrorCode:0 ERROR: Metrics extension is already running
[2026-02-20 21:32:43.000]  [WriteStatusToFile] ErrorCode:0 INFO: Sending the status.
[2026-02-20 21:32:43.000]  [WriteHeartbeatToFile] ErrorCode:0 INFO: Sending the heartbeat.
[2026-02-20 21:32:43.000]  [WriteStatusToFile] ErrorCode:0 INFO: Done Sending the status.
[2026-02-20 21:32:43.000]  [WriteHeartbeatToFile] ErrorCode:0 INFO: Done Sending the heartbeat.
[2026-02-20 21:33:13.000]  [WriteStatusToFile] ErrorCode:0 INFO: Sending the status.
[2026-02-20 21:33:13.000]  [WriteHeartbeatToFile] ErrorCode:0 INFO: Sending the heartbeat.
[2026-02-20 21:33:13.000]  [WriteStatusToFile] ErrorCode:0 INFO: Done Sending the status.
[2026-02-20 21:33:13.000]  [WriteHeartbeatToFile] ErrorCode:0 INFO: Done Sending the heartbeat.
[2026-02-20 21:33:13.000]  [FindProcessById] ErrorCode:0 INFO: Attempt to find the process MetricsExtension.Native.exe with ID: 2308.
[2026-02-20 21:33:13.000]  [FindProcessById] ErrorCode:0 INFO: Running Process MetricsExtension.Native.exe found. ID: 2308.
[2026-02-20 21:33:13.000]  [StartMetricsExtension] ErrorCode:0 ERROR: Metrics extension is already running
[2026-02-20 21:33:43.000]  [WriteStatusToFile] ErrorCode:0 INFO: Sending the status.
[2026-02-20 21:33:43.000]  [WriteHeartbeatToFile] ErrorCode:0 INFO: Sending the heartbeat.
[2026-02-20 21:33:43.000]  [WriteHeartbeatToFile] ErrorCode:0 INFO: Done Sending the heartbeat.
[2026-02-20 21:33:43.000]  [WriteStatusToFile] ErrorCode:0 INFO: Done Sending the status.
[2026-02-20 21:34:13.000]  [WriteHeartbeatToFile] ErrorCode:0 INFO: Sending the heartbeat.
[2026-02-20 21:34:13.000]  [WriteStatusToFile] ErrorCode:0 INFO: Sending the status.
[2026-02-20 21:34:13.000]  [WriteHeartbeatToFile] ErrorCode:0 INFO: Done Sending the heartbeat.
[2026-02-20 21:34:13.000]  [WriteStatusToFile] ErrorCode:0 INFO: Done Sending the status.
[2026-02-20 21:34:13.000]  [FindProcessById] ErrorCode:0 INFO: Attempt to find the process MetricsExtension.Native.exe with ID: 2308.
[2026-02-20 21:34:13.000]  [FindProcessById] ErrorCode:0 INFO: Running Process MetricsExtension.Native.exe found. ID: 2308.
[2026-02-20 21:34:13.000]  [StartMetricsExtension] ErrorCode:0 ERROR: Metrics extension is already running
[2026-02-20 21:34:43.000]  [WriteHeartbeatToFile] ErrorCode:0 INFO: Sending the heartbeat.
[2026-02-20 21:34:43.000]  [WriteStatusToFile] ErrorCode:0 INFO: Sending the status.
[2026-02-20 21:34:43.000]  [WriteHeartbeatToFile] ErrorCode:0 INFO: Done Sending the heartbeat.
[2026-02-20 21:34:43.000]  [WriteStatusToFile] ErrorCode:0 INFO: Done Sending the status.
[2026-02-20 21:35:13.000]  [WriteHeartbeatToFile] ErrorCode:0 INFO: Sending the heartbeat.
[2026-02-20 21:35:13.000]  [WriteStatusToFile] ErrorCode:0 INFO: Sending the status.
[2026-02-20 21:35:13.000]  [WriteStatusToFile] ErrorCode:0 INFO: Done Sending the status.
[2026-02-20 21:35:13.000]  [WriteHeartbeatToFile] ErrorCode:0 INFO: Done Sending the heartbeat.
[2026-02-20 21:35:13.000]  [FindProcessById] ErrorCode:0 INFO: Attempt to find the process MetricsExtension.Native.exe with ID: 2308.
[2026-02-20 21:35:13.000]  [FindProcessById] ErrorCode:0 INFO: Running Process MetricsExtension.Native.exe found. ID: 2308.
[2026-02-20 21:35:13.000]  [StartMetricsExtension] ErrorCode:0 ERROR: Metrics extension is already running
[2026-02-20 21:35:13.000]  [AggregateHeartbeat] ErrorCode:0 INFO: Start heartbeat aggregation.
[2026-02-20 21:35:13.000]  [QueryRegValueDWORD] ErrorCode:0 INFO: Query Registry for Key:SOFTWARE\Microsoft\Windows Azure\CurrentVersion\AzureMonitorAgentExtension\47.4.1.0, Name:MaServiceProcess
[2026-02-20 21:35:13.000]  [QueryRegValueDWORD] ErrorCode:0 INFO: Query Registry for Key:SOFTWARE\Microsoft\Windows Azure\CurrentVersion\AzureMonitorAgentExtension\47.4.1.0, Name:MaServiceProcess, Value:3012
[2026-02-20 21:35:13.000]  [FindProcessById] ErrorCode:0 INFO: Attempt to find the process MonAgentLauncher.exe with ID: 3012.
[2026-02-20 21:35:13.000]  [FindProcessById] ErrorCode:0 INFO: Running Process MonAgentLauncher.exe found. ID: 3012.
[2026-02-20 21:35:13.000]  [CheckIfMAServiceIsRunByExtension] ErrorCode:0 INFO: The MA process is running based on the m_registry
[2026-02-20 21:35:13.000]  [QueryRegValueDWORD] ErrorCode:0 INFO: Query Registry for Key:SOFTWARE\Microsoft\Windows Azure\CurrentVersion\AzureMonitorAgentExtension\47.4.1.0, Name:AMAMultitenantServiceProcess
[2026-02-20 21:35:13.000]  [QueryRegValueDWORD] ErrorCode:0 ERROR: RegQueryValueExA: failed to query REG_DWORD value, Key:SOFTWARE\Microsoft\Windows Azure\CurrentVersion\AzureMonitorAgentExtension\47.4.1.0, name=AMAMultitenantServiceProcess, error=2, type=0
[2026-02-20 21:35:13.000]  [CheckIfMAServiceIsRunByExtension] ErrorCode:1205 INFO: Unable to read the m_registry for MA process. Assume it is not running.
[2026-02-20 21:35:13.000]  [AggregateHeartbeat] ErrorCode:0 INFO: Configured MA Service is not running on the node.
[2026-02-20 21:35:13.000]  [SetImdsEnvironmentVariable] ErrorCode:0 INFO: Querying IMDS information
[2026-02-20 21:35:13.000]  [SetImdsEnvironmentVariable] ErrorCode:-1 INFO: Preparing to call IMDS. Endpoint: http://169.254.169.254
[2026-02-20 21:35:13.000]  [QueryIMDSEndpoint] ErrorCode:0 INFO: Queried IMDS successfully.
[2026-02-20 21:35:13.000]  [GetValueFromJsonOrDefault] ErrorCode:0 INFO: Read Imds response field with Name:location Value: westus2
[2026-02-20 21:35:13.000]  [GetValueFromJsonOrDefault] ErrorCode:0 INFO: Read Imds response field with Name:name Value: amawin
[2026-02-20 21:35:13.000]  [GetValueFromJsonOrDefault] ErrorCode:0 INFO: Read Imds response field with Name:subscriptionId Value: 351651ce-5feb-4e59-975d-f1f344e2b717
[2026-02-20 21:35:13.000]  [GetValueFromJsonOrDefault] ErrorCode:0 INFO: Read Imds response field with Name:vmId Value: 22afd636-aec1-4782-9055-f85ea283dc20
[2026-02-20 21:35:13.000]  [GetValueFromJsonOrDefault] ErrorCode:0 INFO: Read Imds response field with Name:vmScaleSetName Value: 
[2026-02-20 21:35:13.000]  [GetValueFromJsonOrDefault] ErrorCode:0 INFO: Read Imds response field with Name:resourceGroupName Value: AMAWin_group
[2026-02-20 21:35:13.000]  [GetValueFromJsonOrDefault] ErrorCode:0 INFO: Read Imds response field with Name:osType Value: Windows
[2026-02-20 21:35:13.000]  [GetValueFromJsonOrDefault] ErrorCode:0 INFO: Read Imds response field with Name:resourceId Value: /subscriptions/351651ce-5feb-4e59-975d-f1f344e2b717/resourceGroups/AMAWin_group/providers/Microsoft.Compute/virtualMachines/amawin
[2026-02-20 21:35:13.000]  [GetValueFromJsonOrDefault] ErrorCode:0 INFO: Read Imds response field with Name:azEnvironment Value: AzurePublicCloud
[2026-02-20 21:35:13.000]  [SetImdsEnvironmentVariable] ErrorCode:0 INFO: Successfully set Environment variables from Imds
[2026-02-20 21:35:13.000]  [AggregateHeartbeat] ErrorCode:0 INFO: Completed heartbeat aggregation.
[2026-02-20 21:35:43.000]  [WriteStatusToFile] ErrorCode:0 INFO: Sending the status.
[2026-02-20 21:35:43.000]  [WriteHeartbeatToFile] ErrorCode:0 INFO: Sending the heartbeat.
[2026-02-20 21:35:43.000]  [WriteStatusToFile] ErrorCode:0 INFO: Done Sending the status.
[2026-02-20 21:35:43.000]  [WriteHeartbeatToFile] ErrorCode:0 INFO: Done Sending the heartbeat.
[2026-02-20 21:36:13.000]  [WriteHeartbeatToFile] ErrorCode:0 INFO: Sending the heartbeat.
[2026-02-20 21:36:13.000]  [WriteStatusToFile] ErrorCode:0 INFO: Sending the status.
[2026-02-20 21:36:13.000]  [WriteStatusToFile] ErrorCode:0 INFO: Done Sending the status.
[2026-02-20 21:36:13.000]  [WriteHeartbeatToFile] ErrorCode:0 INFO: Done Sending the heartbeat.
[2026-02-20 21:36:13.000]  [FindProcessById] ErrorCode:0 INFO: Attempt to find the process MetricsExtension.Native.exe with ID: 2308.
[2026-02-20 21:36:13.000]  [FindProcessById] ErrorCode:0 INFO: Running Process MetricsExtension.Native.exe found. ID: 2308.
[2026-02-20 21:36:13.000]  [StartMetricsExtension] ErrorCode:0 ERROR: Metrics extension is already running
[2026-02-20 21:36:43.000]  [WriteHeartbeatToFile] ErrorCode:0 INFO: Sending the heartbeat.
[2026-02-20 21:36:43.000]  [WriteStatusToFile] ErrorCode:0 INFO: Sending the status.
[2026-02-20 21:36:43.000]  [WriteStatusToFile] ErrorCode:0 INFO: Done Sending the status.
[2026-02-20 21:36:43.000]  [WriteHeartbeatToFile] ErrorCode:0 INFO: Done Sending the heartbeat.
[2026-02-20 21:37:13.000]  [WriteHeartbeatToFile] ErrorCode:0 INFO: Sending the heartbeat.
[2026-02-20 21:37:13.000]  [WriteStatusToFile] ErrorCode:0 INFO: Sending the status.
[2026-02-20 21:37:13.000]  [WriteStatusToFile] ErrorCode:0 INFO: Done Sending the status.
[2026-02-20 21:37:13.000]  [WriteHeartbeatToFile] ErrorCode:0 INFO: Done Sending the heartbeat.
[2026-02-20 21:37:13.000]  [FindProcessById] ErrorCode:0 INFO: Attempt to find the process MetricsExtension.Native.exe with ID: 2308.
[2026-02-20 21:37:13.000]  [FindProcessById] ErrorCode:0 INFO: Running Process MetricsExtension.Native.exe found. ID: 2308.
[2026-02-20 21:37:13.000]  [StartMetricsExtension] ErrorCode:0 ERROR: Metrics extension is already running
[2026-02-20 21:37:43.000]  [WriteHeartbeatToFile] ErrorCode:0 INFO: Sending the heartbeat.
[2026-02-20 21:37:43.000]  [WriteStatusToFile] ErrorCode:0 INFO: Sending the status.
[2026-02-20 21:37:43.000]  [WriteHeartbeatToFile] ErrorCode:0 INFO: Done Sending the heartbeat.
[2026-02-20 21:37:43.000]  [WriteStatusToFile] ErrorCode:0 INFO: Done Sending the status.
[2026-02-20 21:38:13.000]  [WriteHeartbeatToFile] ErrorCode:0 INFO: Sending the heartbeat.
[2026-02-20 21:38:13.000]  [WriteStatusToFile] ErrorCode:0 INFO: Sending the status.
[2026-02-20 21:38:13.000]  [WriteHeartbeatToFile] ErrorCode:0 INFO: Done Sending the heartbeat.
[2026-02-20 21:38:13.000]  [WriteStatusToFile] ErrorCode:0 INFO: Done Sending the status.
[2026-02-20 21:38:13.000]  [FindProcessById] ErrorCode:0 INFO: Attempt to find the process MetricsExtension.Native.exe with ID: 2308.
[2026-02-20 21:38:13.000]  [FindProcessById] ErrorCode:0 INFO: Running Process MetricsExtension.Native.exe found. ID: 2308.
[2026-02-20 21:38:13.000]  [StartMetricsExtension] ErrorCode:0 ERROR: Metrics extension is already running
[2026-02-20 21:38:43.000]  [WriteStatusToFile] ErrorCode:0 INFO: Sending the status.
[2026-02-20 21:38:43.000]  [WriteHeartbeatToFile] ErrorCode:0 INFO: Sending the heartbeat.
[2026-02-20 21:38:43.000]  [WriteStatusToFile] ErrorCode:0 INFO: Done Sending the status.
[2026-02-20 21:38:43.000]  [WriteHeartbeatToFile] ErrorCode:0 INFO: Done Sending the heartbeat.
[2026-02-20 21:39:13.000]  [WriteStatusToFile] ErrorCode:0 INFO: Sending the status.
[2026-02-20 21:39:13.000]  [WriteHeartbeatToFile] ErrorCode:0 INFO: Sending the heartbeat.
[2026-02-20 21:39:13.000]  [WriteHeartbeatToFile] ErrorCode:0 INFO: Done Sending the heartbeat.
[2026-02-20 21:39:13.000]  [WriteStatusToFile] ErrorCode:0 INFO: Done Sending the status.
[2026-02-20 21:39:13.000]  [FindProcessById] ErrorCode:0 INFO: Attempt to find the process MetricsExtension.Native.exe with ID: 2308.
[2026-02-20 21:39:13.000]  [FindProcessById] ErrorCode:0 INFO: Running Process MetricsExtension.Native.exe found. ID: 2308.
[2026-02-20 21:39:13.000]  [StartMetricsExtension] ErrorCode:0 ERROR: Metrics extension is already running
[2026-02-20 21:39:43.000]  [WriteHeartbeatToFile] ErrorCode:0 INFO: Sending the heartbeat.
[2026-02-20 21:39:43.000]  [WriteStatusToFile] ErrorCode:0 INFO: Sending the status.
[2026-02-20 21:39:43.000]  [WriteHeartbeatToFile] ErrorCode:0 INFO: Done Sending the heartbeat.
[2026-02-20 21:39:43.000]  [WriteStatusToFile] ErrorCode:0 INFO: Done Sending the status.
[2026-02-20 21:40:13.000]  [WriteHeartbeatToFile] ErrorCode:0 INFO: Sending the heartbeat.
[2026-02-20 21:40:13.000]  [WriteStatusToFile] ErrorCode:0 INFO: Sending the status.
[2026-02-20 21:40:13.000]  [WriteStatusToFile] ErrorCode:0 INFO: Done Sending the status.
[2026-02-20 21:40:13.000]  [WriteHeartbeatToFile] ErrorCode:0 INFO: Done Sending the heartbeat.
[2026-02-20 21:40:13.000]  [FindProcessById] ErrorCode:0 INFO: Attempt to find the process MetricsExtension.Native.exe with ID: 2308.
[2026-02-20 21:40:13.000]  [FindProcessById] ErrorCode:0 INFO: Running Process MetricsExtension.Native.exe found. ID: 2308.
[2026-02-20 21:40:13.000]  [StartMetricsExtension] ErrorCode:0 ERROR: Metrics extension is already running
[2026-02-20 21:40:13.000]  [AggregateHeartbeat] ErrorCode:0 INFO: Start heartbeat aggregation.
[2026-02-20 21:40:13.000]  [QueryRegValueDWORD] ErrorCode:0 INFO: Query Registry for Key:SOFTWARE\Microsoft\Windows Azure\CurrentVersion\AzureMonitorAgentExtension\47.4.1.0, Name:MaServiceProcess
[2026-02-20 21:40:13.000]  [QueryRegValueDWORD] ErrorCode:0 INFO: Query Registry for Key:SOFTWARE\Microsoft\Windows Azure\CurrentVersion\AzureMonitorAgentExtension\47.4.1.0, Name:MaServiceProcess, Value:3012
[2026-02-20 21:40:13.000]  [FindProcessById] ErrorCode:0 INFO: Attempt to find the process MonAgentLauncher.exe with ID: 3012.
[2026-02-20 21:40:13.000]  [FindProcessById] ErrorCode:0 INFO: Running Process MonAgentLauncher.exe found. ID: 3012.
[2026-02-20 21:40:13.000]  [CheckIfMAServiceIsRunByExtension] ErrorCode:0 INFO: The MA process is running based on the m_registry
[2026-02-20 21:40:13.000]  [QueryRegValueDWORD] ErrorCode:0 INFO: Query Registry for Key:SOFTWARE\Microsoft\Windows Azure\CurrentVersion\AzureMonitorAgentExtension\47.4.1.0, Name:AMAMultitenantServiceProcess
[2026-02-20 21:40:13.000]  [QueryRegValueDWORD] ErrorCode:0 ERROR: RegQueryValueExA: failed to query REG_DWORD value, Key:SOFTWARE\Microsoft\Windows Azure\CurrentVersion\AzureMonitorAgentExtension\47.4.1.0, name=AMAMultitenantServiceProcess, error=2, type=0
[2026-02-20 21:40:13.000]  [CheckIfMAServiceIsRunByExtension] ErrorCode:1205 INFO: Unable to read the m_registry for MA process. Assume it is not running.
[2026-02-20 21:40:13.000]  [AggregateHeartbeat] ErrorCode:0 INFO: Configured MA Service is not running on the node.
[2026-02-20 21:40:13.000]  [SetImdsEnvironmentVariable] ErrorCode:0 INFO: Querying IMDS information
[2026-02-20 21:40:13.000]  [SetImdsEnvironmentVariable] ErrorCode:-1 INFO: Preparing to call IMDS. Endpoint: http://169.254.169.254
[2026-02-20 21:40:13.000]  [QueryIMDSEndpoint] ErrorCode:0 INFO: Queried IMDS successfully.
[2026-02-20 21:40:13.000]  [GetValueFromJsonOrDefault] ErrorCode:0 INFO: Read Imds response field with Name:location Value: westus2
[2026-02-20 21:40:13.000]  [GetValueFromJsonOrDefault] ErrorCode:0 INFO: Read Imds response field with Name:name Value: amawin
[2026-02-20 21:40:13.000]  [GetValueFromJsonOrDefault] ErrorCode:0 INFO: Read Imds response field with Name:subscriptionId Value: 351651ce-5feb-4e59-975d-f1f344e2b717
[2026-02-20 21:40:13.000]  [GetValueFromJsonOrDefault] ErrorCode:0 INFO: Read Imds response field with Name:vmId Value: 22afd636-aec1-4782-9055-f85ea283dc20
[2026-02-20 21:40:13.000]  [GetValueFromJsonOrDefault] ErrorCode:0 INFO: Read Imds response field with Name:vmScaleSetName Value: 
[2026-02-20 21:40:13.000]  [GetValueFromJsonOrDefault] ErrorCode:0 INFO: Read Imds response field with Name:resourceGroupName Value: AMAWin_group
[2026-02-20 21:40:13.000]  [GetValueFromJsonOrDefault] ErrorCode:0 INFO: Read Imds response field with Name:osType Value: Windows
[2026-02-20 21:40:13.000]  [GetValueFromJsonOrDefault] ErrorCode:0 INFO: Read Imds response field with Name:resourceId Value: /subscriptions/351651ce-5feb-4e59-975d-f1f344e2b717/resourceGroups/AMAWin_group/providers/Microsoft.Compute/virtualMachines/amawin
[2026-02-20 21:40:13.000]  [GetValueFromJsonOrDefault] ErrorCode:0 INFO: Read Imds response field with Name:azEnvironment Value: AzurePublicCloud
[2026-02-20 21:40:13.000]  [SetImdsEnvironmentVariable] ErrorCode:0 INFO: Successfully set Environment variables from Imds
[2026-02-20 21:40:13.000]  [AggregateHeartbeat] ErrorCode:0 INFO: Completed heartbeat aggregation.
[2026-02-20 21:40:43.000]  [WriteStatusToFile] ErrorCode:0 INFO: Sending the status.
[2026-02-20 21:40:43.000]  [WriteHeartbeatToFile] ErrorCode:0 INFO: Sending the heartbeat.
[2026-02-20 21:40:43.000]  [WriteHeartbeatToFile] ErrorCode:0 INFO: Done Sending the heartbeat.
[2026-02-20 21:40:43.000]  [WriteStatusToFile] ErrorCode:0 INFO: Done Sending the status.
[2026-02-20 21:41:13.000]  [WriteStatusToFile] ErrorCode:0 INFO: Sending the status.
[2026-02-20 21:41:13.000]  [WriteHeartbeatToFile] ErrorCode:0 INFO: Sending the heartbeat.
[2026-02-20 21:41:13.000]  [WriteHeartbeatToFile] ErrorCode:0 INFO: Done Sending the heartbeat.
[2026-02-20 21:41:13.000]  [WriteStatusToFile] ErrorCode:0 INFO: Done Sending the status.
[2026-02-20 21:41:13.000]  [FindProcessById] ErrorCode:0 INFO: Attempt to find the process MetricsExtension.Native.exe with ID: 2308.
[2026-02-20 21:41:13.000]  [FindProcessById] ErrorCode:0 INFO: Running Process MetricsExtension.Native.exe found. ID: 2308.
[2026-02-20 21:41:13.000]  [StartMetricsExtension] ErrorCode:0 ERROR: Metrics extension is already running
[2026-02-20 21:41:43.000]  [WriteHeartbeatToFile] ErrorCode:0 INFO: Sending the heartbeat.
[2026-02-20 21:41:43.000]  [WriteStatusToFile] ErrorCode:0 INFO: Sending the status.
[2026-02-20 21:41:43.000]  [WriteStatusToFile] ErrorCode:0 INFO: Done Sending the status.
[2026-02-20 21:41:43.000]  [WriteHeartbeatToFile] ErrorCode:0 INFO: Done Sending the heartbeat.
[2026-02-20 21:42:13.000]  [WriteStatusToFile] ErrorCode:0 INFO: Sending the status.
[2026-02-20 21:42:13.000]  [WriteHeartbeatToFile] ErrorCode:0 INFO: Sending the heartbeat.
[2026-02-20 21:42:13.000]  [WriteHeartbeatToFile] ErrorCode:0 INFO: Done Sending the heartbeat.
[2026-02-20 21:42:13.000]  [WriteStatusToFile] ErrorCode:0 INFO: Done Sending the status.
[2026-02-20 21:42:13.000]  [FindProcessById] ErrorCode:0 INFO: Attempt to find the process MetricsExtension.Native.exe with ID: 2308.
[2026-02-20 21:42:13.000]  [FindProcessById] ErrorCode:0 INFO: Running Process MetricsExtension.Native.exe found. ID: 2308.
[2026-02-20 21:42:13.000]  [StartMetricsExtension] ErrorCode:0 ERROR: Metrics extension is already running
[2026-02-20 21:42:43.000]  [WriteHeartbeatToFile] ErrorCode:0 INFO: Sending the heartbeat.
[2026-02-20 21:42:43.000]  [WriteStatusToFile] ErrorCode:0 INFO: Sending the status.
[2026-02-20 21:42:43.000]  [WriteHeartbeatToFile] ErrorCode:0 INFO: Done Sending the heartbeat.
[2026-02-20 21:42:43.000]  [WriteStatusToFile] ErrorCode:0 INFO: Done Sending the status.
[2026-02-20 21:43:13.000]  [WriteHeartbeatToFile] ErrorCode:0 INFO: Sending the heartbeat.
[2026-02-20 21:43:13.000]  [WriteStatusToFile] ErrorCode:0 INFO: Sending the status.
[2026-02-20 21:43:13.000]  [WriteHeartbeatToFile] ErrorCode:0 INFO: Done Sending the heartbeat.
[2026-02-20 21:43:13.000]  [WriteStatusToFile] ErrorCode:0 INFO: Done Sending the status.
[2026-02-20 21:43:13.000]  [FindProcessById] ErrorCode:0 INFO: Attempt to find the process MetricsExtension.Native.exe with ID: 2308.
[2026-02-20 21:43:13.000]  [FindProcessById] ErrorCode:0 INFO: Running Process MetricsExtension.Native.exe found. ID: 2308.
[2026-02-20 21:43:13.000]  [StartMetricsExtension] ErrorCode:0 ERROR: Metrics extension is already running
[2026-02-20 21:43:43.000]  [WriteHeartbeatToFile] ErrorCode:0 INFO: Sending the heartbeat.
[2026-02-20 21:43:43.000]  [WriteStatusToFile] ErrorCode:0 INFO: Sending the status.
[2026-02-20 21:43:43.000]  [WriteHeartbeatToFile] ErrorCode:0 INFO: Done Sending the heartbeat.
[2026-02-20 21:43:43.000]  [WriteStatusToFile] ErrorCode:0 INFO: Done Sending the status.
[2026-02-20 21:44:13.000]  [WriteStatusToFile] ErrorCode:0 INFO: Sending the status.
[2026-02-20 21:44:13.000]  [WriteHeartbeatToFile] ErrorCode:0 INFO: Sending the heartbeat.
[2026-02-20 21:44:13.000]  [WriteStatusToFile] ErrorCode:0 INFO: Done Sending the status.
[2026-02-20 21:44:13.000]  [WriteHeartbeatToFile] ErrorCode:0 INFO: Done Sending the heartbeat.
[2026-02-20 21:44:13.000]  [FindProcessById] ErrorCode:0 INFO: Attempt to find the process MetricsExtension.Native.exe with ID: 2308.
[2026-02-20 21:44:13.000]  [FindProcessById] ErrorCode:0 INFO: Running Process MetricsExtension.Native.exe found. ID: 2308.
[2026-02-20 21:44:13.000]  [StartMetricsExtension] ErrorCode:0 ERROR: Metrics extension is already running
[2026-02-20 21:44:43.000]  [WriteHeartbeatToFile] ErrorCode:0 INFO: Sending the heartbeat.
[2026-02-20 21:44:43.000]  [WriteStatusToFile] ErrorCode:0 INFO: Sending the status.
[2026-02-20 21:44:43.000]  [WriteHeartbeatToFile] ErrorCode:0 INFO: Done Sending the heartbeat.
[2026-02-20 21:44:43.000]  [WriteStatusToFile] ErrorCode:0 INFO: Done Sending the status.
[2026-02-20 21:45:13.000]  [WriteStatusToFile] ErrorCode:0 INFO: Sending the status.
[2026-02-20 21:45:13.000]  [WriteHeartbeatToFile] ErrorCode:0 INFO: Sending the heartbeat.
[2026-02-20 21:45:13.000]  [WriteStatusToFile] ErrorCode:0 INFO: Done Sending the status.
[2026-02-20 21:45:13.000]  [WriteHeartbeatToFile] ErrorCode:0 INFO: Done Sending the heartbeat.
[2026-02-20 21:45:13.000]  [FindProcessById] ErrorCode:0 INFO: Attempt to find the process MetricsExtension.Native.exe with ID: 2308.
[2026-02-20 21:45:13.000]  [FindProcessById] ErrorCode:0 INFO: Running Process MetricsExtension.Native.exe found. ID: 2308.
[2026-02-20 21:45:13.000]  [StartMetricsExtension] ErrorCode:0 ERROR: Metrics extension is already running
[2026-02-20 21:45:13.000]  [AggregateHeartbeat] ErrorCode:0 INFO: Start heartbeat aggregation.
[2026-02-20 21:45:13.000]  [QueryRegValueDWORD] ErrorCode:0 INFO: Query Registry for Key:SOFTWARE\Microsoft\Windows Azure\CurrentVersion\AzureMonitorAgentExtension\47.4.1.0, Name:MaServiceProcess
[2026-02-20 21:45:13.000]  [QueryRegValueDWORD] ErrorCode:0 INFO: Query Registry for Key:SOFTWARE\Microsoft\Windows Azure\CurrentVersion\AzureMonitorAgentExtension\47.4.1.0, Name:MaServiceProcess, Value:3012
[2026-02-20 21:45:13.000]  [FindProcessById] ErrorCode:0 INFO: Attempt to find the process MonAgentLauncher.exe with ID: 3012.
[2026-02-20 21:45:13.000]  [FindProcessById] ErrorCode:0 INFO: Running Process MonAgentLauncher.exe found. ID: 3012.
[2026-02-20 21:45:13.000]  [CheckIfMAServiceIsRunByExtension] ErrorCode:0 INFO: The MA process is running based on the m_registry
[2026-02-20 21:45:13.000]  [QueryRegValueDWORD] ErrorCode:0 INFO: Query Registry for Key:SOFTWARE\Microsoft\Windows Azure\CurrentVersion\AzureMonitorAgentExtension\47.4.1.0, Name:AMAMultitenantServiceProcess
[2026-02-20 21:45:13.000]  [QueryRegValueDWORD] ErrorCode:0 ERROR: RegQueryValueExA: failed to query REG_DWORD value, Key:SOFTWARE\Microsoft\Windows Azure\CurrentVersion\AzureMonitorAgentExtension\47.4.1.0, name=AMAMultitenantServiceProcess, error=2, type=0
[2026-02-20 21:45:13.000]  [CheckIfMAServiceIsRunByExtension] ErrorCode:1205 INFO: Unable to read the m_registry for MA process. Assume it is not running.
[2026-02-20 21:45:13.000]  [AggregateHeartbeat] ErrorCode:0 INFO: Configured MA Service is not running on the node.
[2026-02-20 21:45:13.000]  [SetImdsEnvironmentVariable] ErrorCode:0 INFO: Querying IMDS information
[2026-02-20 21:45:13.000]  [SetImdsEnvironmentVariable] ErrorCode:-1 INFO: Preparing to call IMDS. Endpoint: http://169.254.169.254
[2026-02-20 21:45:13.000]  [QueryIMDSEndpoint] ErrorCode:0 INFO: Queried IMDS successfully.
[2026-02-20 21:45:13.000]  [GetValueFromJsonOrDefault] ErrorCode:0 INFO: Read Imds response field with Name:location Value: westus2
[2026-02-20 21:45:13.000]  [GetValueFromJsonOrDefault] ErrorCode:0 INFO: Read Imds response field with Name:name Value: amawin
[2026-02-20 21:45:13.000]  [GetValueFromJsonOrDefault] ErrorCode:0 INFO: Read Imds response field with Name:subscriptionId Value: 351651ce-5feb-4e59-975d-f1f344e2b717
[2026-02-20 21:45:13.000]  [GetValueFromJsonOrDefault] ErrorCode:0 INFO: Read Imds response field with Name:vmId Value: 22afd636-aec1-4782-9055-f85ea283dc20
[2026-02-20 21:45:13.000]  [GetValueFromJsonOrDefault] ErrorCode:0 INFO: Read Imds response field with Name:vmScaleSetName Value: 
[2026-02-20 21:45:13.000]  [GetValueFromJsonOrDefault] ErrorCode:0 INFO: Read Imds response field with Name:resourceGroupName Value: AMAWin_group
[2026-02-20 21:45:13.000]  [GetValueFromJsonOrDefault] ErrorCode:0 INFO: Read Imds response field with Name:osType Value: Windows
[2026-02-20 21:45:13.000]  [GetValueFromJsonOrDefault] ErrorCode:0 INFO: Read Imds response field with Name:resourceId Value: /subscriptions/351651ce-5feb-4e59-975d-f1f344e2b717/resourceGroups/AMAWin_group/providers/Microsoft.Compute/virtualMachines/amawin
[2026-02-20 21:45:13.000]  [GetValueFromJsonOrDefault] ErrorCode:0 INFO: Read Imds response field with Name:azEnvironment Value: AzurePublicCloud
[2026-02-20 21:45:13.000]  [SetImdsEnvironmentVariable] ErrorCode:0 INFO: Successfully set Environment variables from Imds
[2026-02-20 21:45:13.000]  [AggregateHeartbeat] ErrorCode:0 INFO: Completed heartbeat aggregation.
[2026-02-20 21:45:43.000]  [WriteStatusToFile] ErrorCode:0 INFO: Sending the status.
[2026-02-20 21:45:43.000]  [WriteHeartbeatToFile] ErrorCode:0 INFO: Sending the heartbeat.
[2026-02-20 21:45:43.000]  [WriteStatusToFile] ErrorCode:0 INFO: Done Sending the status.
[2026-02-20 21:45:43.000]  [WriteHeartbeatToFile] ErrorCode:0 INFO: Done Sending the heartbeat.
[2026-02-20 21:46:13.000]  [WriteHeartbeatToFile] ErrorCode:0 INFO: Sending the heartbeat.
[2026-02-20 21:46:13.000]  [WriteStatusToFile] ErrorCode:0 INFO: Sending the status.
[2026-02-20 21:46:13.000]  [WriteHeartbeatToFile] ErrorCode:0 INFO: Done Sending the heartbeat.
[2026-02-20 21:46:13.000]  [WriteStatusToFile] ErrorCode:0 INFO: Done Sending the status.
[2026-02-20 21:46:13.000]  [FindProcessById] ErrorCode:0 INFO: Attempt to find the process MetricsExtension.Native.exe with ID: 2308.
[2026-02-20 21:46:13.000]  [FindProcessById] ErrorCode:0 INFO: Running Process MetricsExtension.Native.exe found. ID: 2308.
[2026-02-20 21:46:13.000]  [StartMetricsExtension] ErrorCode:0 ERROR: Metrics extension is already running
[2026-02-20 21:46:43.000]  [WriteHeartbeatToFile] ErrorCode:0 INFO: Sending the heartbeat.
[2026-02-20 21:46:43.000]  [WriteStatusToFile] ErrorCode:0 INFO: Sending the status.
[2026-02-20 21:46:43.000]  [WriteStatusToFile] ErrorCode:0 INFO: Done Sending the status.
[2026-02-20 21:46:43.000]  [WriteHeartbeatToFile] ErrorCode:0 INFO: Done Sending the heartbeat.
[2026-02-20 21:47:13.000]  [WriteHeartbeatToFile] ErrorCode:0 INFO: Sending the heartbeat.
[2026-02-20 21:47:13.000]  [WriteStatusToFile] ErrorCode:0 INFO: Sending the status.
[2026-02-20 21:47:13.000]  [WriteHeartbeatToFile] ErrorCode:0 INFO: Done Sending the heartbeat.
[2026-02-20 21:47:13.000]  [WriteStatusToFile] ErrorCode:0 INFO: Done Sending the status.
[2026-02-20 21:47:13.000]  [FindProcessById] ErrorCode:0 INFO: Attempt to find the process MetricsExtension.Native.exe with ID: 2308.
[2026-02-20 21:47:13.000]  [FindProcessById] ErrorCode:0 INFO: Running Process MetricsExtension.Native.exe found. ID: 2308.
[2026-02-20 21:47:13.000]  [StartMetricsExtension] ErrorCode:0 ERROR: Metrics extension is already running
[2026-02-20 21:47:43.000]  [WriteHeartbeatToFile] ErrorCode:0 INFO: Sending the heartbeat.
[2026-02-20 21:47:43.000]  [WriteStatusToFile] ErrorCode:0 INFO: Sending the status.
[2026-02-20 21:47:43.000]  [WriteStatusToFile] ErrorCode:0 INFO: Done Sending the status.
[2026-02-20 21:47:43.000]  [WriteHeartbeatToFile] ErrorCode:0 INFO: Done Sending the heartbeat.
[2026-02-20 21:48:13.000]  [WriteHeartbeatToFile] ErrorCode:0 INFO: Sending the heartbeat.
[2026-02-20 21:48:13.000]  [WriteStatusToFile] ErrorCode:0 INFO: Sending the status.
[2026-02-20 21:48:13.000]  [WriteHeartbeatToFile] ErrorCode:0 INFO: Done Sending the heartbeat.
[2026-02-20 21:48:13.000]  [WriteStatusToFile] ErrorCode:0 INFO: Done Sending the status.
[2026-02-20 21:48:13.000]  [FindProcessById] ErrorCode:0 INFO: Attempt to find the process MetricsExtension.Native.exe with ID: 2308.
[2026-02-20 21:48:13.000]  [FindProcessById] ErrorCode:0 INFO: Running Process MetricsExtension.Native.exe found. ID: 2308.
[2026-02-20 21:48:13.000]  [StartMetricsExtension] ErrorCode:0 ERROR: Metrics extension is already running
[2026-02-20 21:48:43.000]  [WriteHeartbeatToFile] ErrorCode:0 INFO: Sending the heartbeat.
[2026-02-20 21:48:43.000]  [WriteStatusToFile] ErrorCode:0 INFO: Sending the status.
[2026-02-20 21:48:43.000]  [WriteStatusToFile] ErrorCode:0 INFO: Done Sending the status.
[2026-02-20 21:48:43.000]  [WriteHeartbeatToFile] ErrorCode:0 INFO: Done Sending the heartbeat.
[2026-02-20 21:49:13.000]  [WriteHeartbeatToFile] ErrorCode:0 INFO: Sending the heartbeat.
[2026-02-20 21:49:13.000]  [WriteStatusToFile] ErrorCode:0 INFO: Sending the status.
[2026-02-20 21:49:13.000]  [WriteHeartbeatToFile] ErrorCode:0 INFO: Done Sending the heartbeat.
[2026-02-20 21:49:13.000]  [WriteStatusToFile] ErrorCode:0 INFO: Done Sending the status.
[2026-02-20 21:49:13.000]  [FindProcessById] ErrorCode:0 INFO: Attempt to find the process MetricsExtension.Native.exe with ID: 2308.
[2026-02-20 21:49:13.000]  [FindProcessById] ErrorCode:0 INFO: Running Process MetricsExtension.Native.exe found. ID: 2308.
[2026-02-20 21:49:13.000]  [StartMetricsExtension] ErrorCode:0 ERROR: Metrics extension is already running
[2026-02-20 21:49:43.000]  [WriteHeartbeatToFile] ErrorCode:0 INFO: Sending the heartbeat.
[2026-02-20 21:49:43.000]  [WriteStatusToFile] ErrorCode:0 INFO: Sending the status.
[2026-02-20 21:49:43.000]  [WriteHeartbeatToFile] ErrorCode:0 INFO: Done Sending the heartbeat.
[2026-02-20 21:49:43.000]  [WriteStatusToFile] ErrorCode:0 INFO: Done Sending the status.
[2026-02-20 21:50:13.000]  [WriteStatusToFile] ErrorCode:0 INFO: Sending the status.
[2026-02-20 21:50:13.000]  [WriteHeartbeatToFile] ErrorCode:0 INFO: Sending the heartbeat.
[2026-02-20 21:50:13.000]  [WriteStatusToFile] ErrorCode:0 INFO: Done Sending the status.
[2026-02-20 21:50:13.000]  [WriteHeartbeatToFile] ErrorCode:0 INFO: Done Sending the heartbeat.
[2026-02-20 21:50:13.000]  [FindProcessById] ErrorCode:0 INFO: Attempt to find the process MetricsExtension.Native.exe with ID: 2308.
[2026-02-20 21:50:13.000]  [FindProcessById] ErrorCode:0 INFO: Running Process MetricsExtension.Native.exe found. ID: 2308.
[2026-02-20 21:50:13.000]  [StartMetricsExtension] ErrorCode:0 ERROR: Metrics extension is already running
[2026-02-20 21:50:13.000]  [AggregateHeartbeat] ErrorCode:0 INFO: Start heartbeat aggregation.
[2026-02-20 21:50:13.000]  [QueryRegValueDWORD] ErrorCode:0 INFO: Query Registry for Key:SOFTWARE\Microsoft\Windows Azure\CurrentVersion\AzureMonitorAgentExtension\47.4.1.0, Name:MaServiceProcess
[2026-02-20 21:50:13.000]  [QueryRegValueDWORD] ErrorCode:0 INFO: Query Registry for Key:SOFTWARE\Microsoft\Windows Azure\CurrentVersion\AzureMonitorAgentExtension\47.4.1.0, Name:MaServiceProcess, Value:3012
[2026-02-20 21:50:13.000]  [FindProcessById] ErrorCode:0 INFO: Attempt to find the process MonAgentLauncher.exe with ID: 3012.
[2026-02-20 21:50:13.000]  [FindProcessById] ErrorCode:0 INFO: Running Process MonAgentLauncher.exe found. ID: 3012.
[2026-02-20 21:50:13.000]  [CheckIfMAServiceIsRunByExtension] ErrorCode:0 INFO: The MA process is running based on the m_registry
[2026-02-20 21:50:13.000]  [QueryRegValueDWORD] ErrorCode:0 INFO: Query Registry for Key:SOFTWARE\Microsoft\Windows Azure\CurrentVersion\AzureMonitorAgentExtension\47.4.1.0, Name:AMAMultitenantServiceProcess
[2026-02-20 21:50:13.000]  [QueryRegValueDWORD] ErrorCode:0 ERROR: RegQueryValueExA: failed to query REG_DWORD value, Key:SOFTWARE\Microsoft\Windows Azure\CurrentVersion\AzureMonitorAgentExtension\47.4.1.0, name=AMAMultitenantServiceProcess, error=2, type=0
[2026-02-20 21:50:13.000]  [CheckIfMAServiceIsRunByExtension] ErrorCode:1205 INFO: Unable to read the m_registry for MA process. Assume it is not running.
[2026-02-20 21:50:13.000]  [AggregateHeartbeat] ErrorCode:0 INFO: Configured MA Service is not running on the node.
[2026-02-20 21:50:13.000]  [SetImdsEnvironmentVariable] ErrorCode:0 INFO: Querying IMDS information
[2026-02-20 21:50:13.000]  [SetImdsEnvironmentVariable] ErrorCode:-1 INFO: Preparing to call IMDS. Endpoint: http://169.254.169.254
[2026-02-20 21:50:14.000]  [QueryIMDSEndpoint] ErrorCode:0 INFO: Queried IMDS successfully.
[2026-02-20 21:50:14.000]  [GetValueFromJsonOrDefault] ErrorCode:0 INFO: Read Imds response field with Name:location Value: westus2
[2026-02-20 21:50:14.000]  [GetValueFromJsonOrDefault] ErrorCode:0 INFO: Read Imds response field with Name:name Value: amawin
[2026-02-20 21:50:14.000]  [GetValueFromJsonOrDefault] ErrorCode:0 INFO: Read Imds response field with Name:subscriptionId Value: 351651ce-5feb-4e59-975d-f1f344e2b717
[2026-02-20 21:50:14.000]  [GetValueFromJsonOrDefault] ErrorCode:0 INFO: Read Imds response field with Name:vmId Value: 22afd636-aec1-4782-9055-f85ea283dc20
[2026-02-20 21:50:14.000]  [GetValueFromJsonOrDefault] ErrorCode:0 INFO: Read Imds response field with Name:vmScaleSetName Value: 
[2026-02-20 21:50:14.000]  [GetValueFromJsonOrDefault] ErrorCode:0 INFO: Read Imds response field with Name:resourceGroupName Value: AMAWin_group
[2026-02-20 21:50:14.000]  [GetValueFromJsonOrDefault] ErrorCode:0 INFO: Read Imds response field with Name:osType Value: Windows
[2026-02-20 21:50:14.000]  [GetValueFromJsonOrDefault] ErrorCode:0 INFO: Read Imds response field with Name:resourceId Value: /subscriptions/351651ce-5feb-4e59-975d-f1f344e2b717/resourceGroups/AMAWin_group/providers/Microsoft.Compute/virtualMachines/amawin
[2026-02-20 21:50:14.000]  [GetValueFromJsonOrDefault] ErrorCode:0 INFO: Read Imds response field with Name:azEnvironment Value: AzurePublicCloud
[2026-02-20 21:50:14.000]  [SetImdsEnvironmentVariable] ErrorCode:0 INFO: Successfully set Environment variables from Imds
[2026-02-20 21:50:14.000]  [AggregateHeartbeat] ErrorCode:0 INFO: Completed heartbeat aggregation.
[2026-02-20 21:50:43.000]  [WriteStatusToFile] ErrorCode:0 INFO: Sending the status.
[2026-02-20 21:50:43.000]  [WriteHeartbeatToFile] ErrorCode:0 INFO: Sending the heartbeat.
[2026-02-20 21:50:43.000]  [WriteStatusToFile] ErrorCode:0 INFO: Done Sending the status.
[2026-02-20 21:50:43.000]  [WriteHeartbeatToFile] ErrorCode:0 INFO: Done Sending the heartbeat.
[2026-02-20 21:51:13.000]  [WriteStatusToFile] ErrorCode:0 INFO: Sending the status.
[2026-02-20 21:51:13.000]  [WriteHeartbeatToFile] ErrorCode:0 INFO: Sending the heartbeat.
[2026-02-20 21:51:13.000]  [WriteHeartbeatToFile] ErrorCode:0 INFO: Done Sending the heartbeat.
[2026-02-20 21:51:13.000]  [WriteStatusToFile] ErrorCode:0 INFO: Done Sending the status.
[2026-02-20 21:51:14.000]  [FindProcessById] ErrorCode:0 INFO: Attempt to find the process MetricsExtension.Native.exe with ID: 2308.
[2026-02-20 21:51:14.000]  [FindProcessById] ErrorCode:0 INFO: Running Process MetricsExtension.Native.exe found. ID: 2308.
[2026-02-20 21:51:14.000]  [StartMetricsExtension] ErrorCode:0 ERROR: Metrics extension is already running
[2026-02-20 21:51:43.000]  [WriteHeartbeatToFile] ErrorCode:0 INFO: Sending the heartbeat.
[2026-02-20 21:51:43.000]  [WriteStatusToFile] ErrorCode:0 INFO: Sending the status.
[2026-02-20 21:51:43.000]  [WriteHeartbeatToFile] ErrorCode:0 INFO: Done Sending the heartbeat.
[2026-02-20 21:51:43.000]  [WriteStatusToFile] ErrorCode:0 INFO: Done Sending the status.
[2026-02-20 21:52:13.000]  [WriteStatusToFile] ErrorCode:0 INFO: Sending the status.
[2026-02-20 21:52:13.000]  [WriteHeartbeatToFile] ErrorCode:0 INFO: Sending the heartbeat.
[2026-02-20 21:52:13.000]  [WriteHeartbeatToFile] ErrorCode:0 INFO: Done Sending the heartbeat.
[2026-02-20 21:52:13.000]  [WriteStatusToFile] ErrorCode:0 INFO: Done Sending the status.
[2026-02-20 21:52:14.000]  [FindProcessById] ErrorCode:0 INFO: Attempt to find the process MetricsExtension.Native.exe with ID: 2308.
[2026-02-20 21:52:14.000]  [FindProcessById] ErrorCode:0 INFO: Running Process MetricsExtension.Native.exe found. ID: 2308.
[2026-02-20 21:52:14.000]  [StartMetricsExtension] ErrorCode:0 ERROR: Metrics extension is already running
[2026-02-20 21:52:43.000]  [WriteStatusToFile] ErrorCode:0 INFO: Sending the status.
[2026-02-20 21:52:43.000]  [WriteHeartbeatToFile] ErrorCode:0 INFO: Sending the heartbeat.
[2026-02-20 21:52:43.000]  [WriteStatusToFile] ErrorCode:0 INFO: Done Sending the status.
[2026-02-20 21:52:43.000]  [WriteHeartbeatToFile] ErrorCode:0 INFO: Done Sending the heartbeat.
[2026-02-20 21:53:13.000]  [WriteHeartbeatToFile] ErrorCode:0 INFO: Sending the heartbeat.
[2026-02-20 21:53:13.000]  [WriteStatusToFile] ErrorCode:0 INFO: Sending the status.
[2026-02-20 21:53:13.000]  [WriteHeartbeatToFile] ErrorCode:0 INFO: Done Sending the heartbeat.
[2026-02-20 21:53:13.000]  [WriteStatusToFile] ErrorCode:0 INFO: Done Sending the status.
[2026-02-20 21:53:14.000]  [FindProcessById] ErrorCode:0 INFO: Attempt to find the process MetricsExtension.Native.exe with ID: 2308.
[2026-02-20 21:53:14.000]  [FindProcessById] ErrorCode:0 INFO: Running Process MetricsExtension.Native.exe found. ID: 2308.
[2026-02-20 21:53:14.000]  [StartMetricsExtension] ErrorCode:0 ERROR: Metrics extension is already running
[2026-02-20 21:53:43.000]  [WriteStatusToFile] ErrorCode:0 INFO: Sending the status.
[2026-02-20 21:53:43.000]  [WriteHeartbeatToFile] ErrorCode:0 INFO: Sending the heartbeat.
[2026-02-20 21:53:43.000]  [WriteHeartbeatToFile] ErrorCode:0 INFO: Done Sending the heartbeat.
[2026-02-20 21:53:43.000]  [WriteStatusToFile] ErrorCode:0 INFO: Done Sending the status.
[2026-02-20 21:54:13.000]  [WriteHeartbeatToFile] ErrorCode:0 INFO: Sending the heartbeat.
[2026-02-20 21:54:13.000]  [WriteStatusToFile] ErrorCode:0 INFO: Sending the status.
[2026-02-20 21:54:13.000]  [WriteHeartbeatToFile] ErrorCode:0 INFO: Done Sending the heartbeat.
[2026-02-20 21:54:13.000]  [WriteStatusToFile] ErrorCode:0 INFO: Done Sending the status.
[2026-02-20 21:54:14.000]  [FindProcessById] ErrorCode:0 INFO: Attempt to find the process MetricsExtension.Native.exe with ID: 2308.
[2026-02-20 21:54:14.000]  [FindProcessById] ErrorCode:0 INFO: Running Process MetricsExtension.Native.exe found. ID: 2308.
[2026-02-20 21:54:14.000]  [StartMetricsExtension] ErrorCode:0 ERROR: Metrics extension is already running
[2026-02-20 21:54:43.000]  [WriteHeartbeatToFile] ErrorCode:0 INFO: Sending the heartbeat.
[2026-02-20 21:54:43.000]  [WriteStatusToFile] ErrorCode:0 INFO: Sending the status.
[2026-02-20 21:54:43.000]  [WriteStatusToFile] ErrorCode:0 INFO: Done Sending the status.
[2026-02-20 21:54:43.000]  [WriteHeartbeatToFile] ErrorCode:0 INFO: Done Sending the heartbeat.
[2026-02-20 21:55:13.000]  [WriteHeartbeatToFile] ErrorCode:0 INFO: Sending the heartbeat.
[2026-02-20 21:55:13.000]  [WriteStatusToFile] ErrorCode:0 INFO: Sending the status.
[2026-02-20 21:55:13.000]  [WriteStatusToFile] ErrorCode:0 INFO: Done Sending the status.
[2026-02-20 21:55:13.000]  [WriteHeartbeatToFile] ErrorCode:0 INFO: Done Sending the heartbeat.
[2026-02-20 21:55:14.000]  [FindProcessById] ErrorCode:0 INFO: Attempt to find the process MetricsExtension.Native.exe with ID: 2308.
[2026-02-20 21:55:14.000]  [FindProcessById] ErrorCode:0 INFO: Running Process MetricsExtension.Native.exe found. ID: 2308.
[2026-02-20 21:55:14.000]  [StartMetricsExtension] ErrorCode:0 ERROR: Metrics extension is already running
[2026-02-20 21:55:14.000]  [AggregateHeartbeat] ErrorCode:0 INFO: Start heartbeat aggregation.
[2026-02-20 21:55:14.000]  [QueryRegValueDWORD] ErrorCode:0 INFO: Query Registry for Key:SOFTWARE\Microsoft\Windows Azure\CurrentVersion\AzureMonitorAgentExtension\47.4.1.0, Name:MaServiceProcess
[2026-02-20 21:55:14.000]  [QueryRegValueDWORD] ErrorCode:0 INFO: Query Registry for Key:SOFTWARE\Microsoft\Windows Azure\CurrentVersion\AzureMonitorAgentExtension\47.4.1.0, Name:MaServiceProcess, Value:3012
[2026-02-20 21:55:14.000]  [FindProcessById] ErrorCode:0 INFO: Attempt to find the process MonAgentLauncher.exe with ID: 3012.
[2026-02-20 21:55:14.000]  [FindProcessById] ErrorCode:0 INFO: Running Process MonAgentLauncher.exe found. ID: 3012.
[2026-02-20 21:55:14.000]  [CheckIfMAServiceIsRunByExtension] ErrorCode:0 INFO: The MA process is running based on the m_registry
[2026-02-20 21:55:14.000]  [QueryRegValueDWORD] ErrorCode:0 INFO: Query Registry for Key:SOFTWARE\Microsoft\Windows Azure\CurrentVersion\AzureMonitorAgentExtension\47.4.1.0, Name:AMAMultitenantServiceProcess
[2026-02-20 21:55:14.000]  [QueryRegValueDWORD] ErrorCode:0 ERROR: RegQueryValueExA: failed to query REG_DWORD value, Key:SOFTWARE\Microsoft\Windows Azure\CurrentVersion\AzureMonitorAgentExtension\47.4.1.0, name=AMAMultitenantServiceProcess, error=2, type=0
[2026-02-20 21:55:14.000]  [CheckIfMAServiceIsRunByExtension] ErrorCode:1205 INFO: Unable to read the m_registry for MA process. Assume it is not running.
[2026-02-20 21:55:14.000]  [AggregateHeartbeat] ErrorCode:0 INFO: Configured MA Service is not running on the node.
[2026-02-20 21:55:14.000]  [SetImdsEnvironmentVariable] ErrorCode:0 INFO: Querying IMDS information
[2026-02-20 21:55:14.000]  [SetImdsEnvironmentVariable] ErrorCode:-1 INFO: Preparing to call IMDS. Endpoint: http://169.254.169.254
[2026-02-20 21:55:14.000]  [QueryIMDSEndpoint] ErrorCode:0 INFO: Queried IMDS successfully.
[2026-02-20 21:55:14.000]  [GetValueFromJsonOrDefault] ErrorCode:0 INFO: Read Imds response field with Name:location Value: westus2
[2026-02-20 21:55:14.000]  [GetValueFromJsonOrDefault] ErrorCode:0 INFO: Read Imds response field with Name:name Value: amawin
[2026-02-20 21:55:14.000]  [GetValueFromJsonOrDefault] ErrorCode:0 INFO: Read Imds response field with Name:subscriptionId Value: 351651ce-5feb-4e59-975d-f1f344e2b717
[2026-02-20 21:55:14.000]  [GetValueFromJsonOrDefault] ErrorCode:0 INFO: Read Imds response field with Name:vmId Value: 22afd636-aec1-4782-9055-f85ea283dc20
[2026-02-20 21:55:14.000]  [GetValueFromJsonOrDefault] ErrorCode:0 INFO: Read Imds response field with Name:vmScaleSetName Value: 
[2026-02-20 21:55:14.000]  [GetValueFromJsonOrDefault] ErrorCode:0 INFO: Read Imds response field with Name:resourceGroupName Value: AMAWin_group
[2026-02-20 21:55:14.000]  [GetValueFromJsonOrDefault] ErrorCode:0 INFO: Read Imds response field with Name:osType Value: Windows
[2026-02-20 21:55:14.000]  [GetValueFromJsonOrDefault] ErrorCode:0 INFO: Read Imds response field with Name:resourceId Value: /subscriptions/351651ce-5feb-4e59-975d-f1f344e2b717/resourceGroups/AMAWin_group/providers/Microsoft.Compute/virtualMachines/amawin
[2026-02-20 21:55:14.000]  [GetValueFromJsonOrDefault] ErrorCode:0 INFO: Read Imds response field with Name:azEnvironment Value: AzurePublicCloud
[2026-02-20 21:55:14.000]  [SetImdsEnvironmentVariable] ErrorCode:0 INFO: Successfully set Environment variables from Imds
[2026-02-20 21:55:14.000]  [AggregateHeartbeat] ErrorCode:0 INFO: Completed heartbeat aggregation.
[2026-02-20 21:55:43.000]  [WriteHeartbeatToFile] ErrorCode:0 INFO: Sending the heartbeat.
[2026-02-20 21:55:43.000]  [WriteStatusToFile] ErrorCode:0 INFO: Sending the status.
[2026-02-20 21:55:43.000]  [WriteHeartbeatToFile] ErrorCode:0 INFO: Done Sending the heartbeat.
[2026-02-20 21:55:43.000]  [WriteStatusToFile] ErrorCode:0 INFO: Done Sending the status.
[2026-02-20 21:56:13.000]  [WriteHeartbeatToFile] ErrorCode:0 INFO: Sending the heartbeat.
[2026-02-20 21:56:13.000]  [WriteStatusToFile] ErrorCode:0 INFO: Sending the status.
[2026-02-20 21:56:13.000]  [WriteHeartbeatToFile] ErrorCode:0 INFO: Done Sending the heartbeat.
[2026-02-20 21:56:13.000]  [WriteStatusToFile] ErrorCode:0 INFO: Done Sending the status.
[2026-02-20 21:56:14.000]  [FindProcessById] ErrorCode:0 INFO: Attempt to find the process MetricsExtension.Native.exe with ID: 2308.
[2026-02-20 21:56:14.000]  [FindProcessById] ErrorCode:0 INFO: Running Process MetricsExtension.Native.exe found. ID: 2308.
[2026-02-20 21:56:14.000]  [StartMetricsExtension] ErrorCode:0 ERROR: Metrics extension is already running
[2026-02-20 21:56:43.000]  [WriteHeartbeatToFile] ErrorCode:0 INFO: Sending the heartbeat.
[2026-02-20 21:56:43.000]  [WriteStatusToFile] ErrorCode:0 INFO: Sending the status.
[2026-02-20 21:56:43.000]  [WriteStatusToFile] ErrorCode:0 INFO: Done Sending the status.
[2026-02-20 21:56:43.000]  [WriteHeartbeatToFile] ErrorCode:0 INFO: Done Sending the heartbeat.
[2026-02-20 21:57:13.000]  [WriteHeartbeatToFile] ErrorCode:0 INFO: Sending the heartbeat.
[2026-02-20 21:57:13.000]  [WriteStatusToFile] ErrorCode:0 INFO: Sending the status.
[2026-02-20 21:57:13.000]  [WriteHeartbeatToFile] ErrorCode:0 INFO: Done Sending the heartbeat.
[2026-02-20 21:57:13.000]  [WriteStatusToFile] ErrorCode:0 INFO: Done Sending the status.
[2026-02-20 21:57:14.000]  [FindProcessById] ErrorCode:0 INFO: Attempt to find the process MetricsExtension.Native.exe with ID: 2308.
[2026-02-20 21:57:14.000]  [FindProcessById] ErrorCode:0 INFO: Running Process MetricsExtension.Native.exe found. ID: 2308.
[2026-02-20 21:57:14.000]  [StartMetricsExtension] ErrorCode:0 ERROR: Metrics extension is already running
[2026-02-20 21:57:43.000]  [WriteHeartbeatToFile] ErrorCode:0 INFO: Sending the heartbeat.
[2026-02-20 21:57:43.000]  [WriteStatusToFile] ErrorCode:0 INFO: Sending the status.
[2026-02-20 21:57:43.000]  [WriteHeartbeatToFile] ErrorCode:0 INFO: Done Sending the heartbeat.
[2026-02-20 21:57:43.000]  [WriteStatusToFile] ErrorCode:0 INFO: Done Sending the status.
[2026-02-20 21:58:13.000]  [WriteHeartbeatToFile] ErrorCode:0 INFO: Sending the heartbeat.
[2026-02-20 21:58:13.000]  [WriteStatusToFile] ErrorCode:0 INFO: Sending the status.
[2026-02-20 21:58:13.000]  [WriteHeartbeatToFile] ErrorCode:0 INFO: Done Sending the heartbeat.
[2026-02-20 21:58:13.000]  [WriteStatusToFile] ErrorCode:0 INFO: Done Sending the status.
[2026-02-20 21:58:14.000]  [FindProcessById] ErrorCode:0 INFO: Attempt to find the process MetricsExtension.Native.exe with ID: 2308.
[2026-02-20 21:58:14.000]  [FindProcessById] ErrorCode:0 INFO: Running Process MetricsExtension.Native.exe found. ID: 2308.
[2026-02-20 21:58:14.000]  [StartMetricsExtension] ErrorCode:0 ERROR: Metrics extension is already running
[2026-02-20 21:58:44.000]  [WriteStatusToFile] ErrorCode:0 INFO: Sending the status.
[2026-02-20 21:58:44.000]  [WriteHeartbeatToFile] ErrorCode:0 INFO: Sending the heartbeat.
[2026-02-20 21:58:44.000]  [WriteStatusToFile] ErrorCode:0 INFO: Done Sending the status.
[2026-02-20 21:58:44.000]  [WriteHeartbeatToFile] ErrorCode:0 INFO: Done Sending the heartbeat.
[2026-02-20 21:59:14.000]  [WriteHeartbeatToFile] ErrorCode:0 INFO: Sending the heartbeat.
[2026-02-20 21:59:14.000]  [WriteStatusToFile] ErrorCode:0 INFO: Sending the status.
[2026-02-20 21:59:14.000]  [WriteStatusToFile] ErrorCode:0 INFO: Done Sending the status.
[2026-02-20 21:59:14.000]  [WriteHeartbeatToFile] ErrorCode:0 INFO: Done Sending the heartbeat.
[2026-02-20 21:59:14.000]  [FindProcessById] ErrorCode:0 INFO: Attempt to find the process MetricsExtension.Native.exe with ID: 2308.
[2026-02-20 21:59:14.000]  [FindProcessById] ErrorCode:0 INFO: Running Process MetricsExtension.Native.exe found. ID: 2308.
[2026-02-20 21:59:14.000]  [StartMetricsExtension] ErrorCode:0 ERROR: Metrics extension is already running
[2026-02-20 21:59:44.000]  [WriteStatusToFile] ErrorCode:0 INFO: Sending the status.
[2026-02-20 21:59:44.000]  [WriteHeartbeatToFile] ErrorCode:0 INFO: Sending the heartbeat.
[2026-02-20 21:59:44.000]  [WriteStatusToFile] ErrorCode:0 INFO: Done Sending the status.
[2026-02-20 21:59:44.000]  [WriteHeartbeatToFile] ErrorCode:0 INFO: Done Sending the heartbeat.
[2026-02-20 22:00:14.000]  [WriteHeartbeatToFile] ErrorCode:0 INFO: Sending the heartbeat.
[2026-02-20 22:00:14.000]  [WriteStatusToFile] ErrorCode:0 INFO: Sending the status.
[2026-02-20 22:00:14.000]  [WriteHeartbeatToFile] ErrorCode:0 INFO: Done Sending the heartbeat.
[2026-02-20 22:00:14.000]  [WriteStatusToFile] ErrorCode:0 INFO: Done Sending the status.
[2026-02-20 22:00:14.000]  [FindProcessById] ErrorCode:0 INFO: Attempt to find the process MetricsExtension.Native.exe with ID: 2308.
[2026-02-20 22:00:14.000]  [FindProcessById] ErrorCode:0 INFO: Running Process MetricsExtension.Native.exe found. ID: 2308.
[2026-02-20 22:00:14.000]  [StartMetricsExtension] ErrorCode:0 ERROR: Metrics extension is already running
[2026-02-20 22:00:14.000]  [AggregateHeartbeat] ErrorCode:0 INFO: Start heartbeat aggregation.
[2026-02-20 22:00:14.000]  [QueryRegValueDWORD] ErrorCode:0 INFO: Query Registry for Key:SOFTWARE\Microsoft\Windows Azure\CurrentVersion\AzureMonitorAgentExtension\47.4.1.0, Name:MaServiceProcess
[2026-02-20 22:00:14.000]  [QueryRegValueDWORD] ErrorCode:0 INFO: Query Registry for Key:SOFTWARE\Microsoft\Windows Azure\CurrentVersion\AzureMonitorAgentExtension\47.4.1.0, Name:MaServiceProcess, Value:3012
[2026-02-20 22:00:14.000]  [FindProcessById] ErrorCode:0 INFO: Attempt to find the process MonAgentLauncher.exe with ID: 3012.
[2026-02-20 22:00:14.000]  [FindProcessById] ErrorCode:0 INFO: Running Process MonAgentLauncher.exe found. ID: 3012.
[2026-02-20 22:00:14.000]  [CheckIfMAServiceIsRunByExtension] ErrorCode:0 INFO: The MA process is running based on the m_registry
[2026-02-20 22:00:14.000]  [QueryRegValueDWORD] ErrorCode:0 INFO: Query Registry for Key:SOFTWARE\Microsoft\Windows Azure\CurrentVersion\AzureMonitorAgentExtension\47.4.1.0, Name:AMAMultitenantServiceProcess
[2026-02-20 22:00:14.000]  [QueryRegValueDWORD] ErrorCode:0 ERROR: RegQueryValueExA: failed to query REG_DWORD value, Key:SOFTWARE\Microsoft\Windows Azure\CurrentVersion\AzureMonitorAgentExtension\47.4.1.0, name=AMAMultitenantServiceProcess, error=2, type=0
[2026-02-20 22:00:14.000]  [CheckIfMAServiceIsRunByExtension] ErrorCode:1205 INFO: Unable to read the m_registry for MA process. Assume it is not running.
[2026-02-20 22:00:14.000]  [AggregateHeartbeat] ErrorCode:0 INFO: Configured MA Service is not running on the node.
[2026-02-20 22:00:14.000]  [SetImdsEnvironmentVariable] ErrorCode:0 INFO: Querying IMDS information
[2026-02-20 22:00:14.000]  [SetImdsEnvironmentVariable] ErrorCode:-1 INFO: Preparing to call IMDS. Endpoint: http://169.254.169.254
[2026-02-20 22:00:14.000]  [QueryIMDSEndpoint] ErrorCode:0 INFO: Queried IMDS successfully.
[2026-02-20 22:00:14.000]  [GetValueFromJsonOrDefault] ErrorCode:0 INFO: Read Imds response field with Name:location Value: westus2
[2026-02-20 22:00:14.000]  [GetValueFromJsonOrDefault] ErrorCode:0 INFO: Read Imds response field with Name:name Value: amawin
[2026-02-20 22:00:14.000]  [GetValueFromJsonOrDefault] ErrorCode:0 INFO: Read Imds response field with Name:subscriptionId Value: 351651ce-5feb-4e59-975d-f1f344e2b717
[2026-02-20 22:00:14.000]  [GetValueFromJsonOrDefault] ErrorCode:0 INFO: Read Imds response field with Name:vmId Value: 22afd636-aec1-4782-9055-f85ea283dc20
[2026-02-20 22:00:14.000]  [GetValueFromJsonOrDefault] ErrorCode:0 INFO: Read Imds response field with Name:vmScaleSetName Value: 
[2026-02-20 22:00:14.000]  [GetValueFromJsonOrDefault] ErrorCode:0 INFO: Read Imds response field with Name:resourceGroupName Value: AMAWin_group
[2026-02-20 22:00:14.000]  [GetValueFromJsonOrDefault] ErrorCode:0 INFO: Read Imds response field with Name:osType Value: Windows
[2026-02-20 22:00:14.000]  [GetValueFromJsonOrDefault] ErrorCode:0 INFO: Read Imds response field with Name:resourceId Value: /subscriptions/351651ce-5feb-4e59-975d-f1f344e2b717/resourceGroups/AMAWin_group/providers/Microsoft.Compute/virtualMachines/amawin
[2026-02-20 22:00:14.000]  [GetValueFromJsonOrDefault] ErrorCode:0 INFO: Read Imds response field with Name:azEnvironment Value: AzurePublicCloud
[2026-02-20 22:00:14.000]  [SetImdsEnvironmentVariable] ErrorCode:0 INFO: Successfully set Environment variables from Imds
[2026-02-20 22:00:14.000]  [AggregateHeartbeat] ErrorCode:0 INFO: Completed heartbeat aggregation.
[2026-02-20 22:00:44.000]  [WriteHeartbeatToFile] ErrorCode:0 INFO: Sending the heartbeat.
[2026-02-20 22:00:44.000]  [WriteStatusToFile] ErrorCode:0 INFO: Sending the status.
[2026-02-20 22:00:44.000]  [WriteStatusToFile] ErrorCode:0 INFO: Done Sending the status.
[2026-02-20 22:00:44.000]  [WriteHeartbeatToFile] ErrorCode:0 INFO: Done Sending the heartbeat.
[2026-02-20 22:01:14.000]  [WriteHeartbeatToFile] ErrorCode:0 INFO: Sending the heartbeat.
[2026-02-20 22:01:14.000]  [WriteStatusToFile] ErrorCode:0 INFO: Sending the status.
[2026-02-20 22:01:14.000]  [WriteStatusToFile] ErrorCode:0 INFO: Done Sending the status.
[2026-02-20 22:01:14.000]  [WriteHeartbeatToFile] ErrorCode:0 INFO: Done Sending the heartbeat.
[2026-02-20 22:01:14.000]  [FindProcessById] ErrorCode:0 INFO: Attempt to find the process MetricsExtension.Native.exe with ID: 2308.
[2026-02-20 22:01:14.000]  [FindProcessById] ErrorCode:0 INFO: Running Process MetricsExtension.Native.exe found. ID: 2308.
[2026-02-20 22:01:14.000]  [StartMetricsExtension] ErrorCode:0 ERROR: Metrics extension is already running
[2026-02-20 22:01:44.000]  [WriteStatusToFile] ErrorCode:0 INFO: Sending the status.
[2026-02-20 22:01:44.000]  [WriteHeartbeatToFile] ErrorCode:0 INFO: Sending the heartbeat.
[2026-02-20 22:01:44.000]  [WriteStatusToFile] ErrorCode:0 INFO: Done Sending the status.
[2026-02-20 22:01:44.000]  [WriteHeartbeatToFile] ErrorCode:0 INFO: Done Sending the heartbeat.
[2026-02-20 22:02:14.000]  [WriteStatusToFile] ErrorCode:0 INFO: Sending the status.
[2026-02-20 22:02:14.000]  [WriteHeartbeatToFile] ErrorCode:0 INFO: Sending the heartbeat.
[2026-02-20 22:02:14.000]  [WriteStatusToFile] ErrorCode:0 INFO: Done Sending the status.
[2026-02-20 22:02:14.000]  [WriteHeartbeatToFile] ErrorCode:0 INFO: Done Sending the heartbeat.
[2026-02-20 22:02:14.000]  [FindProcessById] ErrorCode:0 INFO: Attempt to find the process MetricsExtension.Native.exe with ID: 2308.
[2026-02-20 22:02:14.000]  [FindProcessById] ErrorCode:0 INFO: Running Process MetricsExtension.Native.exe found. ID: 2308.
[2026-02-20 22:02:14.000]  [StartMetricsExtension] ErrorCode:0 ERROR: Metrics extension is already running
[2026-02-20 22:02:44.000]  [WriteStatusToFile] ErrorCode:0 INFO: Sending the status.
[2026-02-20 22:02:44.000]  [WriteHeartbeatToFile] ErrorCode:0 INFO: Sending the heartbeat.
[2026-02-20 22:02:44.000]  [WriteHeartbeatToFile] ErrorCode:0 INFO: Done Sending the heartbeat.
[2026-02-20 22:02:44.000]  [WriteStatusToFile] ErrorCode:0 INFO: Done Sending the status.
[2026-02-20 22:03:14.000]  [WriteHeartbeatToFile] ErrorCode:0 INFO: Sending the heartbeat.
[2026-02-20 22:03:14.000]  [WriteStatusToFile] ErrorCode:0 INFO: Sending the status.
[2026-02-20 22:03:14.000]  [WriteStatusToFile] ErrorCode:0 INFO: Done Sending the status.
[2026-02-20 22:03:14.000]  [WriteHeartbeatToFile] ErrorCode:0 INFO: Done Sending the heartbeat.
[2026-02-20 22:03:14.000]  [FindProcessById] ErrorCode:0 INFO: Attempt to find the process MetricsExtension.Native.exe with ID: 2308.
[2026-02-20 22:03:14.000]  [FindProcessById] ErrorCode:0 INFO: Running Process MetricsExtension.Native.exe found. ID: 2308.
[2026-02-20 22:03:14.000]  [StartMetricsExtension] ErrorCode:0 ERROR: Metrics extension is already running
[2026-02-20 22:03:44.000]  [WriteHeartbeatToFile] ErrorCode:0 INFO: Sending the heartbeat.
[2026-02-20 22:03:44.000]  [WriteStatusToFile] ErrorCode:0 INFO: Sending the status.
[2026-02-20 22:03:44.000]  [WriteHeartbeatToFile] ErrorCode:0 INFO: Done Sending the heartbeat.
[2026-02-20 22:03:44.000]  [WriteStatusToFile] ErrorCode:0 INFO: Done Sending the status.
[2026-02-20 22:04:14.000]  [WriteStatusToFile] ErrorCode:0 INFO: Sending the status.
[2026-02-20 22:04:14.000]  [WriteHeartbeatToFile] ErrorCode:0 INFO: Sending the heartbeat.
[2026-02-20 22:04:14.000]  [WriteStatusToFile] ErrorCode:0 INFO: Done Sending the status.
[2026-02-20 22:04:14.000]  [WriteHeartbeatToFile] ErrorCode:0 INFO: Done Sending the heartbeat.
[2026-02-20 22:04:14.000]  [FindProcessById] ErrorCode:0 INFO: Attempt to find the process MetricsExtension.Native.exe with ID: 2308.
[2026-02-20 22:04:14.000]  [FindProcessById] ErrorCode:0 INFO: Running Process MetricsExtension.Native.exe found. ID: 2308.
[2026-02-20 22:04:14.000]  [StartMetricsExtension] ErrorCode:0 ERROR: Metrics extension is already running
[2026-02-20 22:04:44.000]  [WriteHeartbeatToFile] ErrorCode:0 INFO: Sending the heartbeat.
[2026-02-20 22:04:44.000]  [WriteStatusToFile] ErrorCode:0 INFO: Sending the status.
[2026-02-20 22:04:44.000]  [WriteHeartbeatToFile] ErrorCode:0 INFO: Done Sending the heartbeat.
[2026-02-20 22:04:44.000]  [WriteStatusToFile] ErrorCode:0 INFO: Done Sending the status.
[2026-02-20 22:05:14.000]  [WriteHeartbeatToFile] ErrorCode:0 INFO: Sending the heartbeat.
[2026-02-20 22:05:14.000]  [WriteStatusToFile] ErrorCode:0 INFO: Sending the status.
[2026-02-20 22:05:14.000]  [WriteStatusToFile] ErrorCode:0 INFO: Done Sending the status.
[2026-02-20 22:05:14.000]  [WriteHeartbeatToFile] ErrorCode:0 INFO: Done Sending the heartbeat.
[2026-02-20 22:05:14.000]  [FindProcessById] ErrorCode:0 INFO: Attempt to find the process MetricsExtension.Native.exe with ID: 2308.
[2026-02-20 22:05:14.000]  [FindProcessById] ErrorCode:0 INFO: Running Process MetricsExtension.Native.exe found. ID: 2308.
[2026-02-20 22:05:14.000]  [StartMetricsExtension] ErrorCode:0 ERROR: Metrics extension is already running
[2026-02-20 22:05:14.000]  [AggregateHeartbeat] ErrorCode:0 INFO: Start heartbeat aggregation.
[2026-02-20 22:05:14.000]  [QueryRegValueDWORD] ErrorCode:0 INFO: Query Registry for Key:SOFTWARE\Microsoft\Windows Azure\CurrentVersion\AzureMonitorAgentExtension\47.4.1.0, Name:MaServiceProcess
[2026-02-20 22:05:14.000]  [QueryRegValueDWORD] ErrorCode:0 INFO: Query Registry for Key:SOFTWARE\Microsoft\Windows Azure\CurrentVersion\AzureMonitorAgentExtension\47.4.1.0, Name:MaServiceProcess, Value:3012
[2026-02-20 22:05:14.000]  [FindProcessById] ErrorCode:0 INFO: Attempt to find the process MonAgentLauncher.exe with ID: 3012.
[2026-02-20 22:05:14.000]  [FindProcessById] ErrorCode:0 INFO: Running Process MonAgentLauncher.exe found. ID: 3012.
[2026-02-20 22:05:14.000]  [CheckIfMAServiceIsRunByExtension] ErrorCode:0 INFO: The MA process is running based on the m_registry
[2026-02-20 22:05:14.000]  [QueryRegValueDWORD] ErrorCode:0 INFO: Query Registry for Key:SOFTWARE\Microsoft\Windows Azure\CurrentVersion\AzureMonitorAgentExtension\47.4.1.0, Name:AMAMultitenantServiceProcess
[2026-02-20 22:05:14.000]  [QueryRegValueDWORD] ErrorCode:0 ERROR: RegQueryValueExA: failed to query REG_DWORD value, Key:SOFTWARE\Microsoft\Windows Azure\CurrentVersion\AzureMonitorAgentExtension\47.4.1.0, name=AMAMultitenantServiceProcess, error=2, type=0
[2026-02-20 22:05:14.000]  [CheckIfMAServiceIsRunByExtension] ErrorCode:1205 INFO: Unable to read the m_registry for MA process. Assume it is not running.
[2026-02-20 22:05:14.000]  [AggregateHeartbeat] ErrorCode:0 INFO: Configured MA Service is not running on the node.
[2026-02-20 22:05:14.000]  [SetImdsEnvironmentVariable] ErrorCode:0 INFO: Querying IMDS information
[2026-02-20 22:05:14.000]  [SetImdsEnvironmentVariable] ErrorCode:-1 INFO: Preparing to call IMDS. Endpoint: http://169.254.169.254
[2026-02-20 22:05:14.000]  [QueryIMDSEndpoint] ErrorCode:0 INFO: Queried IMDS successfully.
[2026-02-20 22:05:14.000]  [GetValueFromJsonOrDefault] ErrorCode:0 INFO: Read Imds response field with Name:location Value: westus2
[2026-02-20 22:05:14.000]  [GetValueFromJsonOrDefault] ErrorCode:0 INFO: Read Imds response field with Name:name Value: amawin
[2026-02-20 22:05:14.000]  [GetValueFromJsonOrDefault] ErrorCode:0 INFO: Read Imds response field with Name:subscriptionId Value: 351651ce-5feb-4e59-975d-f1f344e2b717
[2026-02-20 22:05:14.000]  [GetValueFromJsonOrDefault] ErrorCode:0 INFO: Read Imds response field with Name:vmId Value: 22afd636-aec1-4782-9055-f85ea283dc20
[2026-02-20 22:05:14.000]  [GetValueFromJsonOrDefault] ErrorCode:0 INFO: Read Imds response field with Name:vmScaleSetName Value: 
[2026-02-20 22:05:14.000]  [GetValueFromJsonOrDefault] ErrorCode:0 INFO: Read Imds response field with Name:resourceGroupName Value: AMAWin_group
[2026-02-20 22:05:14.000]  [GetValueFromJsonOrDefault] ErrorCode:0 INFO: Read Imds response field with Name:osType Value: Windows
[2026-02-20 22:05:14.000]  [GetValueFromJsonOrDefault] ErrorCode:0 INFO: Read Imds response field with Name:resourceId Value: /subscriptions/351651ce-5feb-4e59-975d-f1f344e2b717/resourceGroups/AMAWin_group/providers/Microsoft.Compute/virtualMachines/amawin
[2026-02-20 22:05:14.000]  [GetValueFromJsonOrDefault] ErrorCode:0 INFO: Read Imds response field with Name:azEnvironment Value: AzurePublicCloud
[2026-02-20 22:05:14.000]  [SetImdsEnvironmentVariable] ErrorCode:0 INFO: Successfully set Environment variables from Imds
[2026-02-20 22:05:14.000]  [AggregateHeartbeat] ErrorCode:0 INFO: Completed heartbeat aggregation.
[2026-02-20 22:05:44.000]  [WriteHeartbeatToFile] ErrorCode:0 INFO: Sending the heartbeat.
[2026-02-20 22:05:44.000]  [WriteStatusToFile] ErrorCode:0 INFO: Sending the status.
[2026-02-20 22:05:44.000]  [WriteStatusToFile] ErrorCode:0 INFO: Done Sending the status.
[2026-02-20 22:05:44.000]  [WriteHeartbeatToFile] ErrorCode:0 INFO: Done Sending the heartbeat.
[2026-02-20 22:06:14.000]  [WriteHeartbeatToFile] ErrorCode:0 INFO: Sending the heartbeat.
[2026-02-20 22:06:14.000]  [WriteStatusToFile] ErrorCode:0 INFO: Sending the status.
[2026-02-20 22:06:14.000]  [WriteHeartbeatToFile] ErrorCode:0 INFO: Done Sending the heartbeat.
[2026-02-20 22:06:14.000]  [WriteStatusToFile] ErrorCode:0 INFO: Done Sending the status.
[2026-02-20 22:06:14.000]  [FindProcessById] ErrorCode:0 INFO: Attempt to find the process MetricsExtension.Native.exe with ID: 2308.
[2026-02-20 22:06:14.000]  [FindProcessById] ErrorCode:0 INFO: Running Process MetricsExtension.Native.exe found. ID: 2308.
[2026-02-20 22:06:14.000]  [StartMetricsExtension] ErrorCode:0 ERROR: Metrics extension is already running
[2026-02-20 22:06:44.000]  [WriteHeartbeatToFile] ErrorCode:0 INFO: Sending the heartbeat.
[2026-02-20 22:06:44.000]  [WriteStatusToFile] ErrorCode:0 INFO: Sending the status.
[2026-02-20 22:06:44.000]  [WriteHeartbeatToFile] ErrorCode:0 INFO: Done Sending the heartbeat.
[2026-02-20 22:06:44.000]  [WriteStatusToFile] ErrorCode:0 INFO: Done Sending the status.
[2026-02-20 22:07:14.000]  [WriteStatusToFile] ErrorCode:0 INFO: Sending the status.
[2026-02-20 22:07:14.000]  [WriteHeartbeatToFile] ErrorCode:0 INFO: Sending the heartbeat.
[2026-02-20 22:07:14.000]  [WriteHeartbeatToFile] ErrorCode:0 INFO: Done Sending the heartbeat.
[2026-02-20 22:07:14.000]  [WriteStatusToFile] ErrorCode:0 INFO: Done Sending the status.
[2026-02-20 22:07:14.000]  [FindProcessById] ErrorCode:0 INFO: Attempt to find the process MetricsExtension.Native.exe with ID: 2308.
[2026-02-20 22:07:14.000]  [FindProcessById] ErrorCode:0 INFO: Running Process MetricsExtension.Native.exe found. ID: 2308.
[2026-02-20 22:07:14.000]  [StartMetricsExtension] ErrorCode:0 ERROR: Metrics extension is already running
[2026-02-20 22:07:44.000]  [WriteHeartbeatToFile] ErrorCode:0 INFO: Sending the heartbeat.
[2026-02-20 22:07:44.000]  [WriteStatusToFile] ErrorCode:0 INFO: Sending the status.
[2026-02-20 22:07:44.000]  [WriteStatusToFile] ErrorCode:0 INFO: Done Sending the status.
[2026-02-20 22:07:44.000]  [WriteHeartbeatToFile] ErrorCode:0 INFO: Done Sending the heartbeat.
[2026-02-20 22:08:14.000]  [WriteHeartbeatToFile] ErrorCode:0 INFO: Sending the heartbeat.
[2026-02-20 22:08:14.000]  [WriteStatusToFile] ErrorCode:0 INFO: Sending the status.
[2026-02-20 22:08:14.000]  [WriteHeartbeatToFile] ErrorCode:0 INFO: Done Sending the heartbeat.
[2026-02-20 22:08:14.000]  [WriteStatusToFile] ErrorCode:0 INFO: Done Sending the status.
[2026-02-20 22:08:14.000]  [FindProcessById] ErrorCode:0 INFO: Attempt to find the process MetricsExtension.Native.exe with ID: 2308.
[2026-02-20 22:08:14.000]  [FindProcessById] ErrorCode:0 INFO: Running Process MetricsExtension.Native.exe found. ID: 2308.
[2026-02-20 22:08:14.000]  [StartMetricsExtension] ErrorCode:0 ERROR: Metrics extension is already running
[2026-02-20 22:08:44.000]  [WriteStatusToFile] ErrorCode:0 INFO: Sending the status.
[2026-02-20 22:08:44.000]  [WriteHeartbeatToFile] ErrorCode:0 INFO: Sending the heartbeat.
[2026-02-20 22:08:44.000]  [WriteStatusToFile] ErrorCode:0 INFO: Done Sending the status.
[2026-02-20 22:08:44.000]  [WriteHeartbeatToFile] ErrorCode:0 INFO: Done Sending the heartbeat.
[2026-02-20 22:09:14.000]  [WriteHeartbeatToFile] ErrorCode:0 INFO: Sending the heartbeat.
[2026-02-20 22:09:14.000]  [WriteStatusToFile] ErrorCode:0 INFO: Sending the status.
[2026-02-20 22:09:14.000]  [WriteStatusToFile] ErrorCode:0 INFO: Done Sending the status.
[2026-02-20 22:09:14.000]  [WriteHeartbeatToFile] ErrorCode:0 INFO: Done Sending the heartbeat.
[2026-02-20 22:09:14.000]  [FindProcessById] ErrorCode:0 INFO: Attempt to find the process MetricsExtension.Native.exe with ID: 2308.
[2026-02-20 22:09:14.000]  [FindProcessById] ErrorCode:0 INFO: Running Process MetricsExtension.Native.exe found. ID: 2308.
[2026-02-20 22:09:14.000]  [StartMetricsExtension] ErrorCode:0 ERROR: Metrics extension is already running
[2026-02-20 22:09:44.000]  [WriteHeartbeatToFile] ErrorCode:0 INFO: Sending the heartbeat.
[2026-02-20 22:09:44.000]  [WriteStatusToFile] ErrorCode:0 INFO: Sending the status.
[2026-02-20 22:09:44.000]  [WriteHeartbeatToFile] ErrorCode:0 INFO: Done Sending the heartbeat.
[2026-02-20 22:09:44.000]  [WriteStatusToFile] ErrorCode:0 INFO: Done Sending the status.
[2026-02-20 22:10:14.000]  [WriteStatusToFile] ErrorCode:0 INFO: Sending the status.
[2026-02-20 22:10:14.000]  [WriteHeartbeatToFile] ErrorCode:0 INFO: Sending the heartbeat.
[2026-02-20 22:10:14.000]  [WriteHeartbeatToFile] ErrorCode:0 INFO: Done Sending the heartbeat.
[2026-02-20 22:10:14.000]  [WriteStatusToFile] ErrorCode:0 INFO: Done Sending the status.
[2026-02-20 22:10:14.000]  [FindProcessById] ErrorCode:0 INFO: Attempt to find the process MetricsExtension.Native.exe with ID: 2308.
[2026-02-20 22:10:14.000]  [FindProcessById] ErrorCode:0 INFO: Running Process MetricsExtension.Native.exe found. ID: 2308.
[2026-02-20 22:10:14.000]  [StartMetricsExtension] ErrorCode:0 ERROR: Metrics extension is already running
[2026-02-20 22:10:14.000]  [AggregateHeartbeat] ErrorCode:0 INFO: Start heartbeat aggregation.
[2026-02-20 22:10:14.000]  [QueryRegValueDWORD] ErrorCode:0 INFO: Query Registry for Key:SOFTWARE\Microsoft\Windows Azure\CurrentVersion\AzureMonitorAgentExtension\47.4.1.0, Name:MaServiceProcess
[2026-02-20 22:10:14.000]  [QueryRegValueDWORD] ErrorCode:0 INFO: Query Registry for Key:SOFTWARE\Microsoft\Windows Azure\CurrentVersion\AzureMonitorAgentExtension\47.4.1.0, Name:MaServiceProcess, Value:3012
[2026-02-20 22:10:14.000]  [FindProcessById] ErrorCode:0 INFO: Attempt to find the process MonAgentLauncher.exe with ID: 3012.
[2026-02-20 22:10:14.000]  [FindProcessById] ErrorCode:0 INFO: Running Process MonAgentLauncher.exe found. ID: 3012.
[2026-02-20 22:10:14.000]  [CheckIfMAServiceIsRunByExtension] ErrorCode:0 INFO: The MA process is running based on the m_registry
[2026-02-20 22:10:14.000]  [QueryRegValueDWORD] ErrorCode:0 INFO: Query Registry for Key:SOFTWARE\Microsoft\Windows Azure\CurrentVersion\AzureMonitorAgentExtension\47.4.1.0, Name:AMAMultitenantServiceProcess
[2026-02-20 22:10:14.000]  [QueryRegValueDWORD] ErrorCode:0 ERROR: RegQueryValueExA: failed to query REG_DWORD value, Key:SOFTWARE\Microsoft\Windows Azure\CurrentVersion\AzureMonitorAgentExtension\47.4.1.0, name=AMAMultitenantServiceProcess, error=2, type=0
[2026-02-20 22:10:14.000]  [CheckIfMAServiceIsRunByExtension] ErrorCode:1205 INFO: Unable to read the m_registry for MA process. Assume it is not running.
[2026-02-20 22:10:14.000]  [AggregateHeartbeat] ErrorCode:0 INFO: Configured MA Service is not running on the node.
[2026-02-20 22:10:14.000]  [SetImdsEnvironmentVariable] ErrorCode:0 INFO: Querying IMDS information
[2026-02-20 22:10:14.000]  [SetImdsEnvironmentVariable] ErrorCode:-1 INFO: Preparing to call IMDS. Endpoint: http://169.254.169.254
[2026-02-20 22:10:14.000]  [QueryIMDSEndpoint] ErrorCode:0 INFO: Queried IMDS successfully.
[2026-02-20 22:10:14.000]  [GetValueFromJsonOrDefault] ErrorCode:0 INFO: Read Imds response field with Name:location Value: westus2
[2026-02-20 22:10:14.000]  [GetValueFromJsonOrDefault] ErrorCode:0 INFO: Read Imds response field with Name:name Value: amawin
[2026-02-20 22:10:14.000]  [GetValueFromJsonOrDefault] ErrorCode:0 INFO: Read Imds response field with Name:subscriptionId Value: 351651ce-5feb-4e59-975d-f1f344e2b717
[2026-02-20 22:10:14.000]  [GetValueFromJsonOrDefault] ErrorCode:0 INFO: Read Imds response field with Name:vmId Value: 22afd636-aec1-4782-9055-f85ea283dc20
[2026-02-20 22:10:14.000]  [GetValueFromJsonOrDefault] ErrorCode:0 INFO: Read Imds response field with Name:vmScaleSetName Value: 
[2026-02-20 22:10:14.000]  [GetValueFromJsonOrDefault] ErrorCode:0 INFO: Read Imds response field with Name:resourceGroupName Value: AMAWin_group
[2026-02-20 22:10:14.000]  [GetValueFromJsonOrDefault] ErrorCode:0 INFO: Read Imds response field with Name:osType Value: Windows
[2026-02-20 22:10:14.000]  [GetValueFromJsonOrDefault] ErrorCode:0 INFO: Read Imds response field with Name:resourceId Value: /subscriptions/351651ce-5feb-4e59-975d-f1f344e2b717/resourceGroups/AMAWin_group/providers/Microsoft.Compute/virtualMachines/amawin
[2026-02-20 22:10:14.000]  [GetValueFromJsonOrDefault] ErrorCode:0 INFO: Read Imds response field with Name:azEnvironment Value: AzurePublicCloud
[2026-02-20 22:10:14.000]  [SetImdsEnvironmentVariable] ErrorCode:0 INFO: Successfully set Environment variables from Imds
[2026-02-20 22:10:14.000]  [AggregateHeartbeat] ErrorCode:0 INFO: Completed heartbeat aggregation.
[2026-02-20 22:10:44.000]  [WriteHeartbeatToFile] ErrorCode:0 INFO: Sending the heartbeat.
[2026-02-20 22:10:44.000]  [WriteStatusToFile] ErrorCode:0 INFO: Sending the status.
[2026-02-20 22:10:44.000]  [WriteHeartbeatToFile] ErrorCode:0 INFO: Done Sending the heartbeat.
[2026-02-20 22:10:44.000]  [WriteStatusToFile] ErrorCode:0 INFO: Done Sending the status.
[2026-02-20 22:11:14.000]  [WriteStatusToFile] ErrorCode:0 INFO: Sending the status.
[2026-02-20 22:11:14.000]  [WriteHeartbeatToFile] ErrorCode:0 INFO: Sending the heartbeat.
[2026-02-20 22:11:14.000]  [WriteHeartbeatToFile] ErrorCode:0 INFO: Done Sending the heartbeat.
[2026-02-20 22:11:14.000]  [WriteStatusToFile] ErrorCode:0 INFO: Done Sending the status.
[2026-02-20 22:11:14.000]  [FindProcessById] ErrorCode:0 INFO: Attempt to find the process MetricsExtension.Native.exe with ID: 2308.
[2026-02-20 22:11:14.000]  [FindProcessById] ErrorCode:0 INFO: Running Process MetricsExtension.Native.exe found. ID: 2308.
[2026-02-20 22:11:14.000]  [StartMetricsExtension] ErrorCode:0 ERROR: Metrics extension is already running
[2026-02-20 22:11:44.000]  [WriteHeartbeatToFile] ErrorCode:0 INFO: Sending the heartbeat.
[2026-02-20 22:11:44.000]  [WriteStatusToFile] ErrorCode:0 INFO: Sending the status.
[2026-02-20 22:11:44.000]  [WriteHeartbeatToFile] ErrorCode:0 INFO: Done Sending the heartbeat.
[2026-02-20 22:11:44.000]  [WriteStatusToFile] ErrorCode:0 INFO: Done Sending the status.
[2026-02-20 22:12:14.000]  [WriteHeartbeatToFile] ErrorCode:0 INFO: Sending the heartbeat.
[2026-02-20 22:12:14.000]  [WriteStatusToFile] ErrorCode:0 INFO: Sending the status.
[2026-02-20 22:12:14.000]  [WriteStatusToFile] ErrorCode:0 INFO: Done Sending the status.
[2026-02-20 22:12:14.000]  [WriteHeartbeatToFile] ErrorCode:0 INFO: Done Sending the heartbeat.
[2026-02-20 22:12:14.000]  [FindProcessById] ErrorCode:0 INFO: Attempt to find the process MetricsExtension.Native.exe with ID: 2308.
[2026-02-20 22:12:14.000]  [FindProcessById] ErrorCode:0 INFO: Running Process MetricsExtension.Native.exe found. ID: 2308.
[2026-02-20 22:12:14.000]  [StartMetricsExtension] ErrorCode:0 ERROR: Metrics extension is already running
[2026-02-20 22:12:44.000]  [WriteHeartbeatToFile] ErrorCode:0 INFO: Sending the heartbeat.
[2026-02-20 22:12:44.000]  [WriteStatusToFile] ErrorCode:0 INFO: Sending the status.
[2026-02-20 22:12:44.000]  [WriteHeartbeatToFile] ErrorCode:0 INFO: Done Sending the heartbeat.
[2026-02-20 22:12:44.000]  [WriteStatusToFile] ErrorCode:0 INFO: Done Sending the status.
[2026-02-20 22:13:14.000]  [WriteHeartbeatToFile] ErrorCode:0 INFO: Sending the heartbeat.
[2026-02-20 22:13:14.000]  [WriteStatusToFile] ErrorCode:0 INFO: Sending the status.
[2026-02-20 22:13:14.000]  [WriteStatusToFile] ErrorCode:0 INFO: Done Sending the status.
[2026-02-20 22:13:14.000]  [WriteHeartbeatToFile] ErrorCode:0 INFO: Done Sending the heartbeat.
[2026-02-20 22:13:14.000]  [FindProcessById] ErrorCode:0 INFO: Attempt to find the process MetricsExtension.Native.exe with ID: 2308.
[2026-02-20 22:13:14.000]  [FindProcessById] ErrorCode:0 INFO: Running Process MetricsExtension.Native.exe found. ID: 2308.
[2026-02-20 22:13:14.000]  [StartMetricsExtension] ErrorCode:0 ERROR: Metrics extension is already running
[2026-02-20 22:13:44.000]  [WriteHeartbeatToFile] ErrorCode:0 INFO: Sending the heartbeat.
[2026-02-20 22:13:44.000]  [WriteStatusToFile] ErrorCode:0 INFO: Sending the status.
[2026-02-20 22:13:44.000]  [WriteStatusToFile] ErrorCode:0 INFO: Done Sending the status.
[2026-02-20 22:13:44.000]  [WriteHeartbeatToFile] ErrorCode:0 INFO: Done Sending the heartbeat.
[2026-02-20 22:14:14.000]  [WriteStatusToFile] ErrorCode:0 INFO: Sending the status.
[2026-02-20 22:14:14.000]  [WriteHeartbeatToFile] ErrorCode:0 INFO: Sending the heartbeat.
[2026-02-20 22:14:14.000]  [WriteStatusToFile] ErrorCode:0 INFO: Done Sending the status.
[2026-02-20 22:14:14.000]  [WriteHeartbeatToFile] ErrorCode:0 INFO: Done Sending the heartbeat.
[2026-02-20 22:14:14.000]  [FindProcessById] ErrorCode:0 INFO: Attempt to find the process MetricsExtension.Native.exe with ID: 2308.
[2026-02-20 22:14:14.000]  [FindProcessById] ErrorCode:0 INFO: Running Process MetricsExtension.Native.exe found. ID: 2308.
[2026-02-20 22:14:14.000]  [StartMetricsExtension] ErrorCode:0 ERROR: Metrics extension is already running
[2026-02-20 22:14:44.000]  [WriteHeartbeatToFile] ErrorCode:0 INFO: Sending the heartbeat.
[2026-02-20 22:14:44.000]  [WriteStatusToFile] ErrorCode:0 INFO: Sending the status.
[2026-02-20 22:14:44.000]  [WriteStatusToFile] ErrorCode:0 INFO: Done Sending the status.
[2026-02-20 22:14:44.000]  [WriteHeartbeatToFile] ErrorCode:0 INFO: Done Sending the heartbeat.
[2026-02-20 22:15:14.000]  [WriteStatusToFile] ErrorCode:0 INFO: Sending the status.
[2026-02-20 22:15:14.000]  [WriteHeartbeatToFile] ErrorCode:0 INFO: Sending the heartbeat.
[2026-02-20 22:15:14.000]  [WriteHeartbeatToFile] ErrorCode:0 INFO: Done Sending the heartbeat.
[2026-02-20 22:15:14.000]  [WriteStatusToFile] ErrorCode:0 INFO: Done Sending the status.
[2026-02-20 22:15:14.000]  [FindProcessById] ErrorCode:0 INFO: Attempt to find the process MetricsExtension.Native.exe with ID: 2308.
[2026-02-20 22:15:14.000]  [FindProcessById] ErrorCode:0 INFO: Running Process MetricsExtension.Native.exe found. ID: 2308.
[2026-02-20 22:15:14.000]  [StartMetricsExtension] ErrorCode:0 ERROR: Metrics extension is already running
[2026-02-20 22:15:14.000]  [AggregateHeartbeat] ErrorCode:0 INFO: Start heartbeat aggregation.
[2026-02-20 22:15:14.000]  [QueryRegValueDWORD] ErrorCode:0 INFO: Query Registry for Key:SOFTWARE\Microsoft\Windows Azure\CurrentVersion\AzureMonitorAgentExtension\47.4.1.0, Name:MaServiceProcess
[2026-02-20 22:15:14.000]  [QueryRegValueDWORD] ErrorCode:0 INFO: Query Registry for Key:SOFTWARE\Microsoft\Windows Azure\CurrentVersion\AzureMonitorAgentExtension\47.4.1.0, Name:MaServiceProcess, Value:3012
[2026-02-20 22:15:14.000]  [FindProcessById] ErrorCode:0 INFO: Attempt to find the process MonAgentLauncher.exe with ID: 3012.
[2026-02-20 22:15:14.000]  [FindProcessById] ErrorCode:0 INFO: Running Process MonAgentLauncher.exe found. ID: 3012.
[2026-02-20 22:15:14.000]  [CheckIfMAServiceIsRunByExtension] ErrorCode:0 INFO: The MA process is running based on the m_registry
[2026-02-20 22:15:14.000]  [QueryRegValueDWORD] ErrorCode:0 INFO: Query Registry for Key:SOFTWARE\Microsoft\Windows Azure\CurrentVersion\AzureMonitorAgentExtension\47.4.1.0, Name:AMAMultitenantServiceProcess
[2026-02-20 22:15:14.000]  [QueryRegValueDWORD] ErrorCode:0 ERROR: RegQueryValueExA: failed to query REG_DWORD value, Key:SOFTWARE\Microsoft\Windows Azure\CurrentVersion\AzureMonitorAgentExtension\47.4.1.0, name=AMAMultitenantServiceProcess, error=2, type=0
[2026-02-20 22:15:14.000]  [CheckIfMAServiceIsRunByExtension] ErrorCode:1205 INFO: Unable to read the m_registry for MA process. Assume it is not running.
[2026-02-20 22:15:14.000]  [AggregateHeartbeat] ErrorCode:0 INFO: Configured MA Service is not running on the node.
[2026-02-20 22:15:14.000]  [SetImdsEnvironmentVariable] ErrorCode:0 INFO: Querying IMDS information
[2026-02-20 22:15:14.000]  [SetImdsEnvironmentVariable] ErrorCode:-1 INFO: Preparing to call IMDS. Endpoint: http://169.254.169.254
[2026-02-20 22:15:14.000]  [QueryIMDSEndpoint] ErrorCode:0 INFO: Queried IMDS successfully.
[2026-02-20 22:15:14.000]  [GetValueFromJsonOrDefault] ErrorCode:0 INFO: Read Imds response field with Name:location Value: westus2
[2026-02-20 22:15:14.000]  [GetValueFromJsonOrDefault] ErrorCode:0 INFO: Read Imds response field with Name:name Value: amawin
[2026-02-20 22:15:14.000]  [GetValueFromJsonOrDefault] ErrorCode:0 INFO: Read Imds response field with Name:subscriptionId Value: 351651ce-5feb-4e59-975d-f1f344e2b717
[2026-02-20 22:15:14.000]  [GetValueFromJsonOrDefault] ErrorCode:0 INFO: Read Imds response field with Name:vmId Value: 22afd636-aec1-4782-9055-f85ea283dc20
[2026-02-20 22:15:14.000]  [GetValueFromJsonOrDefault] ErrorCode:0 INFO: Read Imds response field with Name:vmScaleSetName Value: 
[2026-02-20 22:15:14.000]  [GetValueFromJsonOrDefault] ErrorCode:0 INFO: Read Imds response field with Name:resourceGroupName Value: AMAWin_group
[2026-02-20 22:15:14.000]  [GetValueFromJsonOrDefault] ErrorCode:0 INFO: Read Imds response field with Name:osType Value: Windows
[2026-02-20 22:15:14.000]  [GetValueFromJsonOrDefault] ErrorCode:0 INFO: Read Imds response field with Name:resourceId Value: /subscriptions/351651ce-5feb-4e59-975d-f1f344e2b717/resourceGroups/AMAWin_group/providers/Microsoft.Compute/virtualMachines/amawin
[2026-02-20 22:15:14.000]  [GetValueFromJsonOrDefault] ErrorCode:0 INFO: Read Imds response field with Name:azEnvironment Value: AzurePublicCloud
[2026-02-20 22:15:14.000]  [SetImdsEnvironmentVariable] ErrorCode:0 INFO: Successfully set Environment variables from Imds
[2026-02-20 22:15:14.000]  [AggregateHeartbeat] ErrorCode:0 INFO: Completed heartbeat aggregation.
[2026-02-20 22:15:44.000]  [WriteHeartbeatToFile] ErrorCode:0 INFO: Sending the heartbeat.
[2026-02-20 22:15:44.000]  [WriteStatusToFile] ErrorCode:0 INFO: Sending the status.
[2026-02-20 22:15:44.000]  [WriteHeartbeatToFile] ErrorCode:0 INFO: Done Sending the heartbeat.
[2026-02-20 22:15:44.000]  [WriteStatusToFile] ErrorCode:0 INFO: Done Sending the status.
[2026-02-20 22:16:14.000]  [WriteHeartbeatToFile] ErrorCode:0 INFO: Sending the heartbeat.
[2026-02-20 22:16:14.000]  [WriteStatusToFile] ErrorCode:0 INFO: Sending the status.
[2026-02-20 22:16:14.000]  [WriteHeartbeatToFile] ErrorCode:0 INFO: Done Sending the heartbeat.
[2026-02-20 22:16:14.000]  [WriteStatusToFile] ErrorCode:0 INFO: Done Sending the status.
[2026-02-20 22:16:14.000]  [FindProcessById] ErrorCode:0 INFO: Attempt to find the process MetricsExtension.Native.exe with ID: 2308.
[2026-02-20 22:16:14.000]  [FindProcessById] ErrorCode:0 INFO: Running Process MetricsExtension.Native.exe found. ID: 2308.
[2026-02-20 22:16:14.000]  [StartMetricsExtension] ErrorCode:0 ERROR: Metrics extension is already running
[2026-02-20 22:16:44.000]  [WriteStatusToFile] ErrorCode:0 INFO: Sending the status.
[2026-02-20 22:16:44.000]  [WriteHeartbeatToFile] ErrorCode:0 INFO: Sending the heartbeat.
[2026-02-20 22:16:44.000]  [WriteStatusToFile] ErrorCode:0 INFO: Done Sending the status.
[2026-02-20 22:16:44.000]  [WriteHeartbeatToFile] ErrorCode:0 INFO: Done Sending the heartbeat.
[2026-02-20 22:17:14.000]  [WriteStatusToFile] ErrorCode:0 INFO: Sending the status.
[2026-02-20 22:17:14.000]  [WriteHeartbeatToFile] ErrorCode:0 INFO: Sending the heartbeat.
[2026-02-20 22:17:14.000]  [WriteHeartbeatToFile] ErrorCode:0 INFO: Done Sending the heartbeat.
[2026-02-20 22:17:14.000]  [WriteStatusToFile] ErrorCode:0 INFO: Done Sending the status.
[2026-02-20 22:17:14.000]  [FindProcessById] ErrorCode:0 INFO: Attempt to find the process MetricsExtension.Native.exe with ID: 2308.
[2026-02-20 22:17:14.000]  [FindProcessById] ErrorCode:0 INFO: Running Process MetricsExtension.Native.exe found. ID: 2308.
[2026-02-20 22:17:14.000]  [StartMetricsExtension] ErrorCode:0 ERROR: Metrics extension is already running
[2026-02-20 22:17:44.000]  [WriteHeartbeatToFile] ErrorCode:0 INFO: Sending the heartbeat.
[2026-02-20 22:17:44.000]  [WriteStatusToFile] ErrorCode:0 INFO: Sending the status.
[2026-02-20 22:17:44.000]  [WriteHeartbeatToFile] ErrorCode:0 INFO: Done Sending the heartbeat.
[2026-02-20 22:17:44.000]  [WriteStatusToFile] ErrorCode:0 INFO: Done Sending the status.
[2026-02-20 22:18:14.000]  [WriteHeartbeatToFile] ErrorCode:0 INFO: Sending the heartbeat.
[2026-02-20 22:18:14.000]  [WriteStatusToFile] ErrorCode:0 INFO: Sending the status.
[2026-02-20 22:18:14.000]  [WriteHeartbeatToFile] ErrorCode:0 INFO: Done Sending the heartbeat.
[2026-02-20 22:18:14.000]  [WriteStatusToFile] ErrorCode:0 INFO: Done Sending the status.
[2026-02-20 22:18:14.000]  [FindProcessById] ErrorCode:0 INFO: Attempt to find the process MetricsExtension.Native.exe with ID: 2308.
[2026-02-20 22:18:14.000]  [FindProcessById] ErrorCode:0 INFO: Running Process MetricsExtension.Native.exe found. ID: 2308.
[2026-02-20 22:18:14.000]  [StartMetricsExtension] ErrorCode:0 ERROR: Metrics extension is already running
[2026-02-20 22:18:44.000]  [WriteHeartbeatToFile] ErrorCode:0 INFO: Sending the heartbeat.
[2026-02-20 22:18:44.000]  [WriteStatusToFile] ErrorCode:0 INFO: Sending the status.
[2026-02-20 22:18:44.000]  [WriteStatusToFile] ErrorCode:0 INFO: Done Sending the status.
[2026-02-20 22:18:44.000]  [WriteHeartbeatToFile] ErrorCode:0 INFO: Done Sending the heartbeat.
[2026-02-20 22:19:14.000]  [WriteHeartbeatToFile] ErrorCode:0 INFO: Sending the heartbeat.
[2026-02-20 22:19:14.000]  [WriteStatusToFile] ErrorCode:0 INFO: Sending the status.
[2026-02-20 22:19:14.000]  [WriteStatusToFile] ErrorCode:0 INFO: Done Sending the status.
[2026-02-20 22:19:14.000]  [WriteHeartbeatToFile] ErrorCode:0 INFO: Done Sending the heartbeat.
[2026-02-20 22:19:14.000]  [FindProcessById] ErrorCode:0 INFO: Attempt to find the process MetricsExtension.Native.exe with ID: 2308.
[2026-02-20 22:19:14.000]  [FindProcessById] ErrorCode:0 INFO: Running Process MetricsExtension.Native.exe found. ID: 2308.
[2026-02-20 22:19:14.000]  [StartMetricsExtension] ErrorCode:0 ERROR: Metrics extension is already running
[2026-02-20 22:19:44.000]  [WriteHeartbeatToFile] ErrorCode:0 INFO: Sending the heartbeat.
[2026-02-20 22:19:44.000]  [WriteStatusToFile] ErrorCode:0 INFO: Sending the status.
[2026-02-20 22:19:44.000]  [WriteHeartbeatToFile] ErrorCode:0 INFO: Done Sending the heartbeat.
[2026-02-20 22:19:44.000]  [WriteStatusToFile] ErrorCode:0 INFO: Done Sending the status.
[2026-02-20 22:20:14.000]  [WriteHeartbeatToFile] ErrorCode:0 INFO: Sending the heartbeat.
[2026-02-20 22:20:14.000]  [WriteStatusToFile] ErrorCode:0 INFO: Sending the status.
[2026-02-20 22:20:14.000]  [WriteStatusToFile] ErrorCode:0 INFO: Done Sending the status.
[2026-02-20 22:20:14.000]  [WriteHeartbeatToFile] ErrorCode:0 INFO: Done Sending the heartbeat.
[2026-02-20 22:20:14.000]  [FindProcessById] ErrorCode:0 INFO: Attempt to find the process MetricsExtension.Native.exe with ID: 2308.
[2026-02-20 22:20:14.000]  [FindProcessById] ErrorCode:0 INFO: Running Process MetricsExtension.Native.exe found. ID: 2308.
[2026-02-20 22:20:14.000]  [StartMetricsExtension] ErrorCode:0 ERROR: Metrics extension is already running
[2026-02-20 22:20:14.000]  [AggregateHeartbeat] ErrorCode:0 INFO: Start heartbeat aggregation.
[2026-02-20 22:20:14.000]  [QueryRegValueDWORD] ErrorCode:0 INFO: Query Registry for Key:SOFTWARE\Microsoft\Windows Azure\CurrentVersion\AzureMonitorAgentExtension\47.4.1.0, Name:MaServiceProcess
[2026-02-20 22:20:14.000]  [QueryRegValueDWORD] ErrorCode:0 INFO: Query Registry for Key:SOFTWARE\Microsoft\Windows Azure\CurrentVersion\AzureMonitorAgentExtension\47.4.1.0, Name:MaServiceProcess, Value:3012
[2026-02-20 22:20:14.000]  [FindProcessById] ErrorCode:0 INFO: Attempt to find the process MonAgentLauncher.exe with ID: 3012.
[2026-02-20 22:20:14.000]  [FindProcessById] ErrorCode:0 INFO: Running Process MonAgentLauncher.exe found. ID: 3012.
[2026-02-20 22:20:14.000]  [CheckIfMAServiceIsRunByExtension] ErrorCode:0 INFO: The MA process is running based on the m_registry
[2026-02-20 22:20:14.000]  [QueryRegValueDWORD] ErrorCode:0 INFO: Query Registry for Key:SOFTWARE\Microsoft\Windows Azure\CurrentVersion\AzureMonitorAgentExtension\47.4.1.0, Name:AMAMultitenantServiceProcess
[2026-02-20 22:20:14.000]  [QueryRegValueDWORD] ErrorCode:0 ERROR: RegQueryValueExA: failed to query REG_DWORD value, Key:SOFTWARE\Microsoft\Windows Azure\CurrentVersion\AzureMonitorAgentExtension\47.4.1.0, name=AMAMultitenantServiceProcess, error=2, type=0
[2026-02-20 22:20:14.000]  [CheckIfMAServiceIsRunByExtension] ErrorCode:1205 INFO: Unable to read the m_registry for MA process. Assume it is not running.
[2026-02-20 22:20:14.000]  [AggregateHeartbeat] ErrorCode:0 INFO: Configured MA Service is not running on the node.
[2026-02-20 22:20:14.000]  [SetImdsEnvironmentVariable] ErrorCode:0 INFO: Querying IMDS information
[2026-02-20 22:20:14.000]  [SetImdsEnvironmentVariable] ErrorCode:-1 INFO: Preparing to call IMDS. Endpoint: http://169.254.169.254
[2026-02-20 22:20:14.000]  [QueryIMDSEndpoint] ErrorCode:0 INFO: Queried IMDS successfully.
[2026-02-20 22:20:14.000]  [GetValueFromJsonOrDefault] ErrorCode:0 INFO: Read Imds response field with Name:location Value: westus2
[2026-02-20 22:20:14.000]  [GetValueFromJsonOrDefault] ErrorCode:0 INFO: Read Imds response field with Name:name Value: amawin
[2026-02-20 22:20:14.000]  [GetValueFromJsonOrDefault] ErrorCode:0 INFO: Read Imds response field with Name:subscriptionId Value: 351651ce-5feb-4e59-975d-f1f344e2b717
[2026-02-20 22:20:14.000]  [GetValueFromJsonOrDefault] ErrorCode:0 INFO: Read Imds response field with Name:vmId Value: 22afd636-aec1-4782-9055-f85ea283dc20
[2026-02-20 22:20:14.000]  [GetValueFromJsonOrDefault] ErrorCode:0 INFO: Read Imds response field with Name:vmScaleSetName Value: 
[2026-02-20 22:20:14.000]  [GetValueFromJsonOrDefault] ErrorCode:0 INFO: Read Imds response field with Name:resourceGroupName Value: AMAWin_group
[2026-02-20 22:20:14.000]  [GetValueFromJsonOrDefault] ErrorCode:0 INFO: Read Imds response field with Name:osType Value: Windows
[2026-02-20 22:20:14.000]  [GetValueFromJsonOrDefault] ErrorCode:0 INFO: Read Imds response field with Name:resourceId Value: /subscriptions/351651ce-5feb-4e59-975d-f1f344e2b717/resourceGroups/AMAWin_group/providers/Microsoft.Compute/virtualMachines/amawin
[2026-02-20 22:20:14.000]  [GetValueFromJsonOrDefault] ErrorCode:0 INFO: Read Imds response field with Name:azEnvironment Value: AzurePublicCloud
[2026-02-20 22:20:14.000]  [SetImdsEnvironmentVariable] ErrorCode:0 INFO: Successfully set Environment variables from Imds
[2026-02-20 22:20:14.000]  [AggregateHeartbeat] ErrorCode:0 INFO: Completed heartbeat aggregation.
[2026-02-20 22:20:44.000]  [WriteStatusToFile] ErrorCode:0 INFO: Sending the status.
[2026-02-20 22:20:44.000]  [WriteHeartbeatToFile] ErrorCode:0 INFO: Sending the heartbeat.
[2026-02-20 22:20:44.000]  [WriteStatusToFile] ErrorCode:0 INFO: Done Sending the status.
[2026-02-20 22:20:44.000]  [WriteHeartbeatToFile] ErrorCode:0 INFO: Done Sending the heartbeat.
[2026-02-20 22:21:14.000]  [WriteStatusToFile] ErrorCode:0 INFO: Sending the status.
[2026-02-20 22:21:14.000]  [WriteHeartbeatToFile] ErrorCode:0 INFO: Sending the heartbeat.
[2026-02-20 22:21:14.000]  [WriteStatusToFile] ErrorCode:0 INFO: Done Sending the status.
[2026-02-20 22:21:14.000]  [WriteHeartbeatToFile] ErrorCode:0 INFO: Done Sending the heartbeat.
[2026-02-20 22:21:14.000]  [FindProcessById] ErrorCode:0 INFO: Attempt to find the process MetricsExtension.Native.exe with ID: 2308.
[2026-02-20 22:21:14.000]  [FindProcessById] ErrorCode:0 INFO: Running Process MetricsExtension.Native.exe found. ID: 2308.
[2026-02-20 22:21:14.000]  [StartMetricsExtension] ErrorCode:0 ERROR: Metrics extension is already running
[2026-02-20 22:21:44.000]  [WriteHeartbeatToFile] ErrorCode:0 INFO: Sending the heartbeat.
[2026-02-20 22:21:44.000]  [WriteStatusToFile] ErrorCode:0 INFO: Sending the status.
[2026-02-20 22:21:44.000]  [WriteHeartbeatToFile] ErrorCode:0 INFO: Done Sending the heartbeat.
[2026-02-20 22:21:44.000]  [WriteStatusToFile] ErrorCode:0 INFO: Done Sending the status.
[2026-02-20 22:22:14.000]  [WriteHeartbeatToFile] ErrorCode:0 INFO: Sending the heartbeat.
[2026-02-20 22:22:14.000]  [WriteStatusToFile] ErrorCode:0 INFO: Sending the status.
[2026-02-20 22:22:14.000]  [WriteHeartbeatToFile] ErrorCode:0 INFO: Done Sending the heartbeat.
[2026-02-20 22:22:14.000]  [WriteStatusToFile] ErrorCode:0 INFO: Done Sending the status.
[2026-02-20 22:22:14.000]  [FindProcessById] ErrorCode:0 INFO: Attempt to find the process MetricsExtension.Native.exe with ID: 2308.
[2026-02-20 22:22:14.000]  [FindProcessById] ErrorCode:0 INFO: Running Process MetricsExtension.Native.exe found. ID: 2308.
[2026-02-20 22:22:14.000]  [StartMetricsExtension] ErrorCode:0 ERROR: Metrics extension is already running
[2026-02-20 22:22:44.000]  [WriteStatusToFile] ErrorCode:0 INFO: Sending the status.
[2026-02-20 22:22:44.000]  [WriteHeartbeatToFile] ErrorCode:0 INFO: Sending the heartbeat.
[2026-02-20 22:22:44.000]  [WriteStatusToFile] ErrorCode:0 INFO: Done Sending the status.
[2026-02-20 22:22:44.000]  [WriteHeartbeatToFile] ErrorCode:0 INFO: Done Sending the heartbeat.
[2026-02-20 22:23:14.000]  [WriteStatusToFile] ErrorCode:0 INFO: Sending the status.
[2026-02-20 22:23:14.000]  [WriteHeartbeatToFile] ErrorCode:0 INFO: Sending the heartbeat.
[2026-02-20 22:23:14.000]  [WriteStatusToFile] ErrorCode:0 INFO: Done Sending the status.
[2026-02-20 22:23:14.000]  [WriteHeartbeatToFile] ErrorCode:0 INFO: Done Sending the heartbeat.
[2026-02-20 22:23:14.000]  [FindProcessById] ErrorCode:0 INFO: Attempt to find the process MetricsExtension.Native.exe with ID: 2308.
[2026-02-20 22:23:14.000]  [FindProcessById] ErrorCode:0 INFO: Running Process MetricsExtension.Native.exe found. ID: 2308.
[2026-02-20 22:23:14.000]  [StartMetricsExtension] ErrorCode:0 ERROR: Metrics extension is already running
[2026-02-20 22:23:44.000]  [WriteHeartbeatToFile] ErrorCode:0 INFO: Sending the heartbeat.
[2026-02-20 22:23:44.000]  [WriteStatusToFile] ErrorCode:0 INFO: Sending the status.
[2026-02-20 22:23:44.000]  [WriteHeartbeatToFile] ErrorCode:0 INFO: Done Sending the heartbeat.
[2026-02-20 22:23:44.000]  [WriteStatusToFile] ErrorCode:0 INFO: Done Sending the status.
[2026-02-20 22:24:14.000]  [WriteStatusToFile] ErrorCode:0 INFO: Sending the status.
[2026-02-20 22:24:14.000]  [WriteHeartbeatToFile] ErrorCode:0 INFO: Sending the heartbeat.
[2026-02-20 22:24:14.000]  [WriteHeartbeatToFile] ErrorCode:0 INFO: Done Sending the heartbeat.
[2026-02-20 22:24:14.000]  [WriteStatusToFile] ErrorCode:0 INFO: Done Sending the status.
[2026-02-20 22:24:14.000]  [FindProcessById] ErrorCode:0 INFO: Attempt to find the process MetricsExtension.Native.exe with ID: 2308.
[2026-02-20 22:24:14.000]  [FindProcessById] ErrorCode:0 INFO: Running Process MetricsExtension.Native.exe found. ID: 2308.
[2026-02-20 22:24:14.000]  [StartMetricsExtension] ErrorCode:0 ERROR: Metrics extension is already running
[2026-02-20 22:24:44.000]  [WriteStatusToFile] ErrorCode:0 INFO: Sending the status.
[2026-02-20 22:24:44.000]  [WriteHeartbeatToFile] ErrorCode:0 INFO: Sending the heartbeat.
[2026-02-20 22:24:44.000]  [WriteHeartbeatToFile] ErrorCode:0 INFO: Done Sending the heartbeat.
[2026-02-20 22:24:44.000]  [WriteStatusToFile] ErrorCode:0 INFO: Done Sending the status.
[2026-02-20 22:25:14.000]  [WriteHeartbeatToFile] ErrorCode:0 INFO: Sending the heartbeat.
[2026-02-20 22:25:14.000]  [WriteStatusToFile] ErrorCode:0 INFO: Sending the status.
[2026-02-20 22:25:14.000]  [WriteStatusToFile] ErrorCode:0 INFO: Done Sending the status.
[2026-02-20 22:25:14.000]  [WriteHeartbeatToFile] ErrorCode:0 INFO: Done Sending the heartbeat.
[2026-02-20 22:25:14.000]  [FindProcessById] ErrorCode:0 INFO: Attempt to find the process MetricsExtension.Native.exe with ID: 2308.
[2026-02-20 22:25:14.000]  [FindProcessById] ErrorCode:0 INFO: Running Process MetricsExtension.Native.exe found. ID: 2308.
[2026-02-20 22:25:14.000]  [StartMetricsExtension] ErrorCode:0 ERROR: Metrics extension is already running
[2026-02-20 22:25:14.000]  [AggregateHeartbeat] ErrorCode:0 INFO: Start heartbeat aggregation.
[2026-02-20 22:25:14.000]  [QueryRegValueDWORD] ErrorCode:0 INFO: Query Registry for Key:SOFTWARE\Microsoft\Windows Azure\CurrentVersion\AzureMonitorAgentExtension\47.4.1.0, Name:MaServiceProcess
[2026-02-20 22:25:14.000]  [QueryRegValueDWORD] ErrorCode:0 INFO: Query Registry for Key:SOFTWARE\Microsoft\Windows Azure\CurrentVersion\AzureMonitorAgentExtension\47.4.1.0, Name:MaServiceProcess, Value:3012
[2026-02-20 22:25:14.000]  [FindProcessById] ErrorCode:0 INFO: Attempt to find the process MonAgentLauncher.exe with ID: 3012.
[2026-02-20 22:25:14.000]  [FindProcessById] ErrorCode:0 INFO: Running Process MonAgentLauncher.exe found. ID: 3012.
[2026-02-20 22:25:14.000]  [CheckIfMAServiceIsRunByExtension] ErrorCode:0 INFO: The MA process is running based on the m_registry
[2026-02-20 22:25:14.000]  [QueryRegValueDWORD] ErrorCode:0 INFO: Query Registry for Key:SOFTWARE\Microsoft\Windows Azure\CurrentVersion\AzureMonitorAgentExtension\47.4.1.0, Name:AMAMultitenantServiceProcess
[2026-02-20 22:25:14.000]  [QueryRegValueDWORD] ErrorCode:0 ERROR: RegQueryValueExA: failed to query REG_DWORD value, Key:SOFTWARE\Microsoft\Windows Azure\CurrentVersion\AzureMonitorAgentExtension\47.4.1.0, name=AMAMultitenantServiceProcess, error=2, type=0
[2026-02-20 22:25:14.000]  [CheckIfMAServiceIsRunByExtension] ErrorCode:1205 INFO: Unable to read the m_registry for MA process. Assume it is not running.
[2026-02-20 22:25:14.000]  [AggregateHeartbeat] ErrorCode:0 INFO: Configured MA Service is not running on the node.
[2026-02-20 22:25:14.000]  [SetImdsEnvironmentVariable] ErrorCode:0 INFO: Querying IMDS information
[2026-02-20 22:25:14.000]  [SetImdsEnvironmentVariable] ErrorCode:-1 INFO: Preparing to call IMDS. Endpoint: http://169.254.169.254
[2026-02-20 22:25:14.000]  [QueryIMDSEndpoint] ErrorCode:0 INFO: Queried IMDS successfully.
[2026-02-20 22:25:14.000]  [GetValueFromJsonOrDefault] ErrorCode:0 INFO: Read Imds response field with Name:location Value: westus2
[2026-02-20 22:25:14.000]  [GetValueFromJsonOrDefault] ErrorCode:0 INFO: Read Imds response field with Name:name Value: amawin
[2026-02-20 22:25:14.000]  [GetValueFromJsonOrDefault] ErrorCode:0 INFO: Read Imds response field with Name:subscriptionId Value: 351651ce-5feb-4e59-975d-f1f344e2b717
[2026-02-20 22:25:14.000]  [GetValueFromJsonOrDefault] ErrorCode:0 INFO: Read Imds response field with Name:vmId Value: 22afd636-aec1-4782-9055-f85ea283dc20
[2026-02-20 22:25:14.000]  [GetValueFromJsonOrDefault] ErrorCode:0 INFO: Read Imds response field with Name:vmScaleSetName Value: 
[2026-02-20 22:25:14.000]  [GetValueFromJsonOrDefault] ErrorCode:0 INFO: Read Imds response field with Name:resourceGroupName Value: AMAWin_group
[2026-02-20 22:25:14.000]  [GetValueFromJsonOrDefault] ErrorCode:0 INFO: Read Imds response field with Name:osType Value: Windows
[2026-02-20 22:25:14.000]  [GetValueFromJsonOrDefault] ErrorCode:0 INFO: Read Imds response field with Name:resourceId Value: /subscriptions/351651ce-5feb-4e59-975d-f1f344e2b717/resourceGroups/AMAWin_group/providers/Microsoft.Compute/virtualMachines/amawin
[2026-02-20 22:25:14.000]  [GetValueFromJsonOrDefault] ErrorCode:0 INFO: Read Imds response field with Name:azEnvironment Value: AzurePublicCloud
[2026-02-20 22:25:14.000]  [SetImdsEnvironmentVariable] ErrorCode:0 INFO: Successfully set Environment variables from Imds
[2026-02-20 22:25:14.000]  [AggregateHeartbeat] ErrorCode:0 INFO: Completed heartbeat aggregation.
[2026-02-20 22:25:44.000]  [WriteHeartbeatToFile] ErrorCode:0 INFO: Sending the heartbeat.
[2026-02-20 22:25:44.000]  [WriteStatusToFile] ErrorCode:0 INFO: Sending the status.
[2026-02-20 22:25:44.000]  [WriteHeartbeatToFile] ErrorCode:0 INFO: Done Sending the heartbeat.
[2026-02-20 22:25:44.000]  [WriteStatusToFile] ErrorCode:0 INFO: Done Sending the status.
[2026-02-20 22:26:14.000]  [WriteHeartbeatToFile] ErrorCode:0 INFO: Sending the heartbeat.
[2026-02-20 22:26:14.000]  [WriteStatusToFile] ErrorCode:0 INFO: Sending the status.
[2026-02-20 22:26:14.000]  [WriteStatusToFile] ErrorCode:0 INFO: Done Sending the status.
[2026-02-20 22:26:14.000]  [WriteHeartbeatToFile] ErrorCode:0 INFO: Done Sending the heartbeat.
[2026-02-20 22:26:14.000]  [FindProcessById] ErrorCode:0 INFO: Attempt to find the process MetricsExtension.Native.exe with ID: 2308.
[2026-02-20 22:26:14.000]  [FindProcessById] ErrorCode:0 INFO: Running Process MetricsExtension.Native.exe found. ID: 2308.
[2026-02-20 22:26:14.000]  [StartMetricsExtension] ErrorCode:0 ERROR: Metrics extension is already running
[2026-02-20 22:26:44.000]  [WriteStatusToFile] ErrorCode:0 INFO: Sending the status.
[2026-02-20 22:26:44.000]  [WriteHeartbeatToFile] ErrorCode:0 INFO: Sending the heartbeat.
[2026-02-20 22:26:44.000]  [WriteStatusToFile] ErrorCode:0 INFO: Done Sending the status.
[2026-02-20 22:26:44.000]  [WriteHeartbeatToFile] ErrorCode:0 INFO: Done Sending the heartbeat.
[2026-02-20 22:27:14.000]  [WriteStatusToFile] ErrorCode:0 INFO: Sending the status.
[2026-02-20 22:27:14.000]  [WriteHeartbeatToFile] ErrorCode:0 INFO: Sending the heartbeat.
[2026-02-20 22:27:14.000]  [WriteStatusToFile] ErrorCode:0 INFO: Done Sending the status.
[2026-02-20 22:27:14.000]  [WriteHeartbeatToFile] ErrorCode:0 INFO: Done Sending the heartbeat.
[2026-02-20 22:27:14.000]  [FindProcessById] ErrorCode:0 INFO: Attempt to find the process MetricsExtension.Native.exe with ID: 2308.
[2026-02-20 22:27:14.000]  [FindProcessById] ErrorCode:0 INFO: Running Process MetricsExtension.Native.exe found. ID: 2308.
[2026-02-20 22:27:14.000]  [StartMetricsExtension] ErrorCode:0 ERROR: Metrics extension is already running
[2026-02-20 22:27:44.000]  [WriteStatusToFile] ErrorCode:0 INFO: Sending the status.
[2026-02-20 22:27:44.000]  [WriteHeartbeatToFile] ErrorCode:0 INFO: Sending the heartbeat.
[2026-02-20 22:27:44.000]  [WriteHeartbeatToFile] ErrorCode:0 INFO: Done Sending the heartbeat.
[2026-02-20 22:27:44.000]  [WriteStatusToFile] ErrorCode:0 INFO: Done Sending the status.
[2026-02-20 22:28:14.000]  [WriteStatusToFile] ErrorCode:0 INFO: Sending the status.
[2026-02-20 22:28:14.000]  [WriteHeartbeatToFile] ErrorCode:0 INFO: Sending the heartbeat.
[2026-02-20 22:28:14.000]  [WriteStatusToFile] ErrorCode:0 INFO: Done Sending the status.
[2026-02-20 22:28:14.000]  [WriteHeartbeatToFile] ErrorCode:0 INFO: Done Sending the heartbeat.
[2026-02-20 22:28:14.000]  [FindProcessById] ErrorCode:0 INFO: Attempt to find the process MetricsExtension.Native.exe with ID: 2308.
[2026-02-20 22:28:14.000]  [FindProcessById] ErrorCode:0 INFO: Running Process MetricsExtension.Native.exe found. ID: 2308.
[2026-02-20 22:28:14.000]  [StartMetricsExtension] ErrorCode:0 ERROR: Metrics extension is already running
[2026-02-20 22:28:44.000]  [WriteHeartbeatToFile] ErrorCode:0 INFO: Sending the heartbeat.
[2026-02-20 22:28:44.000]  [WriteStatusToFile] ErrorCode:0 INFO: Sending the status.
[2026-02-20 22:28:44.000]  [WriteStatusToFile] ErrorCode:0 INFO: Done Sending the status.
[2026-02-20 22:28:44.000]  [WriteHeartbeatToFile] ErrorCode:0 INFO: Done Sending the heartbeat.
[2026-02-20 22:29:14.000]  [WriteStatusToFile] ErrorCode:0 INFO: Sending the status.
[2026-02-20 22:29:14.000]  [WriteHeartbeatToFile] ErrorCode:0 INFO: Sending the heartbeat.
[2026-02-20 22:29:14.000]  [WriteStatusToFile] ErrorCode:0 INFO: Done Sending the status.
[2026-02-20 22:29:14.000]  [WriteHeartbeatToFile] ErrorCode:0 INFO: Done Sending the heartbeat.
[2026-02-20 22:29:14.000]  [FindProcessById] ErrorCode:0 INFO: Attempt to find the process MetricsExtension.Native.exe with ID: 2308.
[2026-02-20 22:29:14.000]  [FindProcessById] ErrorCode:0 INFO: Running Process MetricsExtension.Native.exe found. ID: 2308.
[2026-02-20 22:29:14.000]  [StartMetricsExtension] ErrorCode:0 ERROR: Metrics extension is already running
[2026-02-20 22:29:44.000]  [WriteStatusToFile] ErrorCode:0 INFO: Sending the status.
[2026-02-20 22:29:44.000]  [WriteHeartbeatToFile] ErrorCode:0 INFO: Sending the heartbeat.
[2026-02-20 22:29:44.000]  [WriteHeartbeatToFile] ErrorCode:0 INFO: Done Sending the heartbeat.
[2026-02-20 22:29:44.000]  [WriteStatusToFile] ErrorCode:0 INFO: Done Sending the status.
[2026-02-20 22:30:14.000]  [WriteStatusToFile] ErrorCode:0 INFO: Sending the status.
[2026-02-20 22:30:14.000]  [WriteHeartbeatToFile] ErrorCode:0 INFO: Sending the heartbeat.
[2026-02-20 22:30:14.000]  [WriteStatusToFile] ErrorCode:0 INFO: Done Sending the status.
[2026-02-20 22:30:14.000]  [WriteHeartbeatToFile] ErrorCode:0 INFO: Done Sending the heartbeat.
[2026-02-20 22:30:14.000]  [FindProcessById] ErrorCode:0 INFO: Attempt to find the process MetricsExtension.Native.exe with ID: 2308.
[2026-02-20 22:30:14.000]  [FindProcessById] ErrorCode:0 INFO: Running Process MetricsExtension.Native.exe found. ID: 2308.
[2026-02-20 22:30:14.000]  [StartMetricsExtension] ErrorCode:0 ERROR: Metrics extension is already running
[2026-02-20 22:30:14.000]  [AggregateHeartbeat] ErrorCode:0 INFO: Start heartbeat aggregation.
[2026-02-20 22:30:14.000]  [QueryRegValueDWORD] ErrorCode:0 INFO: Query Registry for Key:SOFTWARE\Microsoft\Windows Azure\CurrentVersion\AzureMonitorAgentExtension\47.4.1.0, Name:MaServiceProcess
[2026-02-20 22:30:14.000]  [QueryRegValueDWORD] ErrorCode:0 INFO: Query Registry for Key:SOFTWARE\Microsoft\Windows Azure\CurrentVersion\AzureMonitorAgentExtension\47.4.1.0, Name:MaServiceProcess, Value:3012
[2026-02-20 22:30:14.000]  [FindProcessById] ErrorCode:0 INFO: Attempt to find the process MonAgentLauncher.exe with ID: 3012.
[2026-02-20 22:30:14.000]  [FindProcessById] ErrorCode:0 INFO: Running Process MonAgentLauncher.exe found. ID: 3012.
[2026-02-20 22:30:14.000]  [CheckIfMAServiceIsRunByExtension] ErrorCode:0 INFO: The MA process is running based on the m_registry
[2026-02-20 22:30:14.000]  [QueryRegValueDWORD] ErrorCode:0 INFO: Query Registry for Key:SOFTWARE\Microsoft\Windows Azure\CurrentVersion\AzureMonitorAgentExtension\47.4.1.0, Name:AMAMultitenantServiceProcess
[2026-02-20 22:30:14.000]  [QueryRegValueDWORD] ErrorCode:0 ERROR: RegQueryValueExA: failed to query REG_DWORD value, Key:SOFTWARE\Microsoft\Windows Azure\CurrentVersion\AzureMonitorAgentExtension\47.4.1.0, name=AMAMultitenantServiceProcess, error=2, type=0
[2026-02-20 22:30:14.000]  [CheckIfMAServiceIsRunByExtension] ErrorCode:1205 INFO: Unable to read the m_registry for MA process. Assume it is not running.
[2026-02-20 22:30:14.000]  [AggregateHeartbeat] ErrorCode:0 INFO: Configured MA Service is not running on the node.
[2026-02-20 22:30:14.000]  [SetImdsEnvironmentVariable] ErrorCode:0 INFO: Querying IMDS information
[2026-02-20 22:30:14.000]  [SetImdsEnvironmentVariable] ErrorCode:-1 INFO: Preparing to call IMDS. Endpoint: http://169.254.169.254
[2026-02-20 22:30:14.000]  [QueryIMDSEndpoint] ErrorCode:0 INFO: Queried IMDS successfully.
[2026-02-20 22:30:14.000]  [GetValueFromJsonOrDefault] ErrorCode:0 INFO: Read Imds response field with Name:location Value: westus2
[2026-02-20 22:30:14.000]  [GetValueFromJsonOrDefault] ErrorCode:0 INFO: Read Imds response field with Name:name Value: amawin
[2026-02-20 22:30:14.000]  [GetValueFromJsonOrDefault] ErrorCode:0 INFO: Read Imds response field with Name:subscriptionId Value: 351651ce-5feb-4e59-975d-f1f344e2b717
[2026-02-20 22:30:14.000]  [GetValueFromJsonOrDefault] ErrorCode:0 INFO: Read Imds response field with Name:vmId Value: 22afd636-aec1-4782-9055-f85ea283dc20
[2026-02-20 22:30:14.000]  [GetValueFromJsonOrDefault] ErrorCode:0 INFO: Read Imds response field with Name:vmScaleSetName Value: 
[2026-02-20 22:30:14.000]  [GetValueFromJsonOrDefault] ErrorCode:0 INFO: Read Imds response field with Name:resourceGroupName Value: AMAWin_group
[2026-02-20 22:30:14.000]  [GetValueFromJsonOrDefault] ErrorCode:0 INFO: Read Imds response field with Name:osType Value: Windows
[2026-02-20 22:30:14.000]  [GetValueFromJsonOrDefault] ErrorCode:0 INFO: Read Imds response field with Name:resourceId Value: /subscriptions/351651ce-5feb-4e59-975d-f1f344e2b717/resourceGroups/AMAWin_group/providers/Microsoft.Compute/virtualMachines/amawin
[2026-02-20 22:30:14.000]  [GetValueFromJsonOrDefault] ErrorCode:0 INFO: Read Imds response field with Name:azEnvironment Value: AzurePublicCloud
[2026-02-20 22:30:14.000]  [SetImdsEnvironmentVariable] ErrorCode:0 INFO: Successfully set Environment variables from Imds
[2026-02-20 22:30:14.000]  [AggregateHeartbeat] ErrorCode:0 INFO: Completed heartbeat aggregation.
[2026-02-20 22:30:44.000]  [WriteStatusToFile] ErrorCode:0 INFO: Sending the status.
[2026-02-20 22:30:44.000]  [WriteHeartbeatToFile] ErrorCode:0 INFO: Sending the heartbeat.
[2026-02-20 22:30:44.000]  [WriteStatusToFile] ErrorCode:0 INFO: Done Sending the status.
[2026-02-20 22:30:44.000]  [WriteHeartbeatToFile] ErrorCode:0 INFO: Done Sending the heartbeat.
[2026-02-20 22:31:14.000]  [WriteStatusToFile] ErrorCode:0 INFO: Sending the status.
[2026-02-20 22:31:14.000]  [WriteHeartbeatToFile] ErrorCode:0 INFO: Sending the heartbeat.
[2026-02-20 22:31:14.000]  [WriteStatusToFile] ErrorCode:0 INFO: Done Sending the status.
[2026-02-20 22:31:14.000]  [WriteHeartbeatToFile] ErrorCode:0 INFO: Done Sending the heartbeat.
[2026-02-20 22:31:14.000]  [FindProcessById] ErrorCode:0 INFO: Attempt to find the process MetricsExtension.Native.exe with ID: 2308.
[2026-02-20 22:31:14.000]  [FindProcessById] ErrorCode:0 INFO: Running Process MetricsExtension.Native.exe found. ID: 2308.
[2026-02-20 22:31:14.000]  [StartMetricsExtension] ErrorCode:0 ERROR: Metrics extension is already running
[2026-02-20 22:31:44.000]  [WriteStatusToFile] ErrorCode:0 INFO: Sending the status.
[2026-02-20 22:31:44.000]  [WriteHeartbeatToFile] ErrorCode:0 INFO: Sending the heartbeat.
[2026-02-20 22:31:44.000]  [WriteHeartbeatToFile] ErrorCode:0 INFO: Done Sending the heartbeat.
[2026-02-20 22:31:44.000]  [WriteStatusToFile] ErrorCode:0 INFO: Done Sending the status.
[2026-02-20 22:32:14.000]  [WriteStatusToFile] ErrorCode:0 INFO: Sending the status.
[2026-02-20 22:32:14.000]  [WriteHeartbeatToFile] ErrorCode:0 INFO: Sending the heartbeat.
[2026-02-20 22:32:14.000]  [WriteHeartbeatToFile] ErrorCode:0 INFO: Done Sending the heartbeat.
[2026-02-20 22:32:14.000]  [WriteStatusToFile] ErrorCode:0 INFO: Done Sending the status.
[2026-02-20 22:32:14.000]  [FindProcessById] ErrorCode:0 INFO: Attempt to find the process MetricsExtension.Native.exe with ID: 2308.
[2026-02-20 22:32:14.000]  [FindProcessById] ErrorCode:0 INFO: Running Process MetricsExtension.Native.exe found. ID: 2308.
[2026-02-20 22:32:14.000]  [StartMetricsExtension] ErrorCode:0 ERROR: Metrics extension is already running
[2026-02-20 22:32:44.000]  [WriteStatusToFile] ErrorCode:0 INFO: Sending the status.
[2026-02-20 22:32:44.000]  [WriteHeartbeatToFile] ErrorCode:0 INFO: Sending the heartbeat.
[2026-02-20 22:32:44.000]  [WriteHeartbeatToFile] ErrorCode:0 INFO: Done Sending the heartbeat.
[2026-02-20 22:32:44.000]  [WriteStatusToFile] ErrorCode:0 INFO: Done Sending the status.
[2026-02-20 22:33:14.000]  [WriteStatusToFile] ErrorCode:0 INFO: Sending the status.
[2026-02-20 22:33:14.000]  [WriteHeartbeatToFile] ErrorCode:0 INFO: Sending the heartbeat.
[2026-02-20 22:33:14.000]  [WriteHeartbeatToFile] ErrorCode:0 INFO: Done Sending the heartbeat.
[2026-02-20 22:33:14.000]  [WriteStatusToFile] ErrorCode:0 INFO: Done Sending the status.
[2026-02-20 22:33:14.000]  [FindProcessById] ErrorCode:0 INFO: Attempt to find the process MetricsExtension.Native.exe with ID: 2308.
[2026-02-20 22:33:14.000]  [FindProcessById] ErrorCode:0 INFO: Running Process MetricsExtension.Native.exe found. ID: 2308.
[2026-02-20 22:33:14.000]  [StartMetricsExtension] ErrorCode:0 ERROR: Metrics extension is already running
[2026-02-20 22:33:44.000]  [WriteStatusToFile] ErrorCode:0 INFO: Sending the status.
[2026-02-20 22:33:44.000]  [WriteHeartbeatToFile] ErrorCode:0 INFO: Sending the heartbeat.
[2026-02-20 22:33:44.000]  [WriteStatusToFile] ErrorCode:0 INFO: Done Sending the status.
[2026-02-20 22:33:44.000]  [WriteHeartbeatToFile] ErrorCode:0 INFO: Done Sending the heartbeat.
[2026-02-20 22:34:14.000]  [WriteHeartbeatToFile] ErrorCode:0 INFO: Sending the heartbeat.
[2026-02-20 22:34:14.000]  [WriteStatusToFile] ErrorCode:0 INFO: Sending the status.
[2026-02-20 22:34:14.000]  [WriteHeartbeatToFile] ErrorCode:0 INFO: Done Sending the heartbeat.
[2026-02-20 22:34:14.000]  [WriteStatusToFile] ErrorCode:0 INFO: Done Sending the status.
[2026-02-20 22:34:14.000]  [FindProcessById] ErrorCode:0 INFO: Attempt to find the process MetricsExtension.Native.exe with ID: 2308.
[2026-02-20 22:34:14.000]  [FindProcessById] ErrorCode:0 INFO: Running Process MetricsExtension.Native.exe found. ID: 2308.
[2026-02-20 22:34:14.000]  [StartMetricsExtension] ErrorCode:0 ERROR: Metrics extension is already running
[2026-02-20 22:34:44.000]  [WriteStatusToFile] ErrorCode:0 INFO: Sending the status.
[2026-02-20 22:34:44.000]  [WriteHeartbeatToFile] ErrorCode:0 INFO: Sending the heartbeat.
[2026-02-20 22:34:44.000]  [WriteHeartbeatToFile] ErrorCode:0 INFO: Done Sending the heartbeat.
[2026-02-20 22:34:44.000]  [WriteStatusToFile] ErrorCode:0 INFO: Done Sending the status.
[2026-02-20 22:35:14.000]  [WriteStatusToFile] ErrorCode:0 INFO: Sending the status.
[2026-02-20 22:35:14.000]  [WriteHeartbeatToFile] ErrorCode:0 INFO: Sending the heartbeat.
[2026-02-20 22:35:14.000]  [WriteHeartbeatToFile] ErrorCode:0 INFO: Done Sending the heartbeat.
[2026-02-20 22:35:14.000]  [WriteStatusToFile] ErrorCode:0 INFO: Done Sending the status.
[2026-02-20 22:35:14.000]  [FindProcessById] ErrorCode:0 INFO: Attempt to find the process MetricsExtension.Native.exe with ID: 2308.
[2026-02-20 22:35:14.000]  [FindProcessById] ErrorCode:0 INFO: Running Process MetricsExtension.Native.exe found. ID: 2308.
[2026-02-20 22:35:14.000]  [StartMetricsExtension] ErrorCode:0 ERROR: Metrics extension is already running
[2026-02-20 22:35:14.000]  [AggregateHeartbeat] ErrorCode:0 INFO: Start heartbeat aggregation.
[2026-02-20 22:35:14.000]  [QueryRegValueDWORD] ErrorCode:0 INFO: Query Registry for Key:SOFTWARE\Microsoft\Windows Azure\CurrentVersion\AzureMonitorAgentExtension\47.4.1.0, Name:MaServiceProcess
[2026-02-20 22:35:14.000]  [QueryRegValueDWORD] ErrorCode:0 INFO: Query Registry for Key:SOFTWARE\Microsoft\Windows Azure\CurrentVersion\AzureMonitorAgentExtension\47.4.1.0, Name:MaServiceProcess, Value:3012
[2026-02-20 22:35:14.000]  [FindProcessById] ErrorCode:0 INFO: Attempt to find the process MonAgentLauncher.exe with ID: 3012.
[2026-02-20 22:35:14.000]  [FindProcessById] ErrorCode:0 INFO: Running Process MonAgentLauncher.exe found. ID: 3012.
[2026-02-20 22:35:14.000]  [CheckIfMAServiceIsRunByExtension] ErrorCode:0 INFO: The MA process is running based on the m_registry
[2026-02-20 22:35:14.000]  [QueryRegValueDWORD] ErrorCode:0 INFO: Query Registry for Key:SOFTWARE\Microsoft\Windows Azure\CurrentVersion\AzureMonitorAgentExtension\47.4.1.0, Name:AMAMultitenantServiceProcess
[2026-02-20 22:35:14.000]  [QueryRegValueDWORD] ErrorCode:0 ERROR: RegQueryValueExA: failed to query REG_DWORD value, Key:SOFTWARE\Microsoft\Windows Azure\CurrentVersion\AzureMonitorAgentExtension\47.4.1.0, name=AMAMultitenantServiceProcess, error=2, type=0
[2026-02-20 22:35:14.000]  [CheckIfMAServiceIsRunByExtension] ErrorCode:1205 INFO: Unable to read the m_registry for MA process. Assume it is not running.
[2026-02-20 22:35:14.000]  [AggregateHeartbeat] ErrorCode:0 INFO: Configured MA Service is not running on the node.
[2026-02-20 22:35:14.000]  [SetImdsEnvironmentVariable] ErrorCode:0 INFO: Querying IMDS information
[2026-02-20 22:35:14.000]  [SetImdsEnvironmentVariable] ErrorCode:-1 INFO: Preparing to call IMDS. Endpoint: http://169.254.169.254
[2026-02-20 22:35:15.000]  [QueryIMDSEndpoint] ErrorCode:0 INFO: Queried IMDS successfully.
[2026-02-20 22:35:15.000]  [GetValueFromJsonOrDefault] ErrorCode:0 INFO: Read Imds response field with Name:location Value: westus2
[2026-02-20 22:35:15.000]  [GetValueFromJsonOrDefault] ErrorCode:0 INFO: Read Imds response field with Name:name Value: amawin
[2026-02-20 22:35:15.000]  [GetValueFromJsonOrDefault] ErrorCode:0 INFO: Read Imds response field with Name:subscriptionId Value: 351651ce-5feb-4e59-975d-f1f344e2b717
[2026-02-20 22:35:15.000]  [GetValueFromJsonOrDefault] ErrorCode:0 INFO: Read Imds response field with Name:vmId Value: 22afd636-aec1-4782-9055-f85ea283dc20
[2026-02-20 22:35:15.000]  [GetValueFromJsonOrDefault] ErrorCode:0 INFO: Read Imds response field with Name:vmScaleSetName Value: 
[2026-02-20 22:35:15.000]  [GetValueFromJsonOrDefault] ErrorCode:0 INFO: Read Imds response field with Name:resourceGroupName Value: AMAWin_group
[2026-02-20 22:35:15.000]  [GetValueFromJsonOrDefault] ErrorCode:0 INFO: Read Imds response field with Name:osType Value: Windows
[2026-02-20 22:35:15.000]  [GetValueFromJsonOrDefault] ErrorCode:0 INFO: Read Imds response field with Name:resourceId Value: /subscriptions/351651ce-5feb-4e59-975d-f1f344e2b717/resourceGroups/AMAWin_group/providers/Microsoft.Compute/virtualMachines/amawin
[2026-02-20 22:35:15.000]  [GetValueFromJsonOrDefault] ErrorCode:0 INFO: Read Imds response field with Name:azEnvironment Value: AzurePublicCloud
[2026-02-20 22:35:15.000]  [SetImdsEnvironmentVariable] ErrorCode:0 INFO: Successfully set Environment variables from Imds
[2026-02-20 22:35:15.000]  [AggregateHeartbeat] ErrorCode:0 INFO: Completed heartbeat aggregation.
[2026-02-20 22:35:44.000]  [WriteStatusToFile] ErrorCode:0 INFO: Sending the status.
[2026-02-20 22:35:44.000]  [WriteHeartbeatToFile] ErrorCode:0 INFO: Sending the heartbeat.
[2026-02-20 22:35:44.000]  [WriteHeartbeatToFile] ErrorCode:0 INFO: Done Sending the heartbeat.
[2026-02-20 22:35:44.000]  [WriteStatusToFile] ErrorCode:0 INFO: Done Sending the status.
[2026-02-20 22:36:14.000]  [WriteStatusToFile] ErrorCode:0 INFO: Sending the status.
[2026-02-20 22:36:14.000]  [WriteHeartbeatToFile] ErrorCode:0 INFO: Sending the heartbeat.
[2026-02-20 22:36:14.000]  [WriteStatusToFile] ErrorCode:0 INFO: Done Sending the status.
[2026-02-20 22:36:14.000]  [WriteHeartbeatToFile] ErrorCode:0 INFO: Done Sending the heartbeat.
[2026-02-20 22:36:15.000]  [FindProcessById] ErrorCode:0 INFO: Attempt to find the process MetricsExtension.Native.exe with ID: 2308.
[2026-02-20 22:36:15.000]  [FindProcessById] ErrorCode:0 INFO: Running Process MetricsExtension.Native.exe found. ID: 2308.
[2026-02-20 22:36:15.000]  [StartMetricsExtension] ErrorCode:0 ERROR: Metrics extension is already running
[2026-02-20 22:36:44.000]  [WriteStatusToFile] ErrorCode:0 INFO: Sending the status.
[2026-02-20 22:36:44.000]  [WriteHeartbeatToFile] ErrorCode:0 INFO: Sending the heartbeat.
[2026-02-20 22:36:44.000]  [WriteStatusToFile] ErrorCode:0 INFO: Done Sending the status.
[2026-02-20 22:36:44.000]  [WriteHeartbeatToFile] ErrorCode:0 INFO: Done Sending the heartbeat.
[2026-02-20 22:37:14.000]  [WriteStatusToFile] ErrorCode:0 INFO: Sending the status.
[2026-02-20 22:37:14.000]  [WriteHeartbeatToFile] ErrorCode:0 INFO: Sending the heartbeat.
[2026-02-20 22:37:14.000]  [WriteStatusToFile] ErrorCode:0 INFO: Done Sending the status.
[2026-02-20 22:37:14.000]  [WriteHeartbeatToFile] ErrorCode:0 INFO: Done Sending the heartbeat.
[2026-02-20 22:37:15.000]  [FindProcessById] ErrorCode:0 INFO: Attempt to find the process MetricsExtension.Native.exe with ID: 2308.
[2026-02-20 22:37:15.000]  [FindProcessById] ErrorCode:0 INFO: Running Process MetricsExtension.Native.exe found. ID: 2308.
[2026-02-20 22:37:15.000]  [StartMetricsExtension] ErrorCode:0 ERROR: Metrics extension is already running
[2026-02-20 22:37:45.000]  [WriteStatusToFile] ErrorCode:0 INFO: Sending the status.
[2026-02-20 22:37:45.000]  [WriteHeartbeatToFile] ErrorCode:0 INFO: Sending the heartbeat.
[2026-02-20 22:37:45.000]  [WriteStatusToFile] ErrorCode:0 INFO: Done Sending the status.
[2026-02-20 22:37:45.000]  [WriteHeartbeatToFile] ErrorCode:0 INFO: Done Sending the heartbeat.
[2026-02-20 22:38:15.000]  [WriteHeartbeatToFile] ErrorCode:0 INFO: Sending the heartbeat.
[2026-02-20 22:38:15.000]  [WriteStatusToFile] ErrorCode:0 INFO: Sending the status.
[2026-02-20 22:38:15.000]  [WriteHeartbeatToFile] ErrorCode:0 INFO: Done Sending the heartbeat.
[2026-02-20 22:38:15.000]  [WriteStatusToFile] ErrorCode:0 INFO: Done Sending the status.
[2026-02-20 22:38:15.000]  [FindProcessById] ErrorCode:0 INFO: Attempt to find the process MetricsExtension.Native.exe with ID: 2308.
[2026-02-20 22:38:15.000]  [FindProcessById] ErrorCode:0 INFO: Running Process MetricsExtension.Native.exe found. ID: 2308.
[2026-02-20 22:38:15.000]  [StartMetricsExtension] ErrorCode:0 ERROR: Metrics extension is already running
[2026-02-20 22:38:45.000]  [WriteStatusToFile] ErrorCode:0 INFO: Sending the status.
[2026-02-20 22:38:45.000]  [WriteHeartbeatToFile] ErrorCode:0 INFO: Sending the heartbeat.
[2026-02-20 22:38:45.000]  [WriteStatusToFile] ErrorCode:0 INFO: Done Sending the status.
[2026-02-20 22:38:45.000]  [WriteHeartbeatToFile] ErrorCode:0 INFO: Done Sending the heartbeat.
[2026-02-20 22:39:15.000]  [WriteHeartbeatToFile] ErrorCode:0 INFO: Sending the heartbeat.
[2026-02-20 22:39:15.000]  [WriteStatusToFile] ErrorCode:0 INFO: Sending the status.
[2026-02-20 22:39:15.000]  [WriteHeartbeatToFile] ErrorCode:0 INFO: Done Sending the heartbeat.
[2026-02-20 22:39:15.000]  [WriteStatusToFile] ErrorCode:0 INFO: Done Sending the status.
[2026-02-20 22:39:15.000]  [FindProcessById] ErrorCode:0 INFO: Attempt to find the process MetricsExtension.Native.exe with ID: 2308.
[2026-02-20 22:39:15.000]  [FindProcessById] ErrorCode:0 INFO: Running Process MetricsExtension.Native.exe found. ID: 2308.
[2026-02-20 22:39:15.000]  [StartMetricsExtension] ErrorCode:0 ERROR: Metrics extension is already running
[2026-02-20 22:39:45.000]  [WriteHeartbeatToFile] ErrorCode:0 INFO: Sending the heartbeat.
[2026-02-20 22:39:45.000]  [WriteStatusToFile] ErrorCode:0 INFO: Sending the status.
[2026-02-20 22:39:45.000]  [WriteHeartbeatToFile] ErrorCode:0 INFO: Done Sending the heartbeat.
[2026-02-20 22:39:45.000]  [WriteStatusToFile] ErrorCode:0 INFO: Done Sending the status.
[2026-02-20 22:40:15.000]  [WriteStatusToFile] ErrorCode:0 INFO: Sending the status.
[2026-02-20 22:40:15.000]  [WriteHeartbeatToFile] ErrorCode:0 INFO: Sending the heartbeat.
[2026-02-20 22:40:15.000]  [WriteHeartbeatToFile] ErrorCode:0 INFO: Done Sending the heartbeat.
[2026-02-20 22:40:15.000]  [WriteStatusToFile] ErrorCode:0 INFO: Done Sending the status.
[2026-02-20 22:40:15.000]  [FindProcessById] ErrorCode:0 INFO: Attempt to find the process MetricsExtension.Native.exe with ID: 2308.
[2026-02-20 22:40:15.000]  [FindProcessById] ErrorCode:0 INFO: Running Process MetricsExtension.Native.exe found. ID: 2308.
[2026-02-20 22:40:15.000]  [StartMetricsExtension] ErrorCode:0 ERROR: Metrics extension is already running
[2026-02-20 22:40:15.000]  [AggregateHeartbeat] ErrorCode:0 INFO: Start heartbeat aggregation.
[2026-02-20 22:40:15.000]  [QueryRegValueDWORD] ErrorCode:0 INFO: Query Registry for Key:SOFTWARE\Microsoft\Windows Azure\CurrentVersion\AzureMonitorAgentExtension\47.4.1.0, Name:MaServiceProcess
[2026-02-20 22:40:15.000]  [QueryRegValueDWORD] ErrorCode:0 INFO: Query Registry for Key:SOFTWARE\Microsoft\Windows Azure\CurrentVersion\AzureMonitorAgentExtension\47.4.1.0, Name:MaServiceProcess, Value:3012
[2026-02-20 22:40:15.000]  [FindProcessById] ErrorCode:0 INFO: Attempt to find the process MonAgentLauncher.exe with ID: 3012.
[2026-02-20 22:40:15.000]  [FindProcessById] ErrorCode:0 INFO: Running Process MonAgentLauncher.exe found. ID: 3012.
[2026-02-20 22:40:15.000]  [CheckIfMAServiceIsRunByExtension] ErrorCode:0 INFO: The MA process is running based on the m_registry
[2026-02-20 22:40:15.000]  [QueryRegValueDWORD] ErrorCode:0 INFO: Query Registry for Key:SOFTWARE\Microsoft\Windows Azure\CurrentVersion\AzureMonitorAgentExtension\47.4.1.0, Name:AMAMultitenantServiceProcess
[2026-02-20 22:40:15.000]  [QueryRegValueDWORD] ErrorCode:0 ERROR: RegQueryValueExA: failed to query REG_DWORD value, Key:SOFTWARE\Microsoft\Windows Azure\CurrentVersion\AzureMonitorAgentExtension\47.4.1.0, name=AMAMultitenantServiceProcess, error=2, type=0
[2026-02-20 22:40:15.000]  [CheckIfMAServiceIsRunByExtension] ErrorCode:1205 INFO: Unable to read the m_registry for MA process. Assume it is not running.
[2026-02-20 22:40:15.000]  [AggregateHeartbeat] ErrorCode:0 INFO: Configured MA Service is not running on the node.
[2026-02-20 22:40:15.000]  [SetImdsEnvironmentVariable] ErrorCode:0 INFO: Querying IMDS information
[2026-02-20 22:40:15.000]  [SetImdsEnvironmentVariable] ErrorCode:-1 INFO: Preparing to call IMDS. Endpoint: http://169.254.169.254
[2026-02-20 22:40:15.000]  [QueryIMDSEndpoint] ErrorCode:0 INFO: Queried IMDS successfully.
[2026-02-20 22:40:15.000]  [GetValueFromJsonOrDefault] ErrorCode:0 INFO: Read Imds response field with Name:location Value: westus2
[2026-02-20 22:40:15.000]  [GetValueFromJsonOrDefault] ErrorCode:0 INFO: Read Imds response field with Name:name Value: amawin
[2026-02-20 22:40:15.000]  [GetValueFromJsonOrDefault] ErrorCode:0 INFO: Read Imds response field with Name:subscriptionId Value: 351651ce-5feb-4e59-975d-f1f344e2b717
[2026-02-20 22:40:15.000]  [GetValueFromJsonOrDefault] ErrorCode:0 INFO: Read Imds response field with Name:vmId Value: 22afd636-aec1-4782-9055-f85ea283dc20
[2026-02-20 22:40:15.000]  [GetValueFromJsonOrDefault] ErrorCode:0 INFO: Read Imds response field with Name:vmScaleSetName Value: 
[2026-02-20 22:40:15.000]  [GetValueFromJsonOrDefault] ErrorCode:0 INFO: Read Imds response field with Name:resourceGroupName Value: AMAWin_group
[2026-02-20 22:40:15.000]  [GetValueFromJsonOrDefault] ErrorCode:0 INFO: Read Imds response field with Name:osType Value: Windows
[2026-02-20 22:40:15.000]  [GetValueFromJsonOrDefault] ErrorCode:0 INFO: Read Imds response field with Name:resourceId Value: /subscriptions/351651ce-5feb-4e59-975d-f1f344e2b717/resourceGroups/AMAWin_group/providers/Microsoft.Compute/virtualMachines/amawin
[2026-02-20 22:40:15.000]  [GetValueFromJsonOrDefault] ErrorCode:0 INFO: Read Imds response field with Name:azEnvironment Value: AzurePublicCloud
[2026-02-20 22:40:15.000]  [SetImdsEnvironmentVariable] ErrorCode:0 INFO: Successfully set Environment variables from Imds
[2026-02-20 22:40:15.000]  [AggregateHeartbeat] ErrorCode:0 INFO: Completed heartbeat aggregation.
[2026-02-20 22:40:45.000]  [WriteStatusToFile] ErrorCode:0 INFO: Sending the status.
[2026-02-20 22:40:45.000]  [WriteHeartbeatToFile] ErrorCode:0 INFO: Sending the heartbeat.
[2026-02-20 22:40:45.000]  [WriteStatusToFile] ErrorCode:0 INFO: Done Sending the status.
[2026-02-20 22:40:45.000]  [WriteHeartbeatToFile] ErrorCode:0 INFO: Done Sending the heartbeat.
[2026-02-20 22:41:15.000]  [WriteStatusToFile] ErrorCode:0 INFO: Sending the status.
[2026-02-20 22:41:15.000]  [WriteHeartbeatToFile] ErrorCode:0 INFO: Sending the heartbeat.
[2026-02-20 22:41:15.000]  [WriteHeartbeatToFile] ErrorCode:0 INFO: Done Sending the heartbeat.
[2026-02-20 22:41:15.000]  [WriteStatusToFile] ErrorCode:0 INFO: Done Sending the status.
[2026-02-20 22:41:15.000]  [FindProcessById] ErrorCode:0 INFO: Attempt to find the process MetricsExtension.Native.exe with ID: 2308.
[2026-02-20 22:41:15.000]  [FindProcessById] ErrorCode:0 INFO: Running Process MetricsExtension.Native.exe found. ID: 2308.
[2026-02-20 22:41:15.000]  [StartMetricsExtension] ErrorCode:0 ERROR: Metrics extension is already running
[2026-02-20 22:41:45.000]  [WriteStatusToFile] ErrorCode:0 INFO: Sending the status.
[2026-02-20 22:41:45.000]  [WriteHeartbeatToFile] ErrorCode:0 INFO: Sending the heartbeat.
[2026-02-20 22:41:45.000]  [WriteStatusToFile] ErrorCode:0 INFO: Done Sending the status.
[2026-02-20 22:41:45.000]  [WriteHeartbeatToFile] ErrorCode:0 INFO: Done Sending the heartbeat.
[2026-02-20 22:42:15.000]  [WriteStatusToFile] ErrorCode:0 INFO: Sending the status.
[2026-02-20 22:42:15.000]  [WriteHeartbeatToFile] ErrorCode:0 INFO: Sending the heartbeat.
[2026-02-20 22:42:15.000]  [WriteHeartbeatToFile] ErrorCode:0 INFO: Done Sending the heartbeat.
[2026-02-20 22:42:15.000]  [WriteStatusToFile] ErrorCode:0 INFO: Done Sending the status.
[2026-02-20 22:42:15.000]  [FindProcessById] ErrorCode:0 INFO: Attempt to find the process MetricsExtension.Native.exe with ID: 2308.
[2026-02-20 22:42:15.000]  [FindProcessById] ErrorCode:0 INFO: Running Process MetricsExtension.Native.exe found. ID: 2308.
[2026-02-20 22:42:15.000]  [StartMetricsExtension] ErrorCode:0 ERROR: Metrics extension is already running
[2026-02-20 22:42:45.000]  [WriteHeartbeatToFile] ErrorCode:0 INFO: Sending the heartbeat.
[2026-02-20 22:42:45.000]  [WriteStatusToFile] ErrorCode:0 INFO: Sending the status.
[2026-02-20 22:42:45.000]  [WriteStatusToFile] ErrorCode:0 INFO: Done Sending the status.
[2026-02-20 22:42:45.000]  [WriteHeartbeatToFile] ErrorCode:0 INFO: Done Sending the heartbeat.
[2026-02-20 22:43:15.000]  [WriteHeartbeatToFile] ErrorCode:0 INFO: Sending the heartbeat.
[2026-02-20 22:43:15.000]  [WriteStatusToFile] ErrorCode:0 INFO: Sending the status.
[2026-02-20 22:43:15.000]  [WriteStatusToFile] ErrorCode:0 INFO: Done Sending the status.
[2026-02-20 22:43:15.000]  [WriteHeartbeatToFile] ErrorCode:0 INFO: Done Sending the heartbeat.
[2026-02-20 22:43:15.000]  [FindProcessById] ErrorCode:0 INFO: Attempt to find the process MetricsExtension.Native.exe with ID: 2308.
[2026-02-20 22:43:15.000]  [FindProcessById] ErrorCode:0 INFO: Running Process MetricsExtension.Native.exe found. ID: 2308.
[2026-02-20 22:43:15.000]  [StartMetricsExtension] ErrorCode:0 ERROR: Metrics extension is already running
[2026-02-20 22:43:45.000]  [WriteStatusToFile] ErrorCode:0 INFO: Sending the status.
[2026-02-20 22:43:45.000]  [WriteHeartbeatToFile] ErrorCode:0 INFO: Sending the heartbeat.
[2026-02-20 22:43:45.000]  [WriteHeartbeatToFile] ErrorCode:0 INFO: Done Sending the heartbeat.
[2026-02-20 22:43:45.000]  [WriteStatusToFile] ErrorCode:0 INFO: Done Sending the status.
[2026-02-20 22:44:15.000]  [WriteHeartbeatToFile] ErrorCode:0 INFO: Sending the heartbeat.
[2026-02-20 22:44:15.000]  [WriteStatusToFile] ErrorCode:0 INFO: Sending the status.
[2026-02-20 22:44:15.000]  [WriteHeartbeatToFile] ErrorCode:0 INFO: Done Sending the heartbeat.
[2026-02-20 22:44:15.000]  [WriteStatusToFile] ErrorCode:0 INFO: Done Sending the status.
[2026-02-20 22:44:15.000]  [FindProcessById] ErrorCode:0 INFO: Attempt to find the process MetricsExtension.Native.exe with ID: 2308.
[2026-02-20 22:44:15.000]  [FindProcessById] ErrorCode:0 INFO: Running Process MetricsExtension.Native.exe found. ID: 2308.
[2026-02-20 22:44:15.000]  [StartMetricsExtension] ErrorCode:0 ERROR: Metrics extension is already running
[2026-02-20 22:44:45.000]  [WriteHeartbeatToFile] ErrorCode:0 INFO: Sending the heartbeat.
[2026-02-20 22:44:45.000]  [WriteStatusToFile] ErrorCode:0 INFO: Sending the status.
[2026-02-20 22:44:45.000]  [WriteHeartbeatToFile] ErrorCode:0 INFO: Done Sending the heartbeat.
[2026-02-20 22:44:45.000]  [WriteStatusToFile] ErrorCode:0 INFO: Done Sending the status.
[2026-02-20 22:45:15.000]  [WriteStatusToFile] ErrorCode:0 INFO: Sending the status.
[2026-02-20 22:45:15.000]  [WriteHeartbeatToFile] ErrorCode:0 INFO: Sending the heartbeat.
[2026-02-20 22:45:15.000]  [WriteStatusToFile] ErrorCode:0 INFO: Done Sending the status.
[2026-02-20 22:45:15.000]  [WriteHeartbeatToFile] ErrorCode:0 INFO: Done Sending the heartbeat.
[2026-02-20 22:45:15.000]  [FindProcessById] ErrorCode:0 INFO: Attempt to find the process MetricsExtension.Native.exe with ID: 2308.
[2026-02-20 22:45:15.000]  [FindProcessById] ErrorCode:0 INFO: Running Process MetricsExtension.Native.exe found. ID: 2308.
[2026-02-20 22:45:15.000]  [StartMetricsExtension] ErrorCode:0 ERROR: Metrics extension is already running
[2026-02-20 22:45:15.000]  [AggregateHeartbeat] ErrorCode:0 INFO: Start heartbeat aggregation.
[2026-02-20 22:45:15.000]  [QueryRegValueDWORD] ErrorCode:0 INFO: Query Registry for Key:SOFTWARE\Microsoft\Windows Azure\CurrentVersion\AzureMonitorAgentExtension\47.4.1.0, Name:MaServiceProcess
[2026-02-20 22:45:15.000]  [QueryRegValueDWORD] ErrorCode:0 INFO: Query Registry for Key:SOFTWARE\Microsoft\Windows Azure\CurrentVersion\AzureMonitorAgentExtension\47.4.1.0, Name:MaServiceProcess, Value:3012
[2026-02-20 22:45:15.000]  [FindProcessById] ErrorCode:0 INFO: Attempt to find the process MonAgentLauncher.exe with ID: 3012.
[2026-02-20 22:45:15.000]  [FindProcessById] ErrorCode:0 INFO: Running Process MonAgentLauncher.exe found. ID: 3012.
[2026-02-20 22:45:15.000]  [CheckIfMAServiceIsRunByExtension] ErrorCode:0 INFO: The MA process is running based on the m_registry
[2026-02-20 22:45:15.000]  [QueryRegValueDWORD] ErrorCode:0 INFO: Query Registry for Key:SOFTWARE\Microsoft\Windows Azure\CurrentVersion\AzureMonitorAgentExtension\47.4.1.0, Name:AMAMultitenantServiceProcess
[2026-02-20 22:45:15.000]  [QueryRegValueDWORD] ErrorCode:0 ERROR: RegQueryValueExA: failed to query REG_DWORD value, Key:SOFTWARE\Microsoft\Windows Azure\CurrentVersion\AzureMonitorAgentExtension\47.4.1.0, name=AMAMultitenantServiceProcess, error=2, type=0
[2026-02-20 22:45:15.000]  [CheckIfMAServiceIsRunByExtension] ErrorCode:1205 INFO: Unable to read the m_registry for MA process. Assume it is not running.
[2026-02-20 22:45:15.000]  [AggregateHeartbeat] ErrorCode:0 INFO: Configured MA Service is not running on the node.
[2026-02-20 22:45:15.000]  [SetImdsEnvironmentVariable] ErrorCode:0 INFO: Querying IMDS information
[2026-02-20 22:45:15.000]  [SetImdsEnvironmentVariable] ErrorCode:-1 INFO: Preparing to call IMDS. Endpoint: http://169.254.169.254
[2026-02-20 22:45:15.000]  [QueryIMDSEndpoint] ErrorCode:0 INFO: Queried IMDS successfully.
[2026-02-20 22:45:15.000]  [GetValueFromJsonOrDefault] ErrorCode:0 INFO: Read Imds response field with Name:location Value: westus2
[2026-02-20 22:45:15.000]  [GetValueFromJsonOrDefault] ErrorCode:0 INFO: Read Imds response field with Name:name Value: amawin
[2026-02-20 22:45:15.000]  [GetValueFromJsonOrDefault] ErrorCode:0 INFO: Read Imds response field with Name:subscriptionId Value: 351651ce-5feb-4e59-975d-f1f344e2b717
[2026-02-20 22:45:15.000]  [GetValueFromJsonOrDefault] ErrorCode:0 INFO: Read Imds response field with Name:vmId Value: 22afd636-aec1-4782-9055-f85ea283dc20
[2026-02-20 22:45:15.000]  [GetValueFromJsonOrDefault] ErrorCode:0 INFO: Read Imds response field with Name:vmScaleSetName Value: 
[2026-02-20 22:45:15.000]  [GetValueFromJsonOrDefault] ErrorCode:0 INFO: Read Imds response field with Name:resourceGroupName Value: AMAWin_group
[2026-02-20 22:45:15.000]  [GetValueFromJsonOrDefault] ErrorCode:0 INFO: Read Imds response field with Name:osType Value: Windows
[2026-02-20 22:45:15.000]  [GetValueFromJsonOrDefault] ErrorCode:0 INFO: Read Imds response field with Name:resourceId Value: /subscriptions/351651ce-5feb-4e59-975d-f1f344e2b717/resourceGroups/AMAWin_group/providers/Microsoft.Compute/virtualMachines/amawin
[2026-02-20 22:45:15.000]  [GetValueFromJsonOrDefault] ErrorCode:0 INFO: Read Imds response field with Name:azEnvironment Value: AzurePublicCloud
[2026-02-20 22:45:15.000]  [SetImdsEnvironmentVariable] ErrorCode:0 INFO: Successfully set Environment variables from Imds
[2026-02-20 22:45:15.000]  [AggregateHeartbeat] ErrorCode:0 INFO: Completed heartbeat aggregation.
[2026-02-20 22:45:45.000]  [WriteHeartbeatToFile] ErrorCode:0 INFO: Sending the heartbeat.
[2026-02-20 22:45:45.000]  [WriteStatusToFile] ErrorCode:0 INFO: Sending the status.
[2026-02-20 22:45:45.000]  [WriteStatusToFile] ErrorCode:0 INFO: Done Sending the status.
[2026-02-20 22:45:45.000]  [WriteHeartbeatToFile] ErrorCode:0 INFO: Done Sending the heartbeat.
[2026-02-20 22:46:15.000]  [WriteHeartbeatToFile] ErrorCode:0 INFO: Sending the heartbeat.
[2026-02-20 22:46:15.000]  [WriteStatusToFile] ErrorCode:0 INFO: Sending the status.
[2026-02-20 22:46:15.000]  [WriteHeartbeatToFile] ErrorCode:0 INFO: Done Sending the heartbeat.
[2026-02-20 22:46:15.000]  [WriteStatusToFile] ErrorCode:0 INFO: Done Sending the status.
[2026-02-20 22:46:15.000]  [FindProcessById] ErrorCode:0 INFO: Attempt to find the process MetricsExtension.Native.exe with ID: 2308.
[2026-02-20 22:46:15.000]  [FindProcessById] ErrorCode:0 INFO: Running Process MetricsExtension.Native.exe found. ID: 2308.
[2026-02-20 22:46:15.000]  [StartMetricsExtension] ErrorCode:0 ERROR: Metrics extension is already running
[2026-02-20 22:46:45.000]  [WriteStatusToFile] ErrorCode:0 INFO: Sending the status.
[2026-02-20 22:46:45.000]  [WriteHeartbeatToFile] ErrorCode:0 INFO: Sending the heartbeat.
[2026-02-20 22:46:45.000]  [WriteStatusToFile] ErrorCode:0 INFO: Done Sending the status.
[2026-02-20 22:46:45.000]  [WriteHeartbeatToFile] ErrorCode:0 INFO: Done Sending the heartbeat.
[2026-02-20 22:47:15.000]  [WriteStatusToFile] ErrorCode:0 INFO: Sending the status.
[2026-02-20 22:47:15.000]  [WriteHeartbeatToFile] ErrorCode:0 INFO: Sending the heartbeat.
[2026-02-20 22:47:15.000]  [WriteStatusToFile] ErrorCode:0 INFO: Done Sending the status.
[2026-02-20 22:47:15.000]  [WriteHeartbeatToFile] ErrorCode:0 INFO: Done Sending the heartbeat.
[2026-02-20 22:47:15.000]  [FindProcessById] ErrorCode:0 INFO: Attempt to find the process MetricsExtension.Native.exe with ID: 2308.
[2026-02-20 22:47:15.000]  [FindProcessById] ErrorCode:0 INFO: Running Process MetricsExtension.Native.exe found. ID: 2308.
[2026-02-20 22:47:15.000]  [StartMetricsExtension] ErrorCode:0 ERROR: Metrics extension is already running
[2026-02-20 22:47:45.000]  [WriteStatusToFile] ErrorCode:0 INFO: Sending the status.
[2026-02-20 22:47:45.000]  [WriteHeartbeatToFile] ErrorCode:0 INFO: Sending the heartbeat.
[2026-02-20 22:47:45.000]  [WriteStatusToFile] ErrorCode:0 INFO: Done Sending the status.
[2026-02-20 22:47:45.000]  [WriteHeartbeatToFile] ErrorCode:0 INFO: Done Sending the heartbeat.
[2026-02-20 22:48:15.000]  [WriteStatusToFile] ErrorCode:0 INFO: Sending the status.
[2026-02-20 22:48:15.000]  [WriteHeartbeatToFile] ErrorCode:0 INFO: Sending the heartbeat.
[2026-02-20 22:48:15.000]  [WriteHeartbeatToFile] ErrorCode:0 INFO: Done Sending the heartbeat.
[2026-02-20 22:48:15.000]  [WriteStatusToFile] ErrorCode:0 INFO: Done Sending the status.
[2026-02-20 22:48:15.000]  [FindProcessById] ErrorCode:0 INFO: Attempt to find the process MetricsExtension.Native.exe with ID: 2308.
[2026-02-20 22:48:15.000]  [FindProcessById] ErrorCode:0 INFO: Running Process MetricsExtension.Native.exe found. ID: 2308.
[2026-02-20 22:48:15.000]  [StartMetricsExtension] ErrorCode:0 ERROR: Metrics extension is already running
[2026-02-20 22:48:45.000]  [WriteStatusToFile] ErrorCode:0 INFO: Sending the status.
[2026-02-20 22:48:45.000]  [WriteHeartbeatToFile] ErrorCode:0 INFO: Sending the heartbeat.
[2026-02-20 22:48:45.000]  [WriteHeartbeatToFile] ErrorCode:0 INFO: Done Sending the heartbeat.
[2026-02-20 22:48:45.000]  [WriteStatusToFile] ErrorCode:0 INFO: Done Sending the status.
[2026-02-20 22:49:15.000]  [WriteStatusToFile] ErrorCode:0 INFO: Sending the status.
[2026-02-20 22:49:15.000]  [WriteHeartbeatToFile] ErrorCode:0 INFO: Sending the heartbeat.
[2026-02-20 22:49:15.000]  [FindProcessById] ErrorCode:0 INFO: Attempt to find the process MetricsExtension.Native.exe with ID: 2308.
[2026-02-20 22:49:15.000]  [WriteStatusToFile] ErrorCode:0 INFO: Done Sending the status.
[2026-02-20 22:49:15.000]  [WriteHeartbeatToFile] ErrorCode:0 INFO: Done Sending the heartbeat.
[2026-02-20 22:49:15.000]  [FindProcessById] ErrorCode:0 INFO: Running Process MetricsExtension.Native.exe found. ID: 2308.
[2026-02-20 22:49:15.000]  [StartMetricsExtension] ErrorCode:0 ERROR: Metrics extension is already running
[2026-02-20 22:49:45.000]  [WriteHeartbeatToFile] ErrorCode:0 INFO: Sending the heartbeat.
[2026-02-20 22:49:45.000]  [WriteStatusToFile] ErrorCode:0 INFO: Sending the status.
[2026-02-20 22:49:45.000]  [WriteHeartbeatToFile] ErrorCode:0 INFO: Done Sending the heartbeat.
[2026-02-20 22:49:45.000]  [WriteStatusToFile] ErrorCode:0 INFO: Done Sending the status.
[2026-02-20 22:50:15.000]  [FindProcessById] ErrorCode:0 INFO: Attempt to find the process MetricsExtension.Native.exe with ID: 2308.
[2026-02-20 22:50:15.000]  [FindProcessById] ErrorCode:0 INFO: Running Process MetricsExtension.Native.exe found. ID: 2308.
[2026-02-20 22:50:15.000]  [StartMetricsExtension] ErrorCode:0 ERROR: Metrics extension is already running
[2026-02-20 22:50:15.000]  [AggregateHeartbeat] ErrorCode:0 INFO: Start heartbeat aggregation.
[2026-02-20 22:50:15.000]  [QueryRegValueDWORD] ErrorCode:0 INFO: Query Registry for Key:SOFTWARE\Microsoft\Windows Azure\CurrentVersion\AzureMonitorAgentExtension\47.4.1.0, Name:MaServiceProcess
[2026-02-20 22:50:15.000]  [QueryRegValueDWORD] ErrorCode:0 INFO: Query Registry for Key:SOFTWARE\Microsoft\Windows Azure\CurrentVersion\AzureMonitorAgentExtension\47.4.1.0, Name:MaServiceProcess, Value:3012
[2026-02-20 22:50:15.000]  [FindProcessById] ErrorCode:0 INFO: Attempt to find the process MonAgentLauncher.exe with ID: 3012.
[2026-02-20 22:50:15.000]  [FindProcessById] ErrorCode:0 INFO: Running Process MonAgentLauncher.exe found. ID: 3012.
[2026-02-20 22:50:15.000]  [CheckIfMAServiceIsRunByExtension] ErrorCode:0 INFO: The MA process is running based on the m_registry
[2026-02-20 22:50:15.000]  [QueryRegValueDWORD] ErrorCode:0 INFO: Query Registry for Key:SOFTWARE\Microsoft\Windows Azure\CurrentVersion\AzureMonitorAgentExtension\47.4.1.0, Name:AMAMultitenantServiceProcess
[2026-02-20 22:50:15.000]  [QueryRegValueDWORD] ErrorCode:0 ERROR: RegQueryValueExA: failed to query REG_DWORD value, Key:SOFTWARE\Microsoft\Windows Azure\CurrentVersion\AzureMonitorAgentExtension\47.4.1.0, name=AMAMultitenantServiceProcess, error=2, type=0
[2026-02-20 22:50:15.000]  [CheckIfMAServiceIsRunByExtension] ErrorCode:1205 INFO: Unable to read the m_registry for MA process. Assume it is not running.
[2026-02-20 22:50:15.000]  [AggregateHeartbeat] ErrorCode:0 INFO: Configured MA Service is not running on the node.
[2026-02-20 22:50:15.000]  [SetImdsEnvironmentVariable] ErrorCode:0 INFO: Querying IMDS information
[2026-02-20 22:50:15.000]  [SetImdsEnvironmentVariable] ErrorCode:-1 INFO: Preparing to call IMDS. Endpoint: http://169.254.169.254
[2026-02-20 22:50:15.000]  [WriteHeartbeatToFile] ErrorCode:0 INFO: Sending the heartbeat.
[2026-02-20 22:50:15.000]  [WriteStatusToFile] ErrorCode:0 INFO: Sending the status.
[2026-02-20 22:50:15.000]  [WriteStatusToFile] ErrorCode:0 INFO: Done Sending the status.
[2026-02-20 22:50:15.000]  [WriteHeartbeatToFile] ErrorCode:0 INFO: Done Sending the heartbeat.
[2026-02-20 22:50:15.000]  [QueryIMDSEndpoint] ErrorCode:0 INFO: Queried IMDS successfully.
[2026-02-20 22:50:15.000]  [GetValueFromJsonOrDefault] ErrorCode:0 INFO: Read Imds response field with Name:location Value: westus2
[2026-02-20 22:50:15.000]  [GetValueFromJsonOrDefault] ErrorCode:0 INFO: Read Imds response field with Name:name Value: amawin
[2026-02-20 22:50:15.000]  [GetValueFromJsonOrDefault] ErrorCode:0 INFO: Read Imds response field with Name:subscriptionId Value: 351651ce-5feb-4e59-975d-f1f344e2b717
[2026-02-20 22:50:15.000]  [GetValueFromJsonOrDefault] ErrorCode:0 INFO: Read Imds response field with Name:vmId Value: 22afd636-aec1-4782-9055-f85ea283dc20
[2026-02-20 22:50:15.000]  [GetValueFromJsonOrDefault] ErrorCode:0 INFO: Read Imds response field with Name:vmScaleSetName Value: 
[2026-02-20 22:50:15.000]  [GetValueFromJsonOrDefault] ErrorCode:0 INFO: Read Imds response field with Name:resourceGroupName Value: AMAWin_group
[2026-02-20 22:50:15.000]  [GetValueFromJsonOrDefault] ErrorCode:0 INFO: Read Imds response field with Name:osType Value: Windows
[2026-02-20 22:50:15.000]  [GetValueFromJsonOrDefault] ErrorCode:0 INFO: Read Imds response field with Name:resourceId Value: /subscriptions/351651ce-5feb-4e59-975d-f1f344e2b717/resourceGroups/AMAWin_group/providers/Microsoft.Compute/virtualMachines/amawin
[2026-02-20 22:50:15.000]  [GetValueFromJsonOrDefault] ErrorCode:0 INFO: Read Imds response field with Name:azEnvironment Value: AzurePublicCloud
[2026-02-20 22:50:15.000]  [SetImdsEnvironmentVariable] ErrorCode:0 INFO: Successfully set Environment variables from Imds
[2026-02-20 22:50:15.000]  [AggregateHeartbeat] ErrorCode:0 INFO: Completed heartbeat aggregation.
[2026-02-20 22:50:45.000]  [WriteHeartbeatToFile] ErrorCode:0 INFO: Sending the heartbeat.
[2026-02-20 22:50:45.000]  [WriteStatusToFile] ErrorCode:0 INFO: Sending the status.
[2026-02-20 22:50:45.000]  [WriteHeartbeatToFile] ErrorCode:0 INFO: Done Sending the heartbeat.
[2026-02-20 22:50:45.000]  [WriteStatusToFile] ErrorCode:0 INFO: Done Sending the status.
[2026-02-20 22:51:15.000]  [WriteStatusToFile] ErrorCode:0 INFO: Sending the status.
[2026-02-20 22:51:15.000]  [WriteHeartbeatToFile] ErrorCode:0 INFO: Sending the heartbeat.
[2026-02-20 22:51:15.000]  [WriteStatusToFile] ErrorCode:0 INFO: Done Sending the status.
[2026-02-20 22:51:15.000]  [WriteHeartbeatToFile] ErrorCode:0 INFO: Done Sending the heartbeat.
[2026-02-20 22:51:15.000]  [FindProcessById] ErrorCode:0 INFO: Attempt to find the process MetricsExtension.Native.exe with ID: 2308.
[2026-02-20 22:51:15.000]  [FindProcessById] ErrorCode:0 INFO: Running Process MetricsExtension.Native.exe found. ID: 2308.
[2026-02-20 22:51:15.000]  [StartMetricsExtension] ErrorCode:0 ERROR: Metrics extension is already running
[2026-02-20 22:51:45.000]  [WriteStatusToFile] ErrorCode:0 INFO: Sending the status.
[2026-02-20 22:51:45.000]  [WriteHeartbeatToFile] ErrorCode:0 INFO: Sending the heartbeat.
[2026-02-20 22:51:45.000]  [WriteStatusToFile] ErrorCode:0 INFO: Done Sending the status.
[2026-02-20 22:51:45.000]  [WriteHeartbeatToFile] ErrorCode:0 INFO: Done Sending the heartbeat.
[2026-02-20 22:52:15.000]  [WriteStatusToFile] ErrorCode:0 INFO: Sending the status.
[2026-02-20 22:52:15.000]  [WriteHeartbeatToFile] ErrorCode:0 INFO: Sending the heartbeat.
[2026-02-20 22:52:15.000]  [WriteStatusToFile] ErrorCode:0 INFO: Done Sending the status.
[2026-02-20 22:52:15.000]  [WriteHeartbeatToFile] ErrorCode:0 INFO: Done Sending the heartbeat.
[2026-02-20 22:52:15.000]  [FindProcessById] ErrorCode:0 INFO: Attempt to find the process MetricsExtension.Native.exe with ID: 2308.
[2026-02-20 22:52:15.000]  [FindProcessById] ErrorCode:0 INFO: Running Process MetricsExtension.Native.exe found. ID: 2308.
[2026-02-20 22:52:15.000]  [StartMetricsExtension] ErrorCode:0 ERROR: Metrics extension is already running
[2026-02-20 22:52:45.000]  [WriteStatusToFile] ErrorCode:0 INFO: Sending the status.
[2026-02-20 22:52:45.000]  [WriteHeartbeatToFile] ErrorCode:0 INFO: Sending the heartbeat.
[2026-02-20 22:52:45.000]  [WriteStatusToFile] ErrorCode:0 INFO: Done Sending the status.
[2026-02-20 22:52:45.000]  [WriteHeartbeatToFile] ErrorCode:0 INFO: Done Sending the heartbeat.
[2026-02-20 22:53:15.000]  [WriteHeartbeatToFile] ErrorCode:0 INFO: Sending the heartbeat.
[2026-02-20 22:53:15.000]  [WriteStatusToFile] ErrorCode:0 INFO: Sending the status.
[2026-02-20 22:53:15.000]  [FindProcessById] ErrorCode:0 INFO: Attempt to find the process MetricsExtension.Native.exe with ID: 2308.
[2026-02-20 22:53:15.000]  [WriteHeartbeatToFile] ErrorCode:0 INFO: Done Sending the heartbeat.
[2026-02-20 22:53:15.000]  [WriteStatusToFile] ErrorCode:0 INFO: Done Sending the status.
[2026-02-20 22:53:15.000]  [FindProcessById] ErrorCode:0 INFO: Running Process MetricsExtension.Native.exe found. ID: 2308.
[2026-02-20 22:53:15.000]  [StartMetricsExtension] ErrorCode:0 ERROR: Metrics extension is already running
[2026-02-20 22:53:45.000]  [WriteHeartbeatToFile] ErrorCode:0 INFO: Sending the heartbeat.
[2026-02-20 22:53:45.000]  [WriteStatusToFile] ErrorCode:0 INFO: Sending the status.
[2026-02-20 22:53:45.000]  [WriteHeartbeatToFile] ErrorCode:0 INFO: Done Sending the heartbeat.
[2026-02-20 22:53:45.000]  [WriteStatusToFile] ErrorCode:0 INFO: Done Sending the status.
[2026-02-20 22:54:15.000]  [FindProcessById] ErrorCode:0 INFO: Attempt to find the process MetricsExtension.Native.exe with ID: 2308.
[2026-02-20 22:54:15.000]  [FindProcessById] ErrorCode:0 INFO: Running Process MetricsExtension.Native.exe found. ID: 2308.
[2026-02-20 22:54:15.000]  [StartMetricsExtension] ErrorCode:0 ERROR: Metrics extension is already running
[2026-02-20 22:54:15.000]  [WriteStatusToFile] ErrorCode:0 INFO: Sending the status.
[2026-02-20 22:54:15.000]  [WriteHeartbeatToFile] ErrorCode:0 INFO: Sending the heartbeat.
[2026-02-20 22:54:15.000]  [WriteStatusToFile] ErrorCode:0 INFO: Done Sending the status.
[2026-02-20 22:54:15.000]  [WriteHeartbeatToFile] ErrorCode:0 INFO: Done Sending the heartbeat.
[2026-02-20 22:54:45.000]  [WriteStatusToFile] ErrorCode:0 INFO: Sending the status.
[2026-02-20 22:54:45.000]  [WriteHeartbeatToFile] ErrorCode:0 INFO: Sending the heartbeat.
[2026-02-20 22:54:45.000]  [WriteHeartbeatToFile] ErrorCode:0 INFO: Done Sending the heartbeat.
[2026-02-20 22:54:45.000]  [WriteStatusToFile] ErrorCode:0 INFO: Done Sending the status.
[2026-02-20 22:55:15.000]  [FindProcessById] ErrorCode:0 INFO: Attempt to find the process MetricsExtension.Native.exe with ID: 2308.
[2026-02-20 22:55:15.000]  [FindProcessById] ErrorCode:0 INFO: Running Process MetricsExtension.Native.exe found. ID: 2308.
[2026-02-20 22:55:15.000]  [StartMetricsExtension] ErrorCode:0 ERROR: Metrics extension is already running
[2026-02-20 22:55:15.000]  [AggregateHeartbeat] ErrorCode:0 INFO: Start heartbeat aggregation.
[2026-02-20 22:55:15.000]  [QueryRegValueDWORD] ErrorCode:0 INFO: Query Registry for Key:SOFTWARE\Microsoft\Windows Azure\CurrentVersion\AzureMonitorAgentExtension\47.4.1.0, Name:MaServiceProcess
[2026-02-20 22:55:15.000]  [QueryRegValueDWORD] ErrorCode:0 INFO: Query Registry for Key:SOFTWARE\Microsoft\Windows Azure\CurrentVersion\AzureMonitorAgentExtension\47.4.1.0, Name:MaServiceProcess, Value:3012
[2026-02-20 22:55:15.000]  [FindProcessById] ErrorCode:0 INFO: Attempt to find the process MonAgentLauncher.exe with ID: 3012.
[2026-02-20 22:55:15.000]  [FindProcessById] ErrorCode:0 INFO: Running Process MonAgentLauncher.exe found. ID: 3012.
[2026-02-20 22:55:15.000]  [CheckIfMAServiceIsRunByExtension] ErrorCode:0 INFO: The MA process is running based on the m_registry
[2026-02-20 22:55:15.000]  [QueryRegValueDWORD] ErrorCode:0 INFO: Query Registry for Key:SOFTWARE\Microsoft\Windows Azure\CurrentVersion\AzureMonitorAgentExtension\47.4.1.0, Name:AMAMultitenantServiceProcess
[2026-02-20 22:55:15.000]  [QueryRegValueDWORD] ErrorCode:0 ERROR: RegQueryValueExA: failed to query REG_DWORD value, Key:SOFTWARE\Microsoft\Windows Azure\CurrentVersion\AzureMonitorAgentExtension\47.4.1.0, name=AMAMultitenantServiceProcess, error=2, type=0
[2026-02-20 22:55:15.000]  [CheckIfMAServiceIsRunByExtension] ErrorCode:1205 INFO: Unable to read the m_registry for MA process. Assume it is not running.
[2026-02-20 22:55:15.000]  [AggregateHeartbeat] ErrorCode:0 INFO: Configured MA Service is not running on the node.
[2026-02-20 22:55:15.000]  [SetImdsEnvironmentVariable] ErrorCode:0 INFO: Querying IMDS information
[2026-02-20 22:55:15.000]  [SetImdsEnvironmentVariable] ErrorCode:-1 INFO: Preparing to call IMDS. Endpoint: http://169.254.169.254
[2026-02-20 22:55:15.000]  [WriteHeartbeatToFile] ErrorCode:0 INFO: Sending the heartbeat.
[2026-02-20 22:55:15.000]  [WriteStatusToFile] ErrorCode:0 INFO: Sending the status.
[2026-02-20 22:55:15.000]  [WriteHeartbeatToFile] ErrorCode:0 INFO: Done Sending the heartbeat.
[2026-02-20 22:55:15.000]  [WriteStatusToFile] ErrorCode:0 INFO: Done Sending the status.
[2026-02-20 22:55:15.000]  [QueryIMDSEndpoint] ErrorCode:0 INFO: Queried IMDS successfully.
[2026-02-20 22:55:15.000]  [GetValueFromJsonOrDefault] ErrorCode:0 INFO: Read Imds response field with Name:location Value: westus2
[2026-02-20 22:55:15.000]  [GetValueFromJsonOrDefault] ErrorCode:0 INFO: Read Imds response field with Name:name Value: amawin
[2026-02-20 22:55:15.000]  [GetValueFromJsonOrDefault] ErrorCode:0 INFO: Read Imds response field with Name:subscriptionId Value: 351651ce-5feb-4e59-975d-f1f344e2b717
[2026-02-20 22:55:15.000]  [GetValueFromJsonOrDefault] ErrorCode:0 INFO: Read Imds response field with Name:vmId Value: 22afd636-aec1-4782-9055-f85ea283dc20
[2026-02-20 22:55:15.000]  [GetValueFromJsonOrDefault] ErrorCode:0 INFO: Read Imds response field with Name:vmScaleSetName Value: 
[2026-02-20 22:55:15.000]  [GetValueFromJsonOrDefault] ErrorCode:0 INFO: Read Imds response field with Name:resourceGroupName Value: AMAWin_group
[2026-02-20 22:55:15.000]  [GetValueFromJsonOrDefault] ErrorCode:0 INFO: Read Imds response field with Name:osType Value: Windows
[2026-02-20 22:55:15.000]  [GetValueFromJsonOrDefault] ErrorCode:0 INFO: Read Imds response field with Name:resourceId Value: /subscriptions/351651ce-5feb-4e59-975d-f1f344e2b717/resourceGroups/AMAWin_group/providers/Microsoft.Compute/virtualMachines/amawin
[2026-02-20 22:55:15.000]  [GetValueFromJsonOrDefault] ErrorCode:0 INFO: Read Imds response field with Name:azEnvironment Value: AzurePublicCloud
[2026-02-20 22:55:15.000]  [SetImdsEnvironmentVariable] ErrorCode:0 INFO: Successfully set Environment variables from Imds
[2026-02-20 22:55:15.000]  [AggregateHeartbeat] ErrorCode:0 INFO: Completed heartbeat aggregation.
[2026-02-20 22:55:45.000]  [WriteStatusToFile] ErrorCode:0 INFO: Sending the status.
[2026-02-20 22:55:45.000]  [WriteHeartbeatToFile] ErrorCode:0 INFO: Sending the heartbeat.
[2026-02-20 22:55:45.000]  [WriteStatusToFile] ErrorCode:0 INFO: Done Sending the status.
[2026-02-20 22:55:45.000]  [WriteHeartbeatToFile] ErrorCode:0 INFO: Done Sending the heartbeat.
[2026-02-20 22:56:15.000]  [WriteHeartbeatToFile] ErrorCode:0 INFO: Sending the heartbeat.
[2026-02-20 22:56:15.000]  [WriteStatusToFile] ErrorCode:0 INFO: Sending the status.
[2026-02-20 22:56:15.000]  [FindProcessById] ErrorCode:0 INFO: Attempt to find the process MetricsExtension.Native.exe with ID: 2308.
[2026-02-20 22:56:15.000]  [WriteStatusToFile] ErrorCode:0 INFO: Done Sending the status.
[2026-02-20 22:56:15.000]  [WriteHeartbeatToFile] ErrorCode:0 INFO: Done Sending the heartbeat.
[2026-02-20 22:56:15.000]  [FindProcessById] ErrorCode:0 INFO: Running Process MetricsExtension.Native.exe found. ID: 2308.
[2026-02-20 22:56:15.000]  [StartMetricsExtension] ErrorCode:0 ERROR: Metrics extension is already running
[2026-02-20 22:56:45.000]  [WriteHeartbeatToFile] ErrorCode:0 INFO: Sending the heartbeat.
[2026-02-20 22:56:45.000]  [WriteStatusToFile] ErrorCode:0 INFO: Sending the status.
[2026-02-20 22:56:45.000]  [WriteStatusToFile] ErrorCode:0 INFO: Done Sending the status.
[2026-02-20 22:56:45.000]  [WriteHeartbeatToFile] ErrorCode:0 INFO: Done Sending the heartbeat.
[2026-02-20 22:57:15.000]  [FindProcessById] ErrorCode:0 INFO: Attempt to find the process MetricsExtension.Native.exe with ID: 2308.
[2026-02-20 22:57:15.000]  [FindProcessById] ErrorCode:0 INFO: Running Process MetricsExtension.Native.exe found. ID: 2308.
[2026-02-20 22:57:15.000]  [StartMetricsExtension] ErrorCode:0 ERROR: Metrics extension is already running
[2026-02-20 22:57:15.000]  [WriteStatusToFile] ErrorCode:0 INFO: Sending the status.
[2026-02-20 22:57:15.000]  [WriteHeartbeatToFile] ErrorCode:0 INFO: Sending the heartbeat.
[2026-02-20 22:57:15.000]  [WriteHeartbeatToFile] ErrorCode:0 INFO: Done Sending the heartbeat.
[2026-02-20 22:57:15.000]  [WriteStatusToFile] ErrorCode:0 INFO: Done Sending the status.
[2026-02-20 22:57:45.000]  [WriteStatusToFile] ErrorCode:0 INFO: Sending the status.
[2026-02-20 22:57:45.000]  [WriteHeartbeatToFile] ErrorCode:0 INFO: Sending the heartbeat.
[2026-02-20 22:57:45.000]  [WriteStatusToFile] ErrorCode:0 INFO: Done Sending the status.
[2026-02-20 22:57:45.000]  [WriteHeartbeatToFile] ErrorCode:0 INFO: Done Sending the heartbeat.
[2026-02-20 22:58:15.000]  [FindProcessById] ErrorCode:0 INFO: Attempt to find the process MetricsExtension.Native.exe with ID: 2308.
[2026-02-20 22:58:15.000]  [FindProcessById] ErrorCode:0 INFO: Running Process MetricsExtension.Native.exe found. ID: 2308.
[2026-02-20 22:58:15.000]  [StartMetricsExtension] ErrorCode:0 ERROR: Metrics extension is already running
[2026-02-20 22:58:15.000]  [WriteHeartbeatToFile] ErrorCode:0 INFO: Sending the heartbeat.
[2026-02-20 22:58:15.000]  [WriteStatusToFile] ErrorCode:0 INFO: Sending the status.
[2026-02-20 22:58:15.000]  [WriteStatusToFile] ErrorCode:0 INFO: Done Sending the status.
[2026-02-20 22:58:15.000]  [WriteHeartbeatToFile] ErrorCode:0 INFO: Done Sending the heartbeat.
[2026-02-20 22:58:45.000]  [WriteHeartbeatToFile] ErrorCode:0 INFO: Sending the heartbeat.
[2026-02-20 22:58:45.000]  [WriteStatusToFile] ErrorCode:0 INFO: Sending the status.
[2026-02-20 22:58:45.000]  [WriteHeartbeatToFile] ErrorCode:0 INFO: Done Sending the heartbeat.
[2026-02-20 22:58:45.000]  [WriteStatusToFile] ErrorCode:0 INFO: Done Sending the status.
[2026-02-20 22:59:15.000]  [FindProcessById] ErrorCode:0 INFO: Attempt to find the process MetricsExtension.Native.exe with ID: 2308.
[2026-02-20 22:59:15.000]  [FindProcessById] ErrorCode:0 INFO: Running Process MetricsExtension.Native.exe found. ID: 2308.
[2026-02-20 22:59:15.000]  [StartMetricsExtension] ErrorCode:0 ERROR: Metrics extension is already running
[2026-02-20 22:59:15.000]  [WriteHeartbeatToFile] ErrorCode:0 INFO: Sending the heartbeat.
[2026-02-20 22:59:15.000]  [WriteStatusToFile] ErrorCode:0 INFO: Sending the status.
[2026-02-20 22:59:15.000]  [WriteStatusToFile] ErrorCode:0 INFO: Done Sending the status.
[2026-02-20 22:59:15.000]  [WriteHeartbeatToFile] ErrorCode:0 INFO: Done Sending the heartbeat.
[2026-02-20 22:59:45.000]  [WriteStatusToFile] ErrorCode:0 INFO: Sending the status.
[2026-02-20 22:59:45.000]  [WriteHeartbeatToFile] ErrorCode:0 INFO: Sending the heartbeat.
[2026-02-20 22:59:45.000]  [WriteStatusToFile] ErrorCode:0 INFO: Done Sending the status.
[2026-02-20 22:59:45.000]  [WriteHeartbeatToFile] ErrorCode:0 INFO: Done Sending the heartbeat.
[2026-02-20 23:00:15.000]  [FindProcessById] ErrorCode:0 INFO: Attempt to find the process MetricsExtension.Native.exe with ID: 2308.
[2026-02-20 23:00:15.000]  [FindProcessById] ErrorCode:0 INFO: Running Process MetricsExtension.Native.exe found. ID: 2308.
[2026-02-20 23:00:15.000]  [StartMetricsExtension] ErrorCode:0 ERROR: Metrics extension is already running
[2026-02-20 23:00:15.000]  [AggregateHeartbeat] ErrorCode:0 INFO: Start heartbeat aggregation.
[2026-02-20 23:00:15.000]  [QueryRegValueDWORD] ErrorCode:0 INFO: Query Registry for Key:SOFTWARE\Microsoft\Windows Azure\CurrentVersion\AzureMonitorAgentExtension\47.4.1.0, Name:MaServiceProcess
[2026-02-20 23:00:15.000]  [QueryRegValueDWORD] ErrorCode:0 INFO: Query Registry for Key:SOFTWARE\Microsoft\Windows Azure\CurrentVersion\AzureMonitorAgentExtension\47.4.1.0, Name:MaServiceProcess, Value:3012
[2026-02-20 23:00:15.000]  [FindProcessById] ErrorCode:0 INFO: Attempt to find the process MonAgentLauncher.exe with ID: 3012.
[2026-02-20 23:00:15.000]  [FindProcessById] ErrorCode:0 INFO: Running Process MonAgentLauncher.exe found. ID: 3012.
[2026-02-20 23:00:15.000]  [CheckIfMAServiceIsRunByExtension] ErrorCode:0 INFO: The MA process is running based on the m_registry
[2026-02-20 23:00:15.000]  [QueryRegValueDWORD] ErrorCode:0 INFO: Query Registry for Key:SOFTWARE\Microsoft\Windows Azure\CurrentVersion\AzureMonitorAgentExtension\47.4.1.0, Name:AMAMultitenantServiceProcess
[2026-02-20 23:00:15.000]  [QueryRegValueDWORD] ErrorCode:0 ERROR: RegQueryValueExA: failed to query REG_DWORD value, Key:SOFTWARE\Microsoft\Windows Azure\CurrentVersion\AzureMonitorAgentExtension\47.4.1.0, name=AMAMultitenantServiceProcess, error=2, type=0
[2026-02-20 23:00:15.000]  [CheckIfMAServiceIsRunByExtension] ErrorCode:1205 INFO: Unable to read the m_registry for MA process. Assume it is not running.
[2026-02-20 23:00:15.000]  [AggregateHeartbeat] ErrorCode:0 INFO: Configured MA Service is not running on the node.
[2026-02-20 23:00:15.000]  [SetImdsEnvironmentVariable] ErrorCode:0 INFO: Querying IMDS information
[2026-02-20 23:00:15.000]  [SetImdsEnvironmentVariable] ErrorCode:-1 INFO: Preparing to call IMDS. Endpoint: http://169.254.169.254
[2026-02-20 23:00:15.000]  [WriteHeartbeatToFile] ErrorCode:0 INFO: Sending the heartbeat.
[2026-02-20 23:00:15.000]  [WriteStatusToFile] ErrorCode:0 INFO: Sending the status.
[2026-02-20 23:00:15.000]  [WriteHeartbeatToFile] ErrorCode:0 INFO: Done Sending the heartbeat.
[2026-02-20 23:00:15.000]  [WriteStatusToFile] ErrorCode:0 INFO: Done Sending the status.
[2026-02-20 23:00:15.000]  [QueryIMDSEndpoint] ErrorCode:0 INFO: Queried IMDS successfully.
[2026-02-20 23:00:15.000]  [GetValueFromJsonOrDefault] ErrorCode:0 INFO: Read Imds response field with Name:location Value: westus2
[2026-02-20 23:00:15.000]  [GetValueFromJsonOrDefault] ErrorCode:0 INFO: Read Imds response field with Name:name Value: amawin
[2026-02-20 23:00:15.000]  [GetValueFromJsonOrDefault] ErrorCode:0 INFO: Read Imds response field with Name:subscriptionId Value: 351651ce-5feb-4e59-975d-f1f344e2b717
[2026-02-20 23:00:15.000]  [GetValueFromJsonOrDefault] ErrorCode:0 INFO: Read Imds response field with Name:vmId Value: 22afd636-aec1-4782-9055-f85ea283dc20
[2026-02-20 23:00:15.000]  [GetValueFromJsonOrDefault] ErrorCode:0 INFO: Read Imds response field with Name:vmScaleSetName Value: 
[2026-02-20 23:00:15.000]  [GetValueFromJsonOrDefault] ErrorCode:0 INFO: Read Imds response field with Name:resourceGroupName Value: AMAWin_group
[2026-02-20 23:00:15.000]  [GetValueFromJsonOrDefault] ErrorCode:0 INFO: Read Imds response field with Name:osType Value: Windows
[2026-02-20 23:00:15.000]  [GetValueFromJsonOrDefault] ErrorCode:0 INFO: Read Imds response field with Name:resourceId Value: /subscriptions/351651ce-5feb-4e59-975d-f1f344e2b717/resourceGroups/AMAWin_group/providers/Microsoft.Compute/virtualMachines/amawin
[2026-02-20 23:00:15.000]  [GetValueFromJsonOrDefault] ErrorCode:0 INFO: Read Imds response field with Name:azEnvironment Value: AzurePublicCloud
[2026-02-20 23:00:15.000]  [SetImdsEnvironmentVariable] ErrorCode:0 INFO: Successfully set Environment variables from Imds
[2026-02-20 23:00:15.000]  [AggregateHeartbeat] ErrorCode:0 INFO: Completed heartbeat aggregation.
[2026-02-20 23:00:45.000]  [WriteHeartbeatToFile] ErrorCode:0 INFO: Sending the heartbeat.
[2026-02-20 23:00:45.000]  [WriteStatusToFile] ErrorCode:0 INFO: Sending the status.
[2026-02-20 23:00:45.000]  [WriteHeartbeatToFile] ErrorCode:0 INFO: Done Sending the heartbeat.
[2026-02-20 23:00:45.000]  [WriteStatusToFile] ErrorCode:0 INFO: Done Sending the status.
[2026-02-20 23:01:15.000]  [FindProcessById] ErrorCode:0 INFO: Attempt to find the process MetricsExtension.Native.exe with ID: 2308.
[2026-02-20 23:01:15.000]  [FindProcessById] ErrorCode:0 INFO: Running Process MetricsExtension.Native.exe found. ID: 2308.
[2026-02-20 23:01:15.000]  [StartMetricsExtension] ErrorCode:0 ERROR: Metrics extension is already running
[2026-02-20 23:01:15.000]  [WriteStatusToFile] ErrorCode:0 INFO: Sending the status.
[2026-02-20 23:01:15.000]  [WriteHeartbeatToFile] ErrorCode:0 INFO: Sending the heartbeat.
[2026-02-20 23:01:15.000]  [WriteStatusToFile] ErrorCode:0 INFO: Done Sending the status.
[2026-02-20 23:01:15.000]  [WriteHeartbeatToFile] ErrorCode:0 INFO: Done Sending the heartbeat.
[2026-02-20 23:01:45.000]  [WriteStatusToFile] ErrorCode:0 INFO: Sending the status.
[2026-02-20 23:01:45.000]  [WriteHeartbeatToFile] ErrorCode:0 INFO: Sending the heartbeat.
[2026-02-20 23:01:45.000]  [WriteStatusToFile] ErrorCode:0 INFO: Done Sending the status.
[2026-02-20 23:01:45.000]  [WriteHeartbeatToFile] ErrorCode:0 INFO: Done Sending the heartbeat.
[2026-02-20 23:02:15.000]  [FindProcessById] ErrorCode:0 INFO: Attempt to find the process MetricsExtension.Native.exe with ID: 2308.
[2026-02-20 23:02:15.000]  [FindProcessById] ErrorCode:0 INFO: Running Process MetricsExtension.Native.exe found. ID: 2308.
[2026-02-20 23:02:15.000]  [StartMetricsExtension] ErrorCode:0 ERROR: Metrics extension is already running
[2026-02-20 23:02:15.000]  [WriteStatusToFile] ErrorCode:0 INFO: Sending the status.
[2026-02-20 23:02:15.000]  [WriteHeartbeatToFile] ErrorCode:0 INFO: Sending the heartbeat.
[2026-02-20 23:02:15.000]  [WriteStatusToFile] ErrorCode:0 INFO: Done Sending the status.
[2026-02-20 23:02:15.000]  [WriteHeartbeatToFile] ErrorCode:0 INFO: Done Sending the heartbeat.
[2026-02-20 23:02:45.000]  [WriteStatusToFile] ErrorCode:0 INFO: Sending the status.
[2026-02-20 23:02:45.000]  [WriteHeartbeatToFile] ErrorCode:0 INFO: Sending the heartbeat.
[2026-02-20 23:02:45.000]  [WriteHeartbeatToFile] ErrorCode:0 INFO: Done Sending the heartbeat.
[2026-02-20 23:02:45.000]  [WriteStatusToFile] ErrorCode:0 INFO: Done Sending the status.
[2026-02-20 23:03:15.000]  [FindProcessById] ErrorCode:0 INFO: Attempt to find the process MetricsExtension.Native.exe with ID: 2308.
[2026-02-20 23:03:15.000]  [FindProcessById] ErrorCode:0 INFO: Running Process MetricsExtension.Native.exe found. ID: 2308.
[2026-02-20 23:03:15.000]  [StartMetricsExtension] ErrorCode:0 ERROR: Metrics extension is already running
[2026-02-20 23:03:15.000]  [WriteHeartbeatToFile] ErrorCode:0 INFO: Sending the heartbeat.
[2026-02-20 23:03:15.000]  [WriteStatusToFile] ErrorCode:0 INFO: Sending the status.
[2026-02-20 23:03:15.000]  [WriteHeartbeatToFile] ErrorCode:0 INFO: Done Sending the heartbeat.
[2026-02-20 23:03:15.000]  [WriteStatusToFile] ErrorCode:0 INFO: Done Sending the status.
[2026-02-20 23:03:45.000]  [WriteHeartbeatToFile] ErrorCode:0 INFO: Sending the heartbeat.
[2026-02-20 23:03:45.000]  [WriteStatusToFile] ErrorCode:0 INFO: Sending the status.
[2026-02-20 23:03:45.000]  [WriteHeartbeatToFile] ErrorCode:0 INFO: Done Sending the heartbeat.
[2026-02-20 23:03:45.000]  [WriteStatusToFile] ErrorCode:0 INFO: Done Sending the status.
[2026-02-20 23:04:15.000]  [FindProcessById] ErrorCode:0 INFO: Attempt to find the process MetricsExtension.Native.exe with ID: 2308.
[2026-02-20 23:04:15.000]  [FindProcessById] ErrorCode:0 INFO: Running Process MetricsExtension.Native.exe found. ID: 2308.
[2026-02-20 23:04:15.000]  [StartMetricsExtension] ErrorCode:0 ERROR: Metrics extension is already running
[2026-02-20 23:04:15.000]  [WriteStatusToFile] ErrorCode:0 INFO: Sending the status.
[2026-02-20 23:04:15.000]  [WriteHeartbeatToFile] ErrorCode:0 INFO: Sending the heartbeat.
[2026-02-20 23:04:15.000]  [WriteHeartbeatToFile] ErrorCode:0 INFO: Done Sending the heartbeat.
[2026-02-20 23:04:15.000]  [WriteStatusToFile] ErrorCode:0 INFO: Done Sending the status.
[2026-02-20 23:04:45.000]  [WriteHeartbeatToFile] ErrorCode:0 INFO: Sending the heartbeat.
[2026-02-20 23:04:45.000]  [WriteStatusToFile] ErrorCode:0 INFO: Sending the status.
[2026-02-20 23:04:45.000]  [WriteHeartbeatToFile] ErrorCode:0 INFO: Done Sending the heartbeat.
[2026-02-20 23:04:45.000]  [WriteStatusToFile] ErrorCode:0 INFO: Done Sending the status.
[2026-02-20 23:05:15.000]  [FindProcessById] ErrorCode:0 INFO: Attempt to find the process MetricsExtension.Native.exe with ID: 2308.
[2026-02-20 23:05:15.000]  [FindProcessById] ErrorCode:0 INFO: Running Process MetricsExtension.Native.exe found. ID: 2308.
[2026-02-20 23:05:15.000]  [StartMetricsExtension] ErrorCode:0 ERROR: Metrics extension is already running
[2026-02-20 23:05:15.000]  [AggregateHeartbeat] ErrorCode:0 INFO: Start heartbeat aggregation.
[2026-02-20 23:05:15.000]  [QueryRegValueDWORD] ErrorCode:0 INFO: Query Registry for Key:SOFTWARE\Microsoft\Windows Azure\CurrentVersion\AzureMonitorAgentExtension\47.4.1.0, Name:MaServiceProcess
[2026-02-20 23:05:15.000]  [QueryRegValueDWORD] ErrorCode:0 INFO: Query Registry for Key:SOFTWARE\Microsoft\Windows Azure\CurrentVersion\AzureMonitorAgentExtension\47.4.1.0, Name:MaServiceProcess, Value:3012
[2026-02-20 23:05:15.000]  [FindProcessById] ErrorCode:0 INFO: Attempt to find the process MonAgentLauncher.exe with ID: 3012.
[2026-02-20 23:05:15.000]  [FindProcessById] ErrorCode:0 INFO: Running Process MonAgentLauncher.exe found. ID: 3012.
[2026-02-20 23:05:15.000]  [CheckIfMAServiceIsRunByExtension] ErrorCode:0 INFO: The MA process is running based on the m_registry
[2026-02-20 23:05:15.000]  [QueryRegValueDWORD] ErrorCode:0 INFO: Query Registry for Key:SOFTWARE\Microsoft\Windows Azure\CurrentVersion\AzureMonitorAgentExtension\47.4.1.0, Name:AMAMultitenantServiceProcess
[2026-02-20 23:05:15.000]  [QueryRegValueDWORD] ErrorCode:0 ERROR: RegQueryValueExA: failed to query REG_DWORD value, Key:SOFTWARE\Microsoft\Windows Azure\CurrentVersion\AzureMonitorAgentExtension\47.4.1.0, name=AMAMultitenantServiceProcess, error=2, type=0
[2026-02-20 23:05:15.000]  [CheckIfMAServiceIsRunByExtension] ErrorCode:1205 INFO: Unable to read the m_registry for MA process. Assume it is not running.
[2026-02-20 23:05:15.000]  [AggregateHeartbeat] ErrorCode:0 INFO: Configured MA Service is not running on the node.
[2026-02-20 23:05:15.000]  [SetImdsEnvironmentVariable] ErrorCode:0 INFO: Querying IMDS information
[2026-02-20 23:05:15.000]  [SetImdsEnvironmentVariable] ErrorCode:-1 INFO: Preparing to call IMDS. Endpoint: http://169.254.169.254
[2026-02-20 23:05:15.000]  [QueryIMDSEndpoint] ErrorCode:0 INFO: Queried IMDS successfully.
[2026-02-20 23:05:15.000]  [GetValueFromJsonOrDefault] ErrorCode:0 INFO: Read Imds response field with Name:location Value: westus2
[2026-02-20 23:05:15.000]  [GetValueFromJsonOrDefault] ErrorCode:0 INFO: Read Imds response field with Name:name Value: amawin
[2026-02-20 23:05:15.000]  [GetValueFromJsonOrDefault] ErrorCode:0 INFO: Read Imds response field with Name:subscriptionId Value: 351651ce-5feb-4e59-975d-f1f344e2b717
[2026-02-20 23:05:15.000]  [GetValueFromJsonOrDefault] ErrorCode:0 INFO: Read Imds response field with Name:vmId Value: 22afd636-aec1-4782-9055-f85ea283dc20
[2026-02-20 23:05:15.000]  [GetValueFromJsonOrDefault] ErrorCode:0 INFO: Read Imds response field with Name:vmScaleSetName Value: 
[2026-02-20 23:05:15.000]  [GetValueFromJsonOrDefault] ErrorCode:0 INFO: Read Imds response field with Name:resourceGroupName Value: AMAWin_group
[2026-02-20 23:05:15.000]  [GetValueFromJsonOrDefault] ErrorCode:0 INFO: Read Imds response field with Name:osType Value: Windows
[2026-02-20 23:05:15.000]  [GetValueFromJsonOrDefault] ErrorCode:0 INFO: Read Imds response field with Name:resourceId Value: /subscriptions/351651ce-5feb-4e59-975d-f1f344e2b717/resourceGroups/AMAWin_group/providers/Microsoft.Compute/virtualMachines/amawin
[2026-02-20 23:05:15.000]  [GetValueFromJsonOrDefault] ErrorCode:0 INFO: Read Imds response field with Name:azEnvironment Value: AzurePublicCloud
[2026-02-20 23:05:15.000]  [SetImdsEnvironmentVariable] ErrorCode:0 INFO: Successfully set Environment variables from Imds
[2026-02-20 23:05:15.000]  [AggregateHeartbeat] ErrorCode:0 INFO: Completed heartbeat aggregation.
[2026-02-20 23:05:15.000]  [WriteHeartbeatToFile] ErrorCode:0 INFO: Sending the heartbeat.
[2026-02-20 23:05:15.000]  [WriteStatusToFile] ErrorCode:0 INFO: Sending the status.
[2026-02-20 23:05:15.000]  [WriteHeartbeatToFile] ErrorCode:0 INFO: Done Sending the heartbeat.
[2026-02-20 23:05:15.000]  [WriteStatusToFile] ErrorCode:0 INFO: Done Sending the status.
[2026-02-20 23:05:45.000]  [WriteStatusToFile] ErrorCode:0 INFO: Sending the status.
[2026-02-20 23:05:45.000]  [WriteHeartbeatToFile] ErrorCode:0 INFO: Sending the heartbeat.
[2026-02-20 23:05:45.000]  [WriteStatusToFile] ErrorCode:0 INFO: Done Sending the status.
[2026-02-20 23:05:45.000]  [WriteHeartbeatToFile] ErrorCode:0 INFO: Done Sending the heartbeat.
[2026-02-20 23:06:15.000]  [FindProcessById] ErrorCode:0 INFO: Attempt to find the process MetricsExtension.Native.exe with ID: 2308.
[2026-02-20 23:06:15.000]  [FindProcessById] ErrorCode:0 INFO: Running Process MetricsExtension.Native.exe found. ID: 2308.
[2026-02-20 23:06:15.000]  [StartMetricsExtension] ErrorCode:0 ERROR: Metrics extension is already running
[2026-02-20 23:06:15.000]  [WriteHeartbeatToFile] ErrorCode:0 INFO: Sending the heartbeat.
[2026-02-20 23:06:15.000]  [WriteStatusToFile] ErrorCode:0 INFO: Sending the status.
[2026-02-20 23:06:15.000]  [WriteHeartbeatToFile] ErrorCode:0 INFO: Done Sending the heartbeat.
[2026-02-20 23:06:15.000]  [WriteStatusToFile] ErrorCode:0 INFO: Done Sending the status.
[2026-02-20 23:06:45.000]  [WriteHeartbeatToFile] ErrorCode:0 INFO: Sending the heartbeat.
[2026-02-20 23:06:45.000]  [WriteStatusToFile] ErrorCode:0 INFO: Sending the status.
[2026-02-20 23:06:45.000]  [WriteStatusToFile] ErrorCode:0 INFO: Done Sending the status.
[2026-02-20 23:06:45.000]  [WriteHeartbeatToFile] ErrorCode:0 INFO: Done Sending the heartbeat.
[2026-02-20 23:07:15.000]  [FindProcessById] ErrorCode:0 INFO: Attempt to find the process MetricsExtension.Native.exe with ID: 2308.
[2026-02-20 23:07:15.000]  [FindProcessById] ErrorCode:0 INFO: Running Process MetricsExtension.Native.exe found. ID: 2308.
[2026-02-20 23:07:15.000]  [StartMetricsExtension] ErrorCode:0 ERROR: Metrics extension is already running
[2026-02-20 23:07:15.000]  [WriteStatusToFile] ErrorCode:0 INFO: Sending the status.
[2026-02-20 23:07:15.000]  [WriteHeartbeatToFile] ErrorCode:0 INFO: Sending the heartbeat.
[2026-02-20 23:07:15.000]  [WriteStatusToFile] ErrorCode:0 INFO: Done Sending the status.
[2026-02-20 23:07:15.000]  [WriteHeartbeatToFile] ErrorCode:0 INFO: Done Sending the heartbeat.
[2026-02-20 23:07:45.000]  [WriteHeartbeatToFile] ErrorCode:0 INFO: Sending the heartbeat.
[2026-02-20 23:07:45.000]  [WriteStatusToFile] ErrorCode:0 INFO: Sending the status.
[2026-02-20 23:07:45.000]  [WriteStatusToFile] ErrorCode:0 INFO: Done Sending the status.
[2026-02-20 23:07:45.000]  [WriteHeartbeatToFile] ErrorCode:0 INFO: Done Sending the heartbeat.
[2026-02-20 23:08:15.000]  [FindProcessById] ErrorCode:0 INFO: Attempt to find the process MetricsExtension.Native.exe with ID: 2308.
[2026-02-20 23:08:15.000]  [FindProcessById] ErrorCode:0 INFO: Running Process MetricsExtension.Native.exe found. ID: 2308.
[2026-02-20 23:08:15.000]  [StartMetricsExtension] ErrorCode:0 ERROR: Metrics extension is already running
[2026-02-20 23:08:15.000]  [WriteStatusToFile] ErrorCode:0 INFO: Sending the status.
[2026-02-20 23:08:15.000]  [WriteHeartbeatToFile] ErrorCode:0 INFO: Sending the heartbeat.
[2026-02-20 23:08:15.000]  [WriteStatusToFile] ErrorCode:0 INFO: Done Sending the status.
[2026-02-20 23:08:15.000]  [WriteHeartbeatToFile] ErrorCode:0 INFO: Done Sending the heartbeat.
[2026-02-20 23:08:45.000]  [WriteHeartbeatToFile] ErrorCode:0 INFO: Sending the heartbeat.
[2026-02-20 23:08:45.000]  [WriteStatusToFile] ErrorCode:0 INFO: Sending the status.
[2026-02-20 23:08:45.000]  [WriteHeartbeatToFile] ErrorCode:0 INFO: Done Sending the heartbeat.
[2026-02-20 23:08:45.000]  [WriteStatusToFile] ErrorCode:0 INFO: Done Sending the status.
[2026-02-20 23:09:15.000]  [FindProcessById] ErrorCode:0 INFO: Attempt to find the process MetricsExtension.Native.exe with ID: 2308.
[2026-02-20 23:09:15.000]  [FindProcessById] ErrorCode:0 INFO: Running Process MetricsExtension.Native.exe found. ID: 2308.
[2026-02-20 23:09:15.000]  [StartMetricsExtension] ErrorCode:0 ERROR: Metrics extension is already running
[2026-02-20 23:09:15.000]  [WriteHeartbeatToFile] ErrorCode:0 INFO: Sending the heartbeat.
[2026-02-20 23:09:15.000]  [WriteStatusToFile] ErrorCode:0 INFO: Sending the status.
[2026-02-20 23:09:15.000]  [WriteStatusToFile] ErrorCode:0 INFO: Done Sending the status.
[2026-02-20 23:09:15.000]  [WriteHeartbeatToFile] ErrorCode:0 INFO: Done Sending the heartbeat.
[2026-02-20 23:09:45.000]  [WriteHeartbeatToFile] ErrorCode:0 INFO: Sending the heartbeat.
[2026-02-20 23:09:45.000]  [WriteStatusToFile] ErrorCode:0 INFO: Sending the status.
[2026-02-20 23:09:45.000]  [WriteHeartbeatToFile] ErrorCode:0 INFO: Done Sending the heartbeat.
[2026-02-20 23:09:45.000]  [WriteStatusToFile] ErrorCode:0 INFO: Done Sending the status.
[2026-02-20 23:10:15.000]  [FindProcessById] ErrorCode:0 INFO: Attempt to find the process MetricsExtension.Native.exe with ID: 2308.
[2026-02-20 23:10:15.000]  [FindProcessById] ErrorCode:0 INFO: Running Process MetricsExtension.Native.exe found. ID: 2308.
[2026-02-20 23:10:15.000]  [StartMetricsExtension] ErrorCode:0 ERROR: Metrics extension is already running
[2026-02-20 23:10:15.000]  [AggregateHeartbeat] ErrorCode:0 INFO: Start heartbeat aggregation.
[2026-02-20 23:10:15.000]  [QueryRegValueDWORD] ErrorCode:0 INFO: Query Registry for Key:SOFTWARE\Microsoft\Windows Azure\CurrentVersion\AzureMonitorAgentExtension\47.4.1.0, Name:MaServiceProcess
[2026-02-20 23:10:15.000]  [QueryRegValueDWORD] ErrorCode:0 INFO: Query Registry for Key:SOFTWARE\Microsoft\Windows Azure\CurrentVersion\AzureMonitorAgentExtension\47.4.1.0, Name:MaServiceProcess, Value:3012
[2026-02-20 23:10:15.000]  [FindProcessById] ErrorCode:0 INFO: Attempt to find the process MonAgentLauncher.exe with ID: 3012.
[2026-02-20 23:10:15.000]  [FindProcessById] ErrorCode:0 INFO: Running Process MonAgentLauncher.exe found. ID: 3012.
[2026-02-20 23:10:15.000]  [CheckIfMAServiceIsRunByExtension] ErrorCode:0 INFO: The MA process is running based on the m_registry
[2026-02-20 23:10:15.000]  [QueryRegValueDWORD] ErrorCode:0 INFO: Query Registry for Key:SOFTWARE\Microsoft\Windows Azure\CurrentVersion\AzureMonitorAgentExtension\47.4.1.0, Name:AMAMultitenantServiceProcess
[2026-02-20 23:10:15.000]  [QueryRegValueDWORD] ErrorCode:0 ERROR: RegQueryValueExA: failed to query REG_DWORD value, Key:SOFTWARE\Microsoft\Windows Azure\CurrentVersion\AzureMonitorAgentExtension\47.4.1.0, name=AMAMultitenantServiceProcess, error=2, type=0
[2026-02-20 23:10:15.000]  [CheckIfMAServiceIsRunByExtension] ErrorCode:1205 INFO: Unable to read the m_registry for MA process. Assume it is not running.
[2026-02-20 23:10:15.000]  [AggregateHeartbeat] ErrorCode:0 INFO: Configured MA Service is not running on the node.
[2026-02-20 23:10:15.000]  [SetImdsEnvironmentVariable] ErrorCode:0 INFO: Querying IMDS information
[2026-02-20 23:10:15.000]  [SetImdsEnvironmentVariable] ErrorCode:-1 INFO: Preparing to call IMDS. Endpoint: http://169.254.169.254
[2026-02-20 23:10:15.000]  [QueryIMDSEndpoint] ErrorCode:0 INFO: Queried IMDS successfully.
[2026-02-20 23:10:15.000]  [GetValueFromJsonOrDefault] ErrorCode:0 INFO: Read Imds response field with Name:location Value: westus2
[2026-02-20 23:10:15.000]  [GetValueFromJsonOrDefault] ErrorCode:0 INFO: Read Imds response field with Name:name Value: amawin
[2026-02-20 23:10:15.000]  [GetValueFromJsonOrDefault] ErrorCode:0 INFO: Read Imds response field with Name:subscriptionId Value: 351651ce-5feb-4e59-975d-f1f344e2b717
[2026-02-20 23:10:15.000]  [GetValueFromJsonOrDefault] ErrorCode:0 INFO: Read Imds response field with Name:vmId Value: 22afd636-aec1-4782-9055-f85ea283dc20
[2026-02-20 23:10:15.000]  [GetValueFromJsonOrDefault] ErrorCode:0 INFO: Read Imds response field with Name:vmScaleSetName Value: 
[2026-02-20 23:10:15.000]  [GetValueFromJsonOrDefault] ErrorCode:0 INFO: Read Imds response field with Name:resourceGroupName Value: AMAWin_group
[2026-02-20 23:10:15.000]  [GetValueFromJsonOrDefault] ErrorCode:0 INFO: Read Imds response field with Name:osType Value: Windows
[2026-02-20 23:10:15.000]  [GetValueFromJsonOrDefault] ErrorCode:0 INFO: Read Imds response field with Name:resourceId Value: /subscriptions/351651ce-5feb-4e59-975d-f1f344e2b717/resourceGroups/AMAWin_group/providers/Microsoft.Compute/virtualMachines/amawin
[2026-02-20 23:10:15.000]  [GetValueFromJsonOrDefault] ErrorCode:0 INFO: Read Imds response field with Name:azEnvironment Value: AzurePublicCloud
[2026-02-20 23:10:15.000]  [SetImdsEnvironmentVariable] ErrorCode:0 INFO: Successfully set Environment variables from Imds
[2026-02-20 23:10:15.000]  [AggregateHeartbeat] ErrorCode:0 INFO: Completed heartbeat aggregation.
[2026-02-20 23:10:15.000]  [WriteHeartbeatToFile] ErrorCode:0 INFO: Sending the heartbeat.
[2026-02-20 23:10:15.000]  [WriteStatusToFile] ErrorCode:0 INFO: Sending the status.
[2026-02-20 23:10:15.000]  [WriteHeartbeatToFile] ErrorCode:0 INFO: Done Sending the heartbeat.
[2026-02-20 23:10:15.000]  [WriteStatusToFile] ErrorCode:0 INFO: Done Sending the status.
[2026-02-20 23:10:45.000]  [WriteHeartbeatToFile] ErrorCode:0 INFO: Sending the heartbeat.
[2026-02-20 23:10:45.000]  [WriteStatusToFile] ErrorCode:0 INFO: Sending the status.
[2026-02-20 23:10:45.000]  [WriteHeartbeatToFile] ErrorCode:0 INFO: Done Sending the heartbeat.
[2026-02-20 23:10:45.000]  [WriteStatusToFile] ErrorCode:0 INFO: Done Sending the status.
[2026-02-20 23:11:15.000]  [FindProcessById] ErrorCode:0 INFO: Attempt to find the process MetricsExtension.Native.exe with ID: 2308.
[2026-02-20 23:11:15.000]  [FindProcessById] ErrorCode:0 INFO: Running Process MetricsExtension.Native.exe found. ID: 2308.
[2026-02-20 23:11:15.000]  [StartMetricsExtension] ErrorCode:0 ERROR: Metrics extension is already running
[2026-02-20 23:11:15.000]  [WriteHeartbeatToFile] ErrorCode:0 INFO: Sending the heartbeat.
[2026-02-20 23:11:15.000]  [WriteStatusToFile] ErrorCode:0 INFO: Sending the status.
[2026-02-20 23:11:15.000]  [WriteStatusToFile] ErrorCode:0 INFO: Done Sending the status.
[2026-02-20 23:11:15.000]  [WriteHeartbeatToFile] ErrorCode:0 INFO: Done Sending the heartbeat.
[2026-02-20 23:11:45.000]  [WriteHeartbeatToFile] ErrorCode:0 INFO: Sending the heartbeat.
[2026-02-20 23:11:45.000]  [WriteStatusToFile] ErrorCode:0 INFO: Sending the status.
[2026-02-20 23:11:45.000]  [WriteStatusToFile] ErrorCode:0 INFO: Done Sending the status.
[2026-02-20 23:11:45.000]  [WriteHeartbeatToFile] ErrorCode:0 INFO: Done Sending the heartbeat.
[2026-02-20 23:12:15.000]  [FindProcessById] ErrorCode:0 INFO: Attempt to find the process MetricsExtension.Native.exe with ID: 2308.
[2026-02-20 23:12:15.000]  [FindProcessById] ErrorCode:0 INFO: Running Process MetricsExtension.Native.exe found. ID: 2308.
[2026-02-20 23:12:15.000]  [StartMetricsExtension] ErrorCode:0 ERROR: Metrics extension is already running
[2026-02-20 23:12:15.000]  [WriteStatusToFile] ErrorCode:0 INFO: Sending the status.
[2026-02-20 23:12:15.000]  [WriteHeartbeatToFile] ErrorCode:0 INFO: Sending the heartbeat.
[2026-02-20 23:12:15.000]  [WriteHeartbeatToFile] ErrorCode:0 INFO: Done Sending the heartbeat.
[2026-02-20 23:12:15.000]  [WriteStatusToFile] ErrorCode:0 INFO: Done Sending the status.
[2026-02-20 23:12:45.000]  [WriteStatusToFile] ErrorCode:0 INFO: Sending the status.
[2026-02-20 23:12:45.000]  [WriteHeartbeatToFile] ErrorCode:0 INFO: Sending the heartbeat.
[2026-02-20 23:12:45.000]  [WriteHeartbeatToFile] ErrorCode:0 INFO: Done Sending the heartbeat.
[2026-02-20 23:12:45.000]  [WriteStatusToFile] ErrorCode:0 INFO: Done Sending the status.
[2026-02-20 23:13:15.000]  [FindProcessById] ErrorCode:0 INFO: Attempt to find the process MetricsExtension.Native.exe with ID: 2308.
[2026-02-20 23:13:15.000]  [FindProcessById] ErrorCode:0 INFO: Running Process MetricsExtension.Native.exe found. ID: 2308.
[2026-02-20 23:13:15.000]  [StartMetricsExtension] ErrorCode:0 ERROR: Metrics extension is already running
[2026-02-20 23:13:15.000]  [WriteHeartbeatToFile] ErrorCode:0 INFO: Sending the heartbeat.
[2026-02-20 23:13:15.000]  [WriteStatusToFile] ErrorCode:0 INFO: Sending the status.
[2026-02-20 23:13:15.000]  [WriteStatusToFile] ErrorCode:0 INFO: Done Sending the status.
[2026-02-20 23:13:15.000]  [WriteHeartbeatToFile] ErrorCode:0 INFO: Done Sending the heartbeat.
[2026-02-20 23:13:45.000]  [WriteHeartbeatToFile] ErrorCode:0 INFO: Sending the heartbeat.
[2026-02-20 23:13:45.000]  [WriteStatusToFile] ErrorCode:0 INFO: Sending the status.
[2026-02-20 23:13:45.000]  [WriteStatusToFile] ErrorCode:0 INFO: Done Sending the status.
[2026-02-20 23:13:45.000]  [WriteHeartbeatToFile] ErrorCode:0 INFO: Done Sending the heartbeat.
[2026-02-20 23:14:15.000]  [FindProcessById] ErrorCode:0 INFO: Attempt to find the process MetricsExtension.Native.exe with ID: 2308.
[2026-02-20 23:14:15.000]  [FindProcessById] ErrorCode:0 INFO: Running Process MetricsExtension.Native.exe found. ID: 2308.
[2026-02-20 23:14:15.000]  [StartMetricsExtension] ErrorCode:0 ERROR: Metrics extension is already running
[2026-02-20 23:14:15.000]  [WriteHeartbeatToFile] ErrorCode:0 INFO: Sending the heartbeat.
[2026-02-20 23:14:15.000]  [WriteStatusToFile] ErrorCode:0 INFO: Sending the status.
[2026-02-20 23:14:15.000]  [WriteStatusToFile] ErrorCode:0 INFO: Done Sending the status.
[2026-02-20 23:14:15.000]  [WriteHeartbeatToFile] ErrorCode:0 INFO: Done Sending the heartbeat.
[2026-02-20 23:14:45.000]  [WriteStatusToFile] ErrorCode:0 INFO: Sending the status.
[2026-02-20 23:14:45.000]  [WriteHeartbeatToFile] ErrorCode:0 INFO: Sending the heartbeat.
[2026-02-20 23:14:45.000]  [WriteHeartbeatToFile] ErrorCode:0 INFO: Done Sending the heartbeat.
[2026-02-20 23:14:45.000]  [WriteStatusToFile] ErrorCode:0 INFO: Done Sending the status.
[2026-02-20 23:15:15.000]  [FindProcessById] ErrorCode:0 INFO: Attempt to find the process MetricsExtension.Native.exe with ID: 2308.
[2026-02-20 23:15:15.000]  [FindProcessById] ErrorCode:0 INFO: Running Process MetricsExtension.Native.exe found. ID: 2308.
[2026-02-20 23:15:15.000]  [StartMetricsExtension] ErrorCode:0 ERROR: Metrics extension is already running
[2026-02-20 23:15:15.000]  [AggregateHeartbeat] ErrorCode:0 INFO: Start heartbeat aggregation.
[2026-02-20 23:15:15.000]  [QueryRegValueDWORD] ErrorCode:0 INFO: Query Registry for Key:SOFTWARE\Microsoft\Windows Azure\CurrentVersion\AzureMonitorAgentExtension\47.4.1.0, Name:MaServiceProcess
[2026-02-20 23:15:15.000]  [QueryRegValueDWORD] ErrorCode:0 INFO: Query Registry for Key:SOFTWARE\Microsoft\Windows Azure\CurrentVersion\AzureMonitorAgentExtension\47.4.1.0, Name:MaServiceProcess, Value:3012
[2026-02-20 23:15:15.000]  [FindProcessById] ErrorCode:0 INFO: Attempt to find the process MonAgentLauncher.exe with ID: 3012.
[2026-02-20 23:15:15.000]  [FindProcessById] ErrorCode:0 INFO: Running Process MonAgentLauncher.exe found. ID: 3012.
[2026-02-20 23:15:15.000]  [CheckIfMAServiceIsRunByExtension] ErrorCode:0 INFO: The MA process is running based on the m_registry
[2026-02-20 23:15:15.000]  [QueryRegValueDWORD] ErrorCode:0 INFO: Query Registry for Key:SOFTWARE\Microsoft\Windows Azure\CurrentVersion\AzureMonitorAgentExtension\47.4.1.0, Name:AMAMultitenantServiceProcess
[2026-02-20 23:15:15.000]  [QueryRegValueDWORD] ErrorCode:0 ERROR: RegQueryValueExA: failed to query REG_DWORD value, Key:SOFTWARE\Microsoft\Windows Azure\CurrentVersion\AzureMonitorAgentExtension\47.4.1.0, name=AMAMultitenantServiceProcess, error=2, type=0
[2026-02-20 23:15:15.000]  [CheckIfMAServiceIsRunByExtension] ErrorCode:1205 INFO: Unable to read the m_registry for MA process. Assume it is not running.
[2026-02-20 23:15:15.000]  [AggregateHeartbeat] ErrorCode:0 INFO: Configured MA Service is not running on the node.
[2026-02-20 23:15:15.000]  [SetImdsEnvironmentVariable] ErrorCode:0 INFO: Querying IMDS information
[2026-02-20 23:15:15.000]  [SetImdsEnvironmentVariable] ErrorCode:-1 INFO: Preparing to call IMDS. Endpoint: http://169.254.169.254
[2026-02-20 23:15:15.000]  [QueryIMDSEndpoint] ErrorCode:0 INFO: Queried IMDS successfully.
[2026-02-20 23:15:15.000]  [GetValueFromJsonOrDefault] ErrorCode:0 INFO: Read Imds response field with Name:location Value: westus2
[2026-02-20 23:15:15.000]  [GetValueFromJsonOrDefault] ErrorCode:0 INFO: Read Imds response field with Name:name Value: amawin
[2026-02-20 23:15:15.000]  [GetValueFromJsonOrDefault] ErrorCode:0 INFO: Read Imds response field with Name:subscriptionId Value: 351651ce-5feb-4e59-975d-f1f344e2b717
[2026-02-20 23:15:15.000]  [GetValueFromJsonOrDefault] ErrorCode:0 INFO: Read Imds response field with Name:vmId Value: 22afd636-aec1-4782-9055-f85ea283dc20
[2026-02-20 23:15:15.000]  [GetValueFromJsonOrDefault] ErrorCode:0 INFO: Read Imds response field with Name:vmScaleSetName Value: 
[2026-02-20 23:15:15.000]  [GetValueFromJsonOrDefault] ErrorCode:0 INFO: Read Imds response field with Name:resourceGroupName Value: AMAWin_group
[2026-02-20 23:15:15.000]  [GetValueFromJsonOrDefault] ErrorCode:0 INFO: Read Imds response field with Name:osType Value: Windows
[2026-02-20 23:15:15.000]  [GetValueFromJsonOrDefault] ErrorCode:0 INFO: Read Imds response field with Name:resourceId Value: /subscriptions/351651ce-5feb-4e59-975d-f1f344e2b717/resourceGroups/AMAWin_group/providers/Microsoft.Compute/virtualMachines/amawin
[2026-02-20 23:15:15.000]  [GetValueFromJsonOrDefault] ErrorCode:0 INFO: Read Imds response field with Name:azEnvironment Value: AzurePublicCloud
[2026-02-20 23:15:15.000]  [SetImdsEnvironmentVariable] ErrorCode:0 INFO: Successfully set Environment variables from Imds
[2026-02-20 23:15:15.000]  [AggregateHeartbeat] ErrorCode:0 INFO: Completed heartbeat aggregation.
[2026-02-20 23:15:15.000]  [WriteHeartbeatToFile] ErrorCode:0 INFO: Sending the heartbeat.
[2026-02-20 23:15:15.000]  [WriteStatusToFile] ErrorCode:0 INFO: Sending the status.
[2026-02-20 23:15:15.000]  [WriteHeartbeatToFile] ErrorCode:0 INFO: Done Sending the heartbeat.
[2026-02-20 23:15:15.000]  [WriteStatusToFile] ErrorCode:0 INFO: Done Sending the status.
[2026-02-20 23:15:45.000]  [WriteHeartbeatToFile] ErrorCode:0 INFO: Sending the heartbeat.
[2026-02-20 23:15:45.000]  [WriteStatusToFile] ErrorCode:0 INFO: Sending the status.
[2026-02-20 23:15:45.000]  [WriteHeartbeatToFile] ErrorCode:0 INFO: Done Sending the heartbeat.
[2026-02-20 23:15:45.000]  [WriteStatusToFile] ErrorCode:0 INFO: Done Sending the status.
[2026-02-20 23:16:15.000]  [FindProcessById] ErrorCode:0 INFO: Attempt to find the process MetricsExtension.Native.exe with ID: 2308.
[2026-02-20 23:16:15.000]  [FindProcessById] ErrorCode:0 INFO: Running Process MetricsExtension.Native.exe found. ID: 2308.
[2026-02-20 23:16:15.000]  [StartMetricsExtension] ErrorCode:0 ERROR: Metrics extension is already running
[2026-02-20 23:16:16.000]  [WriteStatusToFile] ErrorCode:0 INFO: Sending the status.
[2026-02-20 23:16:16.000]  [WriteHeartbeatToFile] ErrorCode:0 INFO: Sending the heartbeat.
[2026-02-20 23:16:16.000]  [WriteHeartbeatToFile] ErrorCode:0 INFO: Done Sending the heartbeat.
[2026-02-20 23:16:16.000]  [WriteStatusToFile] ErrorCode:0 INFO: Done Sending the status.
[2026-02-20 23:16:46.000]  [WriteHeartbeatToFile] ErrorCode:0 INFO: Sending the heartbeat.
[2026-02-20 23:16:46.000]  [WriteStatusToFile] ErrorCode:0 INFO: Sending the status.
[2026-02-20 23:16:46.000]  [WriteHeartbeatToFile] ErrorCode:0 INFO: Done Sending the heartbeat.
[2026-02-20 23:16:46.000]  [WriteStatusToFile] ErrorCode:0 INFO: Done Sending the status.
[2026-02-20 23:17:15.000]  [FindProcessById] ErrorCode:0 INFO: Attempt to find the process MetricsExtension.Native.exe with ID: 2308.
[2026-02-20 23:17:15.000]  [FindProcessById] ErrorCode:0 INFO: Running Process MetricsExtension.Native.exe found. ID: 2308.
[2026-02-20 23:17:15.000]  [StartMetricsExtension] ErrorCode:0 ERROR: Metrics extension is already running
[2026-02-20 23:17:16.000]  [WriteHeartbeatToFile] ErrorCode:0 INFO: Sending the heartbeat.
[2026-02-20 23:17:16.000]  [WriteStatusToFile] ErrorCode:0 INFO: Sending the status.
[2026-02-20 23:17:16.000]  [WriteStatusToFile] ErrorCode:0 INFO: Done Sending the status.
[2026-02-20 23:17:16.000]  [WriteHeartbeatToFile] ErrorCode:0 INFO: Done Sending the heartbeat.
[2026-02-20 23:17:46.000]  [WriteHeartbeatToFile] ErrorCode:0 INFO: Sending the heartbeat.
[2026-02-20 23:17:46.000]  [WriteStatusToFile] ErrorCode:0 INFO: Sending the status.
[2026-02-20 23:17:46.000]  [WriteHeartbeatToFile] ErrorCode:0 INFO: Done Sending the heartbeat.
[2026-02-20 23:17:46.000]  [WriteStatusToFile] ErrorCode:0 INFO: Done Sending the status.
[2026-02-20 23:18:15.000]  [FindProcessById] ErrorCode:0 INFO: Attempt to find the process MetricsExtension.Native.exe with ID: 2308.
[2026-02-20 23:18:15.000]  [FindProcessById] ErrorCode:0 INFO: Running Process MetricsExtension.Native.exe found. ID: 2308.
[2026-02-20 23:18:15.000]  [StartMetricsExtension] ErrorCode:0 ERROR: Metrics extension is already running
[2026-02-20 23:18:16.000]  [WriteHeartbeatToFile] ErrorCode:0 INFO: Sending the heartbeat.
[2026-02-20 23:18:16.000]  [WriteStatusToFile] ErrorCode:0 INFO: Sending the status.
[2026-02-20 23:18:16.000]  [WriteHeartbeatToFile] ErrorCode:0 INFO: Done Sending the heartbeat.
[2026-02-20 23:18:16.000]  [WriteStatusToFile] ErrorCode:0 INFO: Done Sending the status.
[2026-02-20 23:18:46.000]  [WriteStatusToFile] ErrorCode:0 INFO: Sending the status.
[2026-02-20 23:18:46.000]  [WriteHeartbeatToFile] ErrorCode:0 INFO: Sending the heartbeat.
[2026-02-20 23:18:46.000]  [WriteStatusToFile] ErrorCode:0 INFO: Done Sending the status.
[2026-02-20 23:18:46.000]  [WriteHeartbeatToFile] ErrorCode:0 INFO: Done Sending the heartbeat.
[2026-02-20 23:19:15.000]  [FindProcessById] ErrorCode:0 INFO: Attempt to find the process MetricsExtension.Native.exe with ID: 2308.
[2026-02-20 23:19:15.000]  [FindProcessById] ErrorCode:0 INFO: Running Process MetricsExtension.Native.exe found. ID: 2308.
[2026-02-20 23:19:15.000]  [StartMetricsExtension] ErrorCode:0 ERROR: Metrics extension is already running
[2026-02-20 23:19:16.000]  [WriteHeartbeatToFile] ErrorCode:0 INFO: Sending the heartbeat.
[2026-02-20 23:19:16.000]  [WriteStatusToFile] ErrorCode:0 INFO: Sending the status.
[2026-02-20 23:19:16.000]  [WriteHeartbeatToFile] ErrorCode:0 INFO: Done Sending the heartbeat.
[2026-02-20 23:19:16.000]  [WriteStatusToFile] ErrorCode:0 INFO: Done Sending the status.
[2026-02-20 23:19:46.000]  [WriteStatusToFile] ErrorCode:0 INFO: Sending the status.
[2026-02-20 23:19:46.000]  [WriteHeartbeatToFile] ErrorCode:0 INFO: Sending the heartbeat.
[2026-02-20 23:19:46.000]  [WriteHeartbeatToFile] ErrorCode:0 INFO: Done Sending the heartbeat.
[2026-02-20 23:19:46.000]  [WriteStatusToFile] ErrorCode:0 INFO: Done Sending the status.
[2026-02-20 23:20:15.000]  [FindProcessById] ErrorCode:0 INFO: Attempt to find the process MetricsExtension.Native.exe with ID: 2308.
[2026-02-20 23:20:15.000]  [FindProcessById] ErrorCode:0 INFO: Running Process MetricsExtension.Native.exe found. ID: 2308.
[2026-02-20 23:20:15.000]  [StartMetricsExtension] ErrorCode:0 ERROR: Metrics extension is already running
[2026-02-20 23:20:15.000]  [AggregateHeartbeat] ErrorCode:0 INFO: Start heartbeat aggregation.
[2026-02-20 23:20:15.000]  [QueryRegValueDWORD] ErrorCode:0 INFO: Query Registry for Key:SOFTWARE\Microsoft\Windows Azure\CurrentVersion\AzureMonitorAgentExtension\47.4.1.0, Name:MaServiceProcess
[2026-02-20 23:20:15.000]  [QueryRegValueDWORD] ErrorCode:0 INFO: Query Registry for Key:SOFTWARE\Microsoft\Windows Azure\CurrentVersion\AzureMonitorAgentExtension\47.4.1.0, Name:MaServiceProcess, Value:3012
[2026-02-20 23:20:15.000]  [FindProcessById] ErrorCode:0 INFO: Attempt to find the process MonAgentLauncher.exe with ID: 3012.
[2026-02-20 23:20:15.000]  [FindProcessById] ErrorCode:0 INFO: Running Process MonAgentLauncher.exe found. ID: 3012.
[2026-02-20 23:20:15.000]  [CheckIfMAServiceIsRunByExtension] ErrorCode:0 INFO: The MA process is running based on the m_registry
[2026-02-20 23:20:15.000]  [QueryRegValueDWORD] ErrorCode:0 INFO: Query Registry for Key:SOFTWARE\Microsoft\Windows Azure\CurrentVersion\AzureMonitorAgentExtension\47.4.1.0, Name:AMAMultitenantServiceProcess
[2026-02-20 23:20:15.000]  [QueryRegValueDWORD] ErrorCode:0 ERROR: RegQueryValueExA: failed to query REG_DWORD value, Key:SOFTWARE\Microsoft\Windows Azure\CurrentVersion\AzureMonitorAgentExtension\47.4.1.0, name=AMAMultitenantServiceProcess, error=2, type=0
[2026-02-20 23:20:15.000]  [CheckIfMAServiceIsRunByExtension] ErrorCode:1205 INFO: Unable to read the m_registry for MA process. Assume it is not running.
[2026-02-20 23:20:15.000]  [AggregateHeartbeat] ErrorCode:0 INFO: Configured MA Service is not running on the node.
[2026-02-20 23:20:15.000]  [SetImdsEnvironmentVariable] ErrorCode:0 INFO: Querying IMDS information
[2026-02-20 23:20:15.000]  [SetImdsEnvironmentVariable] ErrorCode:-1 INFO: Preparing to call IMDS. Endpoint: http://169.254.169.254
[2026-02-20 23:20:16.000]  [QueryIMDSEndpoint] ErrorCode:0 INFO: Queried IMDS successfully.
[2026-02-20 23:20:16.000]  [GetValueFromJsonOrDefault] ErrorCode:0 INFO: Read Imds response field with Name:location Value: westus2
[2026-02-20 23:20:16.000]  [GetValueFromJsonOrDefault] ErrorCode:0 INFO: Read Imds response field with Name:name Value: amawin
[2026-02-20 23:20:16.000]  [GetValueFromJsonOrDefault] ErrorCode:0 INFO: Read Imds response field with Name:subscriptionId Value: 351651ce-5feb-4e59-975d-f1f344e2b717
[2026-02-20 23:20:16.000]  [GetValueFromJsonOrDefault] ErrorCode:0 INFO: Read Imds response field with Name:vmId Value: 22afd636-aec1-4782-9055-f85ea283dc20
[2026-02-20 23:20:16.000]  [GetValueFromJsonOrDefault] ErrorCode:0 INFO: Read Imds response field with Name:vmScaleSetName Value: 
[2026-02-20 23:20:16.000]  [GetValueFromJsonOrDefault] ErrorCode:0 INFO: Read Imds response field with Name:resourceGroupName Value: AMAWin_group
[2026-02-20 23:20:16.000]  [GetValueFromJsonOrDefault] ErrorCode:0 INFO: Read Imds response field with Name:osType Value: Windows
[2026-02-20 23:20:16.000]  [GetValueFromJsonOrDefault] ErrorCode:0 INFO: Read Imds response field with Name:resourceId Value: /subscriptions/351651ce-5feb-4e59-975d-f1f344e2b717/resourceGroups/AMAWin_group/providers/Microsoft.Compute/virtualMachines/amawin
[2026-02-20 23:20:16.000]  [GetValueFromJsonOrDefault] ErrorCode:0 INFO: Read Imds response field with Name:azEnvironment Value: AzurePublicCloud
[2026-02-20 23:20:16.000]  [SetImdsEnvironmentVariable] ErrorCode:0 INFO: Successfully set Environment variables from Imds
[2026-02-20 23:20:16.000]  [AggregateHeartbeat] ErrorCode:0 INFO: Completed heartbeat aggregation.
[2026-02-20 23:20:16.000]  [WriteStatusToFile] ErrorCode:0 INFO: Sending the status.
[2026-02-20 23:20:16.000]  [WriteHeartbeatToFile] ErrorCode:0 INFO: Sending the heartbeat.
[2026-02-20 23:20:16.000]  [WriteHeartbeatToFile] ErrorCode:0 INFO: Done Sending the heartbeat.
[2026-02-20 23:20:16.000]  [WriteStatusToFile] ErrorCode:0 INFO: Done Sending the status.
[2026-02-20 23:20:46.000]  [WriteStatusToFile] ErrorCode:0 INFO: Sending the status.
[2026-02-20 23:20:46.000]  [WriteHeartbeatToFile] ErrorCode:0 INFO: Sending the heartbeat.
[2026-02-20 23:20:46.000]  [WriteHeartbeatToFile] ErrorCode:0 INFO: Done Sending the heartbeat.
[2026-02-20 23:20:46.000]  [WriteStatusToFile] ErrorCode:0 INFO: Done Sending the status.
[2026-02-20 23:21:16.000]  [FindProcessById] ErrorCode:0 INFO: Attempt to find the process MetricsExtension.Native.exe with ID: 2308.
[2026-02-20 23:21:16.000]  [FindProcessById] ErrorCode:0 INFO: Running Process MetricsExtension.Native.exe found. ID: 2308.
[2026-02-20 23:21:16.000]  [StartMetricsExtension] ErrorCode:0 ERROR: Metrics extension is already running
[2026-02-20 23:21:16.000]  [WriteHeartbeatToFile] ErrorCode:0 INFO: Sending the heartbeat.
[2026-02-20 23:21:16.000]  [WriteStatusToFile] ErrorCode:0 INFO: Sending the status.
[2026-02-20 23:21:16.000]  [WriteStatusToFile] ErrorCode:0 INFO: Done Sending the status.
[2026-02-20 23:21:16.000]  [WriteHeartbeatToFile] ErrorCode:0 INFO: Done Sending the heartbeat.
[2026-02-20 23:21:46.000]  [WriteStatusToFile] ErrorCode:0 INFO: Sending the status.
[2026-02-20 23:21:46.000]  [WriteHeartbeatToFile] ErrorCode:0 INFO: Sending the heartbeat.
[2026-02-20 23:21:46.000]  [WriteHeartbeatToFile] ErrorCode:0 INFO: Done Sending the heartbeat.
[2026-02-20 23:21:46.000]  [WriteStatusToFile] ErrorCode:0 INFO: Done Sending the status.
[2026-02-20 23:22:16.000]  [FindProcessById] ErrorCode:0 INFO: Attempt to find the process MetricsExtension.Native.exe with ID: 2308.
[2026-02-20 23:22:16.000]  [FindProcessById] ErrorCode:0 INFO: Running Process MetricsExtension.Native.exe found. ID: 2308.
[2026-02-20 23:22:16.000]  [StartMetricsExtension] ErrorCode:0 ERROR: Metrics extension is already running
[2026-02-20 23:22:16.000]  [WriteHeartbeatToFile] ErrorCode:0 INFO: Sending the heartbeat.
[2026-02-20 23:22:16.000]  [WriteStatusToFile] ErrorCode:0 INFO: Sending the status.
[2026-02-20 23:22:16.000]  [WriteStatusToFile] ErrorCode:0 INFO: Done Sending the status.
[2026-02-20 23:22:16.000]  [WriteHeartbeatToFile] ErrorCode:0 INFO: Done Sending the heartbeat.
[2026-02-20 23:22:46.000]  [WriteHeartbeatToFile] ErrorCode:0 INFO: Sending the heartbeat.
[2026-02-20 23:22:46.000]  [WriteStatusToFile] ErrorCode:0 INFO: Sending the status.
[2026-02-20 23:22:46.000]  [WriteStatusToFile] ErrorCode:0 INFO: Done Sending the status.
[2026-02-20 23:22:46.000]  [WriteHeartbeatToFile] ErrorCode:0 INFO: Done Sending the heartbeat.
[2026-02-20 23:23:16.000]  [FindProcessById] ErrorCode:0 INFO: Attempt to find the process MetricsExtension.Native.exe with ID: 2308.
[2026-02-20 23:23:16.000]  [FindProcessById] ErrorCode:0 INFO: Running Process MetricsExtension.Native.exe found. ID: 2308.
[2026-02-20 23:23:16.000]  [StartMetricsExtension] ErrorCode:0 ERROR: Metrics extension is already running
[2026-02-20 23:23:16.000]  [WriteHeartbeatToFile] ErrorCode:0 INFO: Sending the heartbeat.
[2026-02-20 23:23:16.000]  [WriteStatusToFile] ErrorCode:0 INFO: Sending the status.
[2026-02-20 23:23:16.000]  [WriteHeartbeatToFile] ErrorCode:0 INFO: Done Sending the heartbeat.
[2026-02-20 23:23:16.000]  [WriteStatusToFile] ErrorCode:0 INFO: Done Sending the status.
[2026-02-20 23:23:46.000]  [WriteHeartbeatToFile] ErrorCode:0 INFO: Sending the heartbeat.
[2026-02-20 23:23:46.000]  [WriteStatusToFile] ErrorCode:0 INFO: Sending the status.
[2026-02-20 23:23:46.000]  [WriteHeartbeatToFile] ErrorCode:0 INFO: Done Sending the heartbeat.
[2026-02-20 23:23:46.000]  [WriteStatusToFile] ErrorCode:0 INFO: Done Sending the status.
[2026-02-20 23:24:16.000]  [FindProcessById] ErrorCode:0 INFO: Attempt to find the process MetricsExtension.Native.exe with ID: 2308.
[2026-02-20 23:24:16.000]  [FindProcessById] ErrorCode:0 INFO: Running Process MetricsExtension.Native.exe found. ID: 2308.
[2026-02-20 23:24:16.000]  [StartMetricsExtension] ErrorCode:0 ERROR: Metrics extension is already running
[2026-02-20 23:24:16.000]  [WriteHeartbeatToFile] ErrorCode:0 INFO: Sending the heartbeat.
[2026-02-20 23:24:16.000]  [WriteStatusToFile] ErrorCode:0 INFO: Sending the status.
[2026-02-20 23:24:16.000]  [WriteHeartbeatToFile] ErrorCode:0 INFO: Done Sending the heartbeat.
[2026-02-20 23:24:16.000]  [WriteStatusToFile] ErrorCode:0 INFO: Done Sending the status.
[2026-02-20 23:24:46.000]  [WriteStatusToFile] ErrorCode:0 INFO: Sending the status.
[2026-02-20 23:24:46.000]  [WriteHeartbeatToFile] ErrorCode:0 INFO: Sending the heartbeat.
[2026-02-20 23:24:46.000]  [WriteStatusToFile] ErrorCode:0 INFO: Done Sending the status.
[2026-02-20 23:24:46.000]  [WriteHeartbeatToFile] ErrorCode:0 INFO: Done Sending the heartbeat.
[2026-02-20 23:25:16.000]  [FindProcessById] ErrorCode:0 INFO: Attempt to find the process MetricsExtension.Native.exe with ID: 2308.
[2026-02-20 23:25:16.000]  [FindProcessById] ErrorCode:0 INFO: Running Process MetricsExtension.Native.exe found. ID: 2308.
[2026-02-20 23:25:16.000]  [StartMetricsExtension] ErrorCode:0 ERROR: Metrics extension is already running
[2026-02-20 23:25:16.000]  [AggregateHeartbeat] ErrorCode:0 INFO: Start heartbeat aggregation.
[2026-02-20 23:25:16.000]  [QueryRegValueDWORD] ErrorCode:0 INFO: Query Registry for Key:SOFTWARE\Microsoft\Windows Azure\CurrentVersion\AzureMonitorAgentExtension\47.4.1.0, Name:MaServiceProcess
[2026-02-20 23:25:16.000]  [QueryRegValueDWORD] ErrorCode:0 INFO: Query Registry for Key:SOFTWARE\Microsoft\Windows Azure\CurrentVersion\AzureMonitorAgentExtension\47.4.1.0, Name:MaServiceProcess, Value:3012
[2026-02-20 23:25:16.000]  [FindProcessById] ErrorCode:0 INFO: Attempt to find the process MonAgentLauncher.exe with ID: 3012.
[2026-02-20 23:25:16.000]  [FindProcessById] ErrorCode:0 INFO: Running Process MonAgentLauncher.exe found. ID: 3012.
[2026-02-20 23:25:16.000]  [CheckIfMAServiceIsRunByExtension] ErrorCode:0 INFO: The MA process is running based on the m_registry
[2026-02-20 23:25:16.000]  [QueryRegValueDWORD] ErrorCode:0 INFO: Query Registry for Key:SOFTWARE\Microsoft\Windows Azure\CurrentVersion\AzureMonitorAgentExtension\47.4.1.0, Name:AMAMultitenantServiceProcess
[2026-02-20 23:25:16.000]  [QueryRegValueDWORD] ErrorCode:0 ERROR: RegQueryValueExA: failed to query REG_DWORD value, Key:SOFTWARE\Microsoft\Windows Azure\CurrentVersion\AzureMonitorAgentExtension\47.4.1.0, name=AMAMultitenantServiceProcess, error=2, type=0
[2026-02-20 23:25:16.000]  [CheckIfMAServiceIsRunByExtension] ErrorCode:1205 INFO: Unable to read the m_registry for MA process. Assume it is not running.
[2026-02-20 23:25:16.000]  [AggregateHeartbeat] ErrorCode:0 INFO: Configured MA Service is not running on the node.
[2026-02-20 23:25:16.000]  [SetImdsEnvironmentVariable] ErrorCode:0 INFO: Querying IMDS information
[2026-02-20 23:25:16.000]  [SetImdsEnvironmentVariable] ErrorCode:-1 INFO: Preparing to call IMDS. Endpoint: http://169.254.169.254
[2026-02-20 23:25:16.000]  [QueryIMDSEndpoint] ErrorCode:0 INFO: Queried IMDS successfully.
[2026-02-20 23:25:16.000]  [GetValueFromJsonOrDefault] ErrorCode:0 INFO: Read Imds response field with Name:location Value: westus2
[2026-02-20 23:25:16.000]  [GetValueFromJsonOrDefault] ErrorCode:0 INFO: Read Imds response field with Name:name Value: amawin
[2026-02-20 23:25:16.000]  [GetValueFromJsonOrDefault] ErrorCode:0 INFO: Read Imds response field with Name:subscriptionId Value: 351651ce-5feb-4e59-975d-f1f344e2b717
[2026-02-20 23:25:16.000]  [GetValueFromJsonOrDefault] ErrorCode:0 INFO: Read Imds response field with Name:vmId Value: 22afd636-aec1-4782-9055-f85ea283dc20
[2026-02-20 23:25:16.000]  [GetValueFromJsonOrDefault] ErrorCode:0 INFO: Read Imds response field with Name:vmScaleSetName Value: 
[2026-02-20 23:25:16.000]  [GetValueFromJsonOrDefault] ErrorCode:0 INFO: Read Imds response field with Name:resourceGroupName Value: AMAWin_group
[2026-02-20 23:25:16.000]  [GetValueFromJsonOrDefault] ErrorCode:0 INFO: Read Imds response field with Name:osType Value: Windows
[2026-02-20 23:25:16.000]  [GetValueFromJsonOrDefault] ErrorCode:0 INFO: Read Imds response field with Name:resourceId Value: /subscriptions/351651ce-5feb-4e59-975d-f1f344e2b717/resourceGroups/AMAWin_group/providers/Microsoft.Compute/virtualMachines/amawin
[2026-02-20 23:25:16.000]  [GetValueFromJsonOrDefault] ErrorCode:0 INFO: Read Imds response field with Name:azEnvironment Value: AzurePublicCloud
[2026-02-20 23:25:16.000]  [SetImdsEnvironmentVariable] ErrorCode:0 INFO: Successfully set Environment variables from Imds
[2026-02-20 23:25:16.000]  [AggregateHeartbeat] ErrorCode:0 INFO: Completed heartbeat aggregation.
[2026-02-20 23:25:16.000]  [WriteHeartbeatToFile] ErrorCode:0 INFO: Sending the heartbeat.
[2026-02-20 23:25:16.000]  [WriteStatusToFile] ErrorCode:0 INFO: Sending the status.
[2026-02-20 23:25:16.000]  [WriteHeartbeatToFile] ErrorCode:0 INFO: Done Sending the heartbeat.
[2026-02-20 23:25:16.000]  [WriteStatusToFile] ErrorCode:0 INFO: Done Sending the status.
[2026-02-20 23:25:46.000]  [WriteHeartbeatToFile] ErrorCode:0 INFO: Sending the heartbeat.
[2026-02-20 23:25:46.000]  [WriteStatusToFile] ErrorCode:0 INFO: Sending the status.
[2026-02-20 23:25:46.000]  [WriteStatusToFile] ErrorCode:0 INFO: Done Sending the status.
[2026-02-20 23:25:46.000]  [WriteHeartbeatToFile] ErrorCode:0 INFO: Done Sending the heartbeat.
[2026-02-20 23:26:16.000]  [FindProcessById] ErrorCode:0 INFO: Attempt to find the process MetricsExtension.Native.exe with ID: 2308.
[2026-02-20 23:26:16.000]  [FindProcessById] ErrorCode:0 INFO: Running Process MetricsExtension.Native.exe found. ID: 2308.
[2026-02-20 23:26:16.000]  [StartMetricsExtension] ErrorCode:0 ERROR: Metrics extension is already running
[2026-02-20 23:26:16.000]  [WriteStatusToFile] ErrorCode:0 INFO: Sending the status.
[2026-02-20 23:26:16.000]  [WriteHeartbeatToFile] ErrorCode:0 INFO: Sending the heartbeat.
[2026-02-20 23:26:16.000]  [WriteStatusToFile] ErrorCode:0 INFO: Done Sending the status.
[2026-02-20 23:26:16.000]  [WriteHeartbeatToFile] ErrorCode:0 INFO: Done Sending the heartbeat.
[2026-02-20 23:26:46.000]  [WriteHeartbeatToFile] ErrorCode:0 INFO: Sending the heartbeat.
[2026-02-20 23:26:46.000]  [WriteStatusToFile] ErrorCode:0 INFO: Sending the status.
[2026-02-20 23:26:46.000]  [WriteStatusToFile] ErrorCode:0 INFO: Done Sending the status.
[2026-02-20 23:26:46.000]  [WriteHeartbeatToFile] ErrorCode:0 INFO: Done Sending the heartbeat.
[2026-02-20 23:27:16.000]  [FindProcessById] ErrorCode:0 INFO: Attempt to find the process MetricsExtension.Native.exe with ID: 2308.
[2026-02-20 23:27:16.000]  [FindProcessById] ErrorCode:0 INFO: Running Process MetricsExtension.Native.exe found. ID: 2308.
[2026-02-20 23:27:16.000]  [StartMetricsExtension] ErrorCode:0 ERROR: Metrics extension is already running
[2026-02-20 23:27:16.000]  [WriteHeartbeatToFile] ErrorCode:0 INFO: Sending the heartbeat.
[2026-02-20 23:27:16.000]  [WriteStatusToFile] ErrorCode:0 INFO: Sending the status.
[2026-02-20 23:27:16.000]  [WriteHeartbeatToFile] ErrorCode:0 INFO: Done Sending the heartbeat.
[2026-02-20 23:27:16.000]  [WriteStatusToFile] ErrorCode:0 INFO: Done Sending the status.
[2026-02-20 23:27:46.000]  [WriteHeartbeatToFile] ErrorCode:0 INFO: Sending the heartbeat.
[2026-02-20 23:27:46.000]  [WriteStatusToFile] ErrorCode:0 INFO: Sending the status.
[2026-02-20 23:27:46.000]  [WriteHeartbeatToFile] ErrorCode:0 INFO: Done Sending the heartbeat.
[2026-02-20 23:27:46.000]  [WriteStatusToFile] ErrorCode:0 INFO: Done Sending the status.
[2026-02-20 23:28:16.000]  [FindProcessById] ErrorCode:0 INFO: Attempt to find the process MetricsExtension.Native.exe with ID: 2308.
[2026-02-20 23:28:16.000]  [FindProcessById] ErrorCode:0 INFO: Running Process MetricsExtension.Native.exe found. ID: 2308.
[2026-02-20 23:28:16.000]  [StartMetricsExtension] ErrorCode:0 ERROR: Metrics extension is already running
[2026-02-20 23:28:16.000]  [WriteStatusToFile] ErrorCode:0 INFO: Sending the status.
[2026-02-20 23:28:16.000]  [WriteHeartbeatToFile] ErrorCode:0 INFO: Sending the heartbeat.
[2026-02-20 23:28:16.000]  [WriteHeartbeatToFile] ErrorCode:0 INFO: Done Sending the heartbeat.
[2026-02-20 23:28:16.000]  [WriteStatusToFile] ErrorCode:0 INFO: Done Sending the status.
[2026-02-20 23:28:46.000]  [WriteHeartbeatToFile] ErrorCode:0 INFO: Sending the heartbeat.
[2026-02-20 23:28:46.000]  [WriteStatusToFile] ErrorCode:0 INFO: Sending the status.
[2026-02-20 23:28:46.000]  [WriteHeartbeatToFile] ErrorCode:0 INFO: Done Sending the heartbeat.
[2026-02-20 23:28:46.000]  [WriteStatusToFile] ErrorCode:0 INFO: Done Sending the status.
[2026-02-20 23:29:16.000]  [FindProcessById] ErrorCode:0 INFO: Attempt to find the process MetricsExtension.Native.exe with ID: 2308.
[2026-02-20 23:29:16.000]  [FindProcessById] ErrorCode:0 INFO: Running Process MetricsExtension.Native.exe found. ID: 2308.
[2026-02-20 23:29:16.000]  [StartMetricsExtension] ErrorCode:0 ERROR: Metrics extension is already running
[2026-02-20 23:29:16.000]  [WriteStatusToFile] ErrorCode:0 INFO: Sending the status.
[2026-02-20 23:29:16.000]  [WriteHeartbeatToFile] ErrorCode:0 INFO: Sending the heartbeat.
[2026-02-20 23:29:16.000]  [WriteHeartbeatToFile] ErrorCode:0 INFO: Done Sending the heartbeat.
[2026-02-20 23:29:16.000]  [WriteStatusToFile] ErrorCode:0 INFO: Done Sending the status.
[2026-02-20 23:29:46.000]  [WriteHeartbeatToFile] ErrorCode:0 INFO: Sending the heartbeat.
[2026-02-20 23:29:46.000]  [WriteStatusToFile] ErrorCode:0 INFO: Sending the status.
[2026-02-20 23:29:46.000]  [WriteHeartbeatToFile] ErrorCode:0 INFO: Done Sending the heartbeat.
[2026-02-20 23:29:46.000]  [WriteStatusToFile] ErrorCode:0 INFO: Done Sending the status.
[2026-02-20 23:30:16.000]  [FindProcessById] ErrorCode:0 INFO: Attempt to find the process MetricsExtension.Native.exe with ID: 2308.
[2026-02-20 23:30:16.000]  [FindProcessById] ErrorCode:0 INFO: Running Process MetricsExtension.Native.exe found. ID: 2308.
[2026-02-20 23:30:16.000]  [StartMetricsExtension] ErrorCode:0 ERROR: Metrics extension is already running
[2026-02-20 23:30:16.000]  [AggregateHeartbeat] ErrorCode:0 INFO: Start heartbeat aggregation.
[2026-02-20 23:30:16.000]  [QueryRegValueDWORD] ErrorCode:0 INFO: Query Registry for Key:SOFTWARE\Microsoft\Windows Azure\CurrentVersion\AzureMonitorAgentExtension\47.4.1.0, Name:MaServiceProcess
[2026-02-20 23:30:16.000]  [QueryRegValueDWORD] ErrorCode:0 INFO: Query Registry for Key:SOFTWARE\Microsoft\Windows Azure\CurrentVersion\AzureMonitorAgentExtension\47.4.1.0, Name:MaServiceProcess, Value:3012
[2026-02-20 23:30:16.000]  [FindProcessById] ErrorCode:0 INFO: Attempt to find the process MonAgentLauncher.exe with ID: 3012.
[2026-02-20 23:30:16.000]  [FindProcessById] ErrorCode:0 INFO: Running Process MonAgentLauncher.exe found. ID: 3012.
[2026-02-20 23:30:16.000]  [CheckIfMAServiceIsRunByExtension] ErrorCode:0 INFO: The MA process is running based on the m_registry
[2026-02-20 23:30:16.000]  [QueryRegValueDWORD] ErrorCode:0 INFO: Query Registry for Key:SOFTWARE\Microsoft\Windows Azure\CurrentVersion\AzureMonitorAgentExtension\47.4.1.0, Name:AMAMultitenantServiceProcess
[2026-02-20 23:30:16.000]  [QueryRegValueDWORD] ErrorCode:0 ERROR: RegQueryValueExA: failed to query REG_DWORD value, Key:SOFTWARE\Microsoft\Windows Azure\CurrentVersion\AzureMonitorAgentExtension\47.4.1.0, name=AMAMultitenantServiceProcess, error=2, type=0
[2026-02-20 23:30:16.000]  [CheckIfMAServiceIsRunByExtension] ErrorCode:1205 INFO: Unable to read the m_registry for MA process. Assume it is not running.
[2026-02-20 23:30:16.000]  [AggregateHeartbeat] ErrorCode:0 INFO: Configured MA Service is not running on the node.
[2026-02-20 23:30:16.000]  [SetImdsEnvironmentVariable] ErrorCode:0 INFO: Querying IMDS information
[2026-02-20 23:30:16.000]  [SetImdsEnvironmentVariable] ErrorCode:-1 INFO: Preparing to call IMDS. Endpoint: http://169.254.169.254
[2026-02-20 23:30:16.000]  [QueryIMDSEndpoint] ErrorCode:0 INFO: Queried IMDS successfully.
[2026-02-20 23:30:16.000]  [GetValueFromJsonOrDefault] ErrorCode:0 INFO: Read Imds response field with Name:location Value: westus2
[2026-02-20 23:30:16.000]  [GetValueFromJsonOrDefault] ErrorCode:0 INFO: Read Imds response field with Name:name Value: amawin
[2026-02-20 23:30:16.000]  [GetValueFromJsonOrDefault] ErrorCode:0 INFO: Read Imds response field with Name:subscriptionId Value: 351651ce-5feb-4e59-975d-f1f344e2b717
[2026-02-20 23:30:16.000]  [GetValueFromJsonOrDefault] ErrorCode:0 INFO: Read Imds response field with Name:vmId Value: 22afd636-aec1-4782-9055-f85ea283dc20
[2026-02-20 23:30:16.000]  [GetValueFromJsonOrDefault] ErrorCode:0 INFO: Read Imds response field with Name:vmScaleSetName Value: 
[2026-02-20 23:30:16.000]  [GetValueFromJsonOrDefault] ErrorCode:0 INFO: Read Imds response field with Name:resourceGroupName Value: AMAWin_group
[2026-02-20 23:30:16.000]  [GetValueFromJsonOrDefault] ErrorCode:0 INFO: Read Imds response field with Name:osType Value: Windows
[2026-02-20 23:30:16.000]  [GetValueFromJsonOrDefault] ErrorCode:0 INFO: Read Imds response field with Name:resourceId Value: /subscriptions/351651ce-5feb-4e59-975d-f1f344e2b717/resourceGroups/AMAWin_group/providers/Microsoft.Compute/virtualMachines/amawin
[2026-02-20 23:30:16.000]  [GetValueFromJsonOrDefault] ErrorCode:0 INFO: Read Imds response field with Name:azEnvironment Value: AzurePublicCloud
[2026-02-20 23:30:16.000]  [SetImdsEnvironmentVariable] ErrorCode:0 INFO: Successfully set Environment variables from Imds
[2026-02-20 23:30:16.000]  [AggregateHeartbeat] ErrorCode:0 INFO: Completed heartbeat aggregation.
[2026-02-20 23:30:16.000]  [WriteStatusToFile] ErrorCode:0 INFO: Sending the status.
[2026-02-20 23:30:16.000]  [WriteHeartbeatToFile] ErrorCode:0 INFO: Sending the heartbeat.
[2026-02-20 23:30:16.000]  [WriteStatusToFile] ErrorCode:0 INFO: Done Sending the status.
[2026-02-20 23:30:16.000]  [WriteHeartbeatToFile] ErrorCode:0 INFO: Done Sending the heartbeat.
[2026-02-20 23:30:46.000]  [WriteHeartbeatToFile] ErrorCode:0 INFO: Sending the heartbeat.
[2026-02-20 23:30:46.000]  [WriteStatusToFile] ErrorCode:0 INFO: Sending the status.
[2026-02-20 23:30:46.000]  [WriteHeartbeatToFile] ErrorCode:0 INFO: Done Sending the heartbeat.
[2026-02-20 23:30:46.000]  [WriteStatusToFile] ErrorCode:0 INFO: Done Sending the status.
[2026-02-20 23:31:16.000]  [FindProcessById] ErrorCode:0 INFO: Attempt to find the process MetricsExtension.Native.exe with ID: 2308.
[2026-02-20 23:31:16.000]  [FindProcessById] ErrorCode:0 INFO: Running Process MetricsExtension.Native.exe found. ID: 2308.
[2026-02-20 23:31:16.000]  [StartMetricsExtension] ErrorCode:0 ERROR: Metrics extension is already running
[2026-02-20 23:31:16.000]  [WriteStatusToFile] ErrorCode:0 INFO: Sending the status.
[2026-02-20 23:31:16.000]  [WriteHeartbeatToFile] ErrorCode:0 INFO: Sending the heartbeat.
[2026-02-20 23:31:16.000]  [WriteHeartbeatToFile] ErrorCode:0 INFO: Done Sending the heartbeat.
[2026-02-20 23:31:16.000]  [WriteStatusToFile] ErrorCode:0 INFO: Done Sending the status.
[2026-02-20 23:31:46.000]  [WriteStatusToFile] ErrorCode:0 INFO: Sending the status.
[2026-02-20 23:31:46.000]  [WriteHeartbeatToFile] ErrorCode:0 INFO: Sending the heartbeat.
[2026-02-20 23:31:46.000]  [WriteHeartbeatToFile] ErrorCode:0 INFO: Done Sending the heartbeat.
[2026-02-20 23:31:46.000]  [WriteStatusToFile] ErrorCode:0 INFO: Done Sending the status.
[2026-02-20 23:32:16.000]  [FindProcessById] ErrorCode:0 INFO: Attempt to find the process MetricsExtension.Native.exe with ID: 2308.
[2026-02-20 23:32:16.000]  [FindProcessById] ErrorCode:0 INFO: Running Process MetricsExtension.Native.exe found. ID: 2308.
[2026-02-20 23:32:16.000]  [StartMetricsExtension] ErrorCode:0 ERROR: Metrics extension is already running
[2026-02-20 23:32:16.000]  [WriteHeartbeatToFile] ErrorCode:0 INFO: Sending the heartbeat.
[2026-02-20 23:32:16.000]  [WriteStatusToFile] ErrorCode:0 INFO: Sending the status.
[2026-02-20 23:32:16.000]  [WriteHeartbeatToFile] ErrorCode:0 INFO: Done Sending the heartbeat.
[2026-02-20 23:32:16.000]  [WriteStatusToFile] ErrorCode:0 INFO: Done Sending the status.
[2026-02-20 23:32:46.000]  [WriteHeartbeatToFile] ErrorCode:0 INFO: Sending the heartbeat.
[2026-02-20 23:32:46.000]  [WriteStatusToFile] ErrorCode:0 INFO: Sending the status.
[2026-02-20 23:32:46.000]  [WriteHeartbeatToFile] ErrorCode:0 INFO: Done Sending the heartbeat.
[2026-02-20 23:32:46.000]  [WriteStatusToFile] ErrorCode:0 INFO: Done Sending the status.
[2026-02-20 23:33:16.000]  [FindProcessById] ErrorCode:0 INFO: Attempt to find the process MetricsExtension.Native.exe with ID: 2308.
[2026-02-20 23:33:16.000]  [FindProcessById] ErrorCode:0 INFO: Running Process MetricsExtension.Native.exe found. ID: 2308.
[2026-02-20 23:33:16.000]  [StartMetricsExtension] ErrorCode:0 ERROR: Metrics extension is already running
[2026-02-20 23:33:16.000]  [WriteHeartbeatToFile] ErrorCode:0 INFO: Sending the heartbeat.
[2026-02-20 23:33:16.000]  [WriteStatusToFile] ErrorCode:0 INFO: Sending the status.
[2026-02-20 23:33:16.000]  [WriteStatusToFile] ErrorCode:0 INFO: Done Sending the status.
[2026-02-20 23:33:16.000]  [WriteHeartbeatToFile] ErrorCode:0 INFO: Done Sending the heartbeat.
[2026-02-20 23:33:46.000]  [WriteHeartbeatToFile] ErrorCode:0 INFO: Sending the heartbeat.
[2026-02-20 23:33:46.000]  [WriteStatusToFile] ErrorCode:0 INFO: Sending the status.
[2026-02-20 23:33:46.000]  [WriteHeartbeatToFile] ErrorCode:0 INFO: Done Sending the heartbeat.
[2026-02-20 23:33:46.000]  [WriteStatusToFile] ErrorCode:0 INFO: Done Sending the status.
[2026-02-20 23:34:16.000]  [FindProcessById] ErrorCode:0 INFO: Attempt to find the process MetricsExtension.Native.exe with ID: 2308.
[2026-02-20 23:34:16.000]  [FindProcessById] ErrorCode:0 INFO: Running Process MetricsExtension.Native.exe found. ID: 2308.
[2026-02-20 23:34:16.000]  [StartMetricsExtension] ErrorCode:0 ERROR: Metrics extension is already running
[2026-02-20 23:34:16.000]  [WriteHeartbeatToFile] ErrorCode:0 INFO: Sending the heartbeat.
[2026-02-20 23:34:16.000]  [WriteStatusToFile] ErrorCode:0 INFO: Sending the status.
[2026-02-20 23:34:16.000]  [WriteHeartbeatToFile] ErrorCode:0 INFO: Done Sending the heartbeat.
[2026-02-20 23:34:16.000]  [WriteStatusToFile] ErrorCode:0 INFO: Done Sending the status.
[2026-02-20 23:34:46.000]  [WriteHeartbeatToFile] ErrorCode:0 INFO: Sending the heartbeat.
[2026-02-20 23:34:46.000]  [WriteStatusToFile] ErrorCode:0 INFO: Sending the status.
[2026-02-20 23:34:46.000]  [WriteHeartbeatToFile] ErrorCode:0 INFO: Done Sending the heartbeat.
[2026-02-20 23:34:46.000]  [WriteStatusToFile] ErrorCode:0 INFO: Done Sending the status.
[2026-02-20 23:35:16.000]  [FindProcessById] ErrorCode:0 INFO: Attempt to find the process MetricsExtension.Native.exe with ID: 2308.
[2026-02-20 23:35:16.000]  [FindProcessById] ErrorCode:0 INFO: Running Process MetricsExtension.Native.exe found. ID: 2308.
[2026-02-20 23:35:16.000]  [StartMetricsExtension] ErrorCode:0 ERROR: Metrics extension is already running
[2026-02-20 23:35:16.000]  [AggregateHeartbeat] ErrorCode:0 INFO: Start heartbeat aggregation.
[2026-02-20 23:35:16.000]  [QueryRegValueDWORD] ErrorCode:0 INFO: Query Registry for Key:SOFTWARE\Microsoft\Windows Azure\CurrentVersion\AzureMonitorAgentExtension\47.4.1.0, Name:MaServiceProcess
[2026-02-20 23:35:16.000]  [QueryRegValueDWORD] ErrorCode:0 INFO: Query Registry for Key:SOFTWARE\Microsoft\Windows Azure\CurrentVersion\AzureMonitorAgentExtension\47.4.1.0, Name:MaServiceProcess, Value:3012
[2026-02-20 23:35:16.000]  [FindProcessById] ErrorCode:0 INFO: Attempt to find the process MonAgentLauncher.exe with ID: 3012.
[2026-02-20 23:35:16.000]  [FindProcessById] ErrorCode:0 INFO: Running Process MonAgentLauncher.exe found. ID: 3012.
[2026-02-20 23:35:16.000]  [CheckIfMAServiceIsRunByExtension] ErrorCode:0 INFO: The MA process is running based on the m_registry
[2026-02-20 23:35:16.000]  [QueryRegValueDWORD] ErrorCode:0 INFO: Query Registry for Key:SOFTWARE\Microsoft\Windows Azure\CurrentVersion\AzureMonitorAgentExtension\47.4.1.0, Name:AMAMultitenantServiceProcess
[2026-02-20 23:35:16.000]  [QueryRegValueDWORD] ErrorCode:0 ERROR: RegQueryValueExA: failed to query REG_DWORD value, Key:SOFTWARE\Microsoft\Windows Azure\CurrentVersion\AzureMonitorAgentExtension\47.4.1.0, name=AMAMultitenantServiceProcess, error=2, type=0
[2026-02-20 23:35:16.000]  [CheckIfMAServiceIsRunByExtension] ErrorCode:1205 INFO: Unable to read the m_registry for MA process. Assume it is not running.
[2026-02-20 23:35:16.000]  [AggregateHeartbeat] ErrorCode:0 INFO: Configured MA Service is not running on the node.
[2026-02-20 23:35:16.000]  [SetImdsEnvironmentVariable] ErrorCode:0 INFO: Querying IMDS information
[2026-02-20 23:35:16.000]  [SetImdsEnvironmentVariable] ErrorCode:-1 INFO: Preparing to call IMDS. Endpoint: http://169.254.169.254
[2026-02-20 23:35:16.000]  [QueryIMDSEndpoint] ErrorCode:0 INFO: Queried IMDS successfully.
[2026-02-20 23:35:16.000]  [GetValueFromJsonOrDefault] ErrorCode:0 INFO: Read Imds response field with Name:location Value: westus2
[2026-02-20 23:35:16.000]  [GetValueFromJsonOrDefault] ErrorCode:0 INFO: Read Imds response field with Name:name Value: amawin
[2026-02-20 23:35:16.000]  [GetValueFromJsonOrDefault] ErrorCode:0 INFO: Read Imds response field with Name:subscriptionId Value: 351651ce-5feb-4e59-975d-f1f344e2b717
[2026-02-20 23:35:16.000]  [GetValueFromJsonOrDefault] ErrorCode:0 INFO: Read Imds response field with Name:vmId Value: 22afd636-aec1-4782-9055-f85ea283dc20
[2026-02-20 23:35:16.000]  [GetValueFromJsonOrDefault] ErrorCode:0 INFO: Read Imds response field with Name:vmScaleSetName Value: 
[2026-02-20 23:35:16.000]  [GetValueFromJsonOrDefault] ErrorCode:0 INFO: Read Imds response field with Name:resourceGroupName Value: AMAWin_group
[2026-02-20 23:35:16.000]  [GetValueFromJsonOrDefault] ErrorCode:0 INFO: Read Imds response field with Name:osType Value: Windows
[2026-02-20 23:35:16.000]  [GetValueFromJsonOrDefault] ErrorCode:0 INFO: Read Imds response field with Name:resourceId Value: /subscriptions/351651ce-5feb-4e59-975d-f1f344e2b717/resourceGroups/AMAWin_group/providers/Microsoft.Compute/virtualMachines/amawin
[2026-02-20 23:35:16.000]  [GetValueFromJsonOrDefault] ErrorCode:0 INFO: Read Imds response field with Name:azEnvironment Value: AzurePublicCloud
[2026-02-20 23:35:16.000]  [SetImdsEnvironmentVariable] ErrorCode:0 INFO: Successfully set Environment variables from Imds
[2026-02-20 23:35:16.000]  [AggregateHeartbeat] ErrorCode:0 INFO: Completed heartbeat aggregation.
[2026-02-20 23:35:16.000]  [WriteHeartbeatToFile] ErrorCode:0 INFO: Sending the heartbeat.
[2026-02-20 23:35:16.000]  [WriteStatusToFile] ErrorCode:0 INFO: Sending the status.
[2026-02-20 23:35:16.000]  [WriteHeartbeatToFile] ErrorCode:0 INFO: Done Sending the heartbeat.
[2026-02-20 23:35:16.000]  [WriteStatusToFile] ErrorCode:0 INFO: Done Sending the status.
[2026-02-20 23:35:46.000]  [WriteHeartbeatToFile] ErrorCode:0 INFO: Sending the heartbeat.
[2026-02-20 23:35:46.000]  [WriteStatusToFile] ErrorCode:0 INFO: Sending the status.
[2026-02-20 23:35:46.000]  [WriteHeartbeatToFile] ErrorCode:0 INFO: Done Sending the heartbeat.
[2026-02-20 23:35:46.000]  [WriteStatusToFile] ErrorCode:0 INFO: Done Sending the status.
[2026-02-20 23:36:16.000]  [FindProcessById] ErrorCode:0 INFO: Attempt to find the process MetricsExtension.Native.exe with ID: 2308.
[2026-02-20 23:36:16.000]  [FindProcessById] ErrorCode:0 INFO: Running Process MetricsExtension.Native.exe found. ID: 2308.
[2026-02-20 23:36:16.000]  [StartMetricsExtension] ErrorCode:0 ERROR: Metrics extension is already running
[2026-02-20 23:36:16.000]  [WriteHeartbeatToFile] ErrorCode:0 INFO: Sending the heartbeat.
[2026-02-20 23:36:16.000]  [WriteStatusToFile] ErrorCode:0 INFO: Sending the status.
[2026-02-20 23:36:16.000]  [WriteHeartbeatToFile] ErrorCode:0 INFO: Done Sending the heartbeat.
[2026-02-20 23:36:16.000]  [WriteStatusToFile] ErrorCode:0 INFO: Done Sending the status.
[2026-02-20 23:36:46.000]  [WriteStatusToFile] ErrorCode:0 INFO: Sending the status.
[2026-02-20 23:36:46.000]  [WriteHeartbeatToFile] ErrorCode:0 INFO: Sending the heartbeat.
[2026-02-20 23:36:46.000]  [WriteStatusToFile] ErrorCode:0 INFO: Done Sending the status.
[2026-02-20 23:36:46.000]  [WriteHeartbeatToFile] ErrorCode:0 INFO: Done Sending the heartbeat.
[2026-02-20 23:37:16.000]  [FindProcessById] ErrorCode:0 INFO: Attempt to find the process MetricsExtension.Native.exe with ID: 2308.
[2026-02-20 23:37:16.000]  [FindProcessById] ErrorCode:0 INFO: Running Process MetricsExtension.Native.exe found. ID: 2308.
[2026-02-20 23:37:16.000]  [StartMetricsExtension] ErrorCode:0 ERROR: Metrics extension is already running
[2026-02-20 23:37:16.000]  [WriteHeartbeatToFile] ErrorCode:0 INFO: Sending the heartbeat.
[2026-02-20 23:37:16.000]  [WriteStatusToFile] ErrorCode:0 INFO: Sending the status.
[2026-02-20 23:37:16.000]  [WriteStatusToFile] ErrorCode:0 INFO: Done Sending the status.
[2026-02-20 23:37:16.000]  [WriteHeartbeatToFile] ErrorCode:0 INFO: Done Sending the heartbeat.
[2026-02-20 23:37:46.000]  [WriteHeartbeatToFile] ErrorCode:0 INFO: Sending the heartbeat.
[2026-02-20 23:37:46.000]  [WriteStatusToFile] ErrorCode:0 INFO: Sending the status.
[2026-02-20 23:37:46.000]  [WriteHeartbeatToFile] ErrorCode:0 INFO: Done Sending the heartbeat.
[2026-02-20 23:37:46.000]  [WriteStatusToFile] ErrorCode:0 INFO: Done Sending the status.
[2026-02-20 23:38:16.000]  [FindProcessById] ErrorCode:0 INFO: Attempt to find the process MetricsExtension.Native.exe with ID: 2308.
[2026-02-20 23:38:16.000]  [FindProcessById] ErrorCode:0 INFO: Running Process MetricsExtension.Native.exe found. ID: 2308.
[2026-02-20 23:38:16.000]  [StartMetricsExtension] ErrorCode:0 ERROR: Metrics extension is already running
[2026-02-20 23:38:16.000]  [WriteStatusToFile] ErrorCode:0 INFO: Sending the status.
[2026-02-20 23:38:16.000]  [WriteHeartbeatToFile] ErrorCode:0 INFO: Sending the heartbeat.
[2026-02-20 23:38:16.000]  [WriteStatusToFile] ErrorCode:0 INFO: Done Sending the status.
[2026-02-20 23:38:16.000]  [WriteHeartbeatToFile] ErrorCode:0 INFO: Done Sending the heartbeat.
[2026-02-20 23:38:46.000]  [WriteStatusToFile] ErrorCode:0 INFO: Sending the status.
[2026-02-20 23:38:46.000]  [WriteHeartbeatToFile] ErrorCode:0 INFO: Sending the heartbeat.
[2026-02-20 23:38:46.000]  [WriteStatusToFile] ErrorCode:0 INFO: Done Sending the status.
[2026-02-20 23:38:46.000]  [WriteHeartbeatToFile] ErrorCode:0 INFO: Done Sending the heartbeat.
[2026-02-20 23:39:16.000]  [FindProcessById] ErrorCode:0 INFO: Attempt to find the process MetricsExtension.Native.exe with ID: 2308.
[2026-02-20 23:39:16.000]  [FindProcessById] ErrorCode:0 INFO: Running Process MetricsExtension.Native.exe found. ID: 2308.
[2026-02-20 23:39:16.000]  [StartMetricsExtension] ErrorCode:0 ERROR: Metrics extension is already running
[2026-02-20 23:39:16.000]  [WriteStatusToFile] ErrorCode:0 INFO: Sending the status.
[2026-02-20 23:39:16.000]  [WriteHeartbeatToFile] ErrorCode:0 INFO: Sending the heartbeat.
[2026-02-20 23:39:16.000]  [WriteStatusToFile] ErrorCode:0 INFO: Done Sending the status.
[2026-02-20 23:39:16.000]  [WriteHeartbeatToFile] ErrorCode:0 INFO: Done Sending the heartbeat.
[2026-02-20 23:39:46.000]  [WriteHeartbeatToFile] ErrorCode:0 INFO: Sending the heartbeat.
[2026-02-20 23:39:46.000]  [WriteStatusToFile] ErrorCode:0 INFO: Sending the status.
[2026-02-20 23:39:46.000]  [WriteHeartbeatToFile] ErrorCode:0 INFO: Done Sending the heartbeat.
[2026-02-20 23:39:46.000]  [WriteStatusToFile] ErrorCode:0 INFO: Done Sending the status.
[2026-02-20 23:40:16.000]  [FindProcessById] ErrorCode:0 INFO: Attempt to find the process MetricsExtension.Native.exe with ID: 2308.
[2026-02-20 23:40:16.000]  [FindProcessById] ErrorCode:0 INFO: Running Process MetricsExtension.Native.exe found. ID: 2308.
[2026-02-20 23:40:16.000]  [StartMetricsExtension] ErrorCode:0 ERROR: Metrics extension is already running
[2026-02-20 23:40:16.000]  [AggregateHeartbeat] ErrorCode:0 INFO: Start heartbeat aggregation.
[2026-02-20 23:40:16.000]  [QueryRegValueDWORD] ErrorCode:0 INFO: Query Registry for Key:SOFTWARE\Microsoft\Windows Azure\CurrentVersion\AzureMonitorAgentExtension\47.4.1.0, Name:MaServiceProcess
[2026-02-20 23:40:16.000]  [QueryRegValueDWORD] ErrorCode:0 INFO: Query Registry for Key:SOFTWARE\Microsoft\Windows Azure\CurrentVersion\AzureMonitorAgentExtension\47.4.1.0, Name:MaServiceProcess, Value:3012
[2026-02-20 23:40:16.000]  [FindProcessById] ErrorCode:0 INFO: Attempt to find the process MonAgentLauncher.exe with ID: 3012.
[2026-02-20 23:40:16.000]  [FindProcessById] ErrorCode:0 INFO: Running Process MonAgentLauncher.exe found. ID: 3012.
[2026-02-20 23:40:16.000]  [CheckIfMAServiceIsRunByExtension] ErrorCode:0 INFO: The MA process is running based on the m_registry
[2026-02-20 23:40:16.000]  [QueryRegValueDWORD] ErrorCode:0 INFO: Query Registry for Key:SOFTWARE\Microsoft\Windows Azure\CurrentVersion\AzureMonitorAgentExtension\47.4.1.0, Name:AMAMultitenantServiceProcess
[2026-02-20 23:40:16.000]  [QueryRegValueDWORD] ErrorCode:0 ERROR: RegQueryValueExA: failed to query REG_DWORD value, Key:SOFTWARE\Microsoft\Windows Azure\CurrentVersion\AzureMonitorAgentExtension\47.4.1.0, name=AMAMultitenantServiceProcess, error=2, type=0
[2026-02-20 23:40:16.000]  [CheckIfMAServiceIsRunByExtension] ErrorCode:1205 INFO: Unable to read the m_registry for MA process. Assume it is not running.
[2026-02-20 23:40:16.000]  [AggregateHeartbeat] ErrorCode:0 INFO: Configured MA Service is not running on the node.
[2026-02-20 23:40:16.000]  [SetImdsEnvironmentVariable] ErrorCode:0 INFO: Querying IMDS information
[2026-02-20 23:40:16.000]  [SetImdsEnvironmentVariable] ErrorCode:-1 INFO: Preparing to call IMDS. Endpoint: http://169.254.169.254
[2026-02-20 23:40:16.000]  [QueryIMDSEndpoint] ErrorCode:0 INFO: Queried IMDS successfully.
[2026-02-20 23:40:16.000]  [GetValueFromJsonOrDefault] ErrorCode:0 INFO: Read Imds response field with Name:location Value: westus2
[2026-02-20 23:40:16.000]  [GetValueFromJsonOrDefault] ErrorCode:0 INFO: Read Imds response field with Name:name Value: amawin
[2026-02-20 23:40:16.000]  [GetValueFromJsonOrDefault] ErrorCode:0 INFO: Read Imds response field with Name:subscriptionId Value: 351651ce-5feb-4e59-975d-f1f344e2b717
[2026-02-20 23:40:16.000]  [GetValueFromJsonOrDefault] ErrorCode:0 INFO: Read Imds response field with Name:vmId Value: 22afd636-aec1-4782-9055-f85ea283dc20
[2026-02-20 23:40:16.000]  [GetValueFromJsonOrDefault] ErrorCode:0 INFO: Read Imds response field with Name:vmScaleSetName Value: 
[2026-02-20 23:40:16.000]  [GetValueFromJsonOrDefault] ErrorCode:0 INFO: Read Imds response field with Name:resourceGroupName Value: AMAWin_group
[2026-02-20 23:40:16.000]  [GetValueFromJsonOrDefault] ErrorCode:0 INFO: Read Imds response field with Name:osType Value: Windows
[2026-02-20 23:40:16.000]  [GetValueFromJsonOrDefault] ErrorCode:0 INFO: Read Imds response field with Name:resourceId Value: /subscriptions/351651ce-5feb-4e59-975d-f1f344e2b717/resourceGroups/AMAWin_group/providers/Microsoft.Compute/virtualMachines/amawin
[2026-02-20 23:40:16.000]  [GetValueFromJsonOrDefault] ErrorCode:0 INFO: Read Imds response field with Name:azEnvironment Value: AzurePublicCloud
[2026-02-20 23:40:16.000]  [SetImdsEnvironmentVariable] ErrorCode:0 INFO: Successfully set Environment variables from Imds
[2026-02-20 23:40:16.000]  [AggregateHeartbeat] ErrorCode:0 INFO: Completed heartbeat aggregation.
[2026-02-20 23:40:16.000]  [WriteHeartbeatToFile] ErrorCode:0 INFO: Sending the heartbeat.
[2026-02-20 23:40:16.000]  [WriteStatusToFile] ErrorCode:0 INFO: Sending the status.
[2026-02-20 23:40:16.000]  [WriteHeartbeatToFile] ErrorCode:0 INFO: Done Sending the heartbeat.
[2026-02-20 23:40:16.000]  [WriteStatusToFile] ErrorCode:0 INFO: Done Sending the status.
[2026-02-20 23:40:46.000]  [WriteHeartbeatToFile] ErrorCode:0 INFO: Sending the heartbeat.
[2026-02-20 23:40:46.000]  [WriteStatusToFile] ErrorCode:0 INFO: Sending the status.
[2026-02-20 23:40:46.000]  [WriteHeartbeatToFile] ErrorCode:0 INFO: Done Sending the heartbeat.
[2026-02-20 23:40:46.000]  [WriteStatusToFile] ErrorCode:0 INFO: Done Sending the status.
[2026-02-20 23:41:16.000]  [FindProcessById] ErrorCode:0 INFO: Attempt to find the process MetricsExtension.Native.exe with ID: 2308.
[2026-02-20 23:41:16.000]  [FindProcessById] ErrorCode:0 INFO: Running Process MetricsExtension.Native.exe found. ID: 2308.
[2026-02-20 23:41:16.000]  [StartMetricsExtension] ErrorCode:0 ERROR: Metrics extension is already running
[2026-02-20 23:41:16.000]  [WriteStatusToFile] ErrorCode:0 INFO: Sending the status.
[2026-02-20 23:41:16.000]  [WriteHeartbeatToFile] ErrorCode:0 INFO: Sending the heartbeat.
[2026-02-20 23:41:16.000]  [WriteStatusToFile] ErrorCode:0 INFO: Done Sending the status.
[2026-02-20 23:41:16.000]  [WriteHeartbeatToFile] ErrorCode:0 INFO: Done Sending the heartbeat.
[2026-02-20 23:41:46.000]  [WriteStatusToFile] ErrorCode:0 INFO: Sending the status.
[2026-02-20 23:41:46.000]  [WriteHeartbeatToFile] ErrorCode:0 INFO: Sending the heartbeat.
[2026-02-20 23:41:46.000]  [WriteHeartbeatToFile] ErrorCode:0 INFO: Done Sending the heartbeat.
[2026-02-20 23:41:46.000]  [WriteStatusToFile] ErrorCode:0 INFO: Done Sending the status.
[2026-02-20 23:42:16.000]  [FindProcessById] ErrorCode:0 INFO: Attempt to find the process MetricsExtension.Native.exe with ID: 2308.
[2026-02-20 23:42:16.000]  [FindProcessById] ErrorCode:0 INFO: Running Process MetricsExtension.Native.exe found. ID: 2308.
[2026-02-20 23:42:16.000]  [StartMetricsExtension] ErrorCode:0 ERROR: Metrics extension is already running
[2026-02-20 23:42:16.000]  [WriteHeartbeatToFile] ErrorCode:0 INFO: Sending the heartbeat.
[2026-02-20 23:42:16.000]  [WriteStatusToFile] ErrorCode:0 INFO: Sending the status.
[2026-02-20 23:42:16.000]  [WriteStatusToFile] ErrorCode:0 INFO: Done Sending the status.
[2026-02-20 23:42:16.000]  [WriteHeartbeatToFile] ErrorCode:0 INFO: Done Sending the heartbeat.
[2026-02-20 23:42:46.000]  [WriteHeartbeatToFile] ErrorCode:0 INFO: Sending the heartbeat.
[2026-02-20 23:42:46.000]  [WriteStatusToFile] ErrorCode:0 INFO: Sending the status.
[2026-02-20 23:42:46.000]  [WriteHeartbeatToFile] ErrorCode:0 INFO: Done Sending the heartbeat.
[2026-02-20 23:42:46.000]  [WriteStatusToFile] ErrorCode:0 INFO: Done Sending the status.
[2026-02-20 23:43:16.000]  [FindProcessById] ErrorCode:0 INFO: Attempt to find the process MetricsExtension.Native.exe with ID: 2308.
[2026-02-20 23:43:16.000]  [FindProcessById] ErrorCode:0 INFO: Running Process MetricsExtension.Native.exe found. ID: 2308.
[2026-02-20 23:43:16.000]  [StartMetricsExtension] ErrorCode:0 ERROR: Metrics extension is already running
[2026-02-20 23:43:16.000]  [WriteHeartbeatToFile] ErrorCode:0 INFO: Sending the heartbeat.
[2026-02-20 23:43:16.000]  [WriteStatusToFile] ErrorCode:0 INFO: Sending the status.
[2026-02-20 23:43:16.000]  [WriteHeartbeatToFile] ErrorCode:0 INFO: Done Sending the heartbeat.
[2026-02-20 23:43:16.000]  [WriteStatusToFile] ErrorCode:0 INFO: Done Sending the status.
[2026-02-20 23:43:46.000]  [WriteHeartbeatToFile] ErrorCode:0 INFO: Sending the heartbeat.
[2026-02-20 23:43:46.000]  [WriteStatusToFile] ErrorCode:0 INFO: Sending the status.
[2026-02-20 23:43:46.000]  [WriteStatusToFile] ErrorCode:0 INFO: Done Sending the status.
[2026-02-20 23:43:46.000]  [WriteHeartbeatToFile] ErrorCode:0 INFO: Done Sending the heartbeat.
[2026-02-20 23:44:16.000]  [FindProcessById] ErrorCode:0 INFO: Attempt to find the process MetricsExtension.Native.exe with ID: 2308.
[2026-02-20 23:44:16.000]  [FindProcessById] ErrorCode:0 INFO: Running Process MetricsExtension.Native.exe found. ID: 2308.
[2026-02-20 23:44:16.000]  [StartMetricsExtension] ErrorCode:0 ERROR: Metrics extension is already running
[2026-02-20 23:44:16.000]  [WriteStatusToFile] ErrorCode:0 INFO: Sending the status.
[2026-02-20 23:44:16.000]  [WriteHeartbeatToFile] ErrorCode:0 INFO: Sending the heartbeat.
[2026-02-20 23:44:16.000]  [WriteHeartbeatToFile] ErrorCode:0 INFO: Done Sending the heartbeat.
[2026-02-20 23:44:16.000]  [WriteStatusToFile] ErrorCode:0 INFO: Done Sending the status.
[2026-02-20 23:44:46.000]  [WriteHeartbeatToFile] ErrorCode:0 INFO: Sending the heartbeat.
[2026-02-20 23:44:46.000]  [WriteStatusToFile] ErrorCode:0 INFO: Sending the status.
[2026-02-20 23:44:46.000]  [WriteHeartbeatToFile] ErrorCode:0 INFO: Done Sending the heartbeat.
[2026-02-20 23:44:46.000]  [WriteStatusToFile] ErrorCode:0 INFO: Done Sending the status.
[2026-02-20 23:45:16.000]  [FindProcessById] ErrorCode:0 INFO: Attempt to find the process MetricsExtension.Native.exe with ID: 2308.
[2026-02-20 23:45:16.000]  [FindProcessById] ErrorCode:0 INFO: Running Process MetricsExtension.Native.exe found. ID: 2308.
[2026-02-20 23:45:16.000]  [StartMetricsExtension] ErrorCode:0 ERROR: Metrics extension is already running
[2026-02-20 23:45:16.000]  [AggregateHeartbeat] ErrorCode:0 INFO: Start heartbeat aggregation.
[2026-02-20 23:45:16.000]  [QueryRegValueDWORD] ErrorCode:0 INFO: Query Registry for Key:SOFTWARE\Microsoft\Windows Azure\CurrentVersion\AzureMonitorAgentExtension\47.4.1.0, Name:MaServiceProcess
[2026-02-20 23:45:16.000]  [QueryRegValueDWORD] ErrorCode:0 INFO: Query Registry for Key:SOFTWARE\Microsoft\Windows Azure\CurrentVersion\AzureMonitorAgentExtension\47.4.1.0, Name:MaServiceProcess, Value:3012
[2026-02-20 23:45:16.000]  [FindProcessById] ErrorCode:0 INFO: Attempt to find the process MonAgentLauncher.exe with ID: 3012.
[2026-02-20 23:45:16.000]  [FindProcessById] ErrorCode:0 INFO: Running Process MonAgentLauncher.exe found. ID: 3012.
[2026-02-20 23:45:16.000]  [CheckIfMAServiceIsRunByExtension] ErrorCode:0 INFO: The MA process is running based on the m_registry
[2026-02-20 23:45:16.000]  [QueryRegValueDWORD] ErrorCode:0 INFO: Query Registry for Key:SOFTWARE\Microsoft\Windows Azure\CurrentVersion\AzureMonitorAgentExtension\47.4.1.0, Name:AMAMultitenantServiceProcess
[2026-02-20 23:45:16.000]  [QueryRegValueDWORD] ErrorCode:0 ERROR: RegQueryValueExA: failed to query REG_DWORD value, Key:SOFTWARE\Microsoft\Windows Azure\CurrentVersion\AzureMonitorAgentExtension\47.4.1.0, name=AMAMultitenantServiceProcess, error=2, type=0
[2026-02-20 23:45:16.000]  [CheckIfMAServiceIsRunByExtension] ErrorCode:1205 INFO: Unable to read the m_registry for MA process. Assume it is not running.
[2026-02-20 23:45:16.000]  [AggregateHeartbeat] ErrorCode:0 INFO: Configured MA Service is not running on the node.
[2026-02-20 23:45:16.000]  [SetImdsEnvironmentVariable] ErrorCode:0 INFO: Querying IMDS information
[2026-02-20 23:45:16.000]  [SetImdsEnvironmentVariable] ErrorCode:-1 INFO: Preparing to call IMDS. Endpoint: http://169.254.169.254
[2026-02-20 23:45:16.000]  [QueryIMDSEndpoint] ErrorCode:0 INFO: Queried IMDS successfully.
[2026-02-20 23:45:16.000]  [GetValueFromJsonOrDefault] ErrorCode:0 INFO: Read Imds response field with Name:location Value: westus2
[2026-02-20 23:45:16.000]  [GetValueFromJsonOrDefault] ErrorCode:0 INFO: Read Imds response field with Name:name Value: amawin
[2026-02-20 23:45:16.000]  [GetValueFromJsonOrDefault] ErrorCode:0 INFO: Read Imds response field with Name:subscriptionId Value: 351651ce-5feb-4e59-975d-f1f344e2b717
[2026-02-20 23:45:16.000]  [GetValueFromJsonOrDefault] ErrorCode:0 INFO: Read Imds response field with Name:vmId Value: 22afd636-aec1-4782-9055-f85ea283dc20
[2026-02-20 23:45:16.000]  [GetValueFromJsonOrDefault] ErrorCode:0 INFO: Read Imds response field with Name:vmScaleSetName Value: 
[2026-02-20 23:45:16.000]  [GetValueFromJsonOrDefault] ErrorCode:0 INFO: Read Imds response field with Name:resourceGroupName Value: AMAWin_group
[2026-02-20 23:45:16.000]  [GetValueFromJsonOrDefault] ErrorCode:0 INFO: Read Imds response field with Name:osType Value: Windows
[2026-02-20 23:45:16.000]  [GetValueFromJsonOrDefault] ErrorCode:0 INFO: Read Imds response field with Name:resourceId Value: /subscriptions/351651ce-5feb-4e59-975d-f1f344e2b717/resourceGroups/AMAWin_group/providers/Microsoft.Compute/virtualMachines/amawin
[2026-02-20 23:45:16.000]  [GetValueFromJsonOrDefault] ErrorCode:0 INFO: Read Imds response field with Name:azEnvironment Value: AzurePublicCloud
[2026-02-20 23:45:16.000]  [SetImdsEnvironmentVariable] ErrorCode:0 INFO: Successfully set Environment variables from Imds
[2026-02-20 23:45:16.000]  [AggregateHeartbeat] ErrorCode:0 INFO: Completed heartbeat aggregation.
[2026-02-20 23:45:16.000]  [WriteHeartbeatToFile] ErrorCode:0 INFO: Sending the heartbeat.
[2026-02-20 23:45:16.000]  [WriteStatusToFile] ErrorCode:0 INFO: Sending the status.
[2026-02-20 23:45:16.000]  [WriteHeartbeatToFile] ErrorCode:0 INFO: Done Sending the heartbeat.
[2026-02-20 23:45:16.000]  [WriteStatusToFile] ErrorCode:0 INFO: Done Sending the status.
[2026-02-20 23:45:46.000]  [WriteHeartbeatToFile] ErrorCode:0 INFO: Sending the heartbeat.
[2026-02-20 23:45:46.000]  [WriteStatusToFile] ErrorCode:0 INFO: Sending the status.
[2026-02-20 23:45:46.000]  [WriteHeartbeatToFile] ErrorCode:0 INFO: Done Sending the heartbeat.
[2026-02-20 23:45:46.000]  [WriteStatusToFile] ErrorCode:0 INFO: Done Sending the status.
[2026-02-20 23:46:16.000]  [FindProcessById] ErrorCode:0 INFO: Attempt to find the process MetricsExtension.Native.exe with ID: 2308.
[2026-02-20 23:46:16.000]  [FindProcessById] ErrorCode:0 INFO: Running Process MetricsExtension.Native.exe found. ID: 2308.
[2026-02-20 23:46:16.000]  [StartMetricsExtension] ErrorCode:0 ERROR: Metrics extension is already running
[2026-02-20 23:46:16.000]  [WriteHeartbeatToFile] ErrorCode:0 INFO: Sending the heartbeat.
[2026-02-20 23:46:16.000]  [WriteStatusToFile] ErrorCode:0 INFO: Sending the status.
[2026-02-20 23:46:16.000]  [WriteStatusToFile] ErrorCode:0 INFO: Done Sending the status.
[2026-02-20 23:46:16.000]  [WriteHeartbeatToFile] ErrorCode:0 INFO: Done Sending the heartbeat.
[2026-02-20 23:46:46.000]  [WriteHeartbeatToFile] ErrorCode:0 INFO: Sending the heartbeat.
[2026-02-20 23:46:46.000]  [WriteStatusToFile] ErrorCode:0 INFO: Sending the status.
[2026-02-20 23:46:46.000]  [WriteStatusToFile] ErrorCode:0 INFO: Done Sending the status.
[2026-02-20 23:46:46.000]  [WriteHeartbeatToFile] ErrorCode:0 INFO: Done Sending the heartbeat.
[2026-02-20 23:47:16.000]  [FindProcessById] ErrorCode:0 INFO: Attempt to find the process MetricsExtension.Native.exe with ID: 2308.
[2026-02-20 23:47:16.000]  [FindProcessById] ErrorCode:0 INFO: Running Process MetricsExtension.Native.exe found. ID: 2308.
[2026-02-20 23:47:16.000]  [StartMetricsExtension] ErrorCode:0 ERROR: Metrics extension is already running
[2026-02-20 23:47:16.000]  [WriteHeartbeatToFile] ErrorCode:0 INFO: Sending the heartbeat.
[2026-02-20 23:47:16.000]  [WriteStatusToFile] ErrorCode:0 INFO: Sending the status.
[2026-02-20 23:47:16.000]  [WriteHeartbeatToFile] ErrorCode:0 INFO: Done Sending the heartbeat.
[2026-02-20 23:47:16.000]  [WriteStatusToFile] ErrorCode:0 INFO: Done Sending the status.
[2026-02-20 23:47:46.000]  [WriteStatusToFile] ErrorCode:0 INFO: Sending the status.
[2026-02-20 23:47:46.000]  [WriteHeartbeatToFile] ErrorCode:0 INFO: Sending the heartbeat.
[2026-02-20 23:47:46.000]  [WriteStatusToFile] ErrorCode:0 INFO: Done Sending the status.
[2026-02-20 23:47:46.000]  [WriteHeartbeatToFile] ErrorCode:0 INFO: Done Sending the heartbeat.
[2026-02-20 23:48:16.000]  [FindProcessById] ErrorCode:0 INFO: Attempt to find the process MetricsExtension.Native.exe with ID: 2308.
[2026-02-20 23:48:16.000]  [FindProcessById] ErrorCode:0 INFO: Running Process MetricsExtension.Native.exe found. ID: 2308.
[2026-02-20 23:48:16.000]  [StartMetricsExtension] ErrorCode:0 ERROR: Metrics extension is already running
[2026-02-20 23:48:16.000]  [WriteHeartbeatToFile] ErrorCode:0 INFO: Sending the heartbeat.
[2026-02-20 23:48:16.000]  [WriteStatusToFile] ErrorCode:0 INFO: Sending the status.
[2026-02-20 23:48:16.000]  [WriteHeartbeatToFile] ErrorCode:0 INFO: Done Sending the heartbeat.
[2026-02-20 23:48:16.000]  [WriteStatusToFile] ErrorCode:0 INFO: Done Sending the status.
[2026-02-20 23:48:46.000]  [WriteStatusToFile] ErrorCode:0 INFO: Sending the status.
[2026-02-20 23:48:46.000]  [WriteHeartbeatToFile] ErrorCode:0 INFO: Sending the heartbeat.
[2026-02-20 23:48:46.000]  [WriteStatusToFile] ErrorCode:0 INFO: Done Sending the status.
[2026-02-20 23:48:46.000]  [WriteHeartbeatToFile] ErrorCode:0 INFO: Done Sending the heartbeat.
[2026-02-20 23:49:16.000]  [FindProcessById] ErrorCode:0 INFO: Attempt to find the process MetricsExtension.Native.exe with ID: 2308.
[2026-02-20 23:49:16.000]  [FindProcessById] ErrorCode:0 INFO: Running Process MetricsExtension.Native.exe found. ID: 2308.
[2026-02-20 23:49:16.000]  [StartMetricsExtension] ErrorCode:0 ERROR: Metrics extension is already running
[2026-02-20 23:49:16.000]  [WriteHeartbeatToFile] ErrorCode:0 INFO: Sending the heartbeat.
[2026-02-20 23:49:16.000]  [WriteStatusToFile] ErrorCode:0 INFO: Sending the status.
[2026-02-20 23:49:16.000]  [WriteHeartbeatToFile] ErrorCode:0 INFO: Done Sending the heartbeat.
[2026-02-20 23:49:16.000]  [WriteStatusToFile] ErrorCode:0 INFO: Done Sending the status.
[2026-02-20 23:49:46.000]  [WriteStatusToFile] ErrorCode:0 INFO: Sending the status.
[2026-02-20 23:49:46.000]  [WriteHeartbeatToFile] ErrorCode:0 INFO: Sending the heartbeat.
[2026-02-20 23:49:46.000]  [WriteStatusToFile] ErrorCode:0 INFO: Done Sending the status.
[2026-02-20 23:49:46.000]  [WriteHeartbeatToFile] ErrorCode:0 INFO: Done Sending the heartbeat.
[2026-02-20 23:50:16.000]  [FindProcessById] ErrorCode:0 INFO: Attempt to find the process MetricsExtension.Native.exe with ID: 2308.
[2026-02-20 23:50:16.000]  [FindProcessById] ErrorCode:0 INFO: Running Process MetricsExtension.Native.exe found. ID: 2308.
[2026-02-20 23:50:16.000]  [StartMetricsExtension] ErrorCode:0 ERROR: Metrics extension is already running
[2026-02-20 23:50:16.000]  [AggregateHeartbeat] ErrorCode:0 INFO: Start heartbeat aggregation.
[2026-02-20 23:50:16.000]  [QueryRegValueDWORD] ErrorCode:0 INFO: Query Registry for Key:SOFTWARE\Microsoft\Windows Azure\CurrentVersion\AzureMonitorAgentExtension\47.4.1.0, Name:MaServiceProcess
[2026-02-20 23:50:16.000]  [QueryRegValueDWORD] ErrorCode:0 INFO: Query Registry for Key:SOFTWARE\Microsoft\Windows Azure\CurrentVersion\AzureMonitorAgentExtension\47.4.1.0, Name:MaServiceProcess, Value:3012
[2026-02-20 23:50:16.000]  [FindProcessById] ErrorCode:0 INFO: Attempt to find the process MonAgentLauncher.exe with ID: 3012.
[2026-02-20 23:50:16.000]  [FindProcessById] ErrorCode:0 INFO: Running Process MonAgentLauncher.exe found. ID: 3012.
[2026-02-20 23:50:16.000]  [CheckIfMAServiceIsRunByExtension] ErrorCode:0 INFO: The MA process is running based on the m_registry
[2026-02-20 23:50:16.000]  [QueryRegValueDWORD] ErrorCode:0 INFO: Query Registry for Key:SOFTWARE\Microsoft\Windows Azure\CurrentVersion\AzureMonitorAgentExtension\47.4.1.0, Name:AMAMultitenantServiceProcess
[2026-02-20 23:50:16.000]  [QueryRegValueDWORD] ErrorCode:0 ERROR: RegQueryValueExA: failed to query REG_DWORD value, Key:SOFTWARE\Microsoft\Windows Azure\CurrentVersion\AzureMonitorAgentExtension\47.4.1.0, name=AMAMultitenantServiceProcess, error=2, type=0
[2026-02-20 23:50:16.000]  [CheckIfMAServiceIsRunByExtension] ErrorCode:1205 INFO: Unable to read the m_registry for MA process. Assume it is not running.
[2026-02-20 23:50:16.000]  [AggregateHeartbeat] ErrorCode:0 INFO: Configured MA Service is not running on the node.
[2026-02-20 23:50:16.000]  [SetImdsEnvironmentVariable] ErrorCode:0 INFO: Querying IMDS information
[2026-02-20 23:50:16.000]  [SetImdsEnvironmentVariable] ErrorCode:-1 INFO: Preparing to call IMDS. Endpoint: http://169.254.169.254
[2026-02-20 23:50:16.000]  [QueryIMDSEndpoint] ErrorCode:0 INFO: Queried IMDS successfully.
[2026-02-20 23:50:16.000]  [GetValueFromJsonOrDefault] ErrorCode:0 INFO: Read Imds response field with Name:location Value: westus2
[2026-02-20 23:50:16.000]  [GetValueFromJsonOrDefault] ErrorCode:0 INFO: Read Imds response field with Name:name Value: amawin
[2026-02-20 23:50:16.000]  [GetValueFromJsonOrDefault] ErrorCode:0 INFO: Read Imds response field with Name:subscriptionId Value: 351651ce-5feb-4e59-975d-f1f344e2b717
[2026-02-20 23:50:16.000]  [GetValueFromJsonOrDefault] ErrorCode:0 INFO: Read Imds response field with Name:vmId Value: 22afd636-aec1-4782-9055-f85ea283dc20
[2026-02-20 23:50:16.000]  [GetValueFromJsonOrDefault] ErrorCode:0 INFO: Read Imds response field with Name:vmScaleSetName Value: 
[2026-02-20 23:50:16.000]  [GetValueFromJsonOrDefault] ErrorCode:0 INFO: Read Imds response field with Name:resourceGroupName Value: AMAWin_group
[2026-02-20 23:50:16.000]  [GetValueFromJsonOrDefault] ErrorCode:0 INFO: Read Imds response field with Name:osType Value: Windows
[2026-02-20 23:50:16.000]  [GetValueFromJsonOrDefault] ErrorCode:0 INFO: Read Imds response field with Name:resourceId Value: /subscriptions/351651ce-5feb-4e59-975d-f1f344e2b717/resourceGroups/AMAWin_group/providers/Microsoft.Compute/virtualMachines/amawin
[2026-02-20 23:50:16.000]  [GetValueFromJsonOrDefault] ErrorCode:0 INFO: Read Imds response field with Name:azEnvironment Value: AzurePublicCloud
[2026-02-20 23:50:16.000]  [SetImdsEnvironmentVariable] ErrorCode:0 INFO: Successfully set Environment variables from Imds
[2026-02-20 23:50:16.000]  [AggregateHeartbeat] ErrorCode:0 INFO: Completed heartbeat aggregation.
[2026-02-20 23:50:16.000]  [WriteHeartbeatToFile] ErrorCode:0 INFO: Sending the heartbeat.
[2026-02-20 23:50:16.000]  [WriteStatusToFile] ErrorCode:0 INFO: Sending the status.
[2026-02-20 23:50:16.000]  [WriteStatusToFile] ErrorCode:0 INFO: Done Sending the status.
[2026-02-20 23:50:16.000]  [WriteHeartbeatToFile] ErrorCode:0 INFO: Done Sending the heartbeat.
[2026-02-20 23:50:46.000]  [WriteStatusToFile] ErrorCode:0 INFO: Sending the status.
[2026-02-20 23:50:46.000]  [WriteHeartbeatToFile] ErrorCode:0 INFO: Sending the heartbeat.
[2026-02-20 23:50:46.000]  [WriteStatusToFile] ErrorCode:0 INFO: Done Sending the status.
[2026-02-20 23:50:46.000]  [WriteHeartbeatToFile] ErrorCode:0 INFO: Done Sending the heartbeat.
[2026-02-20 23:51:16.000]  [FindProcessById] ErrorCode:0 INFO: Attempt to find the process MetricsExtension.Native.exe with ID: 2308.
[2026-02-20 23:51:16.000]  [FindProcessById] ErrorCode:0 INFO: Running Process MetricsExtension.Native.exe found. ID: 2308.
[2026-02-20 23:51:16.000]  [StartMetricsExtension] ErrorCode:0 ERROR: Metrics extension is already running
[2026-02-20 23:51:16.000]  [WriteStatusToFile] ErrorCode:0 INFO: Sending the status.
[2026-02-20 23:51:16.000]  [WriteHeartbeatToFile] ErrorCode:0 INFO: Sending the heartbeat.
[2026-02-20 23:51:16.000]  [WriteHeartbeatToFile] ErrorCode:0 INFO: Done Sending the heartbeat.
[2026-02-20 23:51:16.000]  [WriteStatusToFile] ErrorCode:0 INFO: Done Sending the status.
[2026-02-20 23:51:46.000]  [WriteStatusToFile] ErrorCode:0 INFO: Sending the status.
[2026-02-20 23:51:46.000]  [WriteHeartbeatToFile] ErrorCode:0 INFO: Sending the heartbeat.
[2026-02-20 23:51:46.000]  [WriteHeartbeatToFile] ErrorCode:0 INFO: Done Sending the heartbeat.
[2026-02-20 23:51:46.000]  [WriteStatusToFile] ErrorCode:0 INFO: Done Sending the status.
[2026-02-20 23:52:16.000]  [FindProcessById] ErrorCode:0 INFO: Attempt to find the process MetricsExtension.Native.exe with ID: 2308.
[2026-02-20 23:52:16.000]  [FindProcessById] ErrorCode:0 INFO: Running Process MetricsExtension.Native.exe found. ID: 2308.
[2026-02-20 23:52:16.000]  [StartMetricsExtension] ErrorCode:0 ERROR: Metrics extension is already running
[2026-02-20 23:52:16.000]  [WriteHeartbeatToFile] ErrorCode:0 INFO: Sending the heartbeat.
[2026-02-20 23:52:16.000]  [WriteStatusToFile] ErrorCode:0 INFO: Sending the status.
[2026-02-20 23:52:16.000]  [WriteStatusToFile] ErrorCode:0 INFO: Done Sending the status.
[2026-02-20 23:52:16.000]  [WriteHeartbeatToFile] ErrorCode:0 INFO: Done Sending the heartbeat.
[2026-02-20 23:52:46.000]  [WriteHeartbeatToFile] ErrorCode:0 INFO: Sending the heartbeat.
[2026-02-20 23:52:46.000]  [WriteStatusToFile] ErrorCode:0 INFO: Sending the status.
[2026-02-20 23:52:46.000]  [WriteStatusToFile] ErrorCode:0 INFO: Done Sending the status.
[2026-02-20 23:52:46.000]  [WriteHeartbeatToFile] ErrorCode:0 INFO: Done Sending the heartbeat.
[2026-02-20 23:53:16.000]  [FindProcessById] ErrorCode:0 INFO: Attempt to find the process MetricsExtension.Native.exe with ID: 2308.
[2026-02-20 23:53:16.000]  [FindProcessById] ErrorCode:0 INFO: Running Process MetricsExtension.Native.exe found. ID: 2308.
[2026-02-20 23:53:16.000]  [StartMetricsExtension] ErrorCode:0 ERROR: Metrics extension is already running
[2026-02-20 23:53:16.000]  [WriteStatusToFile] ErrorCode:0 INFO: Sending the status.
[2026-02-20 23:53:16.000]  [WriteHeartbeatToFile] ErrorCode:0 INFO: Sending the heartbeat.
[2026-02-20 23:53:16.000]  [WriteStatusToFile] ErrorCode:0 INFO: Done Sending the status.
[2026-02-20 23:53:16.000]  [WriteHeartbeatToFile] ErrorCode:0 INFO: Done Sending the heartbeat.
[2026-02-20 23:53:46.000]  [WriteHeartbeatToFile] ErrorCode:0 INFO: Sending the heartbeat.
[2026-02-20 23:53:46.000]  [WriteStatusToFile] ErrorCode:0 INFO: Sending the status.
[2026-02-20 23:53:46.000]  [WriteStatusToFile] ErrorCode:0 INFO: Done Sending the status.
[2026-02-20 23:53:46.000]  [WriteHeartbeatToFile] ErrorCode:0 INFO: Done Sending the heartbeat.
[2026-02-20 23:54:16.000]  [FindProcessById] ErrorCode:0 INFO: Attempt to find the process MetricsExtension.Native.exe with ID: 2308.
[2026-02-20 23:54:16.000]  [FindProcessById] ErrorCode:0 INFO: Running Process MetricsExtension.Native.exe found. ID: 2308.
[2026-02-20 23:54:16.000]  [StartMetricsExtension] ErrorCode:0 ERROR: Metrics extension is already running
[2026-02-20 23:54:16.000]  [WriteStatusToFile] ErrorCode:0 INFO: Sending the status.
[2026-02-20 23:54:16.000]  [WriteHeartbeatToFile] ErrorCode:0 INFO: Sending the heartbeat.
[2026-02-20 23:54:16.000]  [WriteHeartbeatToFile] ErrorCode:0 INFO: Done Sending the heartbeat.
[2026-02-20 23:54:16.000]  [WriteStatusToFile] ErrorCode:0 INFO: Done Sending the status.
[2026-02-20 23:54:46.000]  [WriteStatusToFile] ErrorCode:0 INFO: Sending the status.
[2026-02-20 23:54:46.000]  [WriteHeartbeatToFile] ErrorCode:0 INFO: Sending the heartbeat.
[2026-02-20 23:54:46.000]  [WriteHeartbeatToFile] ErrorCode:0 INFO: Done Sending the heartbeat.
[2026-02-20 23:54:46.000]  [WriteStatusToFile] ErrorCode:0 INFO: Done Sending the status.
[2026-02-20 23:55:16.000]  [FindProcessById] ErrorCode:0 INFO: Attempt to find the process MetricsExtension.Native.exe with ID: 2308.
[2026-02-20 23:55:16.000]  [FindProcessById] ErrorCode:0 INFO: Running Process MetricsExtension.Native.exe found. ID: 2308.
[2026-02-20 23:55:16.000]  [StartMetricsExtension] ErrorCode:0 ERROR: Metrics extension is already running
[2026-02-20 23:55:16.000]  [AggregateHeartbeat] ErrorCode:0 INFO: Start heartbeat aggregation.
[2026-02-20 23:55:16.000]  [QueryRegValueDWORD] ErrorCode:0 INFO: Query Registry for Key:SOFTWARE\Microsoft\Windows Azure\CurrentVersion\AzureMonitorAgentExtension\47.4.1.0, Name:MaServiceProcess
[2026-02-20 23:55:16.000]  [QueryRegValueDWORD] ErrorCode:0 INFO: Query Registry for Key:SOFTWARE\Microsoft\Windows Azure\CurrentVersion\AzureMonitorAgentExtension\47.4.1.0, Name:MaServiceProcess, Value:3012
[2026-02-20 23:55:16.000]  [FindProcessById] ErrorCode:0 INFO: Attempt to find the process MonAgentLauncher.exe with ID: 3012.
[2026-02-20 23:55:16.000]  [FindProcessById] ErrorCode:0 INFO: Running Process MonAgentLauncher.exe found. ID: 3012.
[2026-02-20 23:55:16.000]  [CheckIfMAServiceIsRunByExtension] ErrorCode:0 INFO: The MA process is running based on the m_registry
[2026-02-20 23:55:16.000]  [QueryRegValueDWORD] ErrorCode:0 INFO: Query Registry for Key:SOFTWARE\Microsoft\Windows Azure\CurrentVersion\AzureMonitorAgentExtension\47.4.1.0, Name:AMAMultitenantServiceProcess
[2026-02-20 23:55:16.000]  [QueryRegValueDWORD] ErrorCode:0 ERROR: RegQueryValueExA: failed to query REG_DWORD value, Key:SOFTWARE\Microsoft\Windows Azure\CurrentVersion\AzureMonitorAgentExtension\47.4.1.0, name=AMAMultitenantServiceProcess, error=2, type=0
[2026-02-20 23:55:16.000]  [CheckIfMAServiceIsRunByExtension] ErrorCode:1205 INFO: Unable to read the m_registry for MA process. Assume it is not running.
[2026-02-20 23:55:16.000]  [AggregateHeartbeat] ErrorCode:0 INFO: Configured MA Service is not running on the node.
[2026-02-20 23:55:16.000]  [SetImdsEnvironmentVariable] ErrorCode:0 INFO: Querying IMDS information
[2026-02-20 23:55:16.000]  [SetImdsEnvironmentVariable] ErrorCode:-1 INFO: Preparing to call IMDS. Endpoint: http://169.254.169.254
[2026-02-20 23:55:16.000]  [QueryIMDSEndpoint] ErrorCode:0 INFO: Queried IMDS successfully.
[2026-02-20 23:55:16.000]  [GetValueFromJsonOrDefault] ErrorCode:0 INFO: Read Imds response field with Name:location Value: westus2
[2026-02-20 23:55:16.000]  [GetValueFromJsonOrDefault] ErrorCode:0 INFO: Read Imds response field with Name:name Value: amawin
[2026-02-20 23:55:16.000]  [GetValueFromJsonOrDefault] ErrorCode:0 INFO: Read Imds response field with Name:subscriptionId Value: 351651ce-5feb-4e59-975d-f1f344e2b717
[2026-02-20 23:55:16.000]  [GetValueFromJsonOrDefault] ErrorCode:0 INFO: Read Imds response field with Name:vmId Value: 22afd636-aec1-4782-9055-f85ea283dc20
[2026-02-20 23:55:16.000]  [GetValueFromJsonOrDefault] ErrorCode:0 INFO: Read Imds response field with Name:vmScaleSetName Value: 
[2026-02-20 23:55:16.000]  [GetValueFromJsonOrDefault] ErrorCode:0 INFO: Read Imds response field with Name:resourceGroupName Value: AMAWin_group
[2026-02-20 23:55:16.000]  [GetValueFromJsonOrDefault] ErrorCode:0 INFO: Read Imds response field with Name:osType Value: Windows
[2026-02-20 23:55:16.000]  [GetValueFromJsonOrDefault] ErrorCode:0 INFO: Read Imds response field with Name:resourceId Value: /subscriptions/351651ce-5feb-4e59-975d-f1f344e2b717/resourceGroups/AMAWin_group/providers/Microsoft.Compute/virtualMachines/amawin
[2026-02-20 23:55:16.000]  [GetValueFromJsonOrDefault] ErrorCode:0 INFO: Read Imds response field with Name:azEnvironment Value: AzurePublicCloud
[2026-02-20 23:55:16.000]  [SetImdsEnvironmentVariable] ErrorCode:0 INFO: Successfully set Environment variables from Imds
[2026-02-20 23:55:16.000]  [AggregateHeartbeat] ErrorCode:0 INFO: Completed heartbeat aggregation.
[2026-02-20 23:55:16.000]  [WriteHeartbeatToFile] ErrorCode:0 INFO: Sending the heartbeat.
[2026-02-20 23:55:16.000]  [WriteStatusToFile] ErrorCode:0 INFO: Sending the status.
[2026-02-20 23:55:16.000]  [WriteHeartbeatToFile] ErrorCode:0 INFO: Done Sending the heartbeat.
[2026-02-20 23:55:16.000]  [WriteStatusToFile] ErrorCode:0 INFO: Done Sending the status.
[2026-02-20 23:55:46.000]  [WriteHeartbeatToFile] ErrorCode:0 INFO: Sending the heartbeat.
[2026-02-20 23:55:46.000]  [WriteStatusToFile] ErrorCode:0 INFO: Sending the status.
[2026-02-20 23:55:46.000]  [WriteHeartbeatToFile] ErrorCode:0 INFO: Done Sending the heartbeat.
[2026-02-20 23:55:46.000]  [WriteStatusToFile] ErrorCode:0 INFO: Done Sending the status.
[2026-02-20 23:56:16.000]  [FindProcessById] ErrorCode:0 INFO: Attempt to find the process MetricsExtension.Native.exe with ID: 2308.
[2026-02-20 23:56:16.000]  [FindProcessById] ErrorCode:0 INFO: Running Process MetricsExtension.Native.exe found. ID: 2308.
[2026-02-20 23:56:16.000]  [StartMetricsExtension] ErrorCode:0 ERROR: Metrics extension is already running
[2026-02-20 23:56:16.000]  [WriteStatusToFile] ErrorCode:0 INFO: Sending the status.
[2026-02-20 23:56:16.000]  [WriteHeartbeatToFile] ErrorCode:0 INFO: Sending the heartbeat.
[2026-02-20 23:56:16.000]  [WriteHeartbeatToFile] ErrorCode:0 INFO: Done Sending the heartbeat.
[2026-02-20 23:56:16.000]  [WriteStatusToFile] ErrorCode:0 INFO: Done Sending the status.
[2026-02-20 23:56:46.000]  [WriteStatusToFile] ErrorCode:0 INFO: Sending the status.
[2026-02-20 23:56:46.000]  [WriteHeartbeatToFile] ErrorCode:0 INFO: Sending the heartbeat.
[2026-02-20 23:56:46.000]  [WriteHeartbeatToFile] ErrorCode:0 INFO: Done Sending the heartbeat.
[2026-02-20 23:56:46.000]  [WriteStatusToFile] ErrorCode:0 INFO: Done Sending the status.
[2026-02-20 23:57:16.000]  [FindProcessById] ErrorCode:0 INFO: Attempt to find the process MetricsExtension.Native.exe with ID: 2308.
[2026-02-20 23:57:16.000]  [FindProcessById] ErrorCode:0 INFO: Running Process MetricsExtension.Native.exe found. ID: 2308.
[2026-02-20 23:57:16.000]  [StartMetricsExtension] ErrorCode:0 ERROR: Metrics extension is already running
[2026-02-20 23:57:17.000]  [WriteStatusToFile] ErrorCode:0 INFO: Sending the status.
[2026-02-20 23:57:17.000]  [WriteHeartbeatToFile] ErrorCode:0 INFO: Sending the heartbeat.
[2026-02-20 23:57:17.000]  [WriteStatusToFile] ErrorCode:0 INFO: Done Sending the status.
[2026-02-20 23:57:17.000]  [WriteHeartbeatToFile] ErrorCode:0 INFO: Done Sending the heartbeat.
[2026-02-20 23:57:47.000]  [WriteStatusToFile] ErrorCode:0 INFO: Sending the status.
[2026-02-20 23:57:47.000]  [WriteHeartbeatToFile] ErrorCode:0 INFO: Sending the heartbeat.
[2026-02-20 23:57:47.000]  [WriteHeartbeatToFile] ErrorCode:0 INFO: Done Sending the heartbeat.
[2026-02-20 23:57:47.000]  [WriteStatusToFile] ErrorCode:0 INFO: Done Sending the status.
[2026-02-20 23:58:16.000]  [FindProcessById] ErrorCode:0 INFO: Attempt to find the process MetricsExtension.Native.exe with ID: 2308.
[2026-02-20 23:58:16.000]  [FindProcessById] ErrorCode:0 INFO: Running Process MetricsExtension.Native.exe found. ID: 2308.
[2026-02-20 23:58:16.000]  [StartMetricsExtension] ErrorCode:0 ERROR: Metrics extension is already running
[2026-02-20 23:58:17.000]  [WriteStatusToFile] ErrorCode:0 INFO: Sending the status.
[2026-02-20 23:58:17.000]  [WriteHeartbeatToFile] ErrorCode:0 INFO: Sending the heartbeat.
[2026-02-20 23:58:17.000]  [WriteHeartbeatToFile] ErrorCode:0 INFO: Done Sending the heartbeat.
[2026-02-20 23:58:17.000]  [WriteStatusToFile] ErrorCode:0 INFO: Done Sending the status.
[2026-02-20 23:58:47.000]  [WriteHeartbeatToFile] ErrorCode:0 INFO: Sending the heartbeat.
[2026-02-20 23:58:47.000]  [WriteStatusToFile] ErrorCode:0 INFO: Sending the status.
[2026-02-20 23:58:47.000]  [WriteStatusToFile] ErrorCode:0 INFO: Done Sending the status.
[2026-02-20 23:58:47.000]  [WriteHeartbeatToFile] ErrorCode:0 INFO: Done Sending the heartbeat.
[2026-02-20 23:59:16.000]  [FindProcessById] ErrorCode:0 INFO: Attempt to find the process MetricsExtension.Native.exe with ID: 2308.
[2026-02-20 23:59:16.000]  [FindProcessById] ErrorCode:0 INFO: Running Process MetricsExtension.Native.exe found. ID: 2308.
[2026-02-20 23:59:16.000]  [StartMetricsExtension] ErrorCode:0 ERROR: Metrics extension is already running
[2026-02-20 23:59:17.000]  [WriteHeartbeatToFile] ErrorCode:0 INFO: Sending the heartbeat.
[2026-02-20 23:59:17.000]  [WriteStatusToFile] ErrorCode:0 INFO: Sending the status.
[2026-02-20 23:59:17.000]  [WriteStatusToFile] ErrorCode:0 INFO: Done Sending the status.
[2026-02-20 23:59:17.000]  [WriteHeartbeatToFile] ErrorCode:0 INFO: Done Sending the heartbeat.
[2026-02-20 23:59:47.000]  [WriteStatusToFile] ErrorCode:0 INFO: Sending the status.
[2026-02-20 23:59:47.000]  [WriteHeartbeatToFile] ErrorCode:0 INFO: Sending the heartbeat.
[2026-02-20 23:59:47.000]  [WriteHeartbeatToFile] ErrorCode:0 INFO: Done Sending the heartbeat.
[2026-02-20 23:59:47.000]  [WriteStatusToFile] ErrorCode:0 INFO: Done Sending the status.
[2026-02-21 00:00:16.000]  [FindProcessById] ErrorCode:0 INFO: Attempt to find the process MetricsExtension.Native.exe with ID: 2308.
[2026-02-21 00:00:16.000]  [FindProcessById] ErrorCode:0 INFO: Running Process MetricsExtension.Native.exe found. ID: 2308.
[2026-02-21 00:00:16.000]  [StartMetricsExtension] ErrorCode:0 ERROR: Metrics extension is already running
[2026-02-21 00:00:16.000]  [AggregateHeartbeat] ErrorCode:0 INFO: Start heartbeat aggregation.
[2026-02-21 00:00:16.000]  [QueryRegValueDWORD] ErrorCode:0 INFO: Query Registry for Key:SOFTWARE\Microsoft\Windows Azure\CurrentVersion\AzureMonitorAgentExtension\47.4.1.0, Name:MaServiceProcess
[2026-02-21 00:00:16.000]  [QueryRegValueDWORD] ErrorCode:0 INFO: Query Registry for Key:SOFTWARE\Microsoft\Windows Azure\CurrentVersion\AzureMonitorAgentExtension\47.4.1.0, Name:MaServiceProcess, Value:3012
[2026-02-21 00:00:16.000]  [FindProcessById] ErrorCode:0 INFO: Attempt to find the process MonAgentLauncher.exe with ID: 3012.
[2026-02-21 00:00:16.000]  [FindProcessById] ErrorCode:0 INFO: Running Process MonAgentLauncher.exe found. ID: 3012.
[2026-02-21 00:00:16.000]  [CheckIfMAServiceIsRunByExtension] ErrorCode:0 INFO: The MA process is running based on the m_registry
[2026-02-21 00:00:16.000]  [QueryRegValueDWORD] ErrorCode:0 INFO: Query Registry for Key:SOFTWARE\Microsoft\Windows Azure\CurrentVersion\AzureMonitorAgentExtension\47.4.1.0, Name:AMAMultitenantServiceProcess
[2026-02-21 00:00:16.000]  [QueryRegValueDWORD] ErrorCode:0 ERROR: RegQueryValueExA: failed to query REG_DWORD value, Key:SOFTWARE\Microsoft\Windows Azure\CurrentVersion\AzureMonitorAgentExtension\47.4.1.0, name=AMAMultitenantServiceProcess, error=2, type=0
[2026-02-21 00:00:16.000]  [CheckIfMAServiceIsRunByExtension] ErrorCode:1205 INFO: Unable to read the m_registry for MA process. Assume it is not running.
[2026-02-21 00:00:16.000]  [AggregateHeartbeat] ErrorCode:0 INFO: Configured MA Service is not running on the node.
[2026-02-21 00:00:16.000]  [SetImdsEnvironmentVariable] ErrorCode:0 INFO: Querying IMDS information
[2026-02-21 00:00:16.000]  [SetImdsEnvironmentVariable] ErrorCode:-1 INFO: Preparing to call IMDS. Endpoint: http://169.254.169.254
[2026-02-21 00:00:16.000]  [QueryIMDSEndpoint] ErrorCode:0 INFO: Queried IMDS successfully.
[2026-02-21 00:00:16.000]  [GetValueFromJsonOrDefault] ErrorCode:0 INFO: Read Imds response field with Name:location Value: westus2
[2026-02-21 00:00:16.000]  [GetValueFromJsonOrDefault] ErrorCode:0 INFO: Read Imds response field with Name:name Value: amawin
[2026-02-21 00:00:16.000]  [GetValueFromJsonOrDefault] ErrorCode:0 INFO: Read Imds response field with Name:subscriptionId Value: 351651ce-5feb-4e59-975d-f1f344e2b717
[2026-02-21 00:00:16.000]  [GetValueFromJsonOrDefault] ErrorCode:0 INFO: Read Imds response field with Name:vmId Value: 22afd636-aec1-4782-9055-f85ea283dc20
[2026-02-21 00:00:16.000]  [GetValueFromJsonOrDefault] ErrorCode:0 INFO: Read Imds response field with Name:vmScaleSetName Value: 
[2026-02-21 00:00:16.000]  [GetValueFromJsonOrDefault] ErrorCode:0 INFO: Read Imds response field with Name:resourceGroupName Value: AMAWin_group
[2026-02-21 00:00:16.000]  [GetValueFromJsonOrDefault] ErrorCode:0 INFO: Read Imds response field with Name:osType Value: Windows
[2026-02-21 00:00:16.000]  [GetValueFromJsonOrDefault] ErrorCode:0 INFO: Read Imds response field with Name:resourceId Value: /subscriptions/351651ce-5feb-4e59-975d-f1f344e2b717/resourceGroups/AMAWin_group/providers/Microsoft.Compute/virtualMachines/amawin
[2026-02-21 00:00:16.000]  [GetValueFromJsonOrDefault] ErrorCode:0 INFO: Read Imds response field with Name:azEnvironment Value: AzurePublicCloud
[2026-02-21 00:00:16.000]  [SetImdsEnvironmentVariable] ErrorCode:0 INFO: Successfully set Environment variables from Imds
[2026-02-21 00:00:16.000]  [AggregateHeartbeat] ErrorCode:0 INFO: Completed heartbeat aggregation.
[2026-02-21 00:00:17.000]  [WriteStatusToFile] ErrorCode:0 INFO: Sending the status.
[2026-02-21 00:00:17.000]  [WriteHeartbeatToFile] ErrorCode:0 INFO: Sending the heartbeat.
[2026-02-21 00:00:17.000]  [WriteStatusToFile] ErrorCode:0 INFO: Done Sending the status.
[2026-02-21 00:00:17.000]  [WriteHeartbeatToFile] ErrorCode:0 INFO: Done Sending the heartbeat.
[2026-02-21 00:00:47.000]  [WriteHeartbeatToFile] ErrorCode:0 INFO: Sending the heartbeat.
[2026-02-21 00:00:47.000]  [WriteStatusToFile] ErrorCode:0 INFO: Sending the status.
[2026-02-21 00:00:47.000]  [WriteStatusToFile] ErrorCode:0 INFO: Done Sending the status.
[2026-02-21 00:00:47.000]  [WriteHeartbeatToFile] ErrorCode:0 INFO: Done Sending the heartbeat.
[2026-02-21 00:01:16.000]  [FindProcessById] ErrorCode:0 INFO: Attempt to find the process MetricsExtension.Native.exe with ID: 2308.
[2026-02-21 00:01:16.000]  [FindProcessById] ErrorCode:0 INFO: Running Process MetricsExtension.Native.exe found. ID: 2308.
[2026-02-21 00:01:16.000]  [StartMetricsExtension] ErrorCode:0 ERROR: Metrics extension is already running
[2026-02-21 00:01:17.000]  [WriteStatusToFile] ErrorCode:0 INFO: Sending the status.
[2026-02-21 00:01:17.000]  [WriteHeartbeatToFile] ErrorCode:0 INFO: Sending the heartbeat.
[2026-02-21 00:01:17.000]  [WriteHeartbeatToFile] ErrorCode:0 INFO: Done Sending the heartbeat.
[2026-02-21 00:01:17.000]  [WriteStatusToFile] ErrorCode:0 INFO: Done Sending the status.
[2026-02-21 00:01:47.000]  [WriteHeartbeatToFile] ErrorCode:0 INFO: Sending the heartbeat.
[2026-02-21 00:01:47.000]  [WriteStatusToFile] ErrorCode:0 INFO: Sending the status.
[2026-02-21 00:01:47.000]  [WriteHeartbeatToFile] ErrorCode:0 INFO: Done Sending the heartbeat.
[2026-02-21 00:01:47.000]  [WriteStatusToFile] ErrorCode:0 INFO: Done Sending the status.
[2026-02-21 00:02:16.000]  [FindProcessById] ErrorCode:0 INFO: Attempt to find the process MetricsExtension.Native.exe with ID: 2308.
[2026-02-21 00:02:16.000]  [FindProcessById] ErrorCode:0 INFO: Running Process MetricsExtension.Native.exe found. ID: 2308.
[2026-02-21 00:02:16.000]  [StartMetricsExtension] ErrorCode:0 ERROR: Metrics extension is already running
[2026-02-21 00:02:17.000]  [WriteStatusToFile] ErrorCode:0 INFO: Sending the status.
[2026-02-21 00:02:17.000]  [WriteHeartbeatToFile] ErrorCode:0 INFO: Sending the heartbeat.
[2026-02-21 00:02:17.000]  [WriteStatusToFile] ErrorCode:0 INFO: Done Sending the status.
[2026-02-21 00:02:17.000]  [WriteHeartbeatToFile] ErrorCode:0 INFO: Done Sending the heartbeat.
[2026-02-21 00:02:47.000]  [WriteStatusToFile] ErrorCode:0 INFO: Sending the status.
[2026-02-21 00:02:47.000]  [WriteHeartbeatToFile] ErrorCode:0 INFO: Sending the heartbeat.
[2026-02-21 00:02:47.000]  [WriteStatusToFile] ErrorCode:0 INFO: Done Sending the status.
[2026-02-21 00:02:47.000]  [WriteHeartbeatToFile] ErrorCode:0 INFO: Done Sending the heartbeat.
[2026-02-21 00:03:17.000]  [FindProcessById] ErrorCode:0 INFO: Attempt to find the process MetricsExtension.Native.exe with ID: 2308.
[2026-02-21 00:03:17.000]  [FindProcessById] ErrorCode:0 INFO: Running Process MetricsExtension.Native.exe found. ID: 2308.
[2026-02-21 00:03:17.000]  [StartMetricsExtension] ErrorCode:0 ERROR: Metrics extension is already running
[2026-02-21 00:03:17.000]  [WriteHeartbeatToFile] ErrorCode:0 INFO: Sending the heartbeat.
[2026-02-21 00:03:17.000]  [WriteStatusToFile] ErrorCode:0 INFO: Sending the status.
[2026-02-21 00:03:17.000]  [WriteStatusToFile] ErrorCode:0 INFO: Done Sending the status.
[2026-02-21 00:03:17.000]  [WriteHeartbeatToFile] ErrorCode:0 INFO: Done Sending the heartbeat.
[2026-02-21 00:03:47.000]  [WriteHeartbeatToFile] ErrorCode:0 INFO: Sending the heartbeat.
[2026-02-21 00:03:47.000]  [WriteStatusToFile] ErrorCode:0 INFO: Sending the status.
[2026-02-21 00:03:47.000]  [WriteHeartbeatToFile] ErrorCode:0 INFO: Done Sending the heartbeat.
[2026-02-21 00:03:47.000]  [WriteStatusToFile] ErrorCode:0 INFO: Done Sending the status.
[2026-02-21 00:04:17.000]  [FindProcessById] ErrorCode:0 INFO: Attempt to find the process MetricsExtension.Native.exe with ID: 2308.
[2026-02-21 00:04:17.000]  [FindProcessById] ErrorCode:0 INFO: Running Process MetricsExtension.Native.exe found. ID: 2308.
[2026-02-21 00:04:17.000]  [StartMetricsExtension] ErrorCode:0 ERROR: Metrics extension is already running
[2026-02-21 00:04:17.000]  [WriteStatusToFile] ErrorCode:0 INFO: Sending the status.
[2026-02-21 00:04:17.000]  [WriteHeartbeatToFile] ErrorCode:0 INFO: Sending the heartbeat.
[2026-02-21 00:04:17.000]  [WriteStatusToFile] ErrorCode:0 INFO: Done Sending the status.
[2026-02-21 00:04:17.000]  [WriteHeartbeatToFile] ErrorCode:0 INFO: Done Sending the heartbeat.
[2026-02-21 00:04:47.000]  [WriteHeartbeatToFile] ErrorCode:0 INFO: Sending the heartbeat.
[2026-02-21 00:04:47.000]  [WriteStatusToFile] ErrorCode:0 INFO: Sending the status.
[2026-02-21 00:04:47.000]  [WriteHeartbeatToFile] ErrorCode:0 INFO: Done Sending the heartbeat.
[2026-02-21 00:04:47.000]  [WriteStatusToFile] ErrorCode:0 INFO: Done Sending the status.
[2026-02-21 00:05:17.000]  [FindProcessById] ErrorCode:0 INFO: Attempt to find the process MetricsExtension.Native.exe with ID: 2308.
[2026-02-21 00:05:17.000]  [FindProcessById] ErrorCode:0 INFO: Running Process MetricsExtension.Native.exe found. ID: 2308.
[2026-02-21 00:05:17.000]  [StartMetricsExtension] ErrorCode:0 ERROR: Metrics extension is already running
[2026-02-21 00:05:17.000]  [AggregateHeartbeat] ErrorCode:0 INFO: Start heartbeat aggregation.
[2026-02-21 00:05:17.000]  [QueryRegValueDWORD] ErrorCode:0 INFO: Query Registry for Key:SOFTWARE\Microsoft\Windows Azure\CurrentVersion\AzureMonitorAgentExtension\47.4.1.0, Name:MaServiceProcess
[2026-02-21 00:05:17.000]  [QueryRegValueDWORD] ErrorCode:0 INFO: Query Registry for Key:SOFTWARE\Microsoft\Windows Azure\CurrentVersion\AzureMonitorAgentExtension\47.4.1.0, Name:MaServiceProcess, Value:3012
[2026-02-21 00:05:17.000]  [FindProcessById] ErrorCode:0 INFO: Attempt to find the process MonAgentLauncher.exe with ID: 3012.
[2026-02-21 00:05:17.000]  [FindProcessById] ErrorCode:0 INFO: Running Process MonAgentLauncher.exe found. ID: 3012.
[2026-02-21 00:05:17.000]  [CheckIfMAServiceIsRunByExtension] ErrorCode:0 INFO: The MA process is running based on the m_registry
[2026-02-21 00:05:17.000]  [QueryRegValueDWORD] ErrorCode:0 INFO: Query Registry for Key:SOFTWARE\Microsoft\Windows Azure\CurrentVersion\AzureMonitorAgentExtension\47.4.1.0, Name:AMAMultitenantServiceProcess
[2026-02-21 00:05:17.000]  [QueryRegValueDWORD] ErrorCode:0 ERROR: RegQueryValueExA: failed to query REG_DWORD value, Key:SOFTWARE\Microsoft\Windows Azure\CurrentVersion\AzureMonitorAgentExtension\47.4.1.0, name=AMAMultitenantServiceProcess, error=2, type=0
[2026-02-21 00:05:17.000]  [CheckIfMAServiceIsRunByExtension] ErrorCode:1205 INFO: Unable to read the m_registry for MA process. Assume it is not running.
[2026-02-21 00:05:17.000]  [AggregateHeartbeat] ErrorCode:0 INFO: Configured MA Service is not running on the node.
[2026-02-21 00:05:17.000]  [SetImdsEnvironmentVariable] ErrorCode:0 INFO: Querying IMDS information
[2026-02-21 00:05:17.000]  [SetImdsEnvironmentVariable] ErrorCode:-1 INFO: Preparing to call IMDS. Endpoint: http://169.254.169.254
[2026-02-21 00:05:17.000]  [QueryIMDSEndpoint] ErrorCode:0 INFO: Queried IMDS successfully.
[2026-02-21 00:05:17.000]  [GetValueFromJsonOrDefault] ErrorCode:0 INFO: Read Imds response field with Name:location Value: westus2
[2026-02-21 00:05:17.000]  [GetValueFromJsonOrDefault] ErrorCode:0 INFO: Read Imds response field with Name:name Value: amawin
[2026-02-21 00:05:17.000]  [GetValueFromJsonOrDefault] ErrorCode:0 INFO: Read Imds response field with Name:subscriptionId Value: 351651ce-5feb-4e59-975d-f1f344e2b717
[2026-02-21 00:05:17.000]  [GetValueFromJsonOrDefault] ErrorCode:0 INFO: Read Imds response field with Name:vmId Value: 22afd636-aec1-4782-9055-f85ea283dc20
[2026-02-21 00:05:17.000]  [GetValueFromJsonOrDefault] ErrorCode:0 INFO: Read Imds response field with Name:vmScaleSetName Value: 
[2026-02-21 00:05:17.000]  [GetValueFromJsonOrDefault] ErrorCode:0 INFO: Read Imds response field with Name:resourceGroupName Value: AMAWin_group
[2026-02-21 00:05:17.000]  [GetValueFromJsonOrDefault] ErrorCode:0 INFO: Read Imds response field with Name:osType Value: Windows
[2026-02-21 00:05:17.000]  [GetValueFromJsonOrDefault] ErrorCode:0 INFO: Read Imds response field with Name:resourceId Value: /subscriptions/351651ce-5feb-4e59-975d-f1f344e2b717/resourceGroups/AMAWin_group/providers/Microsoft.Compute/virtualMachines/amawin
[2026-02-21 00:05:17.000]  [GetValueFromJsonOrDefault] ErrorCode:0 INFO: Read Imds response field with Name:azEnvironment Value: AzurePublicCloud
[2026-02-21 00:05:17.000]  [SetImdsEnvironmentVariable] ErrorCode:0 INFO: Successfully set Environment variables from Imds
[2026-02-21 00:05:17.000]  [AggregateHeartbeat] ErrorCode:0 INFO: Completed heartbeat aggregation.
[2026-02-21 00:05:17.000]  [WriteStatusToFile] ErrorCode:0 INFO: Sending the status.
[2026-02-21 00:05:17.000]  [WriteHeartbeatToFile] ErrorCode:0 INFO: Sending the heartbeat.
[2026-02-21 00:05:17.000]  [WriteStatusToFile] ErrorCode:0 INFO: Done Sending the status.
[2026-02-21 00:05:17.000]  [WriteHeartbeatToFile] ErrorCode:0 INFO: Done Sending the heartbeat.
[2026-02-21 00:05:47.000]  [WriteStatusToFile] ErrorCode:0 INFO: Sending the status.
[2026-02-21 00:05:47.000]  [WriteHeartbeatToFile] ErrorCode:0 INFO: Sending the heartbeat.
[2026-02-21 00:05:47.000]  [WriteHeartbeatToFile] ErrorCode:0 INFO: Done Sending the heartbeat.
[2026-02-21 00:05:47.000]  [WriteStatusToFile] ErrorCode:0 INFO: Done Sending the status.
[2026-02-21 00:06:17.000]  [FindProcessById] ErrorCode:0 INFO: Attempt to find the process MetricsExtension.Native.exe with ID: 2308.
[2026-02-21 00:06:17.000]  [FindProcessById] ErrorCode:0 INFO: Running Process MetricsExtension.Native.exe found. ID: 2308.
[2026-02-21 00:06:17.000]  [StartMetricsExtension] ErrorCode:0 ERROR: Metrics extension is already running
[2026-02-21 00:06:17.000]  [WriteHeartbeatToFile] ErrorCode:0 INFO: Sending the heartbeat.
[2026-02-21 00:06:17.000]  [WriteStatusToFile] ErrorCode:0 INFO: Sending the status.
[2026-02-21 00:06:17.000]  [WriteHeartbeatToFile] ErrorCode:0 INFO: Done Sending the heartbeat.
[2026-02-21 00:06:17.000]  [WriteStatusToFile] ErrorCode:0 INFO: Done Sending the status.
[2026-02-21 00:06:47.000]  [WriteHeartbeatToFile] ErrorCode:0 INFO: Sending the heartbeat.
[2026-02-21 00:06:47.000]  [WriteStatusToFile] ErrorCode:0 INFO: Sending the status.
[2026-02-21 00:06:47.000]  [WriteHeartbeatToFile] ErrorCode:0 INFO: Done Sending the heartbeat.
[2026-02-21 00:06:47.000]  [WriteStatusToFile] ErrorCode:0 INFO: Done Sending the status.
[2026-02-21 00:07:17.000]  [FindProcessById] ErrorCode:0 INFO: Attempt to find the process MetricsExtension.Native.exe with ID: 2308.
[2026-02-21 00:07:17.000]  [FindProcessById] ErrorCode:0 INFO: Running Process MetricsExtension.Native.exe found. ID: 2308.
[2026-02-21 00:07:17.000]  [StartMetricsExtension] ErrorCode:0 ERROR: Metrics extension is already running
[2026-02-21 00:07:17.000]  [WriteHeartbeatToFile] ErrorCode:0 INFO: Sending the heartbeat.
[2026-02-21 00:07:17.000]  [WriteStatusToFile] ErrorCode:0 INFO: Sending the status.
[2026-02-21 00:07:17.000]  [WriteStatusToFile] ErrorCode:0 INFO: Done Sending the status.
[2026-02-21 00:07:17.000]  [WriteHeartbeatToFile] ErrorCode:0 INFO: Done Sending the heartbeat.
[2026-02-21 00:07:47.000]  [WriteStatusToFile] ErrorCode:0 INFO: Sending the status.
[2026-02-21 00:07:47.000]  [WriteHeartbeatToFile] ErrorCode:0 INFO: Sending the heartbeat.
[2026-02-21 00:07:47.000]  [WriteStatusToFile] ErrorCode:0 INFO: Done Sending the status.
[2026-02-21 00:07:47.000]  [WriteHeartbeatToFile] ErrorCode:0 INFO: Done Sending the heartbeat.
[2026-02-21 00:08:17.000]  [FindProcessById] ErrorCode:0 INFO: Attempt to find the process MetricsExtension.Native.exe with ID: 2308.
[2026-02-21 00:08:17.000]  [FindProcessById] ErrorCode:0 INFO: Running Process MetricsExtension.Native.exe found. ID: 2308.
[2026-02-21 00:08:17.000]  [StartMetricsExtension] ErrorCode:0 ERROR: Metrics extension is already running
[2026-02-21 00:08:17.000]  [WriteHeartbeatToFile] ErrorCode:0 INFO: Sending the heartbeat.
[2026-02-21 00:08:17.000]  [WriteStatusToFile] ErrorCode:0 INFO: Sending the status.
[2026-02-21 00:08:17.000]  [WriteStatusToFile] ErrorCode:0 INFO: Done Sending the status.
[2026-02-21 00:08:17.000]  [WriteHeartbeatToFile] ErrorCode:0 INFO: Done Sending the heartbeat.
[2026-02-21 00:08:47.000]  [WriteHeartbeatToFile] ErrorCode:0 INFO: Sending the heartbeat.
[2026-02-21 00:08:47.000]  [WriteStatusToFile] ErrorCode:0 INFO: Sending the status.
[2026-02-21 00:08:47.000]  [WriteHeartbeatToFile] ErrorCode:0 INFO: Done Sending the heartbeat.
[2026-02-21 00:08:47.000]  [WriteStatusToFile] ErrorCode:0 INFO: Done Sending the status.
[2026-02-21 00:09:17.000]  [FindProcessById] ErrorCode:0 INFO: Attempt to find the process MetricsExtension.Native.exe with ID: 2308.
[2026-02-21 00:09:17.000]  [FindProcessById] ErrorCode:0 INFO: Running Process MetricsExtension.Native.exe found. ID: 2308.
[2026-02-21 00:09:17.000]  [StartMetricsExtension] ErrorCode:0 ERROR: Metrics extension is already running
[2026-02-21 00:09:17.000]  [WriteStatusToFile] ErrorCode:0 INFO: Sending the status.
[2026-02-21 00:09:17.000]  [WriteHeartbeatToFile] ErrorCode:0 INFO: Sending the heartbeat.
[2026-02-21 00:09:17.000]  [WriteHeartbeatToFile] ErrorCode:0 INFO: Done Sending the heartbeat.
[2026-02-21 00:09:17.000]  [WriteStatusToFile] ErrorCode:0 INFO: Done Sending the status.
[2026-02-21 00:09:47.000]  [WriteHeartbeatToFile] ErrorCode:0 INFO: Sending the heartbeat.
[2026-02-21 00:09:47.000]  [WriteStatusToFile] ErrorCode:0 INFO: Sending the status.
[2026-02-21 00:09:47.000]  [WriteHeartbeatToFile] ErrorCode:0 INFO: Done Sending the heartbeat.
[2026-02-21 00:09:47.000]  [WriteStatusToFile] ErrorCode:0 INFO: Done Sending the status.
[2026-02-21 00:10:17.000]  [FindProcessById] ErrorCode:0 INFO: Attempt to find the process MetricsExtension.Native.exe with ID: 2308.
[2026-02-21 00:10:17.000]  [FindProcessById] ErrorCode:0 INFO: Running Process MetricsExtension.Native.exe found. ID: 2308.
[2026-02-21 00:10:17.000]  [StartMetricsExtension] ErrorCode:0 ERROR: Metrics extension is already running
[2026-02-21 00:10:17.000]  [AggregateHeartbeat] ErrorCode:0 INFO: Start heartbeat aggregation.
[2026-02-21 00:10:17.000]  [QueryRegValueDWORD] ErrorCode:0 INFO: Query Registry for Key:SOFTWARE\Microsoft\Windows Azure\CurrentVersion\AzureMonitorAgentExtension\47.4.1.0, Name:MaServiceProcess
[2026-02-21 00:10:17.000]  [QueryRegValueDWORD] ErrorCode:0 INFO: Query Registry for Key:SOFTWARE\Microsoft\Windows Azure\CurrentVersion\AzureMonitorAgentExtension\47.4.1.0, Name:MaServiceProcess, Value:3012
[2026-02-21 00:10:17.000]  [FindProcessById] ErrorCode:0 INFO: Attempt to find the process MonAgentLauncher.exe with ID: 3012.
[2026-02-21 00:10:17.000]  [FindProcessById] ErrorCode:0 INFO: Running Process MonAgentLauncher.exe found. ID: 3012.
[2026-02-21 00:10:17.000]  [CheckIfMAServiceIsRunByExtension] ErrorCode:0 INFO: The MA process is running based on the m_registry
[2026-02-21 00:10:17.000]  [QueryRegValueDWORD] ErrorCode:0 INFO: Query Registry for Key:SOFTWARE\Microsoft\Windows Azure\CurrentVersion\AzureMonitorAgentExtension\47.4.1.0, Name:AMAMultitenantServiceProcess
[2026-02-21 00:10:17.000]  [QueryRegValueDWORD] ErrorCode:0 ERROR: RegQueryValueExA: failed to query REG_DWORD value, Key:SOFTWARE\Microsoft\Windows Azure\CurrentVersion\AzureMonitorAgentExtension\47.4.1.0, name=AMAMultitenantServiceProcess, error=2, type=0
[2026-02-21 00:10:17.000]  [CheckIfMAServiceIsRunByExtension] ErrorCode:1205 INFO: Unable to read the m_registry for MA process. Assume it is not running.
[2026-02-21 00:10:17.000]  [AggregateHeartbeat] ErrorCode:0 INFO: Configured MA Service is not running on the node.
[2026-02-21 00:10:17.000]  [SetImdsEnvironmentVariable] ErrorCode:0 INFO: Querying IMDS information
[2026-02-21 00:10:17.000]  [SetImdsEnvironmentVariable] ErrorCode:-1 INFO: Preparing to call IMDS. Endpoint: http://169.254.169.254
[2026-02-21 00:10:17.000]  [QueryIMDSEndpoint] ErrorCode:0 INFO: Queried IMDS successfully.
[2026-02-21 00:10:17.000]  [GetValueFromJsonOrDefault] ErrorCode:0 INFO: Read Imds response field with Name:location Value: westus2
[2026-02-21 00:10:17.000]  [GetValueFromJsonOrDefault] ErrorCode:0 INFO: Read Imds response field with Name:name Value: amawin
[2026-02-21 00:10:17.000]  [GetValueFromJsonOrDefault] ErrorCode:0 INFO: Read Imds response field with Name:subscriptionId Value: 351651ce-5feb-4e59-975d-f1f344e2b717
[2026-02-21 00:10:17.000]  [GetValueFromJsonOrDefault] ErrorCode:0 INFO: Read Imds response field with Name:vmId Value: 22afd636-aec1-4782-9055-f85ea283dc20
[2026-02-21 00:10:17.000]  [GetValueFromJsonOrDefault] ErrorCode:0 INFO: Read Imds response field with Name:vmScaleSetName Value: 
[2026-02-21 00:10:17.000]  [GetValueFromJsonOrDefault] ErrorCode:0 INFO: Read Imds response field with Name:resourceGroupName Value: AMAWin_group
[2026-02-21 00:10:17.000]  [GetValueFromJsonOrDefault] ErrorCode:0 INFO: Read Imds response field with Name:osType Value: Windows
[2026-02-21 00:10:17.000]  [GetValueFromJsonOrDefault] ErrorCode:0 INFO: Read Imds response field with Name:resourceId Value: /subscriptions/351651ce-5feb-4e59-975d-f1f344e2b717/resourceGroups/AMAWin_group/providers/Microsoft.Compute/virtualMachines/amawin
[2026-02-21 00:10:17.000]  [GetValueFromJsonOrDefault] ErrorCode:0 INFO: Read Imds response field with Name:azEnvironment Value: AzurePublicCloud
[2026-02-21 00:10:17.000]  [SetImdsEnvironmentVariable] ErrorCode:0 INFO: Successfully set Environment variables from Imds
[2026-02-21 00:10:17.000]  [AggregateHeartbeat] ErrorCode:0 INFO: Completed heartbeat aggregation.
[2026-02-21 00:10:17.000]  [WriteHeartbeatToFile] ErrorCode:0 INFO: Sending the heartbeat.
[2026-02-21 00:10:17.000]  [WriteStatusToFile] ErrorCode:0 INFO: Sending the status.
[2026-02-21 00:10:17.000]  [WriteHeartbeatToFile] ErrorCode:0 INFO: Done Sending the heartbeat.
[2026-02-21 00:10:17.000]  [WriteStatusToFile] ErrorCode:0 INFO: Done Sending the status.
[2026-02-21 00:10:47.000]  [WriteHeartbeatToFile] ErrorCode:0 INFO: Sending the heartbeat.
[2026-02-21 00:10:47.000]  [WriteStatusToFile] ErrorCode:0 INFO: Sending the status.
[2026-02-21 00:10:47.000]  [WriteHeartbeatToFile] ErrorCode:0 INFO: Done Sending the heartbeat.
[2026-02-21 00:10:47.000]  [WriteStatusToFile] ErrorCode:0 INFO: Done Sending the status.
[2026-02-21 00:11:17.000]  [FindProcessById] ErrorCode:0 INFO: Attempt to find the process MetricsExtension.Native.exe with ID: 2308.
[2026-02-21 00:11:17.000]  [FindProcessById] ErrorCode:0 INFO: Running Process MetricsExtension.Native.exe found. ID: 2308.
[2026-02-21 00:11:17.000]  [StartMetricsExtension] ErrorCode:0 ERROR: Metrics extension is already running
[2026-02-21 00:11:17.000]  [WriteStatusToFile] ErrorCode:0 INFO: Sending the status.
[2026-02-21 00:11:17.000]  [WriteHeartbeatToFile] ErrorCode:0 INFO: Sending the heartbeat.
[2026-02-21 00:11:17.000]  [WriteStatusToFile] ErrorCode:0 INFO: Done Sending the status.
[2026-02-21 00:11:17.000]  [WriteHeartbeatToFile] ErrorCode:0 INFO: Done Sending the heartbeat.
[2026-02-21 00:11:47.000]  [WriteHeartbeatToFile] ErrorCode:0 INFO: Sending the heartbeat.
[2026-02-21 00:11:47.000]  [WriteStatusToFile] ErrorCode:0 INFO: Sending the status.
[2026-02-21 00:11:47.000]  [WriteStatusToFile] ErrorCode:0 INFO: Done Sending the status.
[2026-02-21 00:11:47.000]  [WriteHeartbeatToFile] ErrorCode:0 INFO: Done Sending the heartbeat.
[2026-02-21 00:12:17.000]  [FindProcessById] ErrorCode:0 INFO: Attempt to find the process MetricsExtension.Native.exe with ID: 2308.
[2026-02-21 00:12:17.000]  [FindProcessById] ErrorCode:0 INFO: Running Process MetricsExtension.Native.exe found. ID: 2308.
[2026-02-21 00:12:17.000]  [StartMetricsExtension] ErrorCode:0 ERROR: Metrics extension is already running
[2026-02-21 00:12:17.000]  [WriteStatusToFile] ErrorCode:0 INFO: Sending the status.
[2026-02-21 00:12:17.000]  [WriteHeartbeatToFile] ErrorCode:0 INFO: Sending the heartbeat.
[2026-02-21 00:12:17.000]  [WriteStatusToFile] ErrorCode:0 INFO: Done Sending the status.
[2026-02-21 00:12:17.000]  [WriteHeartbeatToFile] ErrorCode:0 INFO: Done Sending the heartbeat.
[2026-02-21 00:12:47.000]  [WriteHeartbeatToFile] ErrorCode:0 INFO: Sending the heartbeat.
[2026-02-21 00:12:47.000]  [WriteStatusToFile] ErrorCode:0 INFO: Sending the status.
[2026-02-21 00:12:47.000]  [WriteHeartbeatToFile] ErrorCode:0 INFO: Done Sending the heartbeat.
[2026-02-21 00:12:47.000]  [WriteStatusToFile] ErrorCode:0 INFO: Done Sending the status.
[2026-02-21 00:13:17.000]  [FindProcessById] ErrorCode:0 INFO: Attempt to find the process MetricsExtension.Native.exe with ID: 2308.
[2026-02-21 00:13:17.000]  [FindProcessById] ErrorCode:0 INFO: Running Process MetricsExtension.Native.exe found. ID: 2308.
[2026-02-21 00:13:17.000]  [StartMetricsExtension] ErrorCode:0 ERROR: Metrics extension is already running
[2026-02-21 00:13:17.000]  [WriteStatusToFile] ErrorCode:0 INFO: Sending the status.
[2026-02-21 00:13:17.000]  [WriteHeartbeatToFile] ErrorCode:0 INFO: Sending the heartbeat.
[2026-02-21 00:13:17.000]  [WriteHeartbeatToFile] ErrorCode:0 INFO: Done Sending the heartbeat.
[2026-02-21 00:13:17.000]  [WriteStatusToFile] ErrorCode:0 INFO: Done Sending the status.
[2026-02-21 00:13:47.000]  [WriteStatusToFile] ErrorCode:0 INFO: Sending the status.
[2026-02-21 00:13:47.000]  [WriteHeartbeatToFile] ErrorCode:0 INFO: Sending the heartbeat.
[2026-02-21 00:13:47.000]  [WriteHeartbeatToFile] ErrorCode:0 INFO: Done Sending the heartbeat.
[2026-02-21 00:13:47.000]  [WriteStatusToFile] ErrorCode:0 INFO: Done Sending the status.
[2026-02-21 00:14:17.000]  [FindProcessById] ErrorCode:0 INFO: Attempt to find the process MetricsExtension.Native.exe with ID: 2308.
[2026-02-21 00:14:17.000]  [FindProcessById] ErrorCode:0 INFO: Running Process MetricsExtension.Native.exe found. ID: 2308.
[2026-02-21 00:14:17.000]  [StartMetricsExtension] ErrorCode:0 ERROR: Metrics extension is already running
[2026-02-21 00:14:17.000]  [WriteHeartbeatToFile] ErrorCode:0 INFO: Sending the heartbeat.
[2026-02-21 00:14:17.000]  [WriteStatusToFile] ErrorCode:0 INFO: Sending the status.
[2026-02-21 00:14:17.000]  [WriteStatusToFile] ErrorCode:0 INFO: Done Sending the status.
[2026-02-21 00:14:17.000]  [WriteHeartbeatToFile] ErrorCode:0 INFO: Done Sending the heartbeat.
[2026-02-21 00:14:47.000]  [WriteHeartbeatToFile] ErrorCode:0 INFO: Sending the heartbeat.
[2026-02-21 00:14:47.000]  [WriteStatusToFile] ErrorCode:0 INFO: Sending the status.
[2026-02-21 00:14:47.000]  [WriteHeartbeatToFile] ErrorCode:0 INFO: Done Sending the heartbeat.
[2026-02-21 00:14:47.000]  [WriteStatusToFile] ErrorCode:0 INFO: Done Sending the status.
[2026-02-21 00:15:17.000]  [FindProcessById] ErrorCode:0 INFO: Attempt to find the process MetricsExtension.Native.exe with ID: 2308.
[2026-02-21 00:15:17.000]  [FindProcessById] ErrorCode:0 INFO: Running Process MetricsExtension.Native.exe found. ID: 2308.
[2026-02-21 00:15:17.000]  [StartMetricsExtension] ErrorCode:0 ERROR: Metrics extension is already running
[2026-02-21 00:15:17.000]  [AggregateHeartbeat] ErrorCode:0 INFO: Start heartbeat aggregation.
[2026-02-21 00:15:17.000]  [QueryRegValueDWORD] ErrorCode:0 INFO: Query Registry for Key:SOFTWARE\Microsoft\Windows Azure\CurrentVersion\AzureMonitorAgentExtension\47.4.1.0, Name:MaServiceProcess
[2026-02-21 00:15:17.000]  [QueryRegValueDWORD] ErrorCode:0 INFO: Query Registry for Key:SOFTWARE\Microsoft\Windows Azure\CurrentVersion\AzureMonitorAgentExtension\47.4.1.0, Name:MaServiceProcess, Value:3012
[2026-02-21 00:15:17.000]  [FindProcessById] ErrorCode:0 INFO: Attempt to find the process MonAgentLauncher.exe with ID: 3012.
[2026-02-21 00:15:17.000]  [FindProcessById] ErrorCode:0 INFO: Running Process MonAgentLauncher.exe found. ID: 3012.
[2026-02-21 00:15:17.000]  [CheckIfMAServiceIsRunByExtension] ErrorCode:0 INFO: The MA process is running based on the m_registry
[2026-02-21 00:15:17.000]  [QueryRegValueDWORD] ErrorCode:0 INFO: Query Registry for Key:SOFTWARE\Microsoft\Windows Azure\CurrentVersion\AzureMonitorAgentExtension\47.4.1.0, Name:AMAMultitenantServiceProcess
[2026-02-21 00:15:17.000]  [QueryRegValueDWORD] ErrorCode:0 ERROR: RegQueryValueExA: failed to query REG_DWORD value, Key:SOFTWARE\Microsoft\Windows Azure\CurrentVersion\AzureMonitorAgentExtension\47.4.1.0, name=AMAMultitenantServiceProcess, error=2, type=0
[2026-02-21 00:15:17.000]  [CheckIfMAServiceIsRunByExtension] ErrorCode:1205 INFO: Unable to read the m_registry for MA process. Assume it is not running.
[2026-02-21 00:15:17.000]  [AggregateHeartbeat] ErrorCode:0 INFO: Configured MA Service is not running on the node.
[2026-02-21 00:15:17.000]  [SetImdsEnvironmentVariable] ErrorCode:0 INFO: Querying IMDS information
[2026-02-21 00:15:17.000]  [SetImdsEnvironmentVariable] ErrorCode:-1 INFO: Preparing to call IMDS. Endpoint: http://169.254.169.254
[2026-02-21 00:15:17.000]  [QueryIMDSEndpoint] ErrorCode:0 INFO: Queried IMDS successfully.
[2026-02-21 00:15:17.000]  [GetValueFromJsonOrDefault] ErrorCode:0 INFO: Read Imds response field with Name:location Value: westus2
[2026-02-21 00:15:17.000]  [GetValueFromJsonOrDefault] ErrorCode:0 INFO: Read Imds response field with Name:name Value: amawin
[2026-02-21 00:15:17.000]  [GetValueFromJsonOrDefault] ErrorCode:0 INFO: Read Imds response field with Name:subscriptionId Value: 351651ce-5feb-4e59-975d-f1f344e2b717
[2026-02-21 00:15:17.000]  [GetValueFromJsonOrDefault] ErrorCode:0 INFO: Read Imds response field with Name:vmId Value: 22afd636-aec1-4782-9055-f85ea283dc20
[2026-02-21 00:15:17.000]  [GetValueFromJsonOrDefault] ErrorCode:0 INFO: Read Imds response field with Name:vmScaleSetName Value: 
[2026-02-21 00:15:17.000]  [GetValueFromJsonOrDefault] ErrorCode:0 INFO: Read Imds response field with Name:resourceGroupName Value: AMAWin_group
[2026-02-21 00:15:17.000]  [GetValueFromJsonOrDefault] ErrorCode:0 INFO: Read Imds response field with Name:osType Value: Windows
[2026-02-21 00:15:17.000]  [GetValueFromJsonOrDefault] ErrorCode:0 INFO: Read Imds response field with Name:resourceId Value: /subscriptions/351651ce-5feb-4e59-975d-f1f344e2b717/resourceGroups/AMAWin_group/providers/Microsoft.Compute/virtualMachines/amawin
[2026-02-21 00:15:17.000]  [GetValueFromJsonOrDefault] ErrorCode:0 INFO: Read Imds response field with Name:azEnvironment Value: AzurePublicCloud
[2026-02-21 00:15:17.000]  [SetImdsEnvironmentVariable] ErrorCode:0 INFO: Successfully set Environment variables from Imds
[2026-02-21 00:15:17.000]  [AggregateHeartbeat] ErrorCode:0 INFO: Completed heartbeat aggregation.
[2026-02-21 00:15:17.000]  [WriteHeartbeatToFile] ErrorCode:0 INFO: Sending the heartbeat.
[2026-02-21 00:15:17.000]  [WriteStatusToFile] ErrorCode:0 INFO: Sending the status.
[2026-02-21 00:15:17.000]  [WriteStatusToFile] ErrorCode:0 INFO: Done Sending the status.
[2026-02-21 00:15:17.000]  [WriteHeartbeatToFile] ErrorCode:0 INFO: Done Sending the heartbeat.
[2026-02-21 00:15:47.000]  [WriteHeartbeatToFile] ErrorCode:0 INFO: Sending the heartbeat.
[2026-02-21 00:15:47.000]  [WriteStatusToFile] ErrorCode:0 INFO: Sending the status.
[2026-02-21 00:15:47.000]  [WriteStatusToFile] ErrorCode:0 INFO: Done Sending the status.
[2026-02-21 00:15:47.000]  [WriteHeartbeatToFile] ErrorCode:0 INFO: Done Sending the heartbeat.
[2026-02-21 00:16:17.000]  [FindProcessById] ErrorCode:0 INFO: Attempt to find the process MetricsExtension.Native.exe with ID: 2308.
[2026-02-21 00:16:17.000]  [FindProcessById] ErrorCode:0 INFO: Running Process MetricsExtension.Native.exe found. ID: 2308.
[2026-02-21 00:16:17.000]  [StartMetricsExtension] ErrorCode:0 ERROR: Metrics extension is already running
[2026-02-21 00:16:17.000]  [WriteStatusToFile] ErrorCode:0 INFO: Sending the status.
[2026-02-21 00:16:17.000]  [WriteHeartbeatToFile] ErrorCode:0 INFO: Sending the heartbeat.
[2026-02-21 00:16:17.000]  [WriteStatusToFile] ErrorCode:0 INFO: Done Sending the status.
[2026-02-21 00:16:17.000]  [WriteHeartbeatToFile] ErrorCode:0 INFO: Done Sending the heartbeat.
[2026-02-21 00:16:47.000]  [WriteStatusToFile] ErrorCode:0 INFO: Sending the status.
[2026-02-21 00:16:47.000]  [WriteHeartbeatToFile] ErrorCode:0 INFO: Sending the heartbeat.
[2026-02-21 00:16:47.000]  [WriteStatusToFile] ErrorCode:0 INFO: Done Sending the status.
[2026-02-21 00:16:47.000]  [WriteHeartbeatToFile] ErrorCode:0 INFO: Done Sending the heartbeat.
[2026-02-21 00:17:17.000]  [FindProcessById] ErrorCode:0 INFO: Attempt to find the process MetricsExtension.Native.exe with ID: 2308.
[2026-02-21 00:17:17.000]  [FindProcessById] ErrorCode:0 INFO: Running Process MetricsExtension.Native.exe found. ID: 2308.
[2026-02-21 00:17:17.000]  [StartMetricsExtension] ErrorCode:0 ERROR: Metrics extension is already running
[2026-02-21 00:17:17.000]  [WriteHeartbeatToFile] ErrorCode:0 INFO: Sending the heartbeat.
[2026-02-21 00:17:17.000]  [WriteStatusToFile] ErrorCode:0 INFO: Sending the status.
[2026-02-21 00:17:17.000]  [WriteHeartbeatToFile] ErrorCode:0 INFO: Done Sending the heartbeat.
[2026-02-21 00:17:17.000]  [WriteStatusToFile] ErrorCode:0 INFO: Done Sending the status.
[2026-02-21 00:17:47.000]  [WriteHeartbeatToFile] ErrorCode:0 INFO: Sending the heartbeat.
[2026-02-21 00:17:47.000]  [WriteStatusToFile] ErrorCode:0 INFO: Sending the status.
[2026-02-21 00:17:47.000]  [WriteHeartbeatToFile] ErrorCode:0 INFO: Done Sending the heartbeat.
[2026-02-21 00:17:47.000]  [WriteStatusToFile] ErrorCode:0 INFO: Done Sending the status.
[2026-02-21 00:18:17.000]  [FindProcessById] ErrorCode:0 INFO: Attempt to find the process MetricsExtension.Native.exe with ID: 2308.
[2026-02-21 00:18:17.000]  [FindProcessById] ErrorCode:0 INFO: Running Process MetricsExtension.Native.exe found. ID: 2308.
[2026-02-21 00:18:17.000]  [StartMetricsExtension] ErrorCode:0 ERROR: Metrics extension is already running
[2026-02-21 00:18:17.000]  [WriteStatusToFile] ErrorCode:0 INFO: Sending the status.
[2026-02-21 00:18:17.000]  [WriteStatusToFile] ErrorCode:0 INFO: Done Sending the status.
[2026-02-21 00:18:17.000]  [WriteHeartbeatToFile] ErrorCode:0 INFO: Sending the heartbeat.
[2026-02-21 00:18:17.000]  [WriteHeartbeatToFile] ErrorCode:0 INFO: Done Sending the heartbeat.
[2026-02-21 00:18:47.000]  [WriteStatusToFile] ErrorCode:0 INFO: Sending the status.
[2026-02-21 00:18:47.000]  [WriteHeartbeatToFile] ErrorCode:0 INFO: Sending the heartbeat.
[2026-02-21 00:18:47.000]  [WriteHeartbeatToFile] ErrorCode:0 INFO: Done Sending the heartbeat.
[2026-02-21 00:18:47.000]  [WriteStatusToFile] ErrorCode:0 INFO: Done Sending the status.
[2026-02-21 00:19:17.000]  [FindProcessById] ErrorCode:0 INFO: Attempt to find the process MetricsExtension.Native.exe with ID: 2308.
[2026-02-21 00:19:17.000]  [FindProcessById] ErrorCode:0 INFO: Running Process MetricsExtension.Native.exe found. ID: 2308.
[2026-02-21 00:19:17.000]  [StartMetricsExtension] ErrorCode:0 ERROR: Metrics extension is already running
[2026-02-21 00:19:17.000]  [WriteHeartbeatToFile] ErrorCode:0 INFO: Sending the heartbeat.
[2026-02-21 00:19:17.000]  [WriteStatusToFile] ErrorCode:0 INFO: Sending the status.
[2026-02-21 00:19:17.000]  [WriteStatusToFile] ErrorCode:0 INFO: Done Sending the status.
[2026-02-21 00:19:17.000]  [WriteHeartbeatToFile] ErrorCode:0 INFO: Done Sending the heartbeat.
[2026-02-21 00:19:47.000]  [WriteStatusToFile] ErrorCode:0 INFO: Sending the status.
[2026-02-21 00:19:47.000]  [WriteStatusToFile] ErrorCode:0 INFO: Done Sending the status.
[2026-02-21 00:19:47.000]  [WriteHeartbeatToFile] ErrorCode:0 INFO: Sending the heartbeat.
[2026-02-21 00:19:47.000]  [WriteHeartbeatToFile] ErrorCode:0 INFO: Done Sending the heartbeat.
[2026-02-21 00:20:17.000]  [FindProcessById] ErrorCode:0 INFO: Attempt to find the process MetricsExtension.Native.exe with ID: 2308.
[2026-02-21 00:20:17.000]  [FindProcessById] ErrorCode:0 INFO: Running Process MetricsExtension.Native.exe found. ID: 2308.
[2026-02-21 00:20:17.000]  [StartMetricsExtension] ErrorCode:0 ERROR: Metrics extension is already running
[2026-02-21 00:20:17.000]  [AggregateHeartbeat] ErrorCode:0 INFO: Start heartbeat aggregation.
[2026-02-21 00:20:17.000]  [QueryRegValueDWORD] ErrorCode:0 INFO: Query Registry for Key:SOFTWARE\Microsoft\Windows Azure\CurrentVersion\AzureMonitorAgentExtension\47.4.1.0, Name:MaServiceProcess
[2026-02-21 00:20:17.000]  [QueryRegValueDWORD] ErrorCode:0 INFO: Query Registry for Key:SOFTWARE\Microsoft\Windows Azure\CurrentVersion\AzureMonitorAgentExtension\47.4.1.0, Name:MaServiceProcess, Value:3012
[2026-02-21 00:20:17.000]  [FindProcessById] ErrorCode:0 INFO: Attempt to find the process MonAgentLauncher.exe with ID: 3012.
[2026-02-21 00:20:17.000]  [FindProcessById] ErrorCode:0 INFO: Running Process MonAgentLauncher.exe found. ID: 3012.
[2026-02-21 00:20:17.000]  [CheckIfMAServiceIsRunByExtension] ErrorCode:0 INFO: The MA process is running based on the m_registry
[2026-02-21 00:20:17.000]  [QueryRegValueDWORD] ErrorCode:0 INFO: Query Registry for Key:SOFTWARE\Microsoft\Windows Azure\CurrentVersion\AzureMonitorAgentExtension\47.4.1.0, Name:AMAMultitenantServiceProcess
[2026-02-21 00:20:17.000]  [QueryRegValueDWORD] ErrorCode:0 ERROR: RegQueryValueExA: failed to query REG_DWORD value, Key:SOFTWARE\Microsoft\Windows Azure\CurrentVersion\AzureMonitorAgentExtension\47.4.1.0, name=AMAMultitenantServiceProcess, error=2, type=0
[2026-02-21 00:20:17.000]  [CheckIfMAServiceIsRunByExtension] ErrorCode:1205 INFO: Unable to read the m_registry for MA process. Assume it is not running.
[2026-02-21 00:20:17.000]  [AggregateHeartbeat] ErrorCode:0 INFO: Configured MA Service is not running on the node.
[2026-02-21 00:20:17.000]  [SetImdsEnvironmentVariable] ErrorCode:0 INFO: Querying IMDS information
[2026-02-21 00:20:17.000]  [SetImdsEnvironmentVariable] ErrorCode:-1 INFO: Preparing to call IMDS. Endpoint: http://169.254.169.254
[2026-02-21 00:20:17.000]  [QueryIMDSEndpoint] ErrorCode:0 INFO: Queried IMDS successfully.
[2026-02-21 00:20:17.000]  [GetValueFromJsonOrDefault] ErrorCode:0 INFO: Read Imds response field with Name:location Value: westus2
[2026-02-21 00:20:17.000]  [GetValueFromJsonOrDefault] ErrorCode:0 INFO: Read Imds response field with Name:name Value: amawin
[2026-02-21 00:20:17.000]  [GetValueFromJsonOrDefault] ErrorCode:0 INFO: Read Imds response field with Name:subscriptionId Value: 351651ce-5feb-4e59-975d-f1f344e2b717
[2026-02-21 00:20:17.000]  [GetValueFromJsonOrDefault] ErrorCode:0 INFO: Read Imds response field with Name:vmId Value: 22afd636-aec1-4782-9055-f85ea283dc20
[2026-02-21 00:20:17.000]  [GetValueFromJsonOrDefault] ErrorCode:0 INFO: Read Imds response field with Name:vmScaleSetName Value: 
[2026-02-21 00:20:17.000]  [GetValueFromJsonOrDefault] ErrorCode:0 INFO: Read Imds response field with Name:resourceGroupName Value: AMAWin_group
[2026-02-21 00:20:17.000]  [GetValueFromJsonOrDefault] ErrorCode:0 INFO: Read Imds response field with Name:osType Value: Windows
[2026-02-21 00:20:17.000]  [GetValueFromJsonOrDefault] ErrorCode:0 INFO: Read Imds response field with Name:resourceId Value: /subscriptions/351651ce-5feb-4e59-975d-f1f344e2b717/resourceGroups/AMAWin_group/providers/Microsoft.Compute/virtualMachines/amawin
[2026-02-21 00:20:17.000]  [GetValueFromJsonOrDefault] ErrorCode:0 INFO: Read Imds response field with Name:azEnvironment Value: AzurePublicCloud
[2026-02-21 00:20:17.000]  [SetImdsEnvironmentVariable] ErrorCode:0 INFO: Successfully set Environment variables from Imds
[2026-02-21 00:20:17.000]  [AggregateHeartbeat] ErrorCode:0 INFO: Completed heartbeat aggregation.
[2026-02-21 00:20:17.000]  [WriteStatusToFile] ErrorCode:0 INFO: Sending the status.
[2026-02-21 00:20:17.000]  [WriteStatusToFile] ErrorCode:0 INFO: Done Sending the status.
[2026-02-21 00:20:17.000]  [WriteHeartbeatToFile] ErrorCode:0 INFO: Sending the heartbeat.
[2026-02-21 00:20:17.000]  [WriteHeartbeatToFile] ErrorCode:0 INFO: Done Sending the heartbeat.
[2026-02-21 00:20:47.000]  [WriteStatusToFile] ErrorCode:0 INFO: Sending the status.
[2026-02-21 00:20:47.000]  [WriteStatusToFile] ErrorCode:0 INFO: Done Sending the status.
[2026-02-21 00:20:47.000]  [WriteHeartbeatToFile] ErrorCode:0 INFO: Sending the heartbeat.
[2026-02-21 00:20:47.000]  [WriteHeartbeatToFile] ErrorCode:0 INFO: Done Sending the heartbeat.
[2026-02-21 00:21:17.000]  [FindProcessById] ErrorCode:0 INFO: Attempt to find the process MetricsExtension.Native.exe with ID: 2308.
[2026-02-21 00:21:17.000]  [FindProcessById] ErrorCode:0 INFO: Running Process MetricsExtension.Native.exe found. ID: 2308.
[2026-02-21 00:21:17.000]  [StartMetricsExtension] ErrorCode:0 ERROR: Metrics extension is already running
[2026-02-21 00:21:17.000]  [WriteStatusToFile] ErrorCode:0 INFO: Sending the status.
[2026-02-21 00:21:17.000]  [WriteStatusToFile] ErrorCode:0 INFO: Done Sending the status.
[2026-02-21 00:21:17.000]  [WriteHeartbeatToFile] ErrorCode:0 INFO: Sending the heartbeat.
[2026-02-21 00:21:17.000]  [WriteHeartbeatToFile] ErrorCode:0 INFO: Done Sending the heartbeat.
[2026-02-21 00:21:47.000]  [WriteStatusToFile] ErrorCode:0 INFO: Sending the status.
[2026-02-21 00:21:47.000]  [WriteStatusToFile] ErrorCode:0 INFO: Done Sending the status.
[2026-02-21 00:21:47.000]  [WriteHeartbeatToFile] ErrorCode:0 INFO: Sending the heartbeat.
[2026-02-21 00:21:47.000]  [WriteHeartbeatToFile] ErrorCode:0 INFO: Done Sending the heartbeat.
[2026-02-21 00:22:17.000]  [FindProcessById] ErrorCode:0 INFO: Attempt to find the process MetricsExtension.Native.exe with ID: 2308.
[2026-02-21 00:22:17.000]  [FindProcessById] ErrorCode:0 INFO: Running Process MetricsExtension.Native.exe found. ID: 2308.
[2026-02-21 00:22:17.000]  [StartMetricsExtension] ErrorCode:0 ERROR: Metrics extension is already running
[2026-02-21 00:22:17.000]  [WriteStatusToFile] ErrorCode:0 INFO: Sending the status.
[2026-02-21 00:22:17.000]  [WriteStatusToFile] ErrorCode:0 INFO: Done Sending the status.
[2026-02-21 00:22:17.000]  [WriteHeartbeatToFile] ErrorCode:0 INFO: Sending the heartbeat.
[2026-02-21 00:22:17.000]  [WriteHeartbeatToFile] ErrorCode:0 INFO: Done Sending the heartbeat.
[2026-02-21 00:22:47.000]  [WriteStatusToFile] ErrorCode:0 INFO: Sending the status.
[2026-02-21 00:22:47.000]  [WriteStatusToFile] ErrorCode:0 INFO: Done Sending the status.
[2026-02-21 00:22:47.000]  [WriteHeartbeatToFile] ErrorCode:0 INFO: Sending the heartbeat.
[2026-02-21 00:22:47.000]  [WriteHeartbeatToFile] ErrorCode:0 INFO: Done Sending the heartbeat.
[2026-02-21 00:23:17.000]  [FindProcessById] ErrorCode:0 INFO: Attempt to find the process MetricsExtension.Native.exe with ID: 2308.
[2026-02-21 00:23:17.000]  [FindProcessById] ErrorCode:0 INFO: Running Process MetricsExtension.Native.exe found. ID: 2308.
[2026-02-21 00:23:17.000]  [StartMetricsExtension] ErrorCode:0 ERROR: Metrics extension is already running
[2026-02-21 00:23:17.000]  [WriteStatusToFile] ErrorCode:0 INFO: Sending the status.
[2026-02-21 00:23:17.000]  [WriteStatusToFile] ErrorCode:0 INFO: Done Sending the status.
[2026-02-21 00:23:17.000]  [WriteHeartbeatToFile] ErrorCode:0 INFO: Sending the heartbeat.
[2026-02-21 00:23:17.000]  [WriteHeartbeatToFile] ErrorCode:0 INFO: Done Sending the heartbeat.
[2026-02-21 00:23:47.000]  [WriteStatusToFile] ErrorCode:0 INFO: Sending the status.
[2026-02-21 00:23:47.000]  [WriteStatusToFile] ErrorCode:0 INFO: Done Sending the status.
[2026-02-21 00:23:47.000]  [WriteHeartbeatToFile] ErrorCode:0 INFO: Sending the heartbeat.
[2026-02-21 00:23:47.000]  [WriteHeartbeatToFile] ErrorCode:0 INFO: Done Sending the heartbeat.
[2026-02-21 00:24:17.000]  [FindProcessById] ErrorCode:0 INFO: Attempt to find the process MetricsExtension.Native.exe with ID: 2308.
[2026-02-21 00:24:17.000]  [FindProcessById] ErrorCode:0 INFO: Running Process MetricsExtension.Native.exe found. ID: 2308.
[2026-02-21 00:24:17.000]  [StartMetricsExtension] ErrorCode:0 ERROR: Metrics extension is already running
[2026-02-21 00:24:17.000]  [WriteStatusToFile] ErrorCode:0 INFO: Sending the status.
[2026-02-21 00:24:17.000]  [WriteStatusToFile] ErrorCode:0 INFO: Done Sending the status.
[2026-02-21 00:24:17.000]  [WriteHeartbeatToFile] ErrorCode:0 INFO: Sending the heartbeat.
[2026-02-21 00:24:17.000]  [WriteHeartbeatToFile] ErrorCode:0 INFO: Done Sending the heartbeat.
[2026-02-21 00:24:47.000]  [WriteStatusToFile] ErrorCode:0 INFO: Sending the status.
[2026-02-21 00:24:47.000]  [WriteStatusToFile] ErrorCode:0 INFO: Done Sending the status.
[2026-02-21 00:24:47.000]  [WriteHeartbeatToFile] ErrorCode:0 INFO: Sending the heartbeat.
[2026-02-21 00:24:47.000]  [WriteHeartbeatToFile] ErrorCode:0 INFO: Done Sending the heartbeat.
[2026-02-21 00:25:17.000]  [FindProcessById] ErrorCode:0 INFO: Attempt to find the process MetricsExtension.Native.exe with ID: 2308.
[2026-02-21 00:25:17.000]  [FindProcessById] ErrorCode:0 INFO: Running Process MetricsExtension.Native.exe found. ID: 2308.
[2026-02-21 00:25:17.000]  [StartMetricsExtension] ErrorCode:0 ERROR: Metrics extension is already running
[2026-02-21 00:25:17.000]  [AggregateHeartbeat] ErrorCode:0 INFO: Start heartbeat aggregation.
[2026-02-21 00:25:17.000]  [QueryRegValueDWORD] ErrorCode:0 INFO: Query Registry for Key:SOFTWARE\Microsoft\Windows Azure\CurrentVersion\AzureMonitorAgentExtension\47.4.1.0, Name:MaServiceProcess
[2026-02-21 00:25:17.000]  [QueryRegValueDWORD] ErrorCode:0 INFO: Query Registry for Key:SOFTWARE\Microsoft\Windows Azure\CurrentVersion\AzureMonitorAgentExtension\47.4.1.0, Name:MaServiceProcess, Value:3012
[2026-02-21 00:25:17.000]  [FindProcessById] ErrorCode:0 INFO: Attempt to find the process MonAgentLauncher.exe with ID: 3012.
[2026-02-21 00:25:17.000]  [FindProcessById] ErrorCode:0 INFO: Running Process MonAgentLauncher.exe found. ID: 3012.
[2026-02-21 00:25:17.000]  [CheckIfMAServiceIsRunByExtension] ErrorCode:0 INFO: The MA process is running based on the m_registry
[2026-02-21 00:25:17.000]  [QueryRegValueDWORD] ErrorCode:0 INFO: Query Registry for Key:SOFTWARE\Microsoft\Windows Azure\CurrentVersion\AzureMonitorAgentExtension\47.4.1.0, Name:AMAMultitenantServiceProcess
[2026-02-21 00:25:17.000]  [QueryRegValueDWORD] ErrorCode:0 ERROR: RegQueryValueExA: failed to query REG_DWORD value, Key:SOFTWARE\Microsoft\Windows Azure\CurrentVersion\AzureMonitorAgentExtension\47.4.1.0, name=AMAMultitenantServiceProcess, error=2, type=0
[2026-02-21 00:25:17.000]  [CheckIfMAServiceIsRunByExtension] ErrorCode:1205 INFO: Unable to read the m_registry for MA process. Assume it is not running.
[2026-02-21 00:25:17.000]  [AggregateHeartbeat] ErrorCode:0 INFO: Configured MA Service is not running on the node.
[2026-02-21 00:25:17.000]  [SetImdsEnvironmentVariable] ErrorCode:0 INFO: Querying IMDS information
[2026-02-21 00:25:17.000]  [SetImdsEnvironmentVariable] ErrorCode:-1 INFO: Preparing to call IMDS. Endpoint: http://169.254.169.254
[2026-02-21 00:25:17.000]  [QueryIMDSEndpoint] ErrorCode:0 INFO: Queried IMDS successfully.
[2026-02-21 00:25:17.000]  [GetValueFromJsonOrDefault] ErrorCode:0 INFO: Read Imds response field with Name:location Value: westus2
[2026-02-21 00:25:17.000]  [GetValueFromJsonOrDefault] ErrorCode:0 INFO: Read Imds response field with Name:name Value: amawin
[2026-02-21 00:25:17.000]  [GetValueFromJsonOrDefault] ErrorCode:0 INFO: Read Imds response field with Name:subscriptionId Value: 351651ce-5feb-4e59-975d-f1f344e2b717
[2026-02-21 00:25:17.000]  [GetValueFromJsonOrDefault] ErrorCode:0 INFO: Read Imds response field with Name:vmId Value: 22afd636-aec1-4782-9055-f85ea283dc20
[2026-02-21 00:25:17.000]  [GetValueFromJsonOrDefault] ErrorCode:0 INFO: Read Imds response field with Name:vmScaleSetName Value: 
[2026-02-21 00:25:17.000]  [GetValueFromJsonOrDefault] ErrorCode:0 INFO: Read Imds response field with Name:resourceGroupName Value: AMAWin_group
[2026-02-21 00:25:17.000]  [GetValueFromJsonOrDefault] ErrorCode:0 INFO: Read Imds response field with Name:osType Value: Windows
[2026-02-21 00:25:17.000]  [GetValueFromJsonOrDefault] ErrorCode:0 INFO: Read Imds response field with Name:resourceId Value: /subscriptions/351651ce-5feb-4e59-975d-f1f344e2b717/resourceGroups/AMAWin_group/providers/Microsoft.Compute/virtualMachines/amawin
[2026-02-21 00:25:17.000]  [GetValueFromJsonOrDefault] ErrorCode:0 INFO: Read Imds response field with Name:azEnvironment Value: AzurePublicCloud
[2026-02-21 00:25:17.000]  [SetImdsEnvironmentVariable] ErrorCode:0 INFO: Successfully set Environment variables from Imds
[2026-02-21 00:25:17.000]  [AggregateHeartbeat] ErrorCode:0 INFO: Completed heartbeat aggregation.
[2026-02-21 00:25:17.000]  [WriteStatusToFile] ErrorCode:0 INFO: Sending the status.
[2026-02-21 00:25:17.000]  [WriteStatusToFile] ErrorCode:0 INFO: Done Sending the status.
[2026-02-21 00:25:17.000]  [WriteHeartbeatToFile] ErrorCode:0 INFO: Sending the heartbeat.
[2026-02-21 00:25:17.000]  [WriteHeartbeatToFile] ErrorCode:0 INFO: Done Sending the heartbeat.
[2026-02-21 00:25:47.000]  [WriteStatusToFile] ErrorCode:0 INFO: Sending the status.
[2026-02-21 00:25:47.000]  [WriteStatusToFile] ErrorCode:0 INFO: Done Sending the status.
[2026-02-21 00:25:47.000]  [WriteHeartbeatToFile] ErrorCode:0 INFO: Sending the heartbeat.
[2026-02-21 00:25:47.000]  [WriteHeartbeatToFile] ErrorCode:0 INFO: Done Sending the heartbeat.
[2026-02-21 00:26:17.000]  [FindProcessById] ErrorCode:0 INFO: Attempt to find the process MetricsExtension.Native.exe with ID: 2308.
[2026-02-21 00:26:17.000]  [FindProcessById] ErrorCode:0 INFO: Running Process MetricsExtension.Native.exe found. ID: 2308.
[2026-02-21 00:26:17.000]  [StartMetricsExtension] ErrorCode:0 ERROR: Metrics extension is already running
[2026-02-21 00:26:17.000]  [WriteStatusToFile] ErrorCode:0 INFO: Sending the status.
[2026-02-21 00:26:17.000]  [WriteStatusToFile] ErrorCode:0 INFO: Done Sending the status.
[2026-02-21 00:26:17.000]  [WriteHeartbeatToFile] ErrorCode:0 INFO: Sending the heartbeat.
[2026-02-21 00:26:17.000]  [WriteHeartbeatToFile] ErrorCode:0 INFO: Done Sending the heartbeat.
[2026-02-21 00:26:47.000]  [WriteStatusToFile] ErrorCode:0 INFO: Sending the status.
[2026-02-21 00:26:47.000]  [WriteStatusToFile] ErrorCode:0 INFO: Done Sending the status.
[2026-02-21 00:26:47.000]  [WriteHeartbeatToFile] ErrorCode:0 INFO: Sending the heartbeat.
[2026-02-21 00:26:47.000]  [WriteHeartbeatToFile] ErrorCode:0 INFO: Done Sending the heartbeat.
[2026-02-21 00:27:17.000]  [FindProcessById] ErrorCode:0 INFO: Attempt to find the process MetricsExtension.Native.exe with ID: 2308.
[2026-02-21 00:27:17.000]  [FindProcessById] ErrorCode:0 INFO: Running Process MetricsExtension.Native.exe found. ID: 2308.
[2026-02-21 00:27:17.000]  [StartMetricsExtension] ErrorCode:0 ERROR: Metrics extension is already running
[2026-02-21 00:27:17.000]  [WriteStatusToFile] ErrorCode:0 INFO: Sending the status.
[2026-02-21 00:27:17.000]  [WriteStatusToFile] ErrorCode:0 INFO: Done Sending the status.
[2026-02-21 00:27:17.000]  [WriteHeartbeatToFile] ErrorCode:0 INFO: Sending the heartbeat.
[2026-02-21 00:27:17.000]  [WriteHeartbeatToFile] ErrorCode:0 INFO: Done Sending the heartbeat.
[2026-02-21 00:27:47.000]  [WriteStatusToFile] ErrorCode:0 INFO: Sending the status.
[2026-02-21 00:27:47.000]  [WriteStatusToFile] ErrorCode:0 INFO: Done Sending the status.
[2026-02-21 00:27:47.000]  [WriteHeartbeatToFile] ErrorCode:0 INFO: Sending the heartbeat.
[2026-02-21 00:27:47.000]  [WriteHeartbeatToFile] ErrorCode:0 INFO: Done Sending the heartbeat.
[2026-02-21 00:28:17.000]  [FindProcessById] ErrorCode:0 INFO: Attempt to find the process MetricsExtension.Native.exe with ID: 2308.
[2026-02-21 00:28:17.000]  [FindProcessById] ErrorCode:0 INFO: Running Process MetricsExtension.Native.exe found. ID: 2308.
[2026-02-21 00:28:17.000]  [StartMetricsExtension] ErrorCode:0 ERROR: Metrics extension is already running
[2026-02-21 00:28:17.000]  [WriteStatusToFile] ErrorCode:0 INFO: Sending the status.
[2026-02-21 00:28:17.000]  [WriteStatusToFile] ErrorCode:0 INFO: Done Sending the status.
[2026-02-21 00:28:17.000]  [WriteHeartbeatToFile] ErrorCode:0 INFO: Sending the heartbeat.
[2026-02-21 00:28:17.000]  [WriteHeartbeatToFile] ErrorCode:0 INFO: Done Sending the heartbeat.
[2026-02-21 00:28:47.000]  [WriteStatusToFile] ErrorCode:0 INFO: Sending the status.
[2026-02-21 00:28:47.000]  [WriteStatusToFile] ErrorCode:0 INFO: Done Sending the status.
[2026-02-21 00:28:47.000]  [WriteHeartbeatToFile] ErrorCode:0 INFO: Sending the heartbeat.
[2026-02-21 00:28:47.000]  [WriteHeartbeatToFile] ErrorCode:0 INFO: Done Sending the heartbeat.
