[2026-01-29 19:39:33.000]  [ExtensionConfiguration] ErrorCode:0 INFO: Initializing ExtensionConfiguration
[2026-01-29 19:39:33.000]  [FindConfigSequenceNumber] ErrorCode:1110 WARN: Unable to read ConfigSequenceNumber environment variable for extension, 0
[2026-01-29 19:39:33.000]  [FindLatestSettingsFileNumber] ErrorCode:0 INFO: Looking in folder C:\Packages\Plugins\Microsoft.Azure.Monitor.AzureMonitorWindowsAgent\1.39.0.0\RuntimeSettings
[2026-01-29 19:39:33.000]  [FindLatestSettingsFileNumber] ErrorCode:0 WARN: No config file found. Assuming 0
[2026-01-29 19:39:33.000]  [FindLatestSettingsFileNumber] ErrorCode:0 INFO: Config File:0
[2026-01-29 19:39:33.000]  [ParseExtensionSettingsJson] ErrorCode:0 WARN: extension settings file C:\Packages\Plugins\Microsoft.Azure.Monitor.AzureMonitorWindowsAgent\1.39.0.0\RuntimeSettings\0.settings does not exist
[2026-01-29 19:39:33.000]  [StatusReporting] ErrorCode:0 INFO: Status file :C:\Packages\Plugins\Microsoft.Azure.Monitor.AzureMonitorWindowsAgent\1.39.0.0\Status\0.status
[2026-01-29 19:39:33.000]  [HeartbeatReporting] ErrorCode:0 INFO: HeartBeat file :C:\Packages\Plugins\Microsoft.Azure.Monitor.AzureMonitorWindowsAgent\1.39.0.0\Status\HeartBeat.Json
[2026-01-29 19:39:33.000]  [QueryRegValueString] ErrorCode:0 INFO: Query Registry for Key:SOFTWARE\Microsoft\Windows Azure, Name:VMType
[2026-01-29 19:39:33.000]  [QueryRegValueString] ErrorCode:0 INFO: Query Registry for Key:SOFTWARE\Microsoft\Windows Azure, Name:VMType, Value:IAAS
[2026-01-29 19:39:33.000]  [StatusAggregator] ErrorCode:0 INFO: StatusAggregator getting initialized
[2026-01-29 19:39:33.000]  [StatusAggregator] ErrorCode:0 INFO: Completed Setting the event for status aggregator thread
[2026-01-29 19:39:33.000]  [HeartbeatAggregator] ErrorCode:0 INFO: Heartbeat aggregator getting initialized
[2026-01-29 19:39:33.000]  [HeartbeatAggregator] ErrorCode:0 INFO: Completed Setting the event for heartbeat aggregator thread
[2026-01-29 19:39:33.000]  [ParseHealthMonitorCommand] ErrorCode:0 INFO: ShutdownEventName:Global\AMA-HealthMonitor-ShutdownEvent MaResetSignal:AzureMonitorAgent-ResetEvent Operation:enable
[2026-01-29 19:39:33.000]  [StartSendingStatus] ErrorCode:0 INFO: Start the thread for sending constant Status
[2026-01-29 19:39:33.000]  [StartSendingStatus] ErrorCode:0 INFO: Started the thread for sending constant Status
[2026-01-29 19:39:33.000]  [StartSendingHeartbeat] ErrorCode:0 INFO: Start the thread for sending constant heartbeat
[2026-01-29 19:39:33.000]  [StartSendingHeartbeat] ErrorCode:0 INFO: Started the thread for sending constant heartbeat
[2026-01-29 19:39:33.000]  [StartAggregatingHeartbeat] ErrorCode:0 INFO: Start the thread for sending constant heartbeat aggregation
[2026-01-29 19:39:33.000]  [StartAggregatingHeartbeat] ErrorCode:0 INFO: Started the thread for sending constant heartbeat aggregation
[2026-01-29 19:40:33.000]  [WriteStatusToFile] ErrorCode:0 INFO: Sending the status.
[2026-01-29 19:40:33.000]  [WriteHeartbeatToFile] ErrorCode:0 INFO: Sending the heartbeat.
[2026-01-29 19:40:33.000]  [WriteHeartbeatToFile] ErrorCode:0 INFO: Done Sending the heartbeat.
[2026-01-29 19:40:33.000]  [StartMetricsExtension] ErrorCode:0 INFO: MetricsExtension launch arguments: -stopEvent AMA-MetricsExtension-ShutdownEvent -diagnosticsProvider 5f950243-fd4a-11f0-8b36-002248784a84 -TokenSource AMCS -ExecutionPriorityLevel 0 -OperationEnvironment AMA-Windows/1.39.0.0 -ManagedIdentity sai -Input etw,otlp_grpc -OtlpGrpcHost 127.0.0.1 -ConfigOverrides {\"enableInternalMetricsGigQosTarget\":false}
[2026-01-29 19:40:33.000]  [WriteStatusToFile] ErrorCode:0 INFO: Done Sending the status.
[2026-01-29 19:40:33.000]  [StartProcess] ErrorCode:0 INFO: Starting the command: Monitoring\Agent\Extensions\MetricsExtension\MetricsExtension.Native.exe -stopEvent AMA-MetricsExtension-ShutdownEvent -diagnosticsProvider 5f950243-fd4a-11f0-8b36-002248784a84 -TokenSource AMCS -ExecutionPriorityLevel 0 -OperationEnvironment AMA-Windows/1.39.0.0 -ManagedIdentity sai -Input etw,otlp_grpc -OtlpGrpcHost 127.0.0.1 -ConfigOverrides {\"enableInternalMetricsGigQosTarget\":false}.
[2026-01-29 19:40:33.000]  [StartMetricsExtension] ErrorCode:0 INFO: Metrics extension started successfully
[2026-01-29 19:40:33.000]  [StartMetricsExtension] ErrorCode:0 INFO: Job object created or opened for metrics extension
[2026-01-29 19:40:33.000]  [StartMetricsExtension] ErrorCode:0 INFO: Job object limits set successfully for metrics extension.
[2026-01-29 19:40:33.000]  [AggregateHeartbeat] ErrorCode:0 INFO: Start heartbeat aggregation.
[2026-01-29 19:40:33.000]  [QueryRegValueDWORD] ErrorCode:0 INFO: Query Registry for Key:SOFTWARE\Microsoft\Windows Azure\CurrentVersion\AzureMonitorAgentExtension\47.4.1.0, Name:MaServiceProcess
[2026-01-29 19:40:33.000]  [QueryRegValueDWORD] ErrorCode:0 INFO: Query Registry for Key:SOFTWARE\Microsoft\Windows Azure\CurrentVersion\AzureMonitorAgentExtension\47.4.1.0, Name:MaServiceProcess, Value:4440
[2026-01-29 19:40:33.000]  [FindProcessById] ErrorCode:0 INFO: Attempt to find the process MonAgentLauncher.exe with ID: 4440.
[2026-01-29 19:40:33.000]  [FindProcessById] ErrorCode:0 INFO: No Running Process MonAgentLauncher.exe found. ID: 4440.
[2026-01-29 19:40:33.000]  [CheckIfMAServiceIsRunByExtension] ErrorCode:1301 INFO: The MA process is not running based on the m_registry
[2026-01-29 19:40:33.000]  [QueryRegValueDWORD] ErrorCode:0 INFO: Query Registry for Key:SOFTWARE\Microsoft\Windows Azure\CurrentVersion\AzureMonitorAgentExtension\47.4.1.0, Name:AMAMultitenantServiceProcess
[2026-01-29 19:40:33.000]  [QueryRegValueDWORD] ErrorCode:0 ERROR: RegQueryValueExA: failed to query REG_DWORD value, Key:SOFTWARE\Microsoft\Windows Azure\CurrentVersion\AzureMonitorAgentExtension\47.4.1.0, name=AMAMultitenantServiceProcess, error=2, type=0
[2026-01-29 19:40:33.000]  [CheckIfMAServiceIsRunByExtension] ErrorCode:1205 INFO: Unable to read the m_registry for MA process. Assume it is not running.
[2026-01-29 19:40:33.000]  [CheckIfMAServiceIsRunByCustomer] ErrorCode:0 INFO: MA Serivce is not run by customer.
[2026-01-29 19:40:33.000]  [AggregateHeartbeat] ErrorCode:0 INFO: Configured MA Service is not running on the node.
[2026-01-29 19:40:33.000]  [SetImdsEnvironmentVariable] ErrorCode:0 INFO: Querying IMDS information
[2026-01-29 19:40:33.000]  [SetImdsEnvironmentVariable] ErrorCode:-1 INFO: Preparing to call IMDS. Endpoint: http://169.254.169.254
[2026-01-29 19:40:33.000]  [QueryIMDSEndpoint] ErrorCode:0 INFO: Queried IMDS successfully.
[2026-01-29 19:40:33.000]  [GetValueFromJsonOrDefault] ErrorCode:0 INFO: Read Imds response field with Name:location Value: westus2
[2026-01-29 19:40:33.000]  [GetValueFromJsonOrDefault] ErrorCode:0 INFO: Read Imds response field with Name:name Value: amawin
[2026-01-29 19:40:33.000]  [GetValueFromJsonOrDefault] ErrorCode:0 INFO: Read Imds response field with Name:subscriptionId Value: 351651ce-5feb-4e59-975d-f1f344e2b717
[2026-01-29 19:40:33.000]  [GetValueFromJsonOrDefault] ErrorCode:0 INFO: Read Imds response field with Name:vmId Value: 22afd636-aec1-4782-9055-f85ea283dc20
[2026-01-29 19:40:33.000]  [GetValueFromJsonOrDefault] ErrorCode:0 INFO: Read Imds response field with Name:vmScaleSetName Value: 
[2026-01-29 19:40:33.000]  [GetValueFromJsonOrDefault] ErrorCode:0 INFO: Read Imds response field with Name:resourceGroupName Value: AMAWIN_GROUP
[2026-01-29 19:40:33.000]  [GetValueFromJsonOrDefault] ErrorCode:0 INFO: Read Imds response field with Name:osType Value: Windows
[2026-01-29 19:40:33.000]  [GetValueFromJsonOrDefault] ErrorCode:0 INFO: Read Imds response field with Name:resourceId Value: /subscriptions/351651ce-5feb-4e59-975d-f1f344e2b717/resourceGroups/AMAWIN_GROUP/providers/Microsoft.Compute/virtualMachines/amawin
[2026-01-29 19:40:33.000]  [GetValueFromJsonOrDefault] ErrorCode:0 INFO: Read Imds response field with Name:azEnvironment Value: AzurePublicCloud
[2026-01-29 19:40:33.000]  [SetImdsEnvironmentVariable] ErrorCode:0 INFO: Successfully set Environment variables from Imds
[2026-01-29 19:40:33.000]  [StartAzureMA] ErrorCode:0 INFO: Starting agent with MCS:Monitoring\Agent\MonAgentLauncher.exe  -useenv -ShutDownEvent AzureMonitorAgentExtension-ShutdownEventName -TotalShutDownEvent AzureMonitorAgentExtension-TotalShutdownEventName -StartEvent AzureMonitorAgentExtension-StartAgentEventName -StopEvent AzureMonitorAgentExtension-StopAgentEventName
[2026-01-29 19:40:33.000]  [SetSecurityAttributesOnDir] ErrorCode:0 INFO: Explicit ACE is already set by user. Skipping setting security info.
[2026-01-29 19:40:33.000]  [ValidateDataStorePersistence] ErrorCode:0 INFO: Validating persistence key for the data store at path: C:\WindowsAzure\Resources\AMADataStore.amawin\.persistencekey.
[2026-01-29 19:40:33.000]  [ValidateDataStorePersistence] ErrorCode:0 INFO: Key file exist in data store
[2026-01-29 19:40:33.000]  [ValidateDataStorePersistence] ErrorCode:0 INFO: The key file's real path: \\?\C:\WindowsAzure\Resources\AMADataStore.amawin\.persistencekey.
[2026-01-29 19:40:33.000]  [DoesRegValueExist] ErrorCode:0 INFO: Query Registry for Key:SOFTWARE\Microsoft\AzureMonitorAgent\Secrets, Name:PersistenceKeyCreated
[2026-01-29 19:40:33.000]  [ValidateDataStorePersistence] ErrorCode:0 INFO: The registry value  exist
[2026-01-29 19:40:33.000]  [SetRegSecurityDescriptorOnSubKey] ErrorCode:0 INFO: Setting security descriptor for registry key: SOFTWARE\Microsoft\AzureMonitorAgent\Secrets
[2026-01-29 19:40:33.000]  [ValidateDataStorePersistence] ErrorCode:0 INFO: Validating persistence key in file and registry.
[2026-01-29 19:40:33.000]  [ValidateDataStorePersistence] ErrorCode:0 INFO: Validated persistence key in file. Launching AMA.
[2026-01-29 19:40:33.000]  [StartAzureMA] ErrorCode:0 INFO: Successfully validated datastore persistence C:\WindowsAzure\Resources\AMADataStore.amawin\
[2026-01-29 19:40:33.000]  [StartHealthMonitor] ErrorCode:0 ERROR: Environment variable MA_RoleEnvironment_VmScaleSetName not found.
[2026-01-29 19:40:33.000]  [AddAgentVersionToEnvVars] ErrorCode:0 INFO: Agent version=[1.39.0.0]
[2026-01-29 19:40:33.000]  [AddSystemUuidToEnvVars] ErrorCode:0 INFO: Env Var: 22AFD636-AEC1-4782-9055-F85EA283DC20
[2026-01-29 19:40:33.000]  [AddSmBiosAssestTagToEnvVars] ErrorCode:0 INFO: Env Var: 7783-7084-3265-9085-8269-3286-77
[2026-01-29 19:40:33.000]  [AddParentJobObjectLimitsEnabledToEnvVars] ErrorCode:0 INFO: Parent job cpu rate flags=0x0
[2026-01-29 19:40:33.000]  [AddLargeEventsEnableEnvironmentVariable] ErrorCode:0 INFO: LargeEvents feature Enabled.
[2026-01-29 19:40:33.000]  [AddMeDiagProviderIdToEnvVars] ErrorCode:0 INFO: Successfully added ME diagnostics provider id: AmaMeDiagnosticProvider=5f950243-fd4a-11f0-8b36-002248784a84
[2026-01-29 19:40:33.000]  [StartAzureMA] ErrorCode:0 INFO: MCS endpoints, regional=[MCS_REGIONAL_ENDPOINT=https://westus2.handler.control.monitor.azure.com], global=[MCS_GLOBAL_ENDPOINT=https://global.handler.control.monitor.azure.com], resource=[MCS_AZURE_RESOURCE_ENDPOINT=https://monitor.azure.com/]
[2026-01-29 19:40:33.000]  [GetArcProxyAddress] ErrorCode:0 INFO: expandedArcAgentConfigFilePath: C:\ProgramData\AzureConnectedMachineAgent\Config\localconfig.json
[2026-01-29 19:40:33.000]  [GetArcProxyAddress] ErrorCode:0 INFO: Arc agent config file does not exist.
[2026-01-29 19:40:33.000]  [StartProcess] ErrorCode:0 INFO: Starting the command: Monitoring\Agent\MonAgentLauncher.exe -useenv -ShutDownEvent AzureMonitorAgentExtension-ShutdownEventName -TotalShutDownEvent AzureMonitorAgentExtension-TotalShutdownEventName -StartEvent AzureMonitorAgentExtension-StartAgentEventName -StopEvent AzureMonitorAgentExtension-StopAgentEventName.
[2026-01-29 19:40:33.000]  [SetRegValueDWORD] ErrorCode:0 INFO: Set Registry for Key:SOFTWARE\Microsoft\Windows Azure\CurrentVersion\AzureMonitorAgentExtension\47.4.1.0, Name:MaServiceProcess, Value:1904
[2026-01-29 19:40:33.000]  [SetRegValueDWORD] ErrorCode:0 INFO: Set Registry for Key:SOFTWARE\Microsoft\Windows Azure\CurrentVersion\AzureMonitorAgentExtension\47.4.1.0, Name:MaServiceProcess, Value:1904
[2026-01-29 19:40:33.000]  [AggregateHeartbeat] ErrorCode:0 INFO: Completed heartbeat aggregation.
[2026-01-29 19:41:03.000]  [WriteHeartbeatToFile] ErrorCode:0 INFO: Sending the heartbeat.
[2026-01-29 19:41:03.000]  [WriteStatusToFile] ErrorCode:0 INFO: Sending the status.
[2026-01-29 19:41:03.000]  [WriteStatusToFile] ErrorCode:0 INFO: Done Sending the status.
[2026-01-29 19:41:03.000]  [WriteHeartbeatToFile] ErrorCode:0 INFO: Done Sending the heartbeat.
[2026-01-29 19:41:33.000]  [WriteHeartbeatToFile] ErrorCode:0 INFO: Sending the heartbeat.
[2026-01-29 19:41:33.000]  [WriteStatusToFile] ErrorCode:0 INFO: Sending the status.
[2026-01-29 19:41:33.000]  [WriteHeartbeatToFile] ErrorCode:0 INFO: Done Sending the heartbeat.
[2026-01-29 19:41:33.000]  [WriteStatusToFile] ErrorCode:0 INFO: Done Sending the status.
[2026-01-29 19:41:33.000]  [FindProcessById] ErrorCode:0 INFO: Attempt to find the process MetricsExtension.Native.exe with ID: 5620.
[2026-01-29 19:41:33.000]  [FindProcessById] ErrorCode:0 INFO: Running Process MetricsExtension.Native.exe found. ID: 5620.
[2026-01-29 19:41:33.000]  [StartMetricsExtension] ErrorCode:0 ERROR: Metrics extension is already running
[2026-01-29 19:42:03.000]  [WriteHeartbeatToFile] ErrorCode:0 INFO: Sending the heartbeat.
[2026-01-29 19:42:03.000]  [WriteStatusToFile] ErrorCode:0 INFO: Sending the status.
[2026-01-29 19:42:03.000]  [WriteStatusToFile] ErrorCode:0 INFO: Done Sending the status.
[2026-01-29 19:42:03.000]  [WriteHeartbeatToFile] ErrorCode:0 INFO: Done Sending the heartbeat.
[2026-01-29 19:42:33.000]  [WriteStatusToFile] ErrorCode:0 INFO: Sending the status.
[2026-01-29 19:42:33.000]  [WriteHeartbeatToFile] ErrorCode:0 INFO: Sending the heartbeat.
[2026-01-29 19:42:33.000]  [WriteHeartbeatToFile] ErrorCode:0 INFO: Done Sending the heartbeat.
[2026-01-29 19:42:33.000]  [WriteStatusToFile] ErrorCode:0 INFO: Done Sending the status.
[2026-01-29 19:42:33.000]  [FindProcessById] ErrorCode:0 INFO: Attempt to find the process MetricsExtension.Native.exe with ID: 5620.
[2026-01-29 19:42:33.000]  [FindProcessById] ErrorCode:0 INFO: Running Process MetricsExtension.Native.exe found. ID: 5620.
[2026-01-29 19:42:33.000]  [StartMetricsExtension] ErrorCode:0 ERROR: Metrics extension is already running
[2026-01-29 19:43:03.000]  [WriteHeartbeatToFile] ErrorCode:0 INFO: Sending the heartbeat.
[2026-01-29 19:43:03.000]  [WriteStatusToFile] ErrorCode:0 INFO: Sending the status.
[2026-01-29 19:43:03.000]  [WriteStatusToFile] ErrorCode:0 INFO: Done Sending the status.
[2026-01-29 19:43:03.000]  [WriteHeartbeatToFile] ErrorCode:0 INFO: Done Sending the heartbeat.
[2026-01-29 19:43:33.000]  [WriteHeartbeatToFile] ErrorCode:0 INFO: Sending the heartbeat.
[2026-01-29 19:43:33.000]  [WriteStatusToFile] ErrorCode:0 INFO: Sending the status.
[2026-01-29 19:43:33.000]  [WriteHeartbeatToFile] ErrorCode:0 INFO: Done Sending the heartbeat.
[2026-01-29 19:43:33.000]  [WriteStatusToFile] ErrorCode:0 INFO: Done Sending the status.
[2026-01-29 19:43:33.000]  [FindProcessById] ErrorCode:0 INFO: Attempt to find the process MetricsExtension.Native.exe with ID: 5620.
[2026-01-29 19:43:33.000]  [FindProcessById] ErrorCode:0 INFO: Running Process MetricsExtension.Native.exe found. ID: 5620.
[2026-01-29 19:43:33.000]  [StartMetricsExtension] ErrorCode:0 ERROR: Metrics extension is already running
[2026-01-29 19:44:03.000]  [WriteHeartbeatToFile] ErrorCode:0 INFO: Sending the heartbeat.
[2026-01-29 19:44:03.000]  [WriteStatusToFile] ErrorCode:0 INFO: Sending the status.
[2026-01-29 19:44:03.000]  [WriteStatusToFile] ErrorCode:0 INFO: Done Sending the status.
[2026-01-29 19:44:03.000]  [WriteHeartbeatToFile] ErrorCode:0 INFO: Done Sending the heartbeat.
[2026-01-29 19:44:33.000]  [WriteHeartbeatToFile] ErrorCode:0 INFO: Sending the heartbeat.
[2026-01-29 19:44:33.000]  [WriteStatusToFile] ErrorCode:0 INFO: Sending the status.
[2026-01-29 19:44:33.000]  [WriteStatusToFile] ErrorCode:0 INFO: Done Sending the status.
[2026-01-29 19:44:33.000]  [WriteHeartbeatToFile] ErrorCode:0 INFO: Done Sending the heartbeat.
[2026-01-29 19:44:33.000]  [FindProcessById] ErrorCode:0 INFO: Attempt to find the process MetricsExtension.Native.exe with ID: 5620.
[2026-01-29 19:44:33.000]  [FindProcessById] ErrorCode:0 INFO: Running Process MetricsExtension.Native.exe found. ID: 5620.
[2026-01-29 19:44:33.000]  [StartMetricsExtension] ErrorCode:0 ERROR: Metrics extension is already running
[2026-01-29 19:45:03.000]  [WriteStatusToFile] ErrorCode:0 INFO: Sending the status.
[2026-01-29 19:45:03.000]  [WriteHeartbeatToFile] ErrorCode:0 INFO: Sending the heartbeat.
[2026-01-29 19:45:03.000]  [WriteHeartbeatToFile] ErrorCode:0 INFO: Done Sending the heartbeat.
[2026-01-29 19:45:03.000]  [WriteStatusToFile] ErrorCode:0 INFO: Done Sending the status.
[2026-01-29 19:45:33.000]  [WriteStatusToFile] ErrorCode:0 INFO: Sending the status.
[2026-01-29 19:45:33.000]  [WriteHeartbeatToFile] ErrorCode:0 INFO: Sending the heartbeat.
[2026-01-29 19:45:33.000]  [WriteHeartbeatToFile] ErrorCode:0 INFO: Done Sending the heartbeat.
[2026-01-29 19:45:33.000]  [WriteStatusToFile] ErrorCode:0 INFO: Done Sending the status.
[2026-01-29 19:45:33.000]  [FindProcessById] ErrorCode:0 INFO: Attempt to find the process MetricsExtension.Native.exe with ID: 5620.
[2026-01-29 19:45:33.000]  [FindProcessById] ErrorCode:0 INFO: Running Process MetricsExtension.Native.exe found. ID: 5620.
[2026-01-29 19:45:33.000]  [StartMetricsExtension] ErrorCode:0 ERROR: Metrics extension is already running
[2026-01-29 19:45:33.000]  [AggregateHeartbeat] ErrorCode:0 INFO: Start heartbeat aggregation.
[2026-01-29 19:45:33.000]  [QueryRegValueDWORD] ErrorCode:0 INFO: Query Registry for Key:SOFTWARE\Microsoft\Windows Azure\CurrentVersion\AzureMonitorAgentExtension\47.4.1.0, Name:MaServiceProcess
[2026-01-29 19:45:33.000]  [QueryRegValueDWORD] ErrorCode:0 INFO: Query Registry for Key:SOFTWARE\Microsoft\Windows Azure\CurrentVersion\AzureMonitorAgentExtension\47.4.1.0, Name:MaServiceProcess, Value:1904
[2026-01-29 19:45:33.000]  [FindProcessById] ErrorCode:0 INFO: Attempt to find the process MonAgentLauncher.exe with ID: 1904.
[2026-01-29 19:45:33.000]  [FindProcessById] ErrorCode:0 INFO: Running Process MonAgentLauncher.exe found. ID: 1904.
[2026-01-29 19:45:33.000]  [CheckIfMAServiceIsRunByExtension] ErrorCode:0 INFO: The MA process is running based on the m_registry
[2026-01-29 19:45:33.000]  [QueryRegValueDWORD] ErrorCode:0 INFO: Query Registry for Key:SOFTWARE\Microsoft\Windows Azure\CurrentVersion\AzureMonitorAgentExtension\47.4.1.0, Name:AMAMultitenantServiceProcess
[2026-01-29 19:45:33.000]  [QueryRegValueDWORD] ErrorCode:0 ERROR: RegQueryValueExA: failed to query REG_DWORD value, Key:SOFTWARE\Microsoft\Windows Azure\CurrentVersion\AzureMonitorAgentExtension\47.4.1.0, name=AMAMultitenantServiceProcess, error=2, type=0
[2026-01-29 19:45:33.000]  [CheckIfMAServiceIsRunByExtension] ErrorCode:1205 INFO: Unable to read the m_registry for MA process. Assume it is not running.
[2026-01-29 19:45:33.000]  [AggregateHeartbeat] ErrorCode:0 INFO: Configured MA Service is not running on the node.
[2026-01-29 19:45:33.000]  [SetImdsEnvironmentVariable] ErrorCode:0 INFO: Querying IMDS information
[2026-01-29 19:45:33.000]  [SetImdsEnvironmentVariable] ErrorCode:-1 INFO: Preparing to call IMDS. Endpoint: http://169.254.169.254
[2026-01-29 19:45:33.000]  [QueryIMDSEndpoint] ErrorCode:0 INFO: Queried IMDS successfully.
[2026-01-29 19:45:33.000]  [GetValueFromJsonOrDefault] ErrorCode:0 INFO: Read Imds response field with Name:location Value: westus2
[2026-01-29 19:45:33.000]  [GetValueFromJsonOrDefault] ErrorCode:0 INFO: Read Imds response field with Name:name Value: amawin
[2026-01-29 19:45:33.000]  [GetValueFromJsonOrDefault] ErrorCode:0 INFO: Read Imds response field with Name:subscriptionId Value: 351651ce-5feb-4e59-975d-f1f344e2b717
[2026-01-29 19:45:33.000]  [GetValueFromJsonOrDefault] ErrorCode:0 INFO: Read Imds response field with Name:vmId Value: 22afd636-aec1-4782-9055-f85ea283dc20
[2026-01-29 19:45:33.000]  [GetValueFromJsonOrDefault] ErrorCode:0 INFO: Read Imds response field with Name:vmScaleSetName Value: 
[2026-01-29 19:45:33.000]  [GetValueFromJsonOrDefault] ErrorCode:0 INFO: Read Imds response field with Name:resourceGroupName Value: AMAWIN_GROUP
[2026-01-29 19:45:33.000]  [GetValueFromJsonOrDefault] ErrorCode:0 INFO: Read Imds response field with Name:osType Value: Windows
[2026-01-29 19:45:33.000]  [GetValueFromJsonOrDefault] ErrorCode:0 INFO: Read Imds response field with Name:resourceId Value: /subscriptions/351651ce-5feb-4e59-975d-f1f344e2b717/resourceGroups/AMAWIN_GROUP/providers/Microsoft.Compute/virtualMachines/amawin
[2026-01-29 19:45:33.000]  [GetValueFromJsonOrDefault] ErrorCode:0 INFO: Read Imds response field with Name:azEnvironment Value: AzurePublicCloud
[2026-01-29 19:45:33.000]  [SetImdsEnvironmentVariable] ErrorCode:0 INFO: Successfully set Environment variables from Imds
[2026-01-29 19:45:33.000]  [AggregateHeartbeat] ErrorCode:0 INFO: Completed heartbeat aggregation.
[2026-01-29 19:46:03.000]  [WriteStatusToFile] ErrorCode:0 INFO: Sending the status.
[2026-01-29 19:46:03.000]  [WriteHeartbeatToFile] ErrorCode:0 INFO: Sending the heartbeat.
[2026-01-29 19:46:03.000]  [WriteStatusToFile] ErrorCode:0 INFO: Done Sending the status.
[2026-01-29 19:46:03.000]  [WriteHeartbeatToFile] ErrorCode:0 INFO: Done Sending the heartbeat.
[2026-01-29 19:46:33.000]  [WriteStatusToFile] ErrorCode:0 INFO: Sending the status.
[2026-01-29 19:46:33.000]  [WriteHeartbeatToFile] ErrorCode:0 INFO: Sending the heartbeat.
[2026-01-29 19:46:33.000]  [WriteStatusToFile] ErrorCode:0 INFO: Done Sending the status.
[2026-01-29 19:46:33.000]  [WriteHeartbeatToFile] ErrorCode:0 INFO: Done Sending the heartbeat.
[2026-01-29 19:46:33.000]  [FindProcessById] ErrorCode:0 INFO: Attempt to find the process MetricsExtension.Native.exe with ID: 5620.
[2026-01-29 19:46:33.000]  [FindProcessById] ErrorCode:0 INFO: Running Process MetricsExtension.Native.exe found. ID: 5620.
[2026-01-29 19:46:33.000]  [StartMetricsExtension] ErrorCode:0 ERROR: Metrics extension is already running
[2026-01-29 19:47:03.000]  [WriteHeartbeatToFile] ErrorCode:0 INFO: Sending the heartbeat.
[2026-01-29 19:47:03.000]  [WriteStatusToFile] ErrorCode:0 INFO: Sending the status.
[2026-01-29 19:47:03.000]  [WriteHeartbeatToFile] ErrorCode:0 INFO: Done Sending the heartbeat.
[2026-01-29 19:47:03.000]  [WriteStatusToFile] ErrorCode:0 INFO: Done Sending the status.
[2026-01-29 19:47:33.000]  [WriteStatusToFile] ErrorCode:0 INFO: Sending the status.
[2026-01-29 19:47:33.000]  [WriteHeartbeatToFile] ErrorCode:0 INFO: Sending the heartbeat.
[2026-01-29 19:47:33.000]  [WriteStatusToFile] ErrorCode:0 INFO: Done Sending the status.
[2026-01-29 19:47:33.000]  [WriteHeartbeatToFile] ErrorCode:0 INFO: Done Sending the heartbeat.
[2026-01-29 19:47:33.000]  [FindProcessById] ErrorCode:0 INFO: Attempt to find the process MetricsExtension.Native.exe with ID: 5620.
[2026-01-29 19:47:33.000]  [FindProcessById] ErrorCode:0 INFO: Running Process MetricsExtension.Native.exe found. ID: 5620.
[2026-01-29 19:47:33.000]  [StartMetricsExtension] ErrorCode:0 ERROR: Metrics extension is already running
[2026-01-29 19:48:03.000]  [WriteStatusToFile] ErrorCode:0 INFO: Sending the status.
[2026-01-29 19:48:03.000]  [WriteHeartbeatToFile] ErrorCode:0 INFO: Sending the heartbeat.
[2026-01-29 19:48:03.000]  [WriteStatusToFile] ErrorCode:0 INFO: Done Sending the status.
[2026-01-29 19:48:03.000]  [WriteHeartbeatToFile] ErrorCode:0 INFO: Done Sending the heartbeat.
[2026-01-29 19:48:33.000]  [WriteStatusToFile] ErrorCode:0 INFO: Sending the status.
[2026-01-29 19:48:33.000]  [WriteHeartbeatToFile] ErrorCode:0 INFO: Sending the heartbeat.
[2026-01-29 19:48:33.000]  [WriteHeartbeatToFile] ErrorCode:0 INFO: Done Sending the heartbeat.
[2026-01-29 19:48:33.000]  [WriteStatusToFile] ErrorCode:0 INFO: Done Sending the status.
[2026-01-29 19:48:33.000]  [FindProcessById] ErrorCode:0 INFO: Attempt to find the process MetricsExtension.Native.exe with ID: 5620.
[2026-01-29 19:48:33.000]  [FindProcessById] ErrorCode:0 INFO: Running Process MetricsExtension.Native.exe found. ID: 5620.
[2026-01-29 19:48:33.000]  [StartMetricsExtension] ErrorCode:0 ERROR: Metrics extension is already running
[2026-01-29 19:49:03.000]  [WriteHeartbeatToFile] ErrorCode:0 INFO: Sending the heartbeat.
[2026-01-29 19:49:03.000]  [WriteStatusToFile] ErrorCode:0 INFO: Sending the status.
[2026-01-29 19:49:03.000]  [WriteHeartbeatToFile] ErrorCode:0 INFO: Done Sending the heartbeat.
[2026-01-29 19:49:03.000]  [WriteStatusToFile] ErrorCode:0 INFO: Done Sending the status.
[2026-01-29 19:49:33.000]  [WriteStatusToFile] ErrorCode:0 INFO: Sending the status.
[2026-01-29 19:49:33.000]  [WriteHeartbeatToFile] ErrorCode:0 INFO: Sending the heartbeat.
[2026-01-29 19:49:33.000]  [WriteHeartbeatToFile] ErrorCode:0 INFO: Done Sending the heartbeat.
[2026-01-29 19:49:33.000]  [WriteStatusToFile] ErrorCode:0 INFO: Done Sending the status.
[2026-01-29 19:49:33.000]  [FindProcessById] ErrorCode:0 INFO: Attempt to find the process MetricsExtension.Native.exe with ID: 5620.
[2026-01-29 19:49:33.000]  [FindProcessById] ErrorCode:0 INFO: Running Process MetricsExtension.Native.exe found. ID: 5620.
[2026-01-29 19:49:33.000]  [StartMetricsExtension] ErrorCode:0 ERROR: Metrics extension is already running
[2026-01-29 19:50:03.000]  [WriteStatusToFile] ErrorCode:0 INFO: Sending the status.
[2026-01-29 19:50:03.000]  [WriteHeartbeatToFile] ErrorCode:0 INFO: Sending the heartbeat.
[2026-01-29 19:50:03.000]  [WriteHeartbeatToFile] ErrorCode:0 INFO: Done Sending the heartbeat.
[2026-01-29 19:50:03.000]  [WriteStatusToFile] ErrorCode:0 INFO: Done Sending the status.
[2026-01-29 19:50:33.000]  [WriteStatusToFile] ErrorCode:0 INFO: Sending the status.
[2026-01-29 19:50:33.000]  [WriteHeartbeatToFile] ErrorCode:0 INFO: Sending the heartbeat.
[2026-01-29 19:50:33.000]  [WriteHeartbeatToFile] ErrorCode:0 INFO: Done Sending the heartbeat.
[2026-01-29 19:50:33.000]  [WriteStatusToFile] ErrorCode:0 INFO: Done Sending the status.
[2026-01-29 19:50:33.000]  [FindProcessById] ErrorCode:0 INFO: Attempt to find the process MetricsExtension.Native.exe with ID: 5620.
[2026-01-29 19:50:33.000]  [FindProcessById] ErrorCode:0 INFO: Running Process MetricsExtension.Native.exe found. ID: 5620.
[2026-01-29 19:50:33.000]  [StartMetricsExtension] ErrorCode:0 ERROR: Metrics extension is already running
[2026-01-29 19:50:33.000]  [AggregateHeartbeat] ErrorCode:0 INFO: Start heartbeat aggregation.
[2026-01-29 19:50:33.000]  [QueryRegValueDWORD] ErrorCode:0 INFO: Query Registry for Key:SOFTWARE\Microsoft\Windows Azure\CurrentVersion\AzureMonitorAgentExtension\47.4.1.0, Name:MaServiceProcess
[2026-01-29 19:50:33.000]  [QueryRegValueDWORD] ErrorCode:0 INFO: Query Registry for Key:SOFTWARE\Microsoft\Windows Azure\CurrentVersion\AzureMonitorAgentExtension\47.4.1.0, Name:MaServiceProcess, Value:1904
[2026-01-29 19:50:33.000]  [FindProcessById] ErrorCode:0 INFO: Attempt to find the process MonAgentLauncher.exe with ID: 1904.
[2026-01-29 19:50:33.000]  [FindProcessById] ErrorCode:0 INFO: Running Process MonAgentLauncher.exe found. ID: 1904.
[2026-01-29 19:50:33.000]  [CheckIfMAServiceIsRunByExtension] ErrorCode:0 INFO: The MA process is running based on the m_registry
[2026-01-29 19:50:33.000]  [QueryRegValueDWORD] ErrorCode:0 INFO: Query Registry for Key:SOFTWARE\Microsoft\Windows Azure\CurrentVersion\AzureMonitorAgentExtension\47.4.1.0, Name:AMAMultitenantServiceProcess
[2026-01-29 19:50:33.000]  [QueryRegValueDWORD] ErrorCode:0 ERROR: RegQueryValueExA: failed to query REG_DWORD value, Key:SOFTWARE\Microsoft\Windows Azure\CurrentVersion\AzureMonitorAgentExtension\47.4.1.0, name=AMAMultitenantServiceProcess, error=2, type=0
[2026-01-29 19:50:33.000]  [CheckIfMAServiceIsRunByExtension] ErrorCode:1205 INFO: Unable to read the m_registry for MA process. Assume it is not running.
[2026-01-29 19:50:33.000]  [AggregateHeartbeat] ErrorCode:0 INFO: Configured MA Service is not running on the node.
[2026-01-29 19:50:33.000]  [SetImdsEnvironmentVariable] ErrorCode:0 INFO: Querying IMDS information
[2026-01-29 19:50:33.000]  [SetImdsEnvironmentVariable] ErrorCode:-1 INFO: Preparing to call IMDS. Endpoint: http://169.254.169.254
[2026-01-29 19:50:33.000]  [QueryIMDSEndpoint] ErrorCode:0 INFO: Queried IMDS successfully.
[2026-01-29 19:50:33.000]  [GetValueFromJsonOrDefault] ErrorCode:0 INFO: Read Imds response field with Name:location Value: westus2
[2026-01-29 19:50:33.000]  [GetValueFromJsonOrDefault] ErrorCode:0 INFO: Read Imds response field with Name:name Value: amawin
[2026-01-29 19:50:33.000]  [GetValueFromJsonOrDefault] ErrorCode:0 INFO: Read Imds response field with Name:subscriptionId Value: 351651ce-5feb-4e59-975d-f1f344e2b717
[2026-01-29 19:50:33.000]  [GetValueFromJsonOrDefault] ErrorCode:0 INFO: Read Imds response field with Name:vmId Value: 22afd636-aec1-4782-9055-f85ea283dc20
[2026-01-29 19:50:33.000]  [GetValueFromJsonOrDefault] ErrorCode:0 INFO: Read Imds response field with Name:vmScaleSetName Value: 
[2026-01-29 19:50:33.000]  [GetValueFromJsonOrDefault] ErrorCode:0 INFO: Read Imds response field with Name:resourceGroupName Value: AMAWIN_GROUP
[2026-01-29 19:50:33.000]  [GetValueFromJsonOrDefault] ErrorCode:0 INFO: Read Imds response field with Name:osType Value: Windows
[2026-01-29 19:50:33.000]  [GetValueFromJsonOrDefault] ErrorCode:0 INFO: Read Imds response field with Name:resourceId Value: /subscriptions/351651ce-5feb-4e59-975d-f1f344e2b717/resourceGroups/AMAWIN_GROUP/providers/Microsoft.Compute/virtualMachines/amawin
[2026-01-29 19:50:33.000]  [GetValueFromJsonOrDefault] ErrorCode:0 INFO: Read Imds response field with Name:azEnvironment Value: AzurePublicCloud
[2026-01-29 19:50:33.000]  [SetImdsEnvironmentVariable] ErrorCode:0 INFO: Successfully set Environment variables from Imds
[2026-01-29 19:50:33.000]  [AggregateHeartbeat] ErrorCode:0 INFO: Completed heartbeat aggregation.
[2026-01-29 19:51:03.000]  [WriteStatusToFile] ErrorCode:0 INFO: Sending the status.
[2026-01-29 19:51:03.000]  [WriteHeartbeatToFile] ErrorCode:0 INFO: Sending the heartbeat.
[2026-01-29 19:51:03.000]  [WriteStatusToFile] ErrorCode:0 INFO: Done Sending the status.
[2026-01-29 19:51:03.000]  [WriteHeartbeatToFile] ErrorCode:0 INFO: Done Sending the heartbeat.
[2026-01-29 19:51:33.000]  [WriteHeartbeatToFile] ErrorCode:0 INFO: Sending the heartbeat.
[2026-01-29 19:51:33.000]  [WriteStatusToFile] ErrorCode:0 INFO: Sending the status.
[2026-01-29 19:51:33.000]  [WriteHeartbeatToFile] ErrorCode:0 INFO: Done Sending the heartbeat.
[2026-01-29 19:51:33.000]  [WriteStatusToFile] ErrorCode:0 INFO: Done Sending the status.
[2026-01-29 19:51:33.000]  [FindProcessById] ErrorCode:0 INFO: Attempt to find the process MetricsExtension.Native.exe with ID: 5620.
[2026-01-29 19:51:33.000]  [FindProcessById] ErrorCode:0 INFO: Running Process MetricsExtension.Native.exe found. ID: 5620.
[2026-01-29 19:51:33.000]  [StartMetricsExtension] ErrorCode:0 ERROR: Metrics extension is already running
[2026-01-29 19:52:03.000]  [WriteHeartbeatToFile] ErrorCode:0 INFO: Sending the heartbeat.
[2026-01-29 19:52:03.000]  [WriteStatusToFile] ErrorCode:0 INFO: Sending the status.
[2026-01-29 19:52:03.000]  [WriteHeartbeatToFile] ErrorCode:0 INFO: Done Sending the heartbeat.
[2026-01-29 19:52:03.000]  [WriteStatusToFile] ErrorCode:0 INFO: Done Sending the status.
[2026-01-29 19:52:33.000]  [WriteHeartbeatToFile] ErrorCode:0 INFO: Sending the heartbeat.
[2026-01-29 19:52:33.000]  [WriteStatusToFile] ErrorCode:0 INFO: Sending the status.
[2026-01-29 19:52:33.000]  [WriteStatusToFile] ErrorCode:0 INFO: Done Sending the status.
[2026-01-29 19:52:33.000]  [WriteHeartbeatToFile] ErrorCode:0 INFO: Done Sending the heartbeat.
[2026-01-29 19:52:33.000]  [FindProcessById] ErrorCode:0 INFO: Attempt to find the process MetricsExtension.Native.exe with ID: 5620.
[2026-01-29 19:52:33.000]  [FindProcessById] ErrorCode:0 INFO: Running Process MetricsExtension.Native.exe found. ID: 5620.
[2026-01-29 19:52:33.000]  [StartMetricsExtension] ErrorCode:0 ERROR: Metrics extension is already running
[2026-01-29 19:53:03.000]  [WriteHeartbeatToFile] ErrorCode:0 INFO: Sending the heartbeat.
[2026-01-29 19:53:03.000]  [WriteStatusToFile] ErrorCode:0 INFO: Sending the status.
[2026-01-29 19:53:03.000]  [WriteHeartbeatToFile] ErrorCode:0 INFO: Done Sending the heartbeat.
[2026-01-29 19:53:03.000]  [WriteStatusToFile] ErrorCode:0 INFO: Done Sending the status.
[2026-01-29 19:53:33.000]  [WriteHeartbeatToFile] ErrorCode:0 INFO: Sending the heartbeat.
[2026-01-29 19:53:33.000]  [WriteStatusToFile] ErrorCode:0 INFO: Sending the status.
[2026-01-29 19:53:33.000]  [WriteStatusToFile] ErrorCode:0 INFO: Done Sending the status.
[2026-01-29 19:53:33.000]  [WriteHeartbeatToFile] ErrorCode:0 INFO: Done Sending the heartbeat.
[2026-01-29 19:53:33.000]  [FindProcessById] ErrorCode:0 INFO: Attempt to find the process MetricsExtension.Native.exe with ID: 5620.
[2026-01-29 19:53:33.000]  [FindProcessById] ErrorCode:0 INFO: Running Process MetricsExtension.Native.exe found. ID: 5620.
[2026-01-29 19:53:33.000]  [StartMetricsExtension] ErrorCode:0 ERROR: Metrics extension is already running
[2026-01-29 19:54:03.000]  [WriteStatusToFile] ErrorCode:0 INFO: Sending the status.
[2026-01-29 19:54:03.000]  [WriteHeartbeatToFile] ErrorCode:0 INFO: Sending the heartbeat.
[2026-01-29 19:54:03.000]  [WriteStatusToFile] ErrorCode:0 INFO: Done Sending the status.
[2026-01-29 19:54:03.000]  [WriteHeartbeatToFile] ErrorCode:0 INFO: Done Sending the heartbeat.
[2026-01-29 19:54:33.000]  [WriteStatusToFile] ErrorCode:0 INFO: Sending the status.
[2026-01-29 19:54:33.000]  [WriteHeartbeatToFile] ErrorCode:0 INFO: Sending the heartbeat.
[2026-01-29 19:54:33.000]  [WriteStatusToFile] ErrorCode:0 INFO: Done Sending the status.
[2026-01-29 19:54:33.000]  [WriteHeartbeatToFile] ErrorCode:0 INFO: Done Sending the heartbeat.
[2026-01-29 19:54:33.000]  [FindProcessById] ErrorCode:0 INFO: Attempt to find the process MetricsExtension.Native.exe with ID: 5620.
[2026-01-29 19:54:33.000]  [FindProcessById] ErrorCode:0 INFO: Running Process MetricsExtension.Native.exe found. ID: 5620.
[2026-01-29 19:54:33.000]  [StartMetricsExtension] ErrorCode:0 ERROR: Metrics extension is already running
[2026-01-29 19:55:03.000]  [WriteHeartbeatToFile] ErrorCode:0 INFO: Sending the heartbeat.
[2026-01-29 19:55:03.000]  [WriteStatusToFile] ErrorCode:0 INFO: Sending the status.
[2026-01-29 19:55:03.000]  [WriteStatusToFile] ErrorCode:0 INFO: Done Sending the status.
[2026-01-29 19:55:03.000]  [WriteHeartbeatToFile] ErrorCode:0 INFO: Done Sending the heartbeat.
[2026-01-29 19:55:33.000]  [WriteHeartbeatToFile] ErrorCode:0 INFO: Sending the heartbeat.
[2026-01-29 19:55:33.000]  [WriteStatusToFile] ErrorCode:0 INFO: Sending the status.
[2026-01-29 19:55:33.000]  [WriteHeartbeatToFile] ErrorCode:0 INFO: Done Sending the heartbeat.
[2026-01-29 19:55:33.000]  [WriteStatusToFile] ErrorCode:0 INFO: Done Sending the status.
[2026-01-29 19:55:33.000]  [FindProcessById] ErrorCode:0 INFO: Attempt to find the process MetricsExtension.Native.exe with ID: 5620.
[2026-01-29 19:55:33.000]  [FindProcessById] ErrorCode:0 INFO: Running Process MetricsExtension.Native.exe found. ID: 5620.
[2026-01-29 19:55:33.000]  [StartMetricsExtension] ErrorCode:0 ERROR: Metrics extension is already running
[2026-01-29 19:55:33.000]  [AggregateHeartbeat] ErrorCode:0 INFO: Start heartbeat aggregation.
[2026-01-29 19:55:33.000]  [QueryRegValueDWORD] ErrorCode:0 INFO: Query Registry for Key:SOFTWARE\Microsoft\Windows Azure\CurrentVersion\AzureMonitorAgentExtension\47.4.1.0, Name:MaServiceProcess
[2026-01-29 19:55:33.000]  [QueryRegValueDWORD] ErrorCode:0 INFO: Query Registry for Key:SOFTWARE\Microsoft\Windows Azure\CurrentVersion\AzureMonitorAgentExtension\47.4.1.0, Name:MaServiceProcess, Value:1904
[2026-01-29 19:55:33.000]  [FindProcessById] ErrorCode:0 INFO: Attempt to find the process MonAgentLauncher.exe with ID: 1904.
[2026-01-29 19:55:33.000]  [FindProcessById] ErrorCode:0 INFO: Running Process MonAgentLauncher.exe found. ID: 1904.
[2026-01-29 19:55:33.000]  [CheckIfMAServiceIsRunByExtension] ErrorCode:0 INFO: The MA process is running based on the m_registry
[2026-01-29 19:55:33.000]  [QueryRegValueDWORD] ErrorCode:0 INFO: Query Registry for Key:SOFTWARE\Microsoft\Windows Azure\CurrentVersion\AzureMonitorAgentExtension\47.4.1.0, Name:AMAMultitenantServiceProcess
[2026-01-29 19:55:33.000]  [QueryRegValueDWORD] ErrorCode:0 ERROR: RegQueryValueExA: failed to query REG_DWORD value, Key:SOFTWARE\Microsoft\Windows Azure\CurrentVersion\AzureMonitorAgentExtension\47.4.1.0, name=AMAMultitenantServiceProcess, error=2, type=0
[2026-01-29 19:55:33.000]  [CheckIfMAServiceIsRunByExtension] ErrorCode:1205 INFO: Unable to read the m_registry for MA process. Assume it is not running.
[2026-01-29 19:55:33.000]  [AggregateHeartbeat] ErrorCode:0 INFO: Configured MA Service is not running on the node.
[2026-01-29 19:55:33.000]  [SetImdsEnvironmentVariable] ErrorCode:0 INFO: Querying IMDS information
[2026-01-29 19:55:33.000]  [SetImdsEnvironmentVariable] ErrorCode:-1 INFO: Preparing to call IMDS. Endpoint: http://169.254.169.254
[2026-01-29 19:55:33.000]  [QueryIMDSEndpoint] ErrorCode:0 INFO: Queried IMDS successfully.
[2026-01-29 19:55:33.000]  [GetValueFromJsonOrDefault] ErrorCode:0 INFO: Read Imds response field with Name:location Value: westus2
[2026-01-29 19:55:33.000]  [GetValueFromJsonOrDefault] ErrorCode:0 INFO: Read Imds response field with Name:name Value: amawin
[2026-01-29 19:55:33.000]  [GetValueFromJsonOrDefault] ErrorCode:0 INFO: Read Imds response field with Name:subscriptionId Value: 351651ce-5feb-4e59-975d-f1f344e2b717
[2026-01-29 19:55:33.000]  [GetValueFromJsonOrDefault] ErrorCode:0 INFO: Read Imds response field with Name:vmId Value: 22afd636-aec1-4782-9055-f85ea283dc20
[2026-01-29 19:55:33.000]  [GetValueFromJsonOrDefault] ErrorCode:0 INFO: Read Imds response field with Name:vmScaleSetName Value: 
[2026-01-29 19:55:33.000]  [GetValueFromJsonOrDefault] ErrorCode:0 INFO: Read Imds response field with Name:resourceGroupName Value: AMAWIN_GROUP
[2026-01-29 19:55:33.000]  [GetValueFromJsonOrDefault] ErrorCode:0 INFO: Read Imds response field with Name:osType Value: Windows
[2026-01-29 19:55:33.000]  [GetValueFromJsonOrDefault] ErrorCode:0 INFO: Read Imds response field with Name:resourceId Value: /subscriptions/351651ce-5feb-4e59-975d-f1f344e2b717/resourceGroups/AMAWIN_GROUP/providers/Microsoft.Compute/virtualMachines/amawin
[2026-01-29 19:55:33.000]  [GetValueFromJsonOrDefault] ErrorCode:0 INFO: Read Imds response field with Name:azEnvironment Value: AzurePublicCloud
[2026-01-29 19:55:33.000]  [SetImdsEnvironmentVariable] ErrorCode:0 INFO: Successfully set Environment variables from Imds
[2026-01-29 19:55:33.000]  [AggregateHeartbeat] ErrorCode:0 INFO: Completed heartbeat aggregation.
[2026-01-29 19:56:03.000]  [WriteStatusToFile] ErrorCode:0 INFO: Sending the status.
[2026-01-29 19:56:03.000]  [WriteHeartbeatToFile] ErrorCode:0 INFO: Sending the heartbeat.
[2026-01-29 19:56:03.000]  [WriteStatusToFile] ErrorCode:0 INFO: Done Sending the status.
[2026-01-29 19:56:03.000]  [WriteHeartbeatToFile] ErrorCode:0 INFO: Done Sending the heartbeat.
[2026-01-29 19:56:33.000]  [WriteHeartbeatToFile] ErrorCode:0 INFO: Sending the heartbeat.
[2026-01-29 19:56:33.000]  [WriteStatusToFile] ErrorCode:0 INFO: Sending the status.
[2026-01-29 19:56:33.000]  [WriteHeartbeatToFile] ErrorCode:0 INFO: Done Sending the heartbeat.
[2026-01-29 19:56:33.000]  [WriteStatusToFile] ErrorCode:0 INFO: Done Sending the status.
[2026-01-29 19:56:33.000]  [FindProcessById] ErrorCode:0 INFO: Attempt to find the process MetricsExtension.Native.exe with ID: 5620.
[2026-01-29 19:56:33.000]  [FindProcessById] ErrorCode:0 INFO: Running Process MetricsExtension.Native.exe found. ID: 5620.
[2026-01-29 19:56:33.000]  [StartMetricsExtension] ErrorCode:0 ERROR: Metrics extension is already running
[2026-01-29 19:57:03.000]  [WriteHeartbeatToFile] ErrorCode:0 INFO: Sending the heartbeat.
[2026-01-29 19:57:03.000]  [WriteStatusToFile] ErrorCode:0 INFO: Sending the status.
[2026-01-29 19:57:03.000]  [WriteHeartbeatToFile] ErrorCode:0 INFO: Done Sending the heartbeat.
[2026-01-29 19:57:03.000]  [WriteStatusToFile] ErrorCode:0 INFO: Done Sending the status.
[2026-01-29 19:57:33.000]  [WriteHeartbeatToFile] ErrorCode:0 INFO: Sending the heartbeat.
[2026-01-29 19:57:33.000]  [WriteStatusToFile] ErrorCode:0 INFO: Sending the status.
[2026-01-29 19:57:33.000]  [WriteStatusToFile] ErrorCode:0 INFO: Done Sending the status.
[2026-01-29 19:57:33.000]  [WriteHeartbeatToFile] ErrorCode:0 INFO: Done Sending the heartbeat.
[2026-01-29 19:57:33.000]  [FindProcessById] ErrorCode:0 INFO: Attempt to find the process MetricsExtension.Native.exe with ID: 5620.
[2026-01-29 19:57:33.000]  [FindProcessById] ErrorCode:0 INFO: Running Process MetricsExtension.Native.exe found. ID: 5620.
[2026-01-29 19:57:33.000]  [StartMetricsExtension] ErrorCode:0 ERROR: Metrics extension is already running
[2026-01-29 19:58:03.000]  [WriteHeartbeatToFile] ErrorCode:0 INFO: Sending the heartbeat.
[2026-01-29 19:58:03.000]  [WriteStatusToFile] ErrorCode:0 INFO: Sending the status.
[2026-01-29 19:58:03.000]  [WriteHeartbeatToFile] ErrorCode:0 INFO: Done Sending the heartbeat.
[2026-01-29 19:58:03.000]  [WriteStatusToFile] ErrorCode:0 INFO: Done Sending the status.
[2026-01-29 19:58:33.000]  [WriteStatusToFile] ErrorCode:0 INFO: Sending the status.
[2026-01-29 19:58:33.000]  [WriteHeartbeatToFile] ErrorCode:0 INFO: Sending the heartbeat.
[2026-01-29 19:58:33.000]  [WriteStatusToFile] ErrorCode:0 INFO: Done Sending the status.
[2026-01-29 19:58:33.000]  [WriteHeartbeatToFile] ErrorCode:0 INFO: Done Sending the heartbeat.
[2026-01-29 19:58:33.000]  [FindProcessById] ErrorCode:0 INFO: Attempt to find the process MetricsExtension.Native.exe with ID: 5620.
[2026-01-29 19:58:33.000]  [FindProcessById] ErrorCode:0 INFO: Running Process MetricsExtension.Native.exe found. ID: 5620.
[2026-01-29 19:58:33.000]  [StartMetricsExtension] ErrorCode:0 ERROR: Metrics extension is already running
[2026-01-29 19:59:03.000]  [WriteHeartbeatToFile] ErrorCode:0 INFO: Sending the heartbeat.
[2026-01-29 19:59:03.000]  [WriteStatusToFile] ErrorCode:0 INFO: Sending the status.
[2026-01-29 19:59:03.000]  [WriteHeartbeatToFile] ErrorCode:0 INFO: Done Sending the heartbeat.
[2026-01-29 19:59:03.000]  [WriteStatusToFile] ErrorCode:0 INFO: Done Sending the status.
[2026-01-29 19:59:33.000]  [WriteHeartbeatToFile] ErrorCode:0 INFO: Sending the heartbeat.
[2026-01-29 19:59:33.000]  [WriteStatusToFile] ErrorCode:0 INFO: Sending the status.
[2026-01-29 19:59:33.000]  [WriteStatusToFile] ErrorCode:0 INFO: Done Sending the status.
[2026-01-29 19:59:33.000]  [WriteHeartbeatToFile] ErrorCode:0 INFO: Done Sending the heartbeat.
[2026-01-29 19:59:33.000]  [FindProcessById] ErrorCode:0 INFO: Attempt to find the process MetricsExtension.Native.exe with ID: 5620.
[2026-01-29 19:59:33.000]  [FindProcessById] ErrorCode:0 INFO: Running Process MetricsExtension.Native.exe found. ID: 5620.
[2026-01-29 19:59:33.000]  [StartMetricsExtension] ErrorCode:0 ERROR: Metrics extension is already running
[2026-01-29 20:00:03.000]  [WriteHeartbeatToFile] ErrorCode:0 INFO: Sending the heartbeat.
[2026-01-29 20:00:03.000]  [WriteStatusToFile] ErrorCode:0 INFO: Sending the status.
[2026-01-29 20:00:03.000]  [WriteHeartbeatToFile] ErrorCode:0 INFO: Done Sending the heartbeat.
[2026-01-29 20:00:03.000]  [WriteStatusToFile] ErrorCode:0 INFO: Done Sending the status.
[2026-01-29 20:00:33.000]  [WriteStatusToFile] ErrorCode:0 INFO: Sending the status.
[2026-01-29 20:00:33.000]  [WriteHeartbeatToFile] ErrorCode:0 INFO: Sending the heartbeat.
[2026-01-29 20:00:33.000]  [WriteStatusToFile] ErrorCode:0 INFO: Done Sending the status.
[2026-01-29 20:00:33.000]  [WriteHeartbeatToFile] ErrorCode:0 INFO: Done Sending the heartbeat.
[2026-01-29 20:00:33.000]  [FindProcessById] ErrorCode:0 INFO: Attempt to find the process MetricsExtension.Native.exe with ID: 5620.
[2026-01-29 20:00:33.000]  [FindProcessById] ErrorCode:0 INFO: Running Process MetricsExtension.Native.exe found. ID: 5620.
[2026-01-29 20:00:33.000]  [StartMetricsExtension] ErrorCode:0 ERROR: Metrics extension is already running
[2026-01-29 20:00:33.000]  [AggregateHeartbeat] ErrorCode:0 INFO: Start heartbeat aggregation.
[2026-01-29 20:00:33.000]  [QueryRegValueDWORD] ErrorCode:0 INFO: Query Registry for Key:SOFTWARE\Microsoft\Windows Azure\CurrentVersion\AzureMonitorAgentExtension\47.4.1.0, Name:MaServiceProcess
[2026-01-29 20:00:33.000]  [QueryRegValueDWORD] ErrorCode:0 INFO: Query Registry for Key:SOFTWARE\Microsoft\Windows Azure\CurrentVersion\AzureMonitorAgentExtension\47.4.1.0, Name:MaServiceProcess, Value:1904
[2026-01-29 20:00:33.000]  [FindProcessById] ErrorCode:0 INFO: Attempt to find the process MonAgentLauncher.exe with ID: 1904.
[2026-01-29 20:00:33.000]  [FindProcessById] ErrorCode:0 INFO: Running Process MonAgentLauncher.exe found. ID: 1904.
[2026-01-29 20:00:33.000]  [CheckIfMAServiceIsRunByExtension] ErrorCode:0 INFO: The MA process is running based on the m_registry
[2026-01-29 20:00:33.000]  [QueryRegValueDWORD] ErrorCode:0 INFO: Query Registry for Key:SOFTWARE\Microsoft\Windows Azure\CurrentVersion\AzureMonitorAgentExtension\47.4.1.0, Name:AMAMultitenantServiceProcess
[2026-01-29 20:00:33.000]  [QueryRegValueDWORD] ErrorCode:0 ERROR: RegQueryValueExA: failed to query REG_DWORD value, Key:SOFTWARE\Microsoft\Windows Azure\CurrentVersion\AzureMonitorAgentExtension\47.4.1.0, name=AMAMultitenantServiceProcess, error=2, type=0
[2026-01-29 20:00:33.000]  [CheckIfMAServiceIsRunByExtension] ErrorCode:1205 INFO: Unable to read the m_registry for MA process. Assume it is not running.
[2026-01-29 20:00:33.000]  [AggregateHeartbeat] ErrorCode:0 INFO: Configured MA Service is not running on the node.
[2026-01-29 20:00:33.000]  [SetImdsEnvironmentVariable] ErrorCode:0 INFO: Querying IMDS information
[2026-01-29 20:00:33.000]  [SetImdsEnvironmentVariable] ErrorCode:-1 INFO: Preparing to call IMDS. Endpoint: http://169.254.169.254
[2026-01-29 20:00:33.000]  [QueryIMDSEndpoint] ErrorCode:0 INFO: Queried IMDS successfully.
[2026-01-29 20:00:33.000]  [GetValueFromJsonOrDefault] ErrorCode:0 INFO: Read Imds response field with Name:location Value: westus2
[2026-01-29 20:00:33.000]  [GetValueFromJsonOrDefault] ErrorCode:0 INFO: Read Imds response field with Name:name Value: amawin
[2026-01-29 20:00:33.000]  [GetValueFromJsonOrDefault] ErrorCode:0 INFO: Read Imds response field with Name:subscriptionId Value: 351651ce-5feb-4e59-975d-f1f344e2b717
[2026-01-29 20:00:33.000]  [GetValueFromJsonOrDefault] ErrorCode:0 INFO: Read Imds response field with Name:vmId Value: 22afd636-aec1-4782-9055-f85ea283dc20
[2026-01-29 20:00:33.000]  [GetValueFromJsonOrDefault] ErrorCode:0 INFO: Read Imds response field with Name:vmScaleSetName Value: 
[2026-01-29 20:00:33.000]  [GetValueFromJsonOrDefault] ErrorCode:0 INFO: Read Imds response field with Name:resourceGroupName Value: AMAWIN_GROUP
[2026-01-29 20:00:33.000]  [GetValueFromJsonOrDefault] ErrorCode:0 INFO: Read Imds response field with Name:osType Value: Windows
[2026-01-29 20:00:33.000]  [GetValueFromJsonOrDefault] ErrorCode:0 INFO: Read Imds response field with Name:resourceId Value: /subscriptions/351651ce-5feb-4e59-975d-f1f344e2b717/resourceGroups/AMAWIN_GROUP/providers/Microsoft.Compute/virtualMachines/amawin
[2026-01-29 20:00:33.000]  [GetValueFromJsonOrDefault] ErrorCode:0 INFO: Read Imds response field with Name:azEnvironment Value: AzurePublicCloud
[2026-01-29 20:00:33.000]  [SetImdsEnvironmentVariable] ErrorCode:0 INFO: Successfully set Environment variables from Imds
[2026-01-29 20:00:33.000]  [AggregateHeartbeat] ErrorCode:0 INFO: Completed heartbeat aggregation.
[2026-01-29 20:01:03.000]  [WriteHeartbeatToFile] ErrorCode:0 INFO: Sending the heartbeat.
[2026-01-29 20:01:03.000]  [WriteStatusToFile] ErrorCode:0 INFO: Sending the status.
[2026-01-29 20:01:03.000]  [WriteStatusToFile] ErrorCode:0 INFO: Done Sending the status.
[2026-01-29 20:01:03.000]  [WriteHeartbeatToFile] ErrorCode:0 INFO: Done Sending the heartbeat.
[2026-01-29 20:01:33.000]  [WriteHeartbeatToFile] ErrorCode:0 INFO: Sending the heartbeat.
[2026-01-29 20:01:33.000]  [WriteStatusToFile] ErrorCode:0 INFO: Sending the status.
[2026-01-29 20:01:33.000]  [WriteHeartbeatToFile] ErrorCode:0 INFO: Done Sending the heartbeat.
[2026-01-29 20:01:33.000]  [WriteStatusToFile] ErrorCode:0 INFO: Done Sending the status.
[2026-01-29 20:01:33.000]  [FindProcessById] ErrorCode:0 INFO: Attempt to find the process MetricsExtension.Native.exe with ID: 5620.
[2026-01-29 20:01:33.000]  [FindProcessById] ErrorCode:0 INFO: Running Process MetricsExtension.Native.exe found. ID: 5620.
[2026-01-29 20:01:33.000]  [StartMetricsExtension] ErrorCode:0 ERROR: Metrics extension is already running
[2026-01-29 20:02:03.000]  [WriteHeartbeatToFile] ErrorCode:0 INFO: Sending the heartbeat.
[2026-01-29 20:02:03.000]  [WriteStatusToFile] ErrorCode:0 INFO: Sending the status.
[2026-01-29 20:02:03.000]  [WriteHeartbeatToFile] ErrorCode:0 INFO: Done Sending the heartbeat.
[2026-01-29 20:02:03.000]  [WriteStatusToFile] ErrorCode:0 INFO: Done Sending the status.
[2026-01-29 20:02:33.000]  [WriteStatusToFile] ErrorCode:0 INFO: Sending the status.
[2026-01-29 20:02:33.000]  [WriteHeartbeatToFile] ErrorCode:0 INFO: Sending the heartbeat.
[2026-01-29 20:02:33.000]  [WriteHeartbeatToFile] ErrorCode:0 INFO: Done Sending the heartbeat.
[2026-01-29 20:02:33.000]  [WriteStatusToFile] ErrorCode:0 INFO: Done Sending the status.
[2026-01-29 20:02:33.000]  [FindProcessById] ErrorCode:0 INFO: Attempt to find the process MetricsExtension.Native.exe with ID: 5620.
[2026-01-29 20:02:33.000]  [FindProcessById] ErrorCode:0 INFO: Running Process MetricsExtension.Native.exe found. ID: 5620.
[2026-01-29 20:02:33.000]  [StartMetricsExtension] ErrorCode:0 ERROR: Metrics extension is already running
[2026-01-29 20:03:03.000]  [WriteHeartbeatToFile] ErrorCode:0 INFO: Sending the heartbeat.
[2026-01-29 20:03:03.000]  [WriteStatusToFile] ErrorCode:0 INFO: Sending the status.
[2026-01-29 20:03:03.000]  [WriteStatusToFile] ErrorCode:0 INFO: Done Sending the status.
[2026-01-29 20:03:03.000]  [WriteHeartbeatToFile] ErrorCode:0 INFO: Done Sending the heartbeat.
[2026-01-29 20:03:33.000]  [WriteHeartbeatToFile] ErrorCode:0 INFO: Sending the heartbeat.
[2026-01-29 20:03:33.000]  [WriteStatusToFile] ErrorCode:0 INFO: Sending the status.
[2026-01-29 20:03:33.000]  [WriteHeartbeatToFile] ErrorCode:0 INFO: Done Sending the heartbeat.
[2026-01-29 20:03:33.000]  [WriteStatusToFile] ErrorCode:0 INFO: Done Sending the status.
[2026-01-29 20:03:33.000]  [FindProcessById] ErrorCode:0 INFO: Attempt to find the process MetricsExtension.Native.exe with ID: 5620.
[2026-01-29 20:03:33.000]  [FindProcessById] ErrorCode:0 INFO: Running Process MetricsExtension.Native.exe found. ID: 5620.
[2026-01-29 20:03:33.000]  [StartMetricsExtension] ErrorCode:0 ERROR: Metrics extension is already running
[2026-01-29 20:04:03.000]  [WriteHeartbeatToFile] ErrorCode:0 INFO: Sending the heartbeat.
[2026-01-29 20:04:03.000]  [WriteStatusToFile] ErrorCode:0 INFO: Sending the status.
[2026-01-29 20:04:03.000]  [WriteHeartbeatToFile] ErrorCode:0 INFO: Done Sending the heartbeat.
[2026-01-29 20:04:03.000]  [WriteStatusToFile] ErrorCode:0 INFO: Done Sending the status.
[2026-01-29 20:04:33.000]  [WriteStatusToFile] ErrorCode:0 INFO: Sending the status.
[2026-01-29 20:04:33.000]  [WriteHeartbeatToFile] ErrorCode:0 INFO: Sending the heartbeat.
[2026-01-29 20:04:33.000]  [WriteStatusToFile] ErrorCode:0 INFO: Done Sending the status.
[2026-01-29 20:04:33.000]  [WriteHeartbeatToFile] ErrorCode:0 INFO: Done Sending the heartbeat.
[2026-01-29 20:04:33.000]  [FindProcessById] ErrorCode:0 INFO: Attempt to find the process MetricsExtension.Native.exe with ID: 5620.
[2026-01-29 20:04:33.000]  [FindProcessById] ErrorCode:0 INFO: Running Process MetricsExtension.Native.exe found. ID: 5620.
[2026-01-29 20:04:33.000]  [StartMetricsExtension] ErrorCode:0 ERROR: Metrics extension is already running
[2026-01-29 20:05:03.000]  [WriteHeartbeatToFile] ErrorCode:0 INFO: Sending the heartbeat.
[2026-01-29 20:05:03.000]  [WriteStatusToFile] ErrorCode:0 INFO: Sending the status.
[2026-01-29 20:05:03.000]  [WriteHeartbeatToFile] ErrorCode:0 INFO: Done Sending the heartbeat.
[2026-01-29 20:05:03.000]  [WriteStatusToFile] ErrorCode:0 INFO: Done Sending the status.
[2026-01-29 20:05:33.000]  [WriteHeartbeatToFile] ErrorCode:0 INFO: Sending the heartbeat.
[2026-01-29 20:05:33.000]  [WriteStatusToFile] ErrorCode:0 INFO: Sending the status.
[2026-01-29 20:05:33.000]  [WriteHeartbeatToFile] ErrorCode:0 INFO: Done Sending the heartbeat.
[2026-01-29 20:05:33.000]  [WriteStatusToFile] ErrorCode:0 INFO: Done Sending the status.
[2026-01-29 20:05:33.000]  [FindProcessById] ErrorCode:0 INFO: Attempt to find the process MetricsExtension.Native.exe with ID: 5620.
[2026-01-29 20:05:33.000]  [FindProcessById] ErrorCode:0 INFO: Running Process MetricsExtension.Native.exe found. ID: 5620.
[2026-01-29 20:05:33.000]  [StartMetricsExtension] ErrorCode:0 ERROR: Metrics extension is already running
[2026-01-29 20:05:33.000]  [AggregateHeartbeat] ErrorCode:0 INFO: Start heartbeat aggregation.
[2026-01-29 20:05:33.000]  [QueryRegValueDWORD] ErrorCode:0 INFO: Query Registry for Key:SOFTWARE\Microsoft\Windows Azure\CurrentVersion\AzureMonitorAgentExtension\47.4.1.0, Name:MaServiceProcess
[2026-01-29 20:05:33.000]  [QueryRegValueDWORD] ErrorCode:0 INFO: Query Registry for Key:SOFTWARE\Microsoft\Windows Azure\CurrentVersion\AzureMonitorAgentExtension\47.4.1.0, Name:MaServiceProcess, Value:1904
[2026-01-29 20:05:33.000]  [FindProcessById] ErrorCode:0 INFO: Attempt to find the process MonAgentLauncher.exe with ID: 1904.
[2026-01-29 20:05:33.000]  [FindProcessById] ErrorCode:0 INFO: Running Process MonAgentLauncher.exe found. ID: 1904.
[2026-01-29 20:05:33.000]  [CheckIfMAServiceIsRunByExtension] ErrorCode:0 INFO: The MA process is running based on the m_registry
[2026-01-29 20:05:33.000]  [QueryRegValueDWORD] ErrorCode:0 INFO: Query Registry for Key:SOFTWARE\Microsoft\Windows Azure\CurrentVersion\AzureMonitorAgentExtension\47.4.1.0, Name:AMAMultitenantServiceProcess
[2026-01-29 20:05:33.000]  [QueryRegValueDWORD] ErrorCode:0 ERROR: RegQueryValueExA: failed to query REG_DWORD value, Key:SOFTWARE\Microsoft\Windows Azure\CurrentVersion\AzureMonitorAgentExtension\47.4.1.0, name=AMAMultitenantServiceProcess, error=2, type=0
[2026-01-29 20:05:33.000]  [CheckIfMAServiceIsRunByExtension] ErrorCode:1205 INFO: Unable to read the m_registry for MA process. Assume it is not running.
[2026-01-29 20:05:33.000]  [AggregateHeartbeat] ErrorCode:0 INFO: Configured MA Service is not running on the node.
[2026-01-29 20:05:33.000]  [SetImdsEnvironmentVariable] ErrorCode:0 INFO: Querying IMDS information
[2026-01-29 20:05:33.000]  [SetImdsEnvironmentVariable] ErrorCode:-1 INFO: Preparing to call IMDS. Endpoint: http://169.254.169.254
[2026-01-29 20:05:33.000]  [QueryIMDSEndpoint] ErrorCode:0 INFO: Queried IMDS successfully.
[2026-01-29 20:05:33.000]  [GetValueFromJsonOrDefault] ErrorCode:0 INFO: Read Imds response field with Name:location Value: westus2
[2026-01-29 20:05:33.000]  [GetValueFromJsonOrDefault] ErrorCode:0 INFO: Read Imds response field with Name:name Value: amawin
[2026-01-29 20:05:33.000]  [GetValueFromJsonOrDefault] ErrorCode:0 INFO: Read Imds response field with Name:subscriptionId Value: 351651ce-5feb-4e59-975d-f1f344e2b717
[2026-01-29 20:05:33.000]  [GetValueFromJsonOrDefault] ErrorCode:0 INFO: Read Imds response field with Name:vmId Value: 22afd636-aec1-4782-9055-f85ea283dc20
[2026-01-29 20:05:33.000]  [GetValueFromJsonOrDefault] ErrorCode:0 INFO: Read Imds response field with Name:vmScaleSetName Value: 
[2026-01-29 20:05:33.000]  [GetValueFromJsonOrDefault] ErrorCode:0 INFO: Read Imds response field with Name:resourceGroupName Value: AMAWIN_GROUP
[2026-01-29 20:05:33.000]  [GetValueFromJsonOrDefault] ErrorCode:0 INFO: Read Imds response field with Name:osType Value: Windows
[2026-01-29 20:05:33.000]  [GetValueFromJsonOrDefault] ErrorCode:0 INFO: Read Imds response field with Name:resourceId Value: /subscriptions/351651ce-5feb-4e59-975d-f1f344e2b717/resourceGroups/AMAWIN_GROUP/providers/Microsoft.Compute/virtualMachines/amawin
[2026-01-29 20:05:33.000]  [GetValueFromJsonOrDefault] ErrorCode:0 INFO: Read Imds response field with Name:azEnvironment Value: AzurePublicCloud
[2026-01-29 20:05:33.000]  [SetImdsEnvironmentVariable] ErrorCode:0 INFO: Successfully set Environment variables from Imds
[2026-01-29 20:05:33.000]  [AggregateHeartbeat] ErrorCode:0 INFO: Completed heartbeat aggregation.
[2026-01-29 20:06:03.000]  [WriteHeartbeatToFile] ErrorCode:0 INFO: Sending the heartbeat.
[2026-01-29 20:06:03.000]  [WriteStatusToFile] ErrorCode:0 INFO: Sending the status.
[2026-01-29 20:06:03.000]  [WriteStatusToFile] ErrorCode:0 INFO: Done Sending the status.
[2026-01-29 20:06:03.000]  [WriteHeartbeatToFile] ErrorCode:0 INFO: Done Sending the heartbeat.
[2026-01-29 20:06:33.000]  [WriteHeartbeatToFile] ErrorCode:0 INFO: Sending the heartbeat.
[2026-01-29 20:06:33.000]  [WriteStatusToFile] ErrorCode:0 INFO: Sending the status.
[2026-01-29 20:06:33.000]  [WriteStatusToFile] ErrorCode:0 INFO: Done Sending the status.
[2026-01-29 20:06:33.000]  [WriteHeartbeatToFile] ErrorCode:0 INFO: Done Sending the heartbeat.
[2026-01-29 20:06:33.000]  [FindProcessById] ErrorCode:0 INFO: Attempt to find the process MetricsExtension.Native.exe with ID: 5620.
[2026-01-29 20:06:33.000]  [FindProcessById] ErrorCode:0 INFO: Running Process MetricsExtension.Native.exe found. ID: 5620.
[2026-01-29 20:06:33.000]  [StartMetricsExtension] ErrorCode:0 ERROR: Metrics extension is already running
[2026-01-29 20:07:03.000]  [WriteHeartbeatToFile] ErrorCode:0 INFO: Sending the heartbeat.
[2026-01-29 20:07:03.000]  [WriteStatusToFile] ErrorCode:0 INFO: Sending the status.
[2026-01-29 20:07:03.000]  [WriteStatusToFile] ErrorCode:0 INFO: Done Sending the status.
[2026-01-29 20:07:03.000]  [WriteHeartbeatToFile] ErrorCode:0 INFO: Done Sending the heartbeat.
[2026-01-29 20:07:33.000]  [WriteHeartbeatToFile] ErrorCode:0 INFO: Sending the heartbeat.
[2026-01-29 20:07:33.000]  [WriteStatusToFile] ErrorCode:0 INFO: Sending the status.
[2026-01-29 20:07:33.000]  [WriteStatusToFile] ErrorCode:0 INFO: Done Sending the status.
[2026-01-29 20:07:33.000]  [WriteHeartbeatToFile] ErrorCode:0 INFO: Done Sending the heartbeat.
[2026-01-29 20:07:33.000]  [FindProcessById] ErrorCode:0 INFO: Attempt to find the process MetricsExtension.Native.exe with ID: 5620.
[2026-01-29 20:07:33.000]  [FindProcessById] ErrorCode:0 INFO: Running Process MetricsExtension.Native.exe found. ID: 5620.
[2026-01-29 20:07:33.000]  [StartMetricsExtension] ErrorCode:0 ERROR: Metrics extension is already running
[2026-01-29 20:08:03.000]  [WriteStatusToFile] ErrorCode:0 INFO: Sending the status.
[2026-01-29 20:08:03.000]  [WriteHeartbeatToFile] ErrorCode:0 INFO: Sending the heartbeat.
[2026-01-29 20:08:03.000]  [WriteHeartbeatToFile] ErrorCode:0 INFO: Done Sending the heartbeat.
[2026-01-29 20:08:03.000]  [WriteStatusToFile] ErrorCode:0 INFO: Done Sending the status.
[2026-01-29 20:08:33.000]  [WriteStatusToFile] ErrorCode:0 INFO: Sending the status.
[2026-01-29 20:08:33.000]  [WriteHeartbeatToFile] ErrorCode:0 INFO: Sending the heartbeat.
[2026-01-29 20:08:33.000]  [WriteStatusToFile] ErrorCode:0 INFO: Done Sending the status.
[2026-01-29 20:08:33.000]  [WriteHeartbeatToFile] ErrorCode:0 INFO: Done Sending the heartbeat.
[2026-01-29 20:08:33.000]  [FindProcessById] ErrorCode:0 INFO: Attempt to find the process MetricsExtension.Native.exe with ID: 5620.
[2026-01-29 20:08:33.000]  [FindProcessById] ErrorCode:0 INFO: Running Process MetricsExtension.Native.exe found. ID: 5620.
[2026-01-29 20:08:33.000]  [StartMetricsExtension] ErrorCode:0 ERROR: Metrics extension is already running
[2026-01-29 20:09:03.000]  [WriteHeartbeatToFile] ErrorCode:0 INFO: Sending the heartbeat.
[2026-01-29 20:09:03.000]  [WriteStatusToFile] ErrorCode:0 INFO: Sending the status.
[2026-01-29 20:09:03.000]  [WriteStatusToFile] ErrorCode:0 INFO: Done Sending the status.
[2026-01-29 20:09:03.000]  [WriteHeartbeatToFile] ErrorCode:0 INFO: Done Sending the heartbeat.
[2026-01-29 20:09:33.000]  [WriteStatusToFile] ErrorCode:0 INFO: Sending the status.
[2026-01-29 20:09:33.000]  [WriteHeartbeatToFile] ErrorCode:0 INFO: Sending the heartbeat.
[2026-01-29 20:09:33.000]  [WriteHeartbeatToFile] ErrorCode:0 INFO: Done Sending the heartbeat.
[2026-01-29 20:09:33.000]  [WriteStatusToFile] ErrorCode:0 INFO: Done Sending the status.
[2026-01-29 20:09:33.000]  [FindProcessById] ErrorCode:0 INFO: Attempt to find the process MetricsExtension.Native.exe with ID: 5620.
[2026-01-29 20:09:33.000]  [FindProcessById] ErrorCode:0 INFO: Running Process MetricsExtension.Native.exe found. ID: 5620.
[2026-01-29 20:09:33.000]  [StartMetricsExtension] ErrorCode:0 ERROR: Metrics extension is already running
[2026-01-29 20:10:03.000]  [WriteStatusToFile] ErrorCode:0 INFO: Sending the status.
[2026-01-29 20:10:03.000]  [WriteHeartbeatToFile] ErrorCode:0 INFO: Sending the heartbeat.
[2026-01-29 20:10:03.000]  [WriteStatusToFile] ErrorCode:0 INFO: Done Sending the status.
[2026-01-29 20:10:03.000]  [WriteHeartbeatToFile] ErrorCode:0 INFO: Done Sending the heartbeat.
[2026-01-29 20:10:33.000]  [WriteStatusToFile] ErrorCode:0 INFO: Sending the status.
[2026-01-29 20:10:33.000]  [WriteHeartbeatToFile] ErrorCode:0 INFO: Sending the heartbeat.
[2026-01-29 20:10:33.000]  [WriteHeartbeatToFile] ErrorCode:0 INFO: Done Sending the heartbeat.
[2026-01-29 20:10:33.000]  [WriteStatusToFile] ErrorCode:0 INFO: Done Sending the status.
[2026-01-29 20:10:33.000]  [FindProcessById] ErrorCode:0 INFO: Attempt to find the process MetricsExtension.Native.exe with ID: 5620.
[2026-01-29 20:10:33.000]  [FindProcessById] ErrorCode:0 INFO: Running Process MetricsExtension.Native.exe found. ID: 5620.
[2026-01-29 20:10:33.000]  [StartMetricsExtension] ErrorCode:0 ERROR: Metrics extension is already running
[2026-01-29 20:10:33.000]  [AggregateHeartbeat] ErrorCode:0 INFO: Start heartbeat aggregation.
[2026-01-29 20:10:33.000]  [QueryRegValueDWORD] ErrorCode:0 INFO: Query Registry for Key:SOFTWARE\Microsoft\Windows Azure\CurrentVersion\AzureMonitorAgentExtension\47.4.1.0, Name:MaServiceProcess
[2026-01-29 20:10:33.000]  [QueryRegValueDWORD] ErrorCode:0 INFO: Query Registry for Key:SOFTWARE\Microsoft\Windows Azure\CurrentVersion\AzureMonitorAgentExtension\47.4.1.0, Name:MaServiceProcess, Value:1904
[2026-01-29 20:10:33.000]  [FindProcessById] ErrorCode:0 INFO: Attempt to find the process MonAgentLauncher.exe with ID: 1904.
[2026-01-29 20:10:33.000]  [FindProcessById] ErrorCode:0 INFO: Running Process MonAgentLauncher.exe found. ID: 1904.
[2026-01-29 20:10:33.000]  [CheckIfMAServiceIsRunByExtension] ErrorCode:0 INFO: The MA process is running based on the m_registry
[2026-01-29 20:10:33.000]  [QueryRegValueDWORD] ErrorCode:0 INFO: Query Registry for Key:SOFTWARE\Microsoft\Windows Azure\CurrentVersion\AzureMonitorAgentExtension\47.4.1.0, Name:AMAMultitenantServiceProcess
[2026-01-29 20:10:33.000]  [QueryRegValueDWORD] ErrorCode:0 ERROR: RegQueryValueExA: failed to query REG_DWORD value, Key:SOFTWARE\Microsoft\Windows Azure\CurrentVersion\AzureMonitorAgentExtension\47.4.1.0, name=AMAMultitenantServiceProcess, error=2, type=0
[2026-01-29 20:10:33.000]  [CheckIfMAServiceIsRunByExtension] ErrorCode:1205 INFO: Unable to read the m_registry for MA process. Assume it is not running.
[2026-01-29 20:10:33.000]  [AggregateHeartbeat] ErrorCode:0 INFO: Configured MA Service is not running on the node.
[2026-01-29 20:10:33.000]  [SetImdsEnvironmentVariable] ErrorCode:0 INFO: Querying IMDS information
[2026-01-29 20:10:33.000]  [SetImdsEnvironmentVariable] ErrorCode:-1 INFO: Preparing to call IMDS. Endpoint: http://169.254.169.254
[2026-01-29 20:10:33.000]  [QueryIMDSEndpoint] ErrorCode:0 INFO: Queried IMDS successfully.
[2026-01-29 20:10:33.000]  [GetValueFromJsonOrDefault] ErrorCode:0 INFO: Read Imds response field with Name:location Value: westus2
[2026-01-29 20:10:33.000]  [GetValueFromJsonOrDefault] ErrorCode:0 INFO: Read Imds response field with Name:name Value: amawin
[2026-01-29 20:10:33.000]  [GetValueFromJsonOrDefault] ErrorCode:0 INFO: Read Imds response field with Name:subscriptionId Value: 351651ce-5feb-4e59-975d-f1f344e2b717
[2026-01-29 20:10:33.000]  [GetValueFromJsonOrDefault] ErrorCode:0 INFO: Read Imds response field with Name:vmId Value: 22afd636-aec1-4782-9055-f85ea283dc20
[2026-01-29 20:10:33.000]  [GetValueFromJsonOrDefault] ErrorCode:0 INFO: Read Imds response field with Name:vmScaleSetName Value: 
[2026-01-29 20:10:33.000]  [GetValueFromJsonOrDefault] ErrorCode:0 INFO: Read Imds response field with Name:resourceGroupName Value: AMAWIN_GROUP
[2026-01-29 20:10:33.000]  [GetValueFromJsonOrDefault] ErrorCode:0 INFO: Read Imds response field with Name:osType Value: Windows
[2026-01-29 20:10:33.000]  [GetValueFromJsonOrDefault] ErrorCode:0 INFO: Read Imds response field with Name:resourceId Value: /subscriptions/351651ce-5feb-4e59-975d-f1f344e2b717/resourceGroups/AMAWIN_GROUP/providers/Microsoft.Compute/virtualMachines/amawin
[2026-01-29 20:10:33.000]  [GetValueFromJsonOrDefault] ErrorCode:0 INFO: Read Imds response field with Name:azEnvironment Value: AzurePublicCloud
[2026-01-29 20:10:33.000]  [SetImdsEnvironmentVariable] ErrorCode:0 INFO: Successfully set Environment variables from Imds
[2026-01-29 20:10:33.000]  [AggregateHeartbeat] ErrorCode:0 INFO: Completed heartbeat aggregation.
[2026-01-29 20:11:03.000]  [WriteHeartbeatToFile] ErrorCode:0 INFO: Sending the heartbeat.
[2026-01-29 20:11:03.000]  [WriteStatusToFile] ErrorCode:0 INFO: Sending the status.
[2026-01-29 20:11:03.000]  [WriteHeartbeatToFile] ErrorCode:0 INFO: Done Sending the heartbeat.
[2026-01-29 20:11:03.000]  [WriteStatusToFile] ErrorCode:0 INFO: Done Sending the status.
[2026-01-29 20:11:33.000]  [WriteStatusToFile] ErrorCode:0 INFO: Sending the status.
[2026-01-29 20:11:33.000]  [WriteHeartbeatToFile] ErrorCode:0 INFO: Sending the heartbeat.
[2026-01-29 20:11:33.000]  [WriteHeartbeatToFile] ErrorCode:0 INFO: Done Sending the heartbeat.
[2026-01-29 20:11:33.000]  [WriteStatusToFile] ErrorCode:0 INFO: Done Sending the status.
[2026-01-29 20:11:33.000]  [FindProcessById] ErrorCode:0 INFO: Attempt to find the process MetricsExtension.Native.exe with ID: 5620.
[2026-01-29 20:11:33.000]  [FindProcessById] ErrorCode:0 INFO: Running Process MetricsExtension.Native.exe found. ID: 5620.
[2026-01-29 20:11:33.000]  [StartMetricsExtension] ErrorCode:0 ERROR: Metrics extension is already running
[2026-01-29 20:12:03.000]  [WriteStatusToFile] ErrorCode:0 INFO: Sending the status.
[2026-01-29 20:12:03.000]  [WriteHeartbeatToFile] ErrorCode:0 INFO: Sending the heartbeat.
[2026-01-29 20:12:03.000]  [WriteStatusToFile] ErrorCode:0 INFO: Done Sending the status.
[2026-01-29 20:12:03.000]  [WriteHeartbeatToFile] ErrorCode:0 INFO: Done Sending the heartbeat.
[2026-01-29 20:12:33.000]  [WriteStatusToFile] ErrorCode:0 INFO: Sending the status.
[2026-01-29 20:12:33.000]  [WriteHeartbeatToFile] ErrorCode:0 INFO: Sending the heartbeat.
[2026-01-29 20:12:33.000]  [WriteStatusToFile] ErrorCode:0 INFO: Done Sending the status.
[2026-01-29 20:12:33.000]  [WriteHeartbeatToFile] ErrorCode:0 INFO: Done Sending the heartbeat.
[2026-01-29 20:12:33.000]  [FindProcessById] ErrorCode:0 INFO: Attempt to find the process MetricsExtension.Native.exe with ID: 5620.
[2026-01-29 20:12:33.000]  [FindProcessById] ErrorCode:0 INFO: Running Process MetricsExtension.Native.exe found. ID: 5620.
[2026-01-29 20:12:33.000]  [StartMetricsExtension] ErrorCode:0 ERROR: Metrics extension is already running
[2026-01-29 20:13:03.000]  [WriteStatusToFile] ErrorCode:0 INFO: Sending the status.
[2026-01-29 20:13:03.000]  [WriteHeartbeatToFile] ErrorCode:0 INFO: Sending the heartbeat.
[2026-01-29 20:13:03.000]  [WriteStatusToFile] ErrorCode:0 INFO: Done Sending the status.
[2026-01-29 20:13:03.000]  [WriteHeartbeatToFile] ErrorCode:0 INFO: Done Sending the heartbeat.
[2026-01-29 20:13:33.000]  [WriteHeartbeatToFile] ErrorCode:0 INFO: Sending the heartbeat.
[2026-01-29 20:13:33.000]  [WriteStatusToFile] ErrorCode:0 INFO: Sending the status.
[2026-01-29 20:13:33.000]  [WriteHeartbeatToFile] ErrorCode:0 INFO: Done Sending the heartbeat.
[2026-01-29 20:13:33.000]  [WriteStatusToFile] ErrorCode:0 INFO: Done Sending the status.
[2026-01-29 20:13:33.000]  [FindProcessById] ErrorCode:0 INFO: Attempt to find the process MetricsExtension.Native.exe with ID: 5620.
[2026-01-29 20:13:33.000]  [FindProcessById] ErrorCode:0 INFO: Running Process MetricsExtension.Native.exe found. ID: 5620.
[2026-01-29 20:13:33.000]  [StartMetricsExtension] ErrorCode:0 ERROR: Metrics extension is already running
[2026-01-29 20:14:03.000]  [WriteHeartbeatToFile] ErrorCode:0 INFO: Sending the heartbeat.
[2026-01-29 20:14:03.000]  [WriteStatusToFile] ErrorCode:0 INFO: Sending the status.
[2026-01-29 20:14:03.000]  [WriteStatusToFile] ErrorCode:0 INFO: Done Sending the status.
[2026-01-29 20:14:03.000]  [WriteHeartbeatToFile] ErrorCode:0 INFO: Done Sending the heartbeat.
[2026-01-29 20:14:33.000]  [WriteHeartbeatToFile] ErrorCode:0 INFO: Sending the heartbeat.
[2026-01-29 20:14:33.000]  [WriteStatusToFile] ErrorCode:0 INFO: Sending the status.
[2026-01-29 20:14:33.000]  [WriteHeartbeatToFile] ErrorCode:0 INFO: Done Sending the heartbeat.
[2026-01-29 20:14:33.000]  [WriteStatusToFile] ErrorCode:0 INFO: Done Sending the status.
[2026-01-29 20:14:33.000]  [FindProcessById] ErrorCode:0 INFO: Attempt to find the process MetricsExtension.Native.exe with ID: 5620.
[2026-01-29 20:14:33.000]  [FindProcessById] ErrorCode:0 INFO: Running Process MetricsExtension.Native.exe found. ID: 5620.
[2026-01-29 20:14:33.000]  [StartMetricsExtension] ErrorCode:0 ERROR: Metrics extension is already running
[2026-01-29 20:15:03.000]  [WriteStatusToFile] ErrorCode:0 INFO: Sending the status.
[2026-01-29 20:15:03.000]  [WriteHeartbeatToFile] ErrorCode:0 INFO: Sending the heartbeat.
[2026-01-29 20:15:03.000]  [WriteStatusToFile] ErrorCode:0 INFO: Done Sending the status.
[2026-01-29 20:15:03.000]  [WriteHeartbeatToFile] ErrorCode:0 INFO: Done Sending the heartbeat.
[2026-01-29 20:15:33.000]  [WriteHeartbeatToFile] ErrorCode:0 INFO: Sending the heartbeat.
[2026-01-29 20:15:33.000]  [WriteStatusToFile] ErrorCode:0 INFO: Sending the status.
[2026-01-29 20:15:33.000]  [WriteStatusToFile] ErrorCode:0 INFO: Done Sending the status.
[2026-01-29 20:15:33.000]  [WriteHeartbeatToFile] ErrorCode:0 INFO: Done Sending the heartbeat.
[2026-01-29 20:15:33.000]  [FindProcessById] ErrorCode:0 INFO: Attempt to find the process MetricsExtension.Native.exe with ID: 5620.
[2026-01-29 20:15:33.000]  [FindProcessById] ErrorCode:0 INFO: Running Process MetricsExtension.Native.exe found. ID: 5620.
[2026-01-29 20:15:33.000]  [StartMetricsExtension] ErrorCode:0 ERROR: Metrics extension is already running
[2026-01-29 20:15:33.000]  [AggregateHeartbeat] ErrorCode:0 INFO: Start heartbeat aggregation.
[2026-01-29 20:15:33.000]  [QueryRegValueDWORD] ErrorCode:0 INFO: Query Registry for Key:SOFTWARE\Microsoft\Windows Azure\CurrentVersion\AzureMonitorAgentExtension\47.4.1.0, Name:MaServiceProcess
[2026-01-29 20:15:33.000]  [QueryRegValueDWORD] ErrorCode:0 INFO: Query Registry for Key:SOFTWARE\Microsoft\Windows Azure\CurrentVersion\AzureMonitorAgentExtension\47.4.1.0, Name:MaServiceProcess, Value:1904
[2026-01-29 20:15:33.000]  [FindProcessById] ErrorCode:0 INFO: Attempt to find the process MonAgentLauncher.exe with ID: 1904.
[2026-01-29 20:15:33.000]  [FindProcessById] ErrorCode:0 INFO: Running Process MonAgentLauncher.exe found. ID: 1904.
[2026-01-29 20:15:33.000]  [CheckIfMAServiceIsRunByExtension] ErrorCode:0 INFO: The MA process is running based on the m_registry
[2026-01-29 20:15:33.000]  [QueryRegValueDWORD] ErrorCode:0 INFO: Query Registry for Key:SOFTWARE\Microsoft\Windows Azure\CurrentVersion\AzureMonitorAgentExtension\47.4.1.0, Name:AMAMultitenantServiceProcess
[2026-01-29 20:15:33.000]  [QueryRegValueDWORD] ErrorCode:0 ERROR: RegQueryValueExA: failed to query REG_DWORD value, Key:SOFTWARE\Microsoft\Windows Azure\CurrentVersion\AzureMonitorAgentExtension\47.4.1.0, name=AMAMultitenantServiceProcess, error=2, type=0
[2026-01-29 20:15:33.000]  [CheckIfMAServiceIsRunByExtension] ErrorCode:1205 INFO: Unable to read the m_registry for MA process. Assume it is not running.
[2026-01-29 20:15:33.000]  [AggregateHeartbeat] ErrorCode:0 INFO: Configured MA Service is not running on the node.
[2026-01-29 20:15:33.000]  [SetImdsEnvironmentVariable] ErrorCode:0 INFO: Querying IMDS information
[2026-01-29 20:15:33.000]  [SetImdsEnvironmentVariable] ErrorCode:-1 INFO: Preparing to call IMDS. Endpoint: http://169.254.169.254
[2026-01-29 20:15:33.000]  [QueryIMDSEndpoint] ErrorCode:0 INFO: Queried IMDS successfully.
[2026-01-29 20:15:33.000]  [GetValueFromJsonOrDefault] ErrorCode:0 INFO: Read Imds response field with Name:location Value: westus2
[2026-01-29 20:15:33.000]  [GetValueFromJsonOrDefault] ErrorCode:0 INFO: Read Imds response field with Name:name Value: amawin
[2026-01-29 20:15:33.000]  [GetValueFromJsonOrDefault] ErrorCode:0 INFO: Read Imds response field with Name:subscriptionId Value: 351651ce-5feb-4e59-975d-f1f344e2b717
[2026-01-29 20:15:33.000]  [GetValueFromJsonOrDefault] ErrorCode:0 INFO: Read Imds response field with Name:vmId Value: 22afd636-aec1-4782-9055-f85ea283dc20
[2026-01-29 20:15:33.000]  [GetValueFromJsonOrDefault] ErrorCode:0 INFO: Read Imds response field with Name:vmScaleSetName Value: 
[2026-01-29 20:15:33.000]  [GetValueFromJsonOrDefault] ErrorCode:0 INFO: Read Imds response field with Name:resourceGroupName Value: AMAWIN_GROUP
[2026-01-29 20:15:33.000]  [GetValueFromJsonOrDefault] ErrorCode:0 INFO: Read Imds response field with Name:osType Value: Windows
[2026-01-29 20:15:33.000]  [GetValueFromJsonOrDefault] ErrorCode:0 INFO: Read Imds response field with Name:resourceId Value: /subscriptions/351651ce-5feb-4e59-975d-f1f344e2b717/resourceGroups/AMAWIN_GROUP/providers/Microsoft.Compute/virtualMachines/amawin
[2026-01-29 20:15:33.000]  [GetValueFromJsonOrDefault] ErrorCode:0 INFO: Read Imds response field with Name:azEnvironment Value: AzurePublicCloud
[2026-01-29 20:15:33.000]  [SetImdsEnvironmentVariable] ErrorCode:0 INFO: Successfully set Environment variables from Imds
[2026-01-29 20:15:33.000]  [AggregateHeartbeat] ErrorCode:0 INFO: Completed heartbeat aggregation.
[2026-01-29 20:16:03.000]  [WriteHeartbeatToFile] ErrorCode:0 INFO: Sending the heartbeat.
[2026-01-29 20:16:03.000]  [WriteStatusToFile] ErrorCode:0 INFO: Sending the status.
[2026-01-29 20:16:03.000]  [WriteStatusToFile] ErrorCode:0 INFO: Done Sending the status.
[2026-01-29 20:16:03.000]  [WriteHeartbeatToFile] ErrorCode:0 INFO: Done Sending the heartbeat.
[2026-01-29 20:16:33.000]  [WriteHeartbeatToFile] ErrorCode:0 INFO: Sending the heartbeat.
[2026-01-29 20:16:33.000]  [WriteStatusToFile] ErrorCode:0 INFO: Sending the status.
[2026-01-29 20:16:33.000]  [WriteStatusToFile] ErrorCode:0 INFO: Done Sending the status.
[2026-01-29 20:16:33.000]  [WriteHeartbeatToFile] ErrorCode:0 INFO: Done Sending the heartbeat.
[2026-01-29 20:16:33.000]  [FindProcessById] ErrorCode:0 INFO: Attempt to find the process MetricsExtension.Native.exe with ID: 5620.
[2026-01-29 20:16:33.000]  [FindProcessById] ErrorCode:0 INFO: Running Process MetricsExtension.Native.exe found. ID: 5620.
[2026-01-29 20:16:33.000]  [StartMetricsExtension] ErrorCode:0 ERROR: Metrics extension is already running
[2026-01-29 20:17:03.000]  [WriteHeartbeatToFile] ErrorCode:0 INFO: Sending the heartbeat.
[2026-01-29 20:17:03.000]  [WriteStatusToFile] ErrorCode:0 INFO: Sending the status.
[2026-01-29 20:17:03.000]  [WriteStatusToFile] ErrorCode:0 INFO: Done Sending the status.
[2026-01-29 20:17:03.000]  [WriteHeartbeatToFile] ErrorCode:0 INFO: Done Sending the heartbeat.
[2026-01-29 20:17:33.000]  [WriteHeartbeatToFile] ErrorCode:0 INFO: Sending the heartbeat.
[2026-01-29 20:17:33.000]  [WriteStatusToFile] ErrorCode:0 INFO: Sending the status.
[2026-01-29 20:17:33.000]  [WriteStatusToFile] ErrorCode:0 INFO: Done Sending the status.
[2026-01-29 20:17:33.000]  [WriteHeartbeatToFile] ErrorCode:0 INFO: Done Sending the heartbeat.
[2026-01-29 20:17:33.000]  [FindProcessById] ErrorCode:0 INFO: Attempt to find the process MetricsExtension.Native.exe with ID: 5620.
[2026-01-29 20:17:33.000]  [FindProcessById] ErrorCode:0 INFO: Running Process MetricsExtension.Native.exe found. ID: 5620.
[2026-01-29 20:17:33.000]  [StartMetricsExtension] ErrorCode:0 ERROR: Metrics extension is already running
[2026-01-29 20:18:03.000]  [WriteHeartbeatToFile] ErrorCode:0 INFO: Sending the heartbeat.
[2026-01-29 20:18:03.000]  [WriteStatusToFile] ErrorCode:0 INFO: Sending the status.
[2026-01-29 20:18:03.000]  [WriteHeartbeatToFile] ErrorCode:0 INFO: Done Sending the heartbeat.
[2026-01-29 20:18:03.000]  [WriteStatusToFile] ErrorCode:0 INFO: Done Sending the status.
[2026-01-29 20:18:33.000]  [WriteStatusToFile] ErrorCode:0 INFO: Sending the status.
[2026-01-29 20:18:33.000]  [WriteHeartbeatToFile] ErrorCode:0 INFO: Sending the heartbeat.
[2026-01-29 20:18:33.000]  [WriteStatusToFile] ErrorCode:0 INFO: Done Sending the status.
[2026-01-29 20:18:33.000]  [WriteHeartbeatToFile] ErrorCode:0 INFO: Done Sending the heartbeat.
[2026-01-29 20:18:33.000]  [FindProcessById] ErrorCode:0 INFO: Attempt to find the process MetricsExtension.Native.exe with ID: 5620.
[2026-01-29 20:18:33.000]  [FindProcessById] ErrorCode:0 INFO: Running Process MetricsExtension.Native.exe found. ID: 5620.
[2026-01-29 20:18:33.000]  [StartMetricsExtension] ErrorCode:0 ERROR: Metrics extension is already running
[2026-01-29 20:19:03.000]  [WriteHeartbeatToFile] ErrorCode:0 INFO: Sending the heartbeat.
[2026-01-29 20:19:03.000]  [WriteStatusToFile] ErrorCode:0 INFO: Sending the status.
[2026-01-29 20:19:03.000]  [WriteStatusToFile] ErrorCode:0 INFO: Done Sending the status.
[2026-01-29 20:19:03.000]  [WriteHeartbeatToFile] ErrorCode:0 INFO: Done Sending the heartbeat.
[2026-01-29 20:19:33.000]  [WriteHeartbeatToFile] ErrorCode:0 INFO: Sending the heartbeat.
[2026-01-29 20:19:33.000]  [WriteStatusToFile] ErrorCode:0 INFO: Sending the status.
[2026-01-29 20:19:33.000]  [WriteStatusToFile] ErrorCode:0 INFO: Done Sending the status.
[2026-01-29 20:19:33.000]  [WriteHeartbeatToFile] ErrorCode:0 INFO: Done Sending the heartbeat.
[2026-01-29 20:19:33.000]  [FindProcessById] ErrorCode:0 INFO: Attempt to find the process MetricsExtension.Native.exe with ID: 5620.
[2026-01-29 20:19:33.000]  [FindProcessById] ErrorCode:0 INFO: Running Process MetricsExtension.Native.exe found. ID: 5620.
[2026-01-29 20:19:33.000]  [StartMetricsExtension] ErrorCode:0 ERROR: Metrics extension is already running
[2026-01-29 20:20:03.000]  [WriteStatusToFile] ErrorCode:0 INFO: Sending the status.
[2026-01-29 20:20:03.000]  [WriteHeartbeatToFile] ErrorCode:0 INFO: Sending the heartbeat.
[2026-01-29 20:20:03.000]  [WriteHeartbeatToFile] ErrorCode:0 INFO: Done Sending the heartbeat.
[2026-01-29 20:20:03.000]  [WriteStatusToFile] ErrorCode:0 INFO: Done Sending the status.
[2026-01-29 20:20:33.000]  [WriteHeartbeatToFile] ErrorCode:0 INFO: Sending the heartbeat.
[2026-01-29 20:20:33.000]  [WriteStatusToFile] ErrorCode:0 INFO: Sending the status.
[2026-01-29 20:20:33.000]  [WriteHeartbeatToFile] ErrorCode:0 INFO: Done Sending the heartbeat.
[2026-01-29 20:20:33.000]  [WriteStatusToFile] ErrorCode:0 INFO: Done Sending the status.
[2026-01-29 20:20:33.000]  [FindProcessById] ErrorCode:0 INFO: Attempt to find the process MetricsExtension.Native.exe with ID: 5620.
[2026-01-29 20:20:33.000]  [FindProcessById] ErrorCode:0 INFO: Running Process MetricsExtension.Native.exe found. ID: 5620.
[2026-01-29 20:20:33.000]  [StartMetricsExtension] ErrorCode:0 ERROR: Metrics extension is already running
[2026-01-29 20:20:33.000]  [AggregateHeartbeat] ErrorCode:0 INFO: Start heartbeat aggregation.
[2026-01-29 20:20:33.000]  [QueryRegValueDWORD] ErrorCode:0 INFO: Query Registry for Key:SOFTWARE\Microsoft\Windows Azure\CurrentVersion\AzureMonitorAgentExtension\47.4.1.0, Name:MaServiceProcess
[2026-01-29 20:20:33.000]  [QueryRegValueDWORD] ErrorCode:0 INFO: Query Registry for Key:SOFTWARE\Microsoft\Windows Azure\CurrentVersion\AzureMonitorAgentExtension\47.4.1.0, Name:MaServiceProcess, Value:1904
[2026-01-29 20:20:33.000]  [FindProcessById] ErrorCode:0 INFO: Attempt to find the process MonAgentLauncher.exe with ID: 1904.
[2026-01-29 20:20:33.000]  [FindProcessById] ErrorCode:0 INFO: Running Process MonAgentLauncher.exe found. ID: 1904.
[2026-01-29 20:20:33.000]  [CheckIfMAServiceIsRunByExtension] ErrorCode:0 INFO: The MA process is running based on the m_registry
[2026-01-29 20:20:33.000]  [QueryRegValueDWORD] ErrorCode:0 INFO: Query Registry for Key:SOFTWARE\Microsoft\Windows Azure\CurrentVersion\AzureMonitorAgentExtension\47.4.1.0, Name:AMAMultitenantServiceProcess
[2026-01-29 20:20:33.000]  [QueryRegValueDWORD] ErrorCode:0 ERROR: RegQueryValueExA: failed to query REG_DWORD value, Key:SOFTWARE\Microsoft\Windows Azure\CurrentVersion\AzureMonitorAgentExtension\47.4.1.0, name=AMAMultitenantServiceProcess, error=2, type=0
[2026-01-29 20:20:33.000]  [CheckIfMAServiceIsRunByExtension] ErrorCode:1205 INFO: Unable to read the m_registry for MA process. Assume it is not running.
[2026-01-29 20:20:33.000]  [AggregateHeartbeat] ErrorCode:0 INFO: Configured MA Service is not running on the node.
[2026-01-29 20:20:33.000]  [SetImdsEnvironmentVariable] ErrorCode:0 INFO: Querying IMDS information
[2026-01-29 20:20:33.000]  [SetImdsEnvironmentVariable] ErrorCode:-1 INFO: Preparing to call IMDS. Endpoint: http://169.254.169.254
[2026-01-29 20:20:34.000]  [QueryIMDSEndpoint] ErrorCode:0 INFO: Queried IMDS successfully.
[2026-01-29 20:20:34.000]  [GetValueFromJsonOrDefault] ErrorCode:0 INFO: Read Imds response field with Name:location Value: westus2
[2026-01-29 20:20:34.000]  [GetValueFromJsonOrDefault] ErrorCode:0 INFO: Read Imds response field with Name:name Value: amawin
[2026-01-29 20:20:34.000]  [GetValueFromJsonOrDefault] ErrorCode:0 INFO: Read Imds response field with Name:subscriptionId Value: 351651ce-5feb-4e59-975d-f1f344e2b717
[2026-01-29 20:20:34.000]  [GetValueFromJsonOrDefault] ErrorCode:0 INFO: Read Imds response field with Name:vmId Value: 22afd636-aec1-4782-9055-f85ea283dc20
[2026-01-29 20:20:34.000]  [GetValueFromJsonOrDefault] ErrorCode:0 INFO: Read Imds response field with Name:vmScaleSetName Value: 
[2026-01-29 20:20:34.000]  [GetValueFromJsonOrDefault] ErrorCode:0 INFO: Read Imds response field with Name:resourceGroupName Value: AMAWIN_GROUP
[2026-01-29 20:20:34.000]  [GetValueFromJsonOrDefault] ErrorCode:0 INFO: Read Imds response field with Name:osType Value: Windows
[2026-01-29 20:20:34.000]  [GetValueFromJsonOrDefault] ErrorCode:0 INFO: Read Imds response field with Name:resourceId Value: /subscriptions/351651ce-5feb-4e59-975d-f1f344e2b717/resourceGroups/AMAWIN_GROUP/providers/Microsoft.Compute/virtualMachines/amawin
[2026-01-29 20:20:34.000]  [GetValueFromJsonOrDefault] ErrorCode:0 INFO: Read Imds response field with Name:azEnvironment Value: AzurePublicCloud
[2026-01-29 20:20:34.000]  [SetImdsEnvironmentVariable] ErrorCode:0 INFO: Successfully set Environment variables from Imds
[2026-01-29 20:20:34.000]  [AggregateHeartbeat] ErrorCode:0 INFO: Completed heartbeat aggregation.
[2026-01-29 20:21:03.000]  [WriteStatusToFile] ErrorCode:0 INFO: Sending the status.
[2026-01-29 20:21:03.000]  [WriteHeartbeatToFile] ErrorCode:0 INFO: Sending the heartbeat.
[2026-01-29 20:21:03.000]  [WriteStatusToFile] ErrorCode:0 INFO: Done Sending the status.
[2026-01-29 20:21:03.000]  [WriteHeartbeatToFile] ErrorCode:0 INFO: Done Sending the heartbeat.
[2026-01-29 20:21:33.000]  [WriteStatusToFile] ErrorCode:0 INFO: Sending the status.
[2026-01-29 20:21:33.000]  [WriteHeartbeatToFile] ErrorCode:0 INFO: Sending the heartbeat.
[2026-01-29 20:21:33.000]  [WriteStatusToFile] ErrorCode:0 INFO: Done Sending the status.
[2026-01-29 20:21:33.000]  [WriteHeartbeatToFile] ErrorCode:0 INFO: Done Sending the heartbeat.
[2026-01-29 20:21:34.000]  [FindProcessById] ErrorCode:0 INFO: Attempt to find the process MetricsExtension.Native.exe with ID: 5620.
[2026-01-29 20:21:34.000]  [FindProcessById] ErrorCode:0 INFO: Running Process MetricsExtension.Native.exe found. ID: 5620.
[2026-01-29 20:21:34.000]  [StartMetricsExtension] ErrorCode:0 ERROR: Metrics extension is already running
[2026-01-29 20:22:03.000]  [WriteHeartbeatToFile] ErrorCode:0 INFO: Sending the heartbeat.
[2026-01-29 20:22:03.000]  [WriteStatusToFile] ErrorCode:0 INFO: Sending the status.
[2026-01-29 20:22:03.000]  [WriteStatusToFile] ErrorCode:0 INFO: Done Sending the status.
[2026-01-29 20:22:03.000]  [WriteHeartbeatToFile] ErrorCode:0 INFO: Done Sending the heartbeat.
[2026-01-29 20:22:33.000]  [WriteHeartbeatToFile] ErrorCode:0 INFO: Sending the heartbeat.
[2026-01-29 20:22:33.000]  [WriteStatusToFile] ErrorCode:0 INFO: Sending the status.
[2026-01-29 20:22:33.000]  [WriteHeartbeatToFile] ErrorCode:0 INFO: Done Sending the heartbeat.
[2026-01-29 20:22:33.000]  [WriteStatusToFile] ErrorCode:0 INFO: Done Sending the status.
[2026-01-29 20:22:34.000]  [FindProcessById] ErrorCode:0 INFO: Attempt to find the process MetricsExtension.Native.exe with ID: 5620.
[2026-01-29 20:22:34.000]  [FindProcessById] ErrorCode:0 INFO: Running Process MetricsExtension.Native.exe found. ID: 5620.
[2026-01-29 20:22:34.000]  [StartMetricsExtension] ErrorCode:0 ERROR: Metrics extension is already running
[2026-01-29 20:23:03.000]  [WriteHeartbeatToFile] ErrorCode:0 INFO: Sending the heartbeat.
[2026-01-29 20:23:03.000]  [WriteStatusToFile] ErrorCode:0 INFO: Sending the status.
[2026-01-29 20:23:03.000]  [WriteStatusToFile] ErrorCode:0 INFO: Done Sending the status.
[2026-01-29 20:23:03.000]  [WriteHeartbeatToFile] ErrorCode:0 INFO: Done Sending the heartbeat.
[2026-01-29 20:23:33.000]  [WriteStatusToFile] ErrorCode:0 INFO: Sending the status.
[2026-01-29 20:23:33.000]  [WriteHeartbeatToFile] ErrorCode:0 INFO: Sending the heartbeat.
[2026-01-29 20:23:33.000]  [WriteHeartbeatToFile] ErrorCode:0 INFO: Done Sending the heartbeat.
[2026-01-29 20:23:33.000]  [WriteStatusToFile] ErrorCode:0 INFO: Done Sending the status.
[2026-01-29 20:23:34.000]  [FindProcessById] ErrorCode:0 INFO: Attempt to find the process MetricsExtension.Native.exe with ID: 5620.
[2026-01-29 20:23:34.000]  [FindProcessById] ErrorCode:0 INFO: Running Process MetricsExtension.Native.exe found. ID: 5620.
[2026-01-29 20:23:34.000]  [StartMetricsExtension] ErrorCode:0 ERROR: Metrics extension is already running
[2026-01-29 20:24:03.000]  [WriteHeartbeatToFile] ErrorCode:0 INFO: Sending the heartbeat.
[2026-01-29 20:24:03.000]  [WriteStatusToFile] ErrorCode:0 INFO: Sending the status.
[2026-01-29 20:24:03.000]  [WriteHeartbeatToFile] ErrorCode:0 INFO: Done Sending the heartbeat.
[2026-01-29 20:24:03.000]  [WriteStatusToFile] ErrorCode:0 INFO: Done Sending the status.
[2026-01-29 20:24:33.000]  [WriteHeartbeatToFile] ErrorCode:0 INFO: Sending the heartbeat.
[2026-01-29 20:24:33.000]  [WriteStatusToFile] ErrorCode:0 INFO: Sending the status.
[2026-01-29 20:24:33.000]  [WriteHeartbeatToFile] ErrorCode:0 INFO: Done Sending the heartbeat.
[2026-01-29 20:24:33.000]  [WriteStatusToFile] ErrorCode:0 INFO: Done Sending the status.
[2026-01-29 20:24:34.000]  [FindProcessById] ErrorCode:0 INFO: Attempt to find the process MetricsExtension.Native.exe with ID: 5620.
[2026-01-29 20:24:34.000]  [FindProcessById] ErrorCode:0 INFO: Running Process MetricsExtension.Native.exe found. ID: 5620.
[2026-01-29 20:24:34.000]  [StartMetricsExtension] ErrorCode:0 ERROR: Metrics extension is already running
[2026-01-29 20:25:03.000]  [WriteHeartbeatToFile] ErrorCode:0 INFO: Sending the heartbeat.
[2026-01-29 20:25:03.000]  [WriteStatusToFile] ErrorCode:0 INFO: Sending the status.
[2026-01-29 20:25:03.000]  [WriteStatusToFile] ErrorCode:0 INFO: Done Sending the status.
[2026-01-29 20:25:03.000]  [WriteHeartbeatToFile] ErrorCode:0 INFO: Done Sending the heartbeat.
[2026-01-29 20:25:33.000]  [WriteHeartbeatToFile] ErrorCode:0 INFO: Sending the heartbeat.
[2026-01-29 20:25:33.000]  [WriteStatusToFile] ErrorCode:0 INFO: Sending the status.
[2026-01-29 20:25:33.000]  [WriteHeartbeatToFile] ErrorCode:0 INFO: Done Sending the heartbeat.
[2026-01-29 20:25:33.000]  [WriteStatusToFile] ErrorCode:0 INFO: Done Sending the status.
[2026-01-29 20:25:34.000]  [FindProcessById] ErrorCode:0 INFO: Attempt to find the process MetricsExtension.Native.exe with ID: 5620.
[2026-01-29 20:25:34.000]  [FindProcessById] ErrorCode:0 INFO: Running Process MetricsExtension.Native.exe found. ID: 5620.
[2026-01-29 20:25:34.000]  [StartMetricsExtension] ErrorCode:0 ERROR: Metrics extension is already running
[2026-01-29 20:25:34.000]  [AggregateHeartbeat] ErrorCode:0 INFO: Start heartbeat aggregation.
[2026-01-29 20:25:34.000]  [QueryRegValueDWORD] ErrorCode:0 INFO: Query Registry for Key:SOFTWARE\Microsoft\Windows Azure\CurrentVersion\AzureMonitorAgentExtension\47.4.1.0, Name:MaServiceProcess
[2026-01-29 20:25:34.000]  [QueryRegValueDWORD] ErrorCode:0 INFO: Query Registry for Key:SOFTWARE\Microsoft\Windows Azure\CurrentVersion\AzureMonitorAgentExtension\47.4.1.0, Name:MaServiceProcess, Value:1904
[2026-01-29 20:25:34.000]  [FindProcessById] ErrorCode:0 INFO: Attempt to find the process MonAgentLauncher.exe with ID: 1904.
[2026-01-29 20:25:34.000]  [FindProcessById] ErrorCode:0 INFO: Running Process MonAgentLauncher.exe found. ID: 1904.
[2026-01-29 20:25:34.000]  [CheckIfMAServiceIsRunByExtension] ErrorCode:0 INFO: The MA process is running based on the m_registry
[2026-01-29 20:25:34.000]  [QueryRegValueDWORD] ErrorCode:0 INFO: Query Registry for Key:SOFTWARE\Microsoft\Windows Azure\CurrentVersion\AzureMonitorAgentExtension\47.4.1.0, Name:AMAMultitenantServiceProcess
[2026-01-29 20:25:34.000]  [QueryRegValueDWORD] ErrorCode:0 ERROR: RegQueryValueExA: failed to query REG_DWORD value, Key:SOFTWARE\Microsoft\Windows Azure\CurrentVersion\AzureMonitorAgentExtension\47.4.1.0, name=AMAMultitenantServiceProcess, error=2, type=0
[2026-01-29 20:25:34.000]  [CheckIfMAServiceIsRunByExtension] ErrorCode:1205 INFO: Unable to read the m_registry for MA process. Assume it is not running.
[2026-01-29 20:25:34.000]  [AggregateHeartbeat] ErrorCode:0 INFO: Configured MA Service is not running on the node.
[2026-01-29 20:25:34.000]  [SetImdsEnvironmentVariable] ErrorCode:0 INFO: Querying IMDS information
[2026-01-29 20:25:34.000]  [SetImdsEnvironmentVariable] ErrorCode:-1 INFO: Preparing to call IMDS. Endpoint: http://169.254.169.254
[2026-01-29 20:25:34.000]  [QueryIMDSEndpoint] ErrorCode:0 INFO: Queried IMDS successfully.
[2026-01-29 20:25:34.000]  [GetValueFromJsonOrDefault] ErrorCode:0 INFO: Read Imds response field with Name:location Value: westus2
[2026-01-29 20:25:34.000]  [GetValueFromJsonOrDefault] ErrorCode:0 INFO: Read Imds response field with Name:name Value: amawin
[2026-01-29 20:25:34.000]  [GetValueFromJsonOrDefault] ErrorCode:0 INFO: Read Imds response field with Name:subscriptionId Value: 351651ce-5feb-4e59-975d-f1f344e2b717
[2026-01-29 20:25:34.000]  [GetValueFromJsonOrDefault] ErrorCode:0 INFO: Read Imds response field with Name:vmId Value: 22afd636-aec1-4782-9055-f85ea283dc20
[2026-01-29 20:25:34.000]  [GetValueFromJsonOrDefault] ErrorCode:0 INFO: Read Imds response field with Name:vmScaleSetName Value: 
[2026-01-29 20:25:34.000]  [GetValueFromJsonOrDefault] ErrorCode:0 INFO: Read Imds response field with Name:resourceGroupName Value: AMAWIN_GROUP
[2026-01-29 20:25:34.000]  [GetValueFromJsonOrDefault] ErrorCode:0 INFO: Read Imds response field with Name:osType Value: Windows
[2026-01-29 20:25:34.000]  [GetValueFromJsonOrDefault] ErrorCode:0 INFO: Read Imds response field with Name:resourceId Value: /subscriptions/351651ce-5feb-4e59-975d-f1f344e2b717/resourceGroups/AMAWIN_GROUP/providers/Microsoft.Compute/virtualMachines/amawin
[2026-01-29 20:25:34.000]  [GetValueFromJsonOrDefault] ErrorCode:0 INFO: Read Imds response field with Name:azEnvironment Value: AzurePublicCloud
[2026-01-29 20:25:34.000]  [SetImdsEnvironmentVariable] ErrorCode:0 INFO: Successfully set Environment variables from Imds
[2026-01-29 20:25:34.000]  [AggregateHeartbeat] ErrorCode:0 INFO: Completed heartbeat aggregation.
[2026-01-29 20:26:03.000]  [WriteStatusToFile] ErrorCode:0 INFO: Sending the status.
[2026-01-29 20:26:03.000]  [WriteHeartbeatToFile] ErrorCode:0 INFO: Sending the heartbeat.
[2026-01-29 20:26:03.000]  [WriteHeartbeatToFile] ErrorCode:0 INFO: Done Sending the heartbeat.
[2026-01-29 20:26:03.000]  [WriteStatusToFile] ErrorCode:0 INFO: Done Sending the status.
[2026-01-29 20:26:33.000]  [WriteHeartbeatToFile] ErrorCode:0 INFO: Sending the heartbeat.
[2026-01-29 20:26:33.000]  [WriteStatusToFile] ErrorCode:0 INFO: Sending the status.
[2026-01-29 20:26:33.000]  [WriteStatusToFile] ErrorCode:0 INFO: Done Sending the status.
[2026-01-29 20:26:33.000]  [WriteHeartbeatToFile] ErrorCode:0 INFO: Done Sending the heartbeat.
[2026-01-29 20:26:34.000]  [FindProcessById] ErrorCode:0 INFO: Attempt to find the process MetricsExtension.Native.exe with ID: 5620.
[2026-01-29 20:26:34.000]  [FindProcessById] ErrorCode:0 INFO: Running Process MetricsExtension.Native.exe found. ID: 5620.
[2026-01-29 20:26:34.000]  [StartMetricsExtension] ErrorCode:0 ERROR: Metrics extension is already running
[2026-01-29 20:27:03.000]  [WriteStatusToFile] ErrorCode:0 INFO: Sending the status.
[2026-01-29 20:27:03.000]  [WriteHeartbeatToFile] ErrorCode:0 INFO: Sending the heartbeat.
[2026-01-29 20:27:03.000]  [WriteStatusToFile] ErrorCode:0 INFO: Done Sending the status.
[2026-01-29 20:27:03.000]  [WriteHeartbeatToFile] ErrorCode:0 INFO: Done Sending the heartbeat.
[2026-01-29 20:27:33.000]  [WriteStatusToFile] ErrorCode:0 INFO: Sending the status.
[2026-01-29 20:27:33.000]  [WriteHeartbeatToFile] ErrorCode:0 INFO: Sending the heartbeat.
[2026-01-29 20:27:33.000]  [WriteStatusToFile] ErrorCode:0 INFO: Done Sending the status.
[2026-01-29 20:27:33.000]  [WriteHeartbeatToFile] ErrorCode:0 INFO: Done Sending the heartbeat.
[2026-01-29 20:27:34.000]  [FindProcessById] ErrorCode:0 INFO: Attempt to find the process MetricsExtension.Native.exe with ID: 5620.
[2026-01-29 20:27:34.000]  [FindProcessById] ErrorCode:0 INFO: Running Process MetricsExtension.Native.exe found. ID: 5620.
[2026-01-29 20:27:34.000]  [StartMetricsExtension] ErrorCode:0 ERROR: Metrics extension is already running
[2026-01-29 20:28:03.000]  [WriteHeartbeatToFile] ErrorCode:0 INFO: Sending the heartbeat.
[2026-01-29 20:28:03.000]  [WriteStatusToFile] ErrorCode:0 INFO: Sending the status.
[2026-01-29 20:28:03.000]  [WriteStatusToFile] ErrorCode:0 INFO: Done Sending the status.
[2026-01-29 20:28:03.000]  [WriteHeartbeatToFile] ErrorCode:0 INFO: Done Sending the heartbeat.
[2026-01-29 20:28:33.000]  [WriteStatusToFile] ErrorCode:0 INFO: Sending the status.
[2026-01-29 20:28:33.000]  [WriteHeartbeatToFile] ErrorCode:0 INFO: Sending the heartbeat.
[2026-01-29 20:28:33.000]  [WriteHeartbeatToFile] ErrorCode:0 INFO: Done Sending the heartbeat.
[2026-01-29 20:28:33.000]  [WriteStatusToFile] ErrorCode:0 INFO: Done Sending the status.
[2026-01-29 20:28:34.000]  [FindProcessById] ErrorCode:0 INFO: Attempt to find the process MetricsExtension.Native.exe with ID: 5620.
[2026-01-29 20:28:34.000]  [FindProcessById] ErrorCode:0 INFO: Running Process MetricsExtension.Native.exe found. ID: 5620.
[2026-01-29 20:28:34.000]  [StartMetricsExtension] ErrorCode:0 ERROR: Metrics extension is already running
[2026-01-29 20:29:03.000]  [WriteHeartbeatToFile] ErrorCode:0 INFO: Sending the heartbeat.
[2026-01-29 20:29:03.000]  [WriteStatusToFile] ErrorCode:0 INFO: Sending the status.
[2026-01-29 20:29:03.000]  [WriteHeartbeatToFile] ErrorCode:0 INFO: Done Sending the heartbeat.
[2026-01-29 20:29:03.000]  [WriteStatusToFile] ErrorCode:0 INFO: Done Sending the status.
[2026-01-29 20:29:33.000]  [WriteStatusToFile] ErrorCode:0 INFO: Sending the status.
[2026-01-29 20:29:33.000]  [WriteHeartbeatToFile] ErrorCode:0 INFO: Sending the heartbeat.
[2026-01-29 20:29:33.000]  [WriteHeartbeatToFile] ErrorCode:0 INFO: Done Sending the heartbeat.
[2026-01-29 20:29:33.000]  [WriteStatusToFile] ErrorCode:0 INFO: Done Sending the status.
[2026-01-29 20:29:34.000]  [FindProcessById] ErrorCode:0 INFO: Attempt to find the process MetricsExtension.Native.exe with ID: 5620.
[2026-01-29 20:29:34.000]  [FindProcessById] ErrorCode:0 INFO: Running Process MetricsExtension.Native.exe found. ID: 5620.
[2026-01-29 20:29:34.000]  [StartMetricsExtension] ErrorCode:0 ERROR: Metrics extension is already running
[2026-01-29 20:30:03.000]  [WriteHeartbeatToFile] ErrorCode:0 INFO: Sending the heartbeat.
[2026-01-29 20:30:03.000]  [WriteStatusToFile] ErrorCode:0 INFO: Sending the status.
[2026-01-29 20:30:03.000]  [WriteHeartbeatToFile] ErrorCode:0 INFO: Done Sending the heartbeat.
[2026-01-29 20:30:03.000]  [WriteStatusToFile] ErrorCode:0 INFO: Done Sending the status.
[2026-01-29 20:30:33.000]  [WriteHeartbeatToFile] ErrorCode:0 INFO: Sending the heartbeat.
[2026-01-29 20:30:33.000]  [WriteStatusToFile] ErrorCode:0 INFO: Sending the status.
[2026-01-29 20:30:33.000]  [WriteStatusToFile] ErrorCode:0 INFO: Done Sending the status.
[2026-01-29 20:30:33.000]  [WriteHeartbeatToFile] ErrorCode:0 INFO: Done Sending the heartbeat.
[2026-01-29 20:30:34.000]  [FindProcessById] ErrorCode:0 INFO: Attempt to find the process MetricsExtension.Native.exe with ID: 5620.
[2026-01-29 20:30:34.000]  [FindProcessById] ErrorCode:0 INFO: Running Process MetricsExtension.Native.exe found. ID: 5620.
[2026-01-29 20:30:34.000]  [StartMetricsExtension] ErrorCode:0 ERROR: Metrics extension is already running
[2026-01-29 20:30:34.000]  [AggregateHeartbeat] ErrorCode:0 INFO: Start heartbeat aggregation.
[2026-01-29 20:30:34.000]  [QueryRegValueDWORD] ErrorCode:0 INFO: Query Registry for Key:SOFTWARE\Microsoft\Windows Azure\CurrentVersion\AzureMonitorAgentExtension\47.4.1.0, Name:MaServiceProcess
[2026-01-29 20:30:34.000]  [QueryRegValueDWORD] ErrorCode:0 INFO: Query Registry for Key:SOFTWARE\Microsoft\Windows Azure\CurrentVersion\AzureMonitorAgentExtension\47.4.1.0, Name:MaServiceProcess, Value:1904
[2026-01-29 20:30:34.000]  [FindProcessById] ErrorCode:0 INFO: Attempt to find the process MonAgentLauncher.exe with ID: 1904.
[2026-01-29 20:30:34.000]  [FindProcessById] ErrorCode:0 INFO: Running Process MonAgentLauncher.exe found. ID: 1904.
[2026-01-29 20:30:34.000]  [CheckIfMAServiceIsRunByExtension] ErrorCode:0 INFO: The MA process is running based on the m_registry
[2026-01-29 20:30:34.000]  [QueryRegValueDWORD] ErrorCode:0 INFO: Query Registry for Key:SOFTWARE\Microsoft\Windows Azure\CurrentVersion\AzureMonitorAgentExtension\47.4.1.0, Name:AMAMultitenantServiceProcess
[2026-01-29 20:30:34.000]  [QueryRegValueDWORD] ErrorCode:0 ERROR: RegQueryValueExA: failed to query REG_DWORD value, Key:SOFTWARE\Microsoft\Windows Azure\CurrentVersion\AzureMonitorAgentExtension\47.4.1.0, name=AMAMultitenantServiceProcess, error=2, type=0
[2026-01-29 20:30:34.000]  [CheckIfMAServiceIsRunByExtension] ErrorCode:1205 INFO: Unable to read the m_registry for MA process. Assume it is not running.
[2026-01-29 20:30:34.000]  [AggregateHeartbeat] ErrorCode:0 INFO: Configured MA Service is not running on the node.
[2026-01-29 20:30:34.000]  [SetImdsEnvironmentVariable] ErrorCode:0 INFO: Querying IMDS information
[2026-01-29 20:30:34.000]  [SetImdsEnvironmentVariable] ErrorCode:-1 INFO: Preparing to call IMDS. Endpoint: http://169.254.169.254
[2026-01-29 20:30:34.000]  [QueryIMDSEndpoint] ErrorCode:0 INFO: Queried IMDS successfully.
[2026-01-29 20:30:34.000]  [GetValueFromJsonOrDefault] ErrorCode:0 INFO: Read Imds response field with Name:location Value: westus2
[2026-01-29 20:30:34.000]  [GetValueFromJsonOrDefault] ErrorCode:0 INFO: Read Imds response field with Name:name Value: amawin
[2026-01-29 20:30:34.000]  [GetValueFromJsonOrDefault] ErrorCode:0 INFO: Read Imds response field with Name:subscriptionId Value: 351651ce-5feb-4e59-975d-f1f344e2b717
[2026-01-29 20:30:34.000]  [GetValueFromJsonOrDefault] ErrorCode:0 INFO: Read Imds response field with Name:vmId Value: 22afd636-aec1-4782-9055-f85ea283dc20
[2026-01-29 20:30:34.000]  [GetValueFromJsonOrDefault] ErrorCode:0 INFO: Read Imds response field with Name:vmScaleSetName Value: 
[2026-01-29 20:30:34.000]  [GetValueFromJsonOrDefault] ErrorCode:0 INFO: Read Imds response field with Name:resourceGroupName Value: AMAWIN_GROUP
[2026-01-29 20:30:34.000]  [GetValueFromJsonOrDefault] ErrorCode:0 INFO: Read Imds response field with Name:osType Value: Windows
[2026-01-29 20:30:34.000]  [GetValueFromJsonOrDefault] ErrorCode:0 INFO: Read Imds response field with Name:resourceId Value: /subscriptions/351651ce-5feb-4e59-975d-f1f344e2b717/resourceGroups/AMAWIN_GROUP/providers/Microsoft.Compute/virtualMachines/amawin
[2026-01-29 20:30:34.000]  [GetValueFromJsonOrDefault] ErrorCode:0 INFO: Read Imds response field with Name:azEnvironment Value: AzurePublicCloud
[2026-01-29 20:30:34.000]  [SetImdsEnvironmentVariable] ErrorCode:0 INFO: Successfully set Environment variables from Imds
[2026-01-29 20:30:34.000]  [AggregateHeartbeat] ErrorCode:0 INFO: Completed heartbeat aggregation.
[2026-01-29 20:31:03.000]  [WriteHeartbeatToFile] ErrorCode:0 INFO: Sending the heartbeat.
[2026-01-29 20:31:03.000]  [WriteStatusToFile] ErrorCode:0 INFO: Sending the status.
[2026-01-29 20:31:03.000]  [WriteHeartbeatToFile] ErrorCode:0 INFO: Done Sending the heartbeat.
[2026-01-29 20:31:03.000]  [WriteStatusToFile] ErrorCode:0 INFO: Done Sending the status.
[2026-01-29 20:31:34.000]  [WriteHeartbeatToFile] ErrorCode:0 INFO: Sending the heartbeat.
[2026-01-29 20:31:34.000]  [WriteStatusToFile] ErrorCode:0 INFO: Sending the status.
[2026-01-29 20:31:34.000]  [WriteStatusToFile] ErrorCode:0 INFO: Done Sending the status.
[2026-01-29 20:31:34.000]  [WriteHeartbeatToFile] ErrorCode:0 INFO: Done Sending the heartbeat.
[2026-01-29 20:31:34.000]  [FindProcessById] ErrorCode:0 INFO: Attempt to find the process MetricsExtension.Native.exe with ID: 5620.
[2026-01-29 20:31:34.000]  [FindProcessById] ErrorCode:0 INFO: Running Process MetricsExtension.Native.exe found. ID: 5620.
[2026-01-29 20:31:34.000]  [StartMetricsExtension] ErrorCode:0 ERROR: Metrics extension is already running
[2026-01-29 20:32:04.000]  [WriteStatusToFile] ErrorCode:0 INFO: Sending the status.
[2026-01-29 20:32:04.000]  [WriteHeartbeatToFile] ErrorCode:0 INFO: Sending the heartbeat.
[2026-01-29 20:32:04.000]  [WriteStatusToFile] ErrorCode:0 INFO: Done Sending the status.
[2026-01-29 20:32:04.000]  [WriteHeartbeatToFile] ErrorCode:0 INFO: Done Sending the heartbeat.
[2026-01-29 20:32:34.000]  [WriteStatusToFile] ErrorCode:0 INFO: Sending the status.
[2026-01-29 20:32:34.000]  [WriteHeartbeatToFile] ErrorCode:0 INFO: Sending the heartbeat.
[2026-01-29 20:32:34.000]  [WriteHeartbeatToFile] ErrorCode:0 INFO: Done Sending the heartbeat.
[2026-01-29 20:32:34.000]  [WriteStatusToFile] ErrorCode:0 INFO: Done Sending the status.
[2026-01-29 20:32:34.000]  [FindProcessById] ErrorCode:0 INFO: Attempt to find the process MetricsExtension.Native.exe with ID: 5620.
[2026-01-29 20:32:34.000]  [FindProcessById] ErrorCode:0 INFO: Running Process MetricsExtension.Native.exe found. ID: 5620.
[2026-01-29 20:32:34.000]  [StartMetricsExtension] ErrorCode:0 ERROR: Metrics extension is already running
[2026-01-29 20:33:04.000]  [WriteHeartbeatToFile] ErrorCode:0 INFO: Sending the heartbeat.
[2026-01-29 20:33:04.000]  [WriteStatusToFile] ErrorCode:0 INFO: Sending the status.
[2026-01-29 20:33:04.000]  [WriteStatusToFile] ErrorCode:0 INFO: Done Sending the status.
[2026-01-29 20:33:04.000]  [WriteHeartbeatToFile] ErrorCode:0 INFO: Done Sending the heartbeat.
[2026-01-29 20:33:34.000]  [WriteHeartbeatToFile] ErrorCode:0 INFO: Sending the heartbeat.
[2026-01-29 20:33:34.000]  [WriteStatusToFile] ErrorCode:0 INFO: Sending the status.
[2026-01-29 20:33:34.000]  [WriteStatusToFile] ErrorCode:0 INFO: Done Sending the status.
[2026-01-29 20:33:34.000]  [WriteHeartbeatToFile] ErrorCode:0 INFO: Done Sending the heartbeat.
[2026-01-29 20:33:34.000]  [FindProcessById] ErrorCode:0 INFO: Attempt to find the process MetricsExtension.Native.exe with ID: 5620.
[2026-01-29 20:33:34.000]  [FindProcessById] ErrorCode:0 INFO: Running Process MetricsExtension.Native.exe found. ID: 5620.
[2026-01-29 20:33:34.000]  [StartMetricsExtension] ErrorCode:0 ERROR: Metrics extension is already running
[2026-01-29 20:34:04.000]  [WriteHeartbeatToFile] ErrorCode:0 INFO: Sending the heartbeat.
[2026-01-29 20:34:04.000]  [WriteStatusToFile] ErrorCode:0 INFO: Sending the status.
[2026-01-29 20:34:04.000]  [WriteStatusToFile] ErrorCode:0 INFO: Done Sending the status.
[2026-01-29 20:34:04.000]  [WriteHeartbeatToFile] ErrorCode:0 INFO: Done Sending the heartbeat.
[2026-01-29 20:34:34.000]  [WriteStatusToFile] ErrorCode:0 INFO: Sending the status.
[2026-01-29 20:34:34.000]  [WriteStatusToFile] ErrorCode:0 INFO: Done Sending the status.
[2026-01-29 20:34:34.000]  [WriteHeartbeatToFile] ErrorCode:0 INFO: Sending the heartbeat.
[2026-01-29 20:34:34.000]  [WriteHeartbeatToFile] ErrorCode:0 INFO: Done Sending the heartbeat.
[2026-01-29 20:34:34.000]  [FindProcessById] ErrorCode:0 INFO: Attempt to find the process MetricsExtension.Native.exe with ID: 5620.
[2026-01-29 20:34:34.000]  [FindProcessById] ErrorCode:0 INFO: Running Process MetricsExtension.Native.exe found. ID: 5620.
[2026-01-29 20:34:34.000]  [StartMetricsExtension] ErrorCode:0 ERROR: Metrics extension is already running
[2026-01-29 20:35:04.000]  [WriteHeartbeatToFile] ErrorCode:0 INFO: Sending the heartbeat.
[2026-01-29 20:35:04.000]  [WriteStatusToFile] ErrorCode:0 INFO: Sending the status.
[2026-01-29 20:35:04.000]  [WriteStatusToFile] ErrorCode:0 INFO: Done Sending the status.
[2026-01-29 20:35:04.000]  [WriteHeartbeatToFile] ErrorCode:0 INFO: Done Sending the heartbeat.
[2026-01-29 20:35:34.000]  [WriteHeartbeatToFile] ErrorCode:0 INFO: Sending the heartbeat.
[2026-01-29 20:35:34.000]  [WriteStatusToFile] ErrorCode:0 INFO: Sending the status.
[2026-01-29 20:35:34.000]  [WriteStatusToFile] ErrorCode:0 INFO: Done Sending the status.
[2026-01-29 20:35:34.000]  [WriteHeartbeatToFile] ErrorCode:0 INFO: Done Sending the heartbeat.
[2026-01-29 20:35:34.000]  [FindProcessById] ErrorCode:0 INFO: Attempt to find the process MetricsExtension.Native.exe with ID: 5620.
[2026-01-29 20:35:34.000]  [FindProcessById] ErrorCode:0 INFO: Running Process MetricsExtension.Native.exe found. ID: 5620.
[2026-01-29 20:35:34.000]  [StartMetricsExtension] ErrorCode:0 ERROR: Metrics extension is already running
[2026-01-29 20:35:34.000]  [AggregateHeartbeat] ErrorCode:0 INFO: Start heartbeat aggregation.
[2026-01-29 20:35:34.000]  [QueryRegValueDWORD] ErrorCode:0 INFO: Query Registry for Key:SOFTWARE\Microsoft\Windows Azure\CurrentVersion\AzureMonitorAgentExtension\47.4.1.0, Name:MaServiceProcess
[2026-01-29 20:35:34.000]  [QueryRegValueDWORD] ErrorCode:0 INFO: Query Registry for Key:SOFTWARE\Microsoft\Windows Azure\CurrentVersion\AzureMonitorAgentExtension\47.4.1.0, Name:MaServiceProcess, Value:1904
[2026-01-29 20:35:34.000]  [FindProcessById] ErrorCode:0 INFO: Attempt to find the process MonAgentLauncher.exe with ID: 1904.
[2026-01-29 20:35:34.000]  [FindProcessById] ErrorCode:0 INFO: Running Process MonAgentLauncher.exe found. ID: 1904.
[2026-01-29 20:35:34.000]  [CheckIfMAServiceIsRunByExtension] ErrorCode:0 INFO: The MA process is running based on the m_registry
[2026-01-29 20:35:34.000]  [QueryRegValueDWORD] ErrorCode:0 INFO: Query Registry for Key:SOFTWARE\Microsoft\Windows Azure\CurrentVersion\AzureMonitorAgentExtension\47.4.1.0, Name:AMAMultitenantServiceProcess
[2026-01-29 20:35:34.000]  [QueryRegValueDWORD] ErrorCode:0 ERROR: RegQueryValueExA: failed to query REG_DWORD value, Key:SOFTWARE\Microsoft\Windows Azure\CurrentVersion\AzureMonitorAgentExtension\47.4.1.0, name=AMAMultitenantServiceProcess, error=2, type=0
[2026-01-29 20:35:34.000]  [CheckIfMAServiceIsRunByExtension] ErrorCode:1205 INFO: Unable to read the m_registry for MA process. Assume it is not running.
[2026-01-29 20:35:34.000]  [AggregateHeartbeat] ErrorCode:0 INFO: Configured MA Service is not running on the node.
[2026-01-29 20:35:34.000]  [SetImdsEnvironmentVariable] ErrorCode:0 INFO: Querying IMDS information
[2026-01-29 20:35:34.000]  [SetImdsEnvironmentVariable] ErrorCode:-1 INFO: Preparing to call IMDS. Endpoint: http://169.254.169.254
[2026-01-29 20:35:34.000]  [QueryIMDSEndpoint] ErrorCode:0 INFO: Queried IMDS successfully.
[2026-01-29 20:35:34.000]  [GetValueFromJsonOrDefault] ErrorCode:0 INFO: Read Imds response field with Name:location Value: westus2
[2026-01-29 20:35:34.000]  [GetValueFromJsonOrDefault] ErrorCode:0 INFO: Read Imds response field with Name:name Value: amawin
[2026-01-29 20:35:34.000]  [GetValueFromJsonOrDefault] ErrorCode:0 INFO: Read Imds response field with Name:subscriptionId Value: 351651ce-5feb-4e59-975d-f1f344e2b717
[2026-01-29 20:35:34.000]  [GetValueFromJsonOrDefault] ErrorCode:0 INFO: Read Imds response field with Name:vmId Value: 22afd636-aec1-4782-9055-f85ea283dc20
[2026-01-29 20:35:34.000]  [GetValueFromJsonOrDefault] ErrorCode:0 INFO: Read Imds response field with Name:vmScaleSetName Value: 
[2026-01-29 20:35:34.000]  [GetValueFromJsonOrDefault] ErrorCode:0 INFO: Read Imds response field with Name:resourceGroupName Value: AMAWIN_GROUP
[2026-01-29 20:35:34.000]  [GetValueFromJsonOrDefault] ErrorCode:0 INFO: Read Imds response field with Name:osType Value: Windows
[2026-01-29 20:35:34.000]  [GetValueFromJsonOrDefault] ErrorCode:0 INFO: Read Imds response field with Name:resourceId Value: /subscriptions/351651ce-5feb-4e59-975d-f1f344e2b717/resourceGroups/AMAWIN_GROUP/providers/Microsoft.Compute/virtualMachines/amawin
[2026-01-29 20:35:34.000]  [GetValueFromJsonOrDefault] ErrorCode:0 INFO: Read Imds response field with Name:azEnvironment Value: AzurePublicCloud
[2026-01-29 20:35:34.000]  [SetImdsEnvironmentVariable] ErrorCode:0 INFO: Successfully set Environment variables from Imds
[2026-01-29 20:35:34.000]  [AggregateHeartbeat] ErrorCode:0 INFO: Completed heartbeat aggregation.
[2026-01-29 20:36:04.000]  [WriteStatusToFile] ErrorCode:0 INFO: Sending the status.
[2026-01-29 20:36:04.000]  [WriteHeartbeatToFile] ErrorCode:0 INFO: Sending the heartbeat.
[2026-01-29 20:36:04.000]  [WriteHeartbeatToFile] ErrorCode:0 INFO: Done Sending the heartbeat.
[2026-01-29 20:36:04.000]  [WriteStatusToFile] ErrorCode:0 INFO: Done Sending the status.
[2026-01-29 20:36:34.000]  [WriteStatusToFile] ErrorCode:0 INFO: Sending the status.
[2026-01-29 20:36:34.000]  [WriteHeartbeatToFile] ErrorCode:0 INFO: Sending the heartbeat.
[2026-01-29 20:36:34.000]  [WriteStatusToFile] ErrorCode:0 INFO: Done Sending the status.
[2026-01-29 20:36:34.000]  [WriteHeartbeatToFile] ErrorCode:0 INFO: Done Sending the heartbeat.
[2026-01-29 20:36:34.000]  [FindProcessById] ErrorCode:0 INFO: Attempt to find the process MetricsExtension.Native.exe with ID: 5620.
[2026-01-29 20:36:34.000]  [FindProcessById] ErrorCode:0 INFO: Running Process MetricsExtension.Native.exe found. ID: 5620.
[2026-01-29 20:36:34.000]  [StartMetricsExtension] ErrorCode:0 ERROR: Metrics extension is already running
[2026-01-29 20:37:04.000]  [WriteStatusToFile] ErrorCode:0 INFO: Sending the status.
[2026-01-29 20:37:04.000]  [WriteHeartbeatToFile] ErrorCode:0 INFO: Sending the heartbeat.
[2026-01-29 20:37:04.000]  [WriteHeartbeatToFile] ErrorCode:0 INFO: Done Sending the heartbeat.
[2026-01-29 20:37:04.000]  [WriteStatusToFile] ErrorCode:0 INFO: Done Sending the status.
[2026-01-29 20:37:34.000]  [WriteStatusToFile] ErrorCode:0 INFO: Sending the status.
[2026-01-29 20:37:34.000]  [WriteHeartbeatToFile] ErrorCode:0 INFO: Sending the heartbeat.
[2026-01-29 20:37:34.000]  [WriteHeartbeatToFile] ErrorCode:0 INFO: Done Sending the heartbeat.
[2026-01-29 20:37:34.000]  [WriteStatusToFile] ErrorCode:0 INFO: Done Sending the status.
[2026-01-29 20:37:34.000]  [FindProcessById] ErrorCode:0 INFO: Attempt to find the process MetricsExtension.Native.exe with ID: 5620.
[2026-01-29 20:37:34.000]  [FindProcessById] ErrorCode:0 INFO: Running Process MetricsExtension.Native.exe found. ID: 5620.
[2026-01-29 20:37:34.000]  [StartMetricsExtension] ErrorCode:0 ERROR: Metrics extension is already running
[2026-01-29 20:38:04.000]  [WriteHeartbeatToFile] ErrorCode:0 INFO: Sending the heartbeat.
[2026-01-29 20:38:04.000]  [WriteStatusToFile] ErrorCode:0 INFO: Sending the status.
[2026-01-29 20:38:04.000]  [WriteStatusToFile] ErrorCode:0 INFO: Done Sending the status.
[2026-01-29 20:38:04.000]  [WriteHeartbeatToFile] ErrorCode:0 INFO: Done Sending the heartbeat.
[2026-01-29 20:38:34.000]  [WriteHeartbeatToFile] ErrorCode:0 INFO: Sending the heartbeat.
[2026-01-29 20:38:34.000]  [WriteStatusToFile] ErrorCode:0 INFO: Sending the status.
[2026-01-29 20:38:34.000]  [WriteStatusToFile] ErrorCode:0 INFO: Done Sending the status.
[2026-01-29 20:38:34.000]  [WriteHeartbeatToFile] ErrorCode:0 INFO: Done Sending the heartbeat.
[2026-01-29 20:38:34.000]  [FindProcessById] ErrorCode:0 INFO: Attempt to find the process MetricsExtension.Native.exe with ID: 5620.
[2026-01-29 20:38:34.000]  [FindProcessById] ErrorCode:0 INFO: Running Process MetricsExtension.Native.exe found. ID: 5620.
[2026-01-29 20:38:34.000]  [StartMetricsExtension] ErrorCode:0 ERROR: Metrics extension is already running
[2026-01-29 20:39:04.000]  [WriteHeartbeatToFile] ErrorCode:0 INFO: Sending the heartbeat.
[2026-01-29 20:39:04.000]  [WriteStatusToFile] ErrorCode:0 INFO: Sending the status.
[2026-01-29 20:39:04.000]  [WriteStatusToFile] ErrorCode:0 INFO: Done Sending the status.
[2026-01-29 20:39:04.000]  [WriteHeartbeatToFile] ErrorCode:0 INFO: Done Sending the heartbeat.
[2026-01-29 20:39:34.000]  [WriteStatusToFile] ErrorCode:0 INFO: Sending the status.
[2026-01-29 20:39:34.000]  [WriteHeartbeatToFile] ErrorCode:0 INFO: Sending the heartbeat.
[2026-01-29 20:39:34.000]  [WriteHeartbeatToFile] ErrorCode:0 INFO: Done Sending the heartbeat.
[2026-01-29 20:39:34.000]  [WriteStatusToFile] ErrorCode:0 INFO: Done Sending the status.
[2026-01-29 20:39:34.000]  [FindProcessById] ErrorCode:0 INFO: Attempt to find the process MetricsExtension.Native.exe with ID: 5620.
[2026-01-29 20:39:34.000]  [FindProcessById] ErrorCode:0 INFO: Running Process MetricsExtension.Native.exe found. ID: 5620.
[2026-01-29 20:39:34.000]  [StartMetricsExtension] ErrorCode:0 ERROR: Metrics extension is already running
[2026-01-29 20:40:04.000]  [WriteHeartbeatToFile] ErrorCode:0 INFO: Sending the heartbeat.
[2026-01-29 20:40:04.000]  [WriteStatusToFile] ErrorCode:0 INFO: Sending the status.
[2026-01-29 20:40:04.000]  [WriteHeartbeatToFile] ErrorCode:0 INFO: Done Sending the heartbeat.
[2026-01-29 20:40:04.000]  [WriteStatusToFile] ErrorCode:0 INFO: Done Sending the status.
[2026-01-29 20:40:34.000]  [WriteHeartbeatToFile] ErrorCode:0 INFO: Sending the heartbeat.
[2026-01-29 20:40:34.000]  [WriteStatusToFile] ErrorCode:0 INFO: Sending the status.
[2026-01-29 20:40:34.000]  [WriteHeartbeatToFile] ErrorCode:0 INFO: Done Sending the heartbeat.
[2026-01-29 20:40:34.000]  [WriteStatusToFile] ErrorCode:0 INFO: Done Sending the status.
[2026-01-29 20:40:34.000]  [FindProcessById] ErrorCode:0 INFO: Attempt to find the process MetricsExtension.Native.exe with ID: 5620.
[2026-01-29 20:40:34.000]  [FindProcessById] ErrorCode:0 INFO: Running Process MetricsExtension.Native.exe found. ID: 5620.
[2026-01-29 20:40:34.000]  [StartMetricsExtension] ErrorCode:0 ERROR: Metrics extension is already running
[2026-01-29 20:40:34.000]  [AggregateHeartbeat] ErrorCode:0 INFO: Start heartbeat aggregation.
[2026-01-29 20:40:34.000]  [QueryRegValueDWORD] ErrorCode:0 INFO: Query Registry for Key:SOFTWARE\Microsoft\Windows Azure\CurrentVersion\AzureMonitorAgentExtension\47.4.1.0, Name:MaServiceProcess
[2026-01-29 20:40:34.000]  [QueryRegValueDWORD] ErrorCode:0 INFO: Query Registry for Key:SOFTWARE\Microsoft\Windows Azure\CurrentVersion\AzureMonitorAgentExtension\47.4.1.0, Name:MaServiceProcess, Value:1904
[2026-01-29 20:40:34.000]  [FindProcessById] ErrorCode:0 INFO: Attempt to find the process MonAgentLauncher.exe with ID: 1904.
[2026-01-29 20:40:34.000]  [FindProcessById] ErrorCode:0 INFO: Running Process MonAgentLauncher.exe found. ID: 1904.
[2026-01-29 20:40:34.000]  [CheckIfMAServiceIsRunByExtension] ErrorCode:0 INFO: The MA process is running based on the m_registry
[2026-01-29 20:40:34.000]  [QueryRegValueDWORD] ErrorCode:0 INFO: Query Registry for Key:SOFTWARE\Microsoft\Windows Azure\CurrentVersion\AzureMonitorAgentExtension\47.4.1.0, Name:AMAMultitenantServiceProcess
[2026-01-29 20:40:34.000]  [QueryRegValueDWORD] ErrorCode:0 ERROR: RegQueryValueExA: failed to query REG_DWORD value, Key:SOFTWARE\Microsoft\Windows Azure\CurrentVersion\AzureMonitorAgentExtension\47.4.1.0, name=AMAMultitenantServiceProcess, error=2, type=0
[2026-01-29 20:40:34.000]  [CheckIfMAServiceIsRunByExtension] ErrorCode:1205 INFO: Unable to read the m_registry for MA process. Assume it is not running.
[2026-01-29 20:40:34.000]  [AggregateHeartbeat] ErrorCode:0 INFO: Configured MA Service is not running on the node.
[2026-01-29 20:40:34.000]  [SetImdsEnvironmentVariable] ErrorCode:0 INFO: Querying IMDS information
[2026-01-29 20:40:34.000]  [SetImdsEnvironmentVariable] ErrorCode:-1 INFO: Preparing to call IMDS. Endpoint: http://169.254.169.254
[2026-01-29 20:40:34.000]  [QueryIMDSEndpoint] ErrorCode:0 INFO: Queried IMDS successfully.
[2026-01-29 20:40:34.000]  [GetValueFromJsonOrDefault] ErrorCode:0 INFO: Read Imds response field with Name:location Value: westus2
[2026-01-29 20:40:34.000]  [GetValueFromJsonOrDefault] ErrorCode:0 INFO: Read Imds response field with Name:name Value: amawin
[2026-01-29 20:40:34.000]  [GetValueFromJsonOrDefault] ErrorCode:0 INFO: Read Imds response field with Name:subscriptionId Value: 351651ce-5feb-4e59-975d-f1f344e2b717
[2026-01-29 20:40:34.000]  [GetValueFromJsonOrDefault] ErrorCode:0 INFO: Read Imds response field with Name:vmId Value: 22afd636-aec1-4782-9055-f85ea283dc20
[2026-01-29 20:40:34.000]  [GetValueFromJsonOrDefault] ErrorCode:0 INFO: Read Imds response field with Name:vmScaleSetName Value: 
[2026-01-29 20:40:34.000]  [GetValueFromJsonOrDefault] ErrorCode:0 INFO: Read Imds response field with Name:resourceGroupName Value: AMAWIN_GROUP
[2026-01-29 20:40:34.000]  [GetValueFromJsonOrDefault] ErrorCode:0 INFO: Read Imds response field with Name:osType Value: Windows
[2026-01-29 20:40:34.000]  [GetValueFromJsonOrDefault] ErrorCode:0 INFO: Read Imds response field with Name:resourceId Value: /subscriptions/351651ce-5feb-4e59-975d-f1f344e2b717/resourceGroups/AMAWIN_GROUP/providers/Microsoft.Compute/virtualMachines/amawin
[2026-01-29 20:40:34.000]  [GetValueFromJsonOrDefault] ErrorCode:0 INFO: Read Imds response field with Name:azEnvironment Value: AzurePublicCloud
[2026-01-29 20:40:34.000]  [SetImdsEnvironmentVariable] ErrorCode:0 INFO: Successfully set Environment variables from Imds
[2026-01-29 20:40:34.000]  [AggregateHeartbeat] ErrorCode:0 INFO: Completed heartbeat aggregation.
[2026-01-29 20:41:04.000]  [WriteHeartbeatToFile] ErrorCode:0 INFO: Sending the heartbeat.
[2026-01-29 20:41:04.000]  [WriteStatusToFile] ErrorCode:0 INFO: Sending the status.
[2026-01-29 20:41:04.000]  [WriteStatusToFile] ErrorCode:0 INFO: Done Sending the status.
[2026-01-29 20:41:04.000]  [WriteHeartbeatToFile] ErrorCode:0 INFO: Done Sending the heartbeat.
[2026-01-29 20:41:34.000]  [WriteStatusToFile] ErrorCode:0 INFO: Sending the status.
[2026-01-29 20:41:34.000]  [WriteHeartbeatToFile] ErrorCode:0 INFO: Sending the heartbeat.
[2026-01-29 20:41:34.000]  [WriteHeartbeatToFile] ErrorCode:0 INFO: Done Sending the heartbeat.
[2026-01-29 20:41:34.000]  [WriteStatusToFile] ErrorCode:0 INFO: Done Sending the status.
[2026-01-29 20:41:34.000]  [FindProcessById] ErrorCode:0 INFO: Attempt to find the process MetricsExtension.Native.exe with ID: 5620.
[2026-01-29 20:41:34.000]  [FindProcessById] ErrorCode:0 INFO: Running Process MetricsExtension.Native.exe found. ID: 5620.
[2026-01-29 20:41:34.000]  [StartMetricsExtension] ErrorCode:0 ERROR: Metrics extension is already running
[2026-01-29 20:42:04.000]  [WriteStatusToFile] ErrorCode:0 INFO: Sending the status.
[2026-01-29 20:42:04.000]  [WriteHeartbeatToFile] ErrorCode:0 INFO: Sending the heartbeat.
[2026-01-29 20:42:04.000]  [WriteHeartbeatToFile] ErrorCode:0 INFO: Done Sending the heartbeat.
[2026-01-29 20:42:04.000]  [WriteStatusToFile] ErrorCode:0 INFO: Done Sending the status.
[2026-01-29 20:42:34.000]  [WriteStatusToFile] ErrorCode:0 INFO: Sending the status.
[2026-01-29 20:42:34.000]  [WriteHeartbeatToFile] ErrorCode:0 INFO: Sending the heartbeat.
[2026-01-29 20:42:34.000]  [WriteStatusToFile] ErrorCode:0 INFO: Done Sending the status.
[2026-01-29 20:42:34.000]  [WriteHeartbeatToFile] ErrorCode:0 INFO: Done Sending the heartbeat.
[2026-01-29 20:42:34.000]  [FindProcessById] ErrorCode:0 INFO: Attempt to find the process MetricsExtension.Native.exe with ID: 5620.
[2026-01-29 20:42:34.000]  [FindProcessById] ErrorCode:0 INFO: Running Process MetricsExtension.Native.exe found. ID: 5620.
[2026-01-29 20:42:34.000]  [StartMetricsExtension] ErrorCode:0 ERROR: Metrics extension is already running
[2026-01-29 20:43:04.000]  [WriteHeartbeatToFile] ErrorCode:0 INFO: Sending the heartbeat.
[2026-01-29 20:43:04.000]  [WriteStatusToFile] ErrorCode:0 INFO: Sending the status.
[2026-01-29 20:43:04.000]  [WriteHeartbeatToFile] ErrorCode:0 INFO: Done Sending the heartbeat.
[2026-01-29 20:43:04.000]  [WriteStatusToFile] ErrorCode:0 INFO: Done Sending the status.
[2026-01-29 20:43:34.000]  [WriteHeartbeatToFile] ErrorCode:0 INFO: Sending the heartbeat.
[2026-01-29 20:43:34.000]  [WriteStatusToFile] ErrorCode:0 INFO: Sending the status.
[2026-01-29 20:43:34.000]  [WriteStatusToFile] ErrorCode:0 INFO: Done Sending the status.
[2026-01-29 20:43:34.000]  [WriteHeartbeatToFile] ErrorCode:0 INFO: Done Sending the heartbeat.
[2026-01-29 20:43:34.000]  [FindProcessById] ErrorCode:0 INFO: Attempt to find the process MetricsExtension.Native.exe with ID: 5620.
[2026-01-29 20:43:34.000]  [FindProcessById] ErrorCode:0 INFO: Running Process MetricsExtension.Native.exe found. ID: 5620.
[2026-01-29 20:43:34.000]  [StartMetricsExtension] ErrorCode:0 ERROR: Metrics extension is already running
[2026-01-29 20:44:04.000]  [WriteHeartbeatToFile] ErrorCode:0 INFO: Sending the heartbeat.
[2026-01-29 20:44:04.000]  [WriteStatusToFile] ErrorCode:0 INFO: Sending the status.
[2026-01-29 20:44:04.000]  [WriteHeartbeatToFile] ErrorCode:0 INFO: Done Sending the heartbeat.
[2026-01-29 20:44:04.000]  [WriteStatusToFile] ErrorCode:0 INFO: Done Sending the status.
[2026-01-29 20:44:34.000]  [WriteHeartbeatToFile] ErrorCode:0 INFO: Sending the heartbeat.
[2026-01-29 20:44:34.000]  [WriteStatusToFile] ErrorCode:0 INFO: Sending the status.
[2026-01-29 20:44:34.000]  [WriteHeartbeatToFile] ErrorCode:0 INFO: Done Sending the heartbeat.
[2026-01-29 20:44:34.000]  [WriteStatusToFile] ErrorCode:0 INFO: Done Sending the status.
[2026-01-29 20:44:34.000]  [FindProcessById] ErrorCode:0 INFO: Attempt to find the process MetricsExtension.Native.exe with ID: 5620.
[2026-01-29 20:44:34.000]  [FindProcessById] ErrorCode:0 INFO: Running Process MetricsExtension.Native.exe found. ID: 5620.
[2026-01-29 20:44:34.000]  [StartMetricsExtension] ErrorCode:0 ERROR: Metrics extension is already running
[2026-01-29 20:45:04.000]  [WriteStatusToFile] ErrorCode:0 INFO: Sending the status.
[2026-01-29 20:45:04.000]  [WriteHeartbeatToFile] ErrorCode:0 INFO: Sending the heartbeat.
[2026-01-29 20:45:04.000]  [WriteStatusToFile] ErrorCode:0 INFO: Done Sending the status.
[2026-01-29 20:45:04.000]  [WriteHeartbeatToFile] ErrorCode:0 INFO: Done Sending the heartbeat.
[2026-01-29 20:45:34.000]  [WriteHeartbeatToFile] ErrorCode:0 INFO: Sending the heartbeat.
[2026-01-29 20:45:34.000]  [WriteStatusToFile] ErrorCode:0 INFO: Sending the status.
[2026-01-29 20:45:34.000]  [WriteStatusToFile] ErrorCode:0 INFO: Done Sending the status.
[2026-01-29 20:45:34.000]  [WriteHeartbeatToFile] ErrorCode:0 INFO: Done Sending the heartbeat.
[2026-01-29 20:45:34.000]  [FindProcessById] ErrorCode:0 INFO: Attempt to find the process MetricsExtension.Native.exe with ID: 5620.
[2026-01-29 20:45:34.000]  [FindProcessById] ErrorCode:0 INFO: Running Process MetricsExtension.Native.exe found. ID: 5620.
[2026-01-29 20:45:34.000]  [StartMetricsExtension] ErrorCode:0 ERROR: Metrics extension is already running
[2026-01-29 20:45:34.000]  [AggregateHeartbeat] ErrorCode:0 INFO: Start heartbeat aggregation.
[2026-01-29 20:45:34.000]  [QueryRegValueDWORD] ErrorCode:0 INFO: Query Registry for Key:SOFTWARE\Microsoft\Windows Azure\CurrentVersion\AzureMonitorAgentExtension\47.4.1.0, Name:MaServiceProcess
[2026-01-29 20:45:34.000]  [QueryRegValueDWORD] ErrorCode:0 INFO: Query Registry for Key:SOFTWARE\Microsoft\Windows Azure\CurrentVersion\AzureMonitorAgentExtension\47.4.1.0, Name:MaServiceProcess, Value:1904
[2026-01-29 20:45:34.000]  [FindProcessById] ErrorCode:0 INFO: Attempt to find the process MonAgentLauncher.exe with ID: 1904.
[2026-01-29 20:45:34.000]  [FindProcessById] ErrorCode:0 INFO: Running Process MonAgentLauncher.exe found. ID: 1904.
[2026-01-29 20:45:34.000]  [CheckIfMAServiceIsRunByExtension] ErrorCode:0 INFO: The MA process is running based on the m_registry
[2026-01-29 20:45:34.000]  [QueryRegValueDWORD] ErrorCode:0 INFO: Query Registry for Key:SOFTWARE\Microsoft\Windows Azure\CurrentVersion\AzureMonitorAgentExtension\47.4.1.0, Name:AMAMultitenantServiceProcess
[2026-01-29 20:45:34.000]  [QueryRegValueDWORD] ErrorCode:0 ERROR: RegQueryValueExA: failed to query REG_DWORD value, Key:SOFTWARE\Microsoft\Windows Azure\CurrentVersion\AzureMonitorAgentExtension\47.4.1.0, name=AMAMultitenantServiceProcess, error=2, type=0
[2026-01-29 20:45:34.000]  [CheckIfMAServiceIsRunByExtension] ErrorCode:1205 INFO: Unable to read the m_registry for MA process. Assume it is not running.
[2026-01-29 20:45:34.000]  [AggregateHeartbeat] ErrorCode:0 INFO: Configured MA Service is not running on the node.
[2026-01-29 20:45:34.000]  [SetImdsEnvironmentVariable] ErrorCode:0 INFO: Querying IMDS information
[2026-01-29 20:45:34.000]  [SetImdsEnvironmentVariable] ErrorCode:-1 INFO: Preparing to call IMDS. Endpoint: http://169.254.169.254
[2026-01-29 20:45:34.000]  [QueryIMDSEndpoint] ErrorCode:0 INFO: Queried IMDS successfully.
[2026-01-29 20:45:34.000]  [GetValueFromJsonOrDefault] ErrorCode:0 INFO: Read Imds response field with Name:location Value: westus2
[2026-01-29 20:45:34.000]  [GetValueFromJsonOrDefault] ErrorCode:0 INFO: Read Imds response field with Name:name Value: amawin
[2026-01-29 20:45:34.000]  [GetValueFromJsonOrDefault] ErrorCode:0 INFO: Read Imds response field with Name:subscriptionId Value: 351651ce-5feb-4e59-975d-f1f344e2b717
[2026-01-29 20:45:34.000]  [GetValueFromJsonOrDefault] ErrorCode:0 INFO: Read Imds response field with Name:vmId Value: 22afd636-aec1-4782-9055-f85ea283dc20
[2026-01-29 20:45:34.000]  [GetValueFromJsonOrDefault] ErrorCode:0 INFO: Read Imds response field with Name:vmScaleSetName Value: 
[2026-01-29 20:45:34.000]  [GetValueFromJsonOrDefault] ErrorCode:0 INFO: Read Imds response field with Name:resourceGroupName Value: AMAWIN_GROUP
[2026-01-29 20:45:34.000]  [GetValueFromJsonOrDefault] ErrorCode:0 INFO: Read Imds response field with Name:osType Value: Windows
[2026-01-29 20:45:34.000]  [GetValueFromJsonOrDefault] ErrorCode:0 INFO: Read Imds response field with Name:resourceId Value: /subscriptions/351651ce-5feb-4e59-975d-f1f344e2b717/resourceGroups/AMAWIN_GROUP/providers/Microsoft.Compute/virtualMachines/amawin
[2026-01-29 20:45:34.000]  [GetValueFromJsonOrDefault] ErrorCode:0 INFO: Read Imds response field with Name:azEnvironment Value: AzurePublicCloud
[2026-01-29 20:45:34.000]  [SetImdsEnvironmentVariable] ErrorCode:0 INFO: Successfully set Environment variables from Imds
[2026-01-29 20:45:34.000]  [AggregateHeartbeat] ErrorCode:0 INFO: Completed heartbeat aggregation.
[2026-01-29 20:46:04.000]  [WriteHeartbeatToFile] ErrorCode:0 INFO: Sending the heartbeat.
[2026-01-29 20:46:04.000]  [WriteStatusToFile] ErrorCode:0 INFO: Sending the status.
[2026-01-29 20:46:04.000]  [WriteStatusToFile] ErrorCode:0 INFO: Done Sending the status.
[2026-01-29 20:46:04.000]  [WriteHeartbeatToFile] ErrorCode:0 INFO: Done Sending the heartbeat.
[2026-01-29 20:46:34.000]  [WriteHeartbeatToFile] ErrorCode:0 INFO: Sending the heartbeat.
[2026-01-29 20:46:34.000]  [WriteStatusToFile] ErrorCode:0 INFO: Sending the status.
[2026-01-29 20:46:34.000]  [WriteStatusToFile] ErrorCode:0 INFO: Done Sending the status.
[2026-01-29 20:46:34.000]  [WriteHeartbeatToFile] ErrorCode:0 INFO: Done Sending the heartbeat.
[2026-01-29 20:46:34.000]  [FindProcessById] ErrorCode:0 INFO: Attempt to find the process MetricsExtension.Native.exe with ID: 5620.
[2026-01-29 20:46:34.000]  [FindProcessById] ErrorCode:0 INFO: Running Process MetricsExtension.Native.exe found. ID: 5620.
[2026-01-29 20:46:34.000]  [StartMetricsExtension] ErrorCode:0 ERROR: Metrics extension is already running
[2026-01-29 20:47:04.000]  [WriteStatusToFile] ErrorCode:0 INFO: Sending the status.
[2026-01-29 20:47:04.000]  [WriteHeartbeatToFile] ErrorCode:0 INFO: Sending the heartbeat.
[2026-01-29 20:47:04.000]  [WriteHeartbeatToFile] ErrorCode:0 INFO: Done Sending the heartbeat.
[2026-01-29 20:47:04.000]  [WriteStatusToFile] ErrorCode:0 INFO: Done Sending the status.
[2026-01-29 20:47:34.000]  [WriteHeartbeatToFile] ErrorCode:0 INFO: Sending the heartbeat.
[2026-01-29 20:47:34.000]  [WriteStatusToFile] ErrorCode:0 INFO: Sending the status.
[2026-01-29 20:47:34.000]  [WriteHeartbeatToFile] ErrorCode:0 INFO: Done Sending the heartbeat.
[2026-01-29 20:47:34.000]  [WriteStatusToFile] ErrorCode:0 INFO: Done Sending the status.
[2026-01-29 20:47:34.000]  [FindProcessById] ErrorCode:0 INFO: Attempt to find the process MetricsExtension.Native.exe with ID: 5620.
[2026-01-29 20:47:34.000]  [FindProcessById] ErrorCode:0 INFO: Running Process MetricsExtension.Native.exe found. ID: 5620.
[2026-01-29 20:47:34.000]  [StartMetricsExtension] ErrorCode:0 ERROR: Metrics extension is already running
[2026-01-29 20:48:04.000]  [WriteStatusToFile] ErrorCode:0 INFO: Sending the status.
[2026-01-29 20:48:04.000]  [WriteHeartbeatToFile] ErrorCode:0 INFO: Sending the heartbeat.
[2026-01-29 20:48:04.000]  [WriteStatusToFile] ErrorCode:0 INFO: Done Sending the status.
[2026-01-29 20:48:04.000]  [WriteHeartbeatToFile] ErrorCode:0 INFO: Done Sending the heartbeat.
[2026-01-29 20:48:34.000]  [WriteHeartbeatToFile] ErrorCode:0 INFO: Sending the heartbeat.
[2026-01-29 20:48:34.000]  [WriteStatusToFile] ErrorCode:0 INFO: Sending the status.
[2026-01-29 20:48:34.000]  [WriteStatusToFile] ErrorCode:0 INFO: Done Sending the status.
[2026-01-29 20:48:34.000]  [WriteHeartbeatToFile] ErrorCode:0 INFO: Done Sending the heartbeat.
[2026-01-29 20:48:34.000]  [FindProcessById] ErrorCode:0 INFO: Attempt to find the process MetricsExtension.Native.exe with ID: 5620.
[2026-01-29 20:48:34.000]  [FindProcessById] ErrorCode:0 INFO: Running Process MetricsExtension.Native.exe found. ID: 5620.
[2026-01-29 20:48:34.000]  [StartMetricsExtension] ErrorCode:0 ERROR: Metrics extension is already running
[2026-01-29 20:49:04.000]  [WriteStatusToFile] ErrorCode:0 INFO: Sending the status.
[2026-01-29 20:49:04.000]  [WriteHeartbeatToFile] ErrorCode:0 INFO: Sending the heartbeat.
[2026-01-29 20:49:04.000]  [WriteStatusToFile] ErrorCode:0 INFO: Done Sending the status.
[2026-01-29 20:49:04.000]  [WriteHeartbeatToFile] ErrorCode:0 INFO: Done Sending the heartbeat.
[2026-01-29 20:49:34.000]  [WriteStatusToFile] ErrorCode:0 INFO: Sending the status.
[2026-01-29 20:49:34.000]  [WriteHeartbeatToFile] ErrorCode:0 INFO: Sending the heartbeat.
[2026-01-29 20:49:34.000]  [WriteHeartbeatToFile] ErrorCode:0 INFO: Done Sending the heartbeat.
[2026-01-29 20:49:34.000]  [WriteStatusToFile] ErrorCode:0 INFO: Done Sending the status.
[2026-01-29 20:49:34.000]  [FindProcessById] ErrorCode:0 INFO: Attempt to find the process MetricsExtension.Native.exe with ID: 5620.
[2026-01-29 20:49:34.000]  [FindProcessById] ErrorCode:0 INFO: Running Process MetricsExtension.Native.exe found. ID: 5620.
[2026-01-29 20:49:34.000]  [StartMetricsExtension] ErrorCode:0 ERROR: Metrics extension is already running
[2026-01-29 20:50:04.000]  [WriteHeartbeatToFile] ErrorCode:0 INFO: Sending the heartbeat.
[2026-01-29 20:50:04.000]  [WriteStatusToFile] ErrorCode:0 INFO: Sending the status.
[2026-01-29 20:50:04.000]  [WriteStatusToFile] ErrorCode:0 INFO: Done Sending the status.
[2026-01-29 20:50:04.000]  [WriteHeartbeatToFile] ErrorCode:0 INFO: Done Sending the heartbeat.
[2026-01-29 20:50:34.000]  [WriteHeartbeatToFile] ErrorCode:0 INFO: Sending the heartbeat.
[2026-01-29 20:50:34.000]  [WriteStatusToFile] ErrorCode:0 INFO: Sending the status.
[2026-01-29 20:50:34.000]  [WriteStatusToFile] ErrorCode:0 INFO: Done Sending the status.
[2026-01-29 20:50:34.000]  [WriteHeartbeatToFile] ErrorCode:0 INFO: Done Sending the heartbeat.
[2026-01-29 20:50:34.000]  [FindProcessById] ErrorCode:0 INFO: Attempt to find the process MetricsExtension.Native.exe with ID: 5620.
[2026-01-29 20:50:34.000]  [FindProcessById] ErrorCode:0 INFO: Running Process MetricsExtension.Native.exe found. ID: 5620.
[2026-01-29 20:50:34.000]  [StartMetricsExtension] ErrorCode:0 ERROR: Metrics extension is already running
[2026-01-29 20:50:34.000]  [AggregateHeartbeat] ErrorCode:0 INFO: Start heartbeat aggregation.
[2026-01-29 20:50:34.000]  [QueryRegValueDWORD] ErrorCode:0 INFO: Query Registry for Key:SOFTWARE\Microsoft\Windows Azure\CurrentVersion\AzureMonitorAgentExtension\47.4.1.0, Name:MaServiceProcess
[2026-01-29 20:50:34.000]  [QueryRegValueDWORD] ErrorCode:0 INFO: Query Registry for Key:SOFTWARE\Microsoft\Windows Azure\CurrentVersion\AzureMonitorAgentExtension\47.4.1.0, Name:MaServiceProcess, Value:1904
[2026-01-29 20:50:34.000]  [FindProcessById] ErrorCode:0 INFO: Attempt to find the process MonAgentLauncher.exe with ID: 1904.
[2026-01-29 20:50:34.000]  [FindProcessById] ErrorCode:0 INFO: Running Process MonAgentLauncher.exe found. ID: 1904.
[2026-01-29 20:50:34.000]  [CheckIfMAServiceIsRunByExtension] ErrorCode:0 INFO: The MA process is running based on the m_registry
[2026-01-29 20:50:34.000]  [QueryRegValueDWORD] ErrorCode:0 INFO: Query Registry for Key:SOFTWARE\Microsoft\Windows Azure\CurrentVersion\AzureMonitorAgentExtension\47.4.1.0, Name:AMAMultitenantServiceProcess
[2026-01-29 20:50:34.000]  [QueryRegValueDWORD] ErrorCode:0 ERROR: RegQueryValueExA: failed to query REG_DWORD value, Key:SOFTWARE\Microsoft\Windows Azure\CurrentVersion\AzureMonitorAgentExtension\47.4.1.0, name=AMAMultitenantServiceProcess, error=2, type=0
[2026-01-29 20:50:34.000]  [CheckIfMAServiceIsRunByExtension] ErrorCode:1205 INFO: Unable to read the m_registry for MA process. Assume it is not running.
[2026-01-29 20:50:34.000]  [AggregateHeartbeat] ErrorCode:0 INFO: Configured MA Service is not running on the node.
[2026-01-29 20:50:34.000]  [SetImdsEnvironmentVariable] ErrorCode:0 INFO: Querying IMDS information
[2026-01-29 20:50:34.000]  [SetImdsEnvironmentVariable] ErrorCode:-1 INFO: Preparing to call IMDS. Endpoint: http://169.254.169.254
[2026-01-29 20:50:34.000]  [QueryIMDSEndpoint] ErrorCode:0 INFO: Queried IMDS successfully.
[2026-01-29 20:50:34.000]  [GetValueFromJsonOrDefault] ErrorCode:0 INFO: Read Imds response field with Name:location Value: westus2
[2026-01-29 20:50:34.000]  [GetValueFromJsonOrDefault] ErrorCode:0 INFO: Read Imds response field with Name:name Value: amawin
[2026-01-29 20:50:34.000]  [GetValueFromJsonOrDefault] ErrorCode:0 INFO: Read Imds response field with Name:subscriptionId Value: 351651ce-5feb-4e59-975d-f1f344e2b717
[2026-01-29 20:50:34.000]  [GetValueFromJsonOrDefault] ErrorCode:0 INFO: Read Imds response field with Name:vmId Value: 22afd636-aec1-4782-9055-f85ea283dc20
[2026-01-29 20:50:34.000]  [GetValueFromJsonOrDefault] ErrorCode:0 INFO: Read Imds response field with Name:vmScaleSetName Value: 
[2026-01-29 20:50:34.000]  [GetValueFromJsonOrDefault] ErrorCode:0 INFO: Read Imds response field with Name:resourceGroupName Value: AMAWIN_GROUP
[2026-01-29 20:50:34.000]  [GetValueFromJsonOrDefault] ErrorCode:0 INFO: Read Imds response field with Name:osType Value: Windows
[2026-01-29 20:50:34.000]  [GetValueFromJsonOrDefault] ErrorCode:0 INFO: Read Imds response field with Name:resourceId Value: /subscriptions/351651ce-5feb-4e59-975d-f1f344e2b717/resourceGroups/AMAWIN_GROUP/providers/Microsoft.Compute/virtualMachines/amawin
[2026-01-29 20:50:34.000]  [GetValueFromJsonOrDefault] ErrorCode:0 INFO: Read Imds response field with Name:azEnvironment Value: AzurePublicCloud
[2026-01-29 20:50:34.000]  [SetImdsEnvironmentVariable] ErrorCode:0 INFO: Successfully set Environment variables from Imds
[2026-01-29 20:50:34.000]  [AggregateHeartbeat] ErrorCode:0 INFO: Completed heartbeat aggregation.
[2026-01-29 20:51:04.000]  [WriteHeartbeatToFile] ErrorCode:0 INFO: Sending the heartbeat.
[2026-01-29 20:51:04.000]  [WriteStatusToFile] ErrorCode:0 INFO: Sending the status.
[2026-01-29 20:51:04.000]  [WriteHeartbeatToFile] ErrorCode:0 INFO: Done Sending the heartbeat.
[2026-01-29 20:51:04.000]  [WriteStatusToFile] ErrorCode:0 INFO: Done Sending the status.
[2026-01-29 20:51:34.000]  [WriteHeartbeatToFile] ErrorCode:0 INFO: Sending the heartbeat.
[2026-01-29 20:51:34.000]  [WriteStatusToFile] ErrorCode:0 INFO: Sending the status.
[2026-01-29 20:51:34.000]  [WriteStatusToFile] ErrorCode:0 INFO: Done Sending the status.
[2026-01-29 20:51:34.000]  [WriteHeartbeatToFile] ErrorCode:0 INFO: Done Sending the heartbeat.
[2026-01-29 20:51:34.000]  [FindProcessById] ErrorCode:0 INFO: Attempt to find the process MetricsExtension.Native.exe with ID: 5620.
[2026-01-29 20:51:34.000]  [FindProcessById] ErrorCode:0 INFO: Running Process MetricsExtension.Native.exe found. ID: 5620.
[2026-01-29 20:51:34.000]  [StartMetricsExtension] ErrorCode:0 ERROR: Metrics extension is already running
[2026-01-29 20:52:04.000]  [WriteHeartbeatToFile] ErrorCode:0 INFO: Sending the heartbeat.
[2026-01-29 20:52:04.000]  [WriteStatusToFile] ErrorCode:0 INFO: Sending the status.
[2026-01-29 20:52:04.000]  [WriteHeartbeatToFile] ErrorCode:0 INFO: Done Sending the heartbeat.
[2026-01-29 20:52:04.000]  [WriteStatusToFile] ErrorCode:0 INFO: Done Sending the status.
[2026-01-29 20:52:34.000]  [WriteHeartbeatToFile] ErrorCode:0 INFO: Sending the heartbeat.
[2026-01-29 20:52:34.000]  [WriteStatusToFile] ErrorCode:0 INFO: Sending the status.
[2026-01-29 20:52:34.000]  [WriteHeartbeatToFile] ErrorCode:0 INFO: Done Sending the heartbeat.
[2026-01-29 20:52:34.000]  [WriteStatusToFile] ErrorCode:0 INFO: Done Sending the status.
[2026-01-29 20:52:34.000]  [FindProcessById] ErrorCode:0 INFO: Attempt to find the process MetricsExtension.Native.exe with ID: 5620.
[2026-01-29 20:52:34.000]  [FindProcessById] ErrorCode:0 INFO: Running Process MetricsExtension.Native.exe found. ID: 5620.
[2026-01-29 20:52:34.000]  [StartMetricsExtension] ErrorCode:0 ERROR: Metrics extension is already running
[2026-01-29 20:53:04.000]  [WriteHeartbeatToFile] ErrorCode:0 INFO: Sending the heartbeat.
[2026-01-29 20:53:04.000]  [WriteStatusToFile] ErrorCode:0 INFO: Sending the status.
[2026-01-29 20:53:04.000]  [WriteHeartbeatToFile] ErrorCode:0 INFO: Done Sending the heartbeat.
[2026-01-29 20:53:04.000]  [WriteStatusToFile] ErrorCode:0 INFO: Done Sending the status.
[2026-01-29 20:53:34.000]  [WriteHeartbeatToFile] ErrorCode:0 INFO: Sending the heartbeat.
[2026-01-29 20:53:34.000]  [WriteStatusToFile] ErrorCode:0 INFO: Sending the status.
[2026-01-29 20:53:34.000]  [WriteStatusToFile] ErrorCode:0 INFO: Done Sending the status.
[2026-01-29 20:53:34.000]  [WriteHeartbeatToFile] ErrorCode:0 INFO: Done Sending the heartbeat.
[2026-01-29 20:53:34.000]  [FindProcessById] ErrorCode:0 INFO: Attempt to find the process MetricsExtension.Native.exe with ID: 5620.
[2026-01-29 20:53:34.000]  [FindProcessById] ErrorCode:0 INFO: Running Process MetricsExtension.Native.exe found. ID: 5620.
[2026-01-29 20:53:34.000]  [StartMetricsExtension] ErrorCode:0 ERROR: Metrics extension is already running
[2026-01-29 20:54:04.000]  [WriteHeartbeatToFile] ErrorCode:0 INFO: Sending the heartbeat.
[2026-01-29 20:54:04.000]  [WriteStatusToFile] ErrorCode:0 INFO: Sending the status.
[2026-01-29 20:54:04.000]  [WriteStatusToFile] ErrorCode:0 INFO: Done Sending the status.
[2026-01-29 20:54:04.000]  [WriteHeartbeatToFile] ErrorCode:0 INFO: Done Sending the heartbeat.
[2026-01-29 20:54:34.000]  [WriteHeartbeatToFile] ErrorCode:0 INFO: Sending the heartbeat.
[2026-01-29 20:54:34.000]  [WriteStatusToFile] ErrorCode:0 INFO: Sending the status.
[2026-01-29 20:54:34.000]  [WriteStatusToFile] ErrorCode:0 INFO: Done Sending the status.
[2026-01-29 20:54:34.000]  [WriteHeartbeatToFile] ErrorCode:0 INFO: Done Sending the heartbeat.
[2026-01-29 20:54:34.000]  [FindProcessById] ErrorCode:0 INFO: Attempt to find the process MetricsExtension.Native.exe with ID: 5620.
[2026-01-29 20:54:34.000]  [FindProcessById] ErrorCode:0 INFO: Running Process MetricsExtension.Native.exe found. ID: 5620.
[2026-01-29 20:54:34.000]  [StartMetricsExtension] ErrorCode:0 ERROR: Metrics extension is already running
[2026-01-29 20:55:04.000]  [WriteHeartbeatToFile] ErrorCode:0 INFO: Sending the heartbeat.
[2026-01-29 20:55:04.000]  [WriteStatusToFile] ErrorCode:0 INFO: Sending the status.
[2026-01-29 20:55:04.000]  [WriteHeartbeatToFile] ErrorCode:0 INFO: Done Sending the heartbeat.
[2026-01-29 20:55:04.000]  [WriteStatusToFile] ErrorCode:0 INFO: Done Sending the status.
[2026-01-29 20:55:34.000]  [WriteStatusToFile] ErrorCode:0 INFO: Sending the status.
[2026-01-29 20:55:34.000]  [WriteHeartbeatToFile] ErrorCode:0 INFO: Sending the heartbeat.
[2026-01-29 20:55:34.000]  [WriteHeartbeatToFile] ErrorCode:0 INFO: Done Sending the heartbeat.
[2026-01-29 20:55:34.000]  [WriteStatusToFile] ErrorCode:0 INFO: Done Sending the status.
[2026-01-29 20:55:34.000]  [FindProcessById] ErrorCode:0 INFO: Attempt to find the process MetricsExtension.Native.exe with ID: 5620.
[2026-01-29 20:55:34.000]  [FindProcessById] ErrorCode:0 INFO: Running Process MetricsExtension.Native.exe found. ID: 5620.
[2026-01-29 20:55:34.000]  [StartMetricsExtension] ErrorCode:0 ERROR: Metrics extension is already running
[2026-01-29 20:55:34.000]  [AggregateHeartbeat] ErrorCode:0 INFO: Start heartbeat aggregation.
[2026-01-29 20:55:34.000]  [QueryRegValueDWORD] ErrorCode:0 INFO: Query Registry for Key:SOFTWARE\Microsoft\Windows Azure\CurrentVersion\AzureMonitorAgentExtension\47.4.1.0, Name:MaServiceProcess
[2026-01-29 20:55:34.000]  [QueryRegValueDWORD] ErrorCode:0 INFO: Query Registry for Key:SOFTWARE\Microsoft\Windows Azure\CurrentVersion\AzureMonitorAgentExtension\47.4.1.0, Name:MaServiceProcess, Value:1904
[2026-01-29 20:55:34.000]  [FindProcessById] ErrorCode:0 INFO: Attempt to find the process MonAgentLauncher.exe with ID: 1904.
[2026-01-29 20:55:34.000]  [FindProcessById] ErrorCode:0 INFO: Running Process MonAgentLauncher.exe found. ID: 1904.
[2026-01-29 20:55:34.000]  [CheckIfMAServiceIsRunByExtension] ErrorCode:0 INFO: The MA process is running based on the m_registry
[2026-01-29 20:55:34.000]  [QueryRegValueDWORD] ErrorCode:0 INFO: Query Registry for Key:SOFTWARE\Microsoft\Windows Azure\CurrentVersion\AzureMonitorAgentExtension\47.4.1.0, Name:AMAMultitenantServiceProcess
[2026-01-29 20:55:34.000]  [QueryRegValueDWORD] ErrorCode:0 ERROR: RegQueryValueExA: failed to query REG_DWORD value, Key:SOFTWARE\Microsoft\Windows Azure\CurrentVersion\AzureMonitorAgentExtension\47.4.1.0, name=AMAMultitenantServiceProcess, error=2, type=0
[2026-01-29 20:55:34.000]  [CheckIfMAServiceIsRunByExtension] ErrorCode:1205 INFO: Unable to read the m_registry for MA process. Assume it is not running.
[2026-01-29 20:55:34.000]  [AggregateHeartbeat] ErrorCode:0 INFO: Configured MA Service is not running on the node.
[2026-01-29 20:55:34.000]  [SetImdsEnvironmentVariable] ErrorCode:0 INFO: Querying IMDS information
[2026-01-29 20:55:34.000]  [SetImdsEnvironmentVariable] ErrorCode:-1 INFO: Preparing to call IMDS. Endpoint: http://169.254.169.254
[2026-01-29 20:55:34.000]  [QueryIMDSEndpoint] ErrorCode:0 INFO: Queried IMDS successfully.
[2026-01-29 20:55:34.000]  [GetValueFromJsonOrDefault] ErrorCode:0 INFO: Read Imds response field with Name:location Value: westus2
[2026-01-29 20:55:34.000]  [GetValueFromJsonOrDefault] ErrorCode:0 INFO: Read Imds response field with Name:name Value: amawin
[2026-01-29 20:55:34.000]  [GetValueFromJsonOrDefault] ErrorCode:0 INFO: Read Imds response field with Name:subscriptionId Value: 351651ce-5feb-4e59-975d-f1f344e2b717
[2026-01-29 20:55:34.000]  [GetValueFromJsonOrDefault] ErrorCode:0 INFO: Read Imds response field with Name:vmId Value: 22afd636-aec1-4782-9055-f85ea283dc20
[2026-01-29 20:55:34.000]  [GetValueFromJsonOrDefault] ErrorCode:0 INFO: Read Imds response field with Name:vmScaleSetName Value: 
[2026-01-29 20:55:34.000]  [GetValueFromJsonOrDefault] ErrorCode:0 INFO: Read Imds response field with Name:resourceGroupName Value: AMAWIN_GROUP
[2026-01-29 20:55:34.000]  [GetValueFromJsonOrDefault] ErrorCode:0 INFO: Read Imds response field with Name:osType Value: Windows
[2026-01-29 20:55:34.000]  [GetValueFromJsonOrDefault] ErrorCode:0 INFO: Read Imds response field with Name:resourceId Value: /subscriptions/351651ce-5feb-4e59-975d-f1f344e2b717/resourceGroups/AMAWIN_GROUP/providers/Microsoft.Compute/virtualMachines/amawin
[2026-01-29 20:55:34.000]  [GetValueFromJsonOrDefault] ErrorCode:0 INFO: Read Imds response field with Name:azEnvironment Value: AzurePublicCloud
[2026-01-29 20:55:34.000]  [SetImdsEnvironmentVariable] ErrorCode:0 INFO: Successfully set Environment variables from Imds
[2026-01-29 20:55:34.000]  [AggregateHeartbeat] ErrorCode:0 INFO: Completed heartbeat aggregation.
[2026-01-29 20:56:04.000]  [WriteHeartbeatToFile] ErrorCode:0 INFO: Sending the heartbeat.
[2026-01-29 20:56:04.000]  [WriteStatusToFile] ErrorCode:0 INFO: Sending the status.
[2026-01-29 20:56:04.000]  [WriteStatusToFile] ErrorCode:0 INFO: Done Sending the status.
[2026-01-29 20:56:04.000]  [WriteHeartbeatToFile] ErrorCode:0 INFO: Done Sending the heartbeat.
[2026-01-29 20:56:34.000]  [WriteStatusToFile] ErrorCode:0 INFO: Sending the status.
[2026-01-29 20:56:34.000]  [WriteHeartbeatToFile] ErrorCode:0 INFO: Sending the heartbeat.
[2026-01-29 20:56:34.000]  [WriteHeartbeatToFile] ErrorCode:0 INFO: Done Sending the heartbeat.
[2026-01-29 20:56:34.000]  [WriteStatusToFile] ErrorCode:0 INFO: Done Sending the status.
[2026-01-29 20:56:34.000]  [FindProcessById] ErrorCode:0 INFO: Attempt to find the process MetricsExtension.Native.exe with ID: 5620.
[2026-01-29 20:56:34.000]  [FindProcessById] ErrorCode:0 INFO: Running Process MetricsExtension.Native.exe found. ID: 5620.
[2026-01-29 20:56:34.000]  [StartMetricsExtension] ErrorCode:0 ERROR: Metrics extension is already running
[2026-01-29 20:57:04.000]  [WriteStatusToFile] ErrorCode:0 INFO: Sending the status.
[2026-01-29 20:57:04.000]  [WriteHeartbeatToFile] ErrorCode:0 INFO: Sending the heartbeat.
[2026-01-29 20:57:04.000]  [WriteStatusToFile] ErrorCode:0 INFO: Done Sending the status.
[2026-01-29 20:57:04.000]  [WriteHeartbeatToFile] ErrorCode:0 INFO: Done Sending the heartbeat.
[2026-01-29 20:57:34.000]  [WriteHeartbeatToFile] ErrorCode:0 INFO: Sending the heartbeat.
[2026-01-29 20:57:34.000]  [WriteStatusToFile] ErrorCode:0 INFO: Sending the status.
[2026-01-29 20:57:34.000]  [WriteStatusToFile] ErrorCode:0 INFO: Done Sending the status.
[2026-01-29 20:57:34.000]  [WriteHeartbeatToFile] ErrorCode:0 INFO: Done Sending the heartbeat.
[2026-01-29 20:57:34.000]  [FindProcessById] ErrorCode:0 INFO: Attempt to find the process MetricsExtension.Native.exe with ID: 5620.
[2026-01-29 20:57:34.000]  [FindProcessById] ErrorCode:0 INFO: Running Process MetricsExtension.Native.exe found. ID: 5620.
[2026-01-29 20:57:34.000]  [StartMetricsExtension] ErrorCode:0 ERROR: Metrics extension is already running
[2026-01-29 20:58:04.000]  [WriteHeartbeatToFile] ErrorCode:0 INFO: Sending the heartbeat.
[2026-01-29 20:58:04.000]  [WriteStatusToFile] ErrorCode:0 INFO: Sending the status.
[2026-01-29 20:58:04.000]  [WriteStatusToFile] ErrorCode:0 INFO: Done Sending the status.
[2026-01-29 20:58:04.000]  [WriteHeartbeatToFile] ErrorCode:0 INFO: Done Sending the heartbeat.
[2026-01-29 20:58:34.000]  [WriteHeartbeatToFile] ErrorCode:0 INFO: Sending the heartbeat.
[2026-01-29 20:58:34.000]  [WriteStatusToFile] ErrorCode:0 INFO: Sending the status.
[2026-01-29 20:58:34.000]  [WriteHeartbeatToFile] ErrorCode:0 INFO: Done Sending the heartbeat.
[2026-01-29 20:58:34.000]  [WriteStatusToFile] ErrorCode:0 INFO: Done Sending the status.
[2026-01-29 20:58:34.000]  [FindProcessById] ErrorCode:0 INFO: Attempt to find the process MetricsExtension.Native.exe with ID: 5620.
[2026-01-29 20:58:34.000]  [FindProcessById] ErrorCode:0 INFO: Running Process MetricsExtension.Native.exe found. ID: 5620.
[2026-01-29 20:58:34.000]  [StartMetricsExtension] ErrorCode:0 ERROR: Metrics extension is already running
[2026-01-29 20:59:04.000]  [WriteStatusToFile] ErrorCode:0 INFO: Sending the status.
[2026-01-29 20:59:04.000]  [WriteHeartbeatToFile] ErrorCode:0 INFO: Sending the heartbeat.
[2026-01-29 20:59:04.000]  [WriteHeartbeatToFile] ErrorCode:0 INFO: Done Sending the heartbeat.
[2026-01-29 20:59:04.000]  [WriteStatusToFile] ErrorCode:0 INFO: Done Sending the status.
[2026-01-29 20:59:34.000]  [WriteHeartbeatToFile] ErrorCode:0 INFO: Sending the heartbeat.
[2026-01-29 20:59:34.000]  [WriteStatusToFile] ErrorCode:0 INFO: Sending the status.
[2026-01-29 20:59:34.000]  [WriteHeartbeatToFile] ErrorCode:0 INFO: Done Sending the heartbeat.
[2026-01-29 20:59:34.000]  [WriteStatusToFile] ErrorCode:0 INFO: Done Sending the status.
[2026-01-29 20:59:34.000]  [FindProcessById] ErrorCode:0 INFO: Attempt to find the process MetricsExtension.Native.exe with ID: 5620.
[2026-01-29 20:59:34.000]  [FindProcessById] ErrorCode:0 INFO: Running Process MetricsExtension.Native.exe found. ID: 5620.
[2026-01-29 20:59:34.000]  [StartMetricsExtension] ErrorCode:0 ERROR: Metrics extension is already running
[2026-01-29 21:00:04.000]  [WriteStatusToFile] ErrorCode:0 INFO: Sending the status.
[2026-01-29 21:00:04.000]  [WriteHeartbeatToFile] ErrorCode:0 INFO: Sending the heartbeat.
[2026-01-29 21:00:04.000]  [WriteStatusToFile] ErrorCode:0 INFO: Done Sending the status.
[2026-01-29 21:00:04.000]  [WriteHeartbeatToFile] ErrorCode:0 INFO: Done Sending the heartbeat.
[2026-01-29 21:00:34.000]  [WriteStatusToFile] ErrorCode:0 INFO: Sending the status.
[2026-01-29 21:00:34.000]  [WriteHeartbeatToFile] ErrorCode:0 INFO: Sending the heartbeat.
[2026-01-29 21:00:34.000]  [WriteStatusToFile] ErrorCode:0 INFO: Done Sending the status.
[2026-01-29 21:00:34.000]  [WriteHeartbeatToFile] ErrorCode:0 INFO: Done Sending the heartbeat.
[2026-01-29 21:00:34.000]  [FindProcessById] ErrorCode:0 INFO: Attempt to find the process MetricsExtension.Native.exe with ID: 5620.
[2026-01-29 21:00:34.000]  [FindProcessById] ErrorCode:0 INFO: Running Process MetricsExtension.Native.exe found. ID: 5620.
[2026-01-29 21:00:34.000]  [StartMetricsExtension] ErrorCode:0 ERROR: Metrics extension is already running
[2026-01-29 21:00:34.000]  [AggregateHeartbeat] ErrorCode:0 INFO: Start heartbeat aggregation.
[2026-01-29 21:00:34.000]  [QueryRegValueDWORD] ErrorCode:0 INFO: Query Registry for Key:SOFTWARE\Microsoft\Windows Azure\CurrentVersion\AzureMonitorAgentExtension\47.4.1.0, Name:MaServiceProcess
[2026-01-29 21:00:34.000]  [QueryRegValueDWORD] ErrorCode:0 INFO: Query Registry for Key:SOFTWARE\Microsoft\Windows Azure\CurrentVersion\AzureMonitorAgentExtension\47.4.1.0, Name:MaServiceProcess, Value:1904
[2026-01-29 21:00:34.000]  [FindProcessById] ErrorCode:0 INFO: Attempt to find the process MonAgentLauncher.exe with ID: 1904.
[2026-01-29 21:00:34.000]  [FindProcessById] ErrorCode:0 INFO: Running Process MonAgentLauncher.exe found. ID: 1904.
[2026-01-29 21:00:34.000]  [CheckIfMAServiceIsRunByExtension] ErrorCode:0 INFO: The MA process is running based on the m_registry
[2026-01-29 21:00:34.000]  [QueryRegValueDWORD] ErrorCode:0 INFO: Query Registry for Key:SOFTWARE\Microsoft\Windows Azure\CurrentVersion\AzureMonitorAgentExtension\47.4.1.0, Name:AMAMultitenantServiceProcess
[2026-01-29 21:00:34.000]  [QueryRegValueDWORD] ErrorCode:0 ERROR: RegQueryValueExA: failed to query REG_DWORD value, Key:SOFTWARE\Microsoft\Windows Azure\CurrentVersion\AzureMonitorAgentExtension\47.4.1.0, name=AMAMultitenantServiceProcess, error=2, type=0
[2026-01-29 21:00:34.000]  [CheckIfMAServiceIsRunByExtension] ErrorCode:1205 INFO: Unable to read the m_registry for MA process. Assume it is not running.
[2026-01-29 21:00:34.000]  [AggregateHeartbeat] ErrorCode:0 INFO: Configured MA Service is not running on the node.
[2026-01-29 21:00:34.000]  [SetImdsEnvironmentVariable] ErrorCode:0 INFO: Querying IMDS information
[2026-01-29 21:00:34.000]  [SetImdsEnvironmentVariable] ErrorCode:-1 INFO: Preparing to call IMDS. Endpoint: http://169.254.169.254
[2026-01-29 21:00:34.000]  [QueryIMDSEndpoint] ErrorCode:0 INFO: Queried IMDS successfully.
[2026-01-29 21:00:34.000]  [GetValueFromJsonOrDefault] ErrorCode:0 INFO: Read Imds response field with Name:location Value: westus2
[2026-01-29 21:00:34.000]  [GetValueFromJsonOrDefault] ErrorCode:0 INFO: Read Imds response field with Name:name Value: amawin
[2026-01-29 21:00:34.000]  [GetValueFromJsonOrDefault] ErrorCode:0 INFO: Read Imds response field with Name:subscriptionId Value: 351651ce-5feb-4e59-975d-f1f344e2b717
[2026-01-29 21:00:34.000]  [GetValueFromJsonOrDefault] ErrorCode:0 INFO: Read Imds response field with Name:vmId Value: 22afd636-aec1-4782-9055-f85ea283dc20
[2026-01-29 21:00:34.000]  [GetValueFromJsonOrDefault] ErrorCode:0 INFO: Read Imds response field with Name:vmScaleSetName Value: 
[2026-01-29 21:00:34.000]  [GetValueFromJsonOrDefault] ErrorCode:0 INFO: Read Imds response field with Name:resourceGroupName Value: AMAWIN_GROUP
[2026-01-29 21:00:34.000]  [GetValueFromJsonOrDefault] ErrorCode:0 INFO: Read Imds response field with Name:osType Value: Windows
[2026-01-29 21:00:34.000]  [GetValueFromJsonOrDefault] ErrorCode:0 INFO: Read Imds response field with Name:resourceId Value: /subscriptions/351651ce-5feb-4e59-975d-f1f344e2b717/resourceGroups/AMAWIN_GROUP/providers/Microsoft.Compute/virtualMachines/amawin
[2026-01-29 21:00:34.000]  [GetValueFromJsonOrDefault] ErrorCode:0 INFO: Read Imds response field with Name:azEnvironment Value: AzurePublicCloud
[2026-01-29 21:00:34.000]  [SetImdsEnvironmentVariable] ErrorCode:0 INFO: Successfully set Environment variables from Imds
[2026-01-29 21:00:34.000]  [AggregateHeartbeat] ErrorCode:0 INFO: Completed heartbeat aggregation.
[2026-01-29 21:01:04.000]  [WriteHeartbeatToFile] ErrorCode:0 INFO: Sending the heartbeat.
[2026-01-29 21:01:04.000]  [WriteStatusToFile] ErrorCode:0 INFO: Sending the status.
[2026-01-29 21:01:04.000]  [WriteStatusToFile] ErrorCode:0 INFO: Done Sending the status.
[2026-01-29 21:01:04.000]  [WriteHeartbeatToFile] ErrorCode:0 INFO: Done Sending the heartbeat.
[2026-01-29 21:01:34.000]  [WriteHeartbeatToFile] ErrorCode:0 INFO: Sending the heartbeat.
[2026-01-29 21:01:34.000]  [WriteStatusToFile] ErrorCode:0 INFO: Sending the status.
[2026-01-29 21:01:34.000]  [WriteHeartbeatToFile] ErrorCode:0 INFO: Done Sending the heartbeat.
[2026-01-29 21:01:34.000]  [WriteStatusToFile] ErrorCode:0 INFO: Done Sending the status.
[2026-01-29 21:01:34.000]  [FindProcessById] ErrorCode:0 INFO: Attempt to find the process MetricsExtension.Native.exe with ID: 5620.
[2026-01-29 21:01:34.000]  [FindProcessById] ErrorCode:0 INFO: Running Process MetricsExtension.Native.exe found. ID: 5620.
[2026-01-29 21:01:34.000]  [StartMetricsExtension] ErrorCode:0 ERROR: Metrics extension is already running
[2026-01-29 21:02:04.000]  [WriteStatusToFile] ErrorCode:0 INFO: Sending the status.
[2026-01-29 21:02:04.000]  [WriteHeartbeatToFile] ErrorCode:0 INFO: Sending the heartbeat.
[2026-01-29 21:02:04.000]  [WriteHeartbeatToFile] ErrorCode:0 INFO: Done Sending the heartbeat.
[2026-01-29 21:02:04.000]  [WriteStatusToFile] ErrorCode:0 INFO: Done Sending the status.
[2026-01-29 21:02:34.000]  [WriteHeartbeatToFile] ErrorCode:0 INFO: Sending the heartbeat.
[2026-01-29 21:02:34.000]  [WriteStatusToFile] ErrorCode:0 INFO: Sending the status.
[2026-01-29 21:02:34.000]  [WriteHeartbeatToFile] ErrorCode:0 INFO: Done Sending the heartbeat.
[2026-01-29 21:02:34.000]  [WriteStatusToFile] ErrorCode:0 INFO: Done Sending the status.
[2026-01-29 21:02:34.000]  [FindProcessById] ErrorCode:0 INFO: Attempt to find the process MetricsExtension.Native.exe with ID: 5620.
[2026-01-29 21:02:34.000]  [FindProcessById] ErrorCode:0 INFO: Running Process MetricsExtension.Native.exe found. ID: 5620.
[2026-01-29 21:02:34.000]  [StartMetricsExtension] ErrorCode:0 ERROR: Metrics extension is already running
[2026-01-29 21:03:04.000]  [WriteHeartbeatToFile] ErrorCode:0 INFO: Sending the heartbeat.
[2026-01-29 21:03:04.000]  [WriteStatusToFile] ErrorCode:0 INFO: Sending the status.
[2026-01-29 21:03:04.000]  [WriteStatusToFile] ErrorCode:0 INFO: Done Sending the status.
[2026-01-29 21:03:04.000]  [WriteHeartbeatToFile] ErrorCode:0 INFO: Done Sending the heartbeat.
[2026-01-29 21:03:34.000]  [WriteHeartbeatToFile] ErrorCode:0 INFO: Sending the heartbeat.
[2026-01-29 21:03:34.000]  [WriteStatusToFile] ErrorCode:0 INFO: Sending the status.
[2026-01-29 21:03:34.000]  [WriteHeartbeatToFile] ErrorCode:0 INFO: Done Sending the heartbeat.
[2026-01-29 21:03:34.000]  [WriteStatusToFile] ErrorCode:0 INFO: Done Sending the status.
[2026-01-29 21:03:34.000]  [FindProcessById] ErrorCode:0 INFO: Attempt to find the process MetricsExtension.Native.exe with ID: 5620.
[2026-01-29 21:03:34.000]  [FindProcessById] ErrorCode:0 INFO: Running Process MetricsExtension.Native.exe found. ID: 5620.
[2026-01-29 21:03:34.000]  [StartMetricsExtension] ErrorCode:0 ERROR: Metrics extension is already running
[2026-01-29 21:04:04.000]  [WriteHeartbeatToFile] ErrorCode:0 INFO: Sending the heartbeat.
[2026-01-29 21:04:04.000]  [WriteStatusToFile] ErrorCode:0 INFO: Sending the status.
[2026-01-29 21:04:04.000]  [WriteStatusToFile] ErrorCode:0 INFO: Done Sending the status.
[2026-01-29 21:04:04.000]  [WriteHeartbeatToFile] ErrorCode:0 INFO: Done Sending the heartbeat.
[2026-01-29 21:04:34.000]  [WriteStatusToFile] ErrorCode:0 INFO: Sending the status.
[2026-01-29 21:04:34.000]  [WriteHeartbeatToFile] ErrorCode:0 INFO: Sending the heartbeat.
[2026-01-29 21:04:34.000]  [WriteStatusToFile] ErrorCode:0 INFO: Done Sending the status.
[2026-01-29 21:04:34.000]  [WriteHeartbeatToFile] ErrorCode:0 INFO: Done Sending the heartbeat.
[2026-01-29 21:04:34.000]  [FindProcessById] ErrorCode:0 INFO: Attempt to find the process MetricsExtension.Native.exe with ID: 5620.
[2026-01-29 21:04:34.000]  [FindProcessById] ErrorCode:0 INFO: Running Process MetricsExtension.Native.exe found. ID: 5620.
[2026-01-29 21:04:34.000]  [StartMetricsExtension] ErrorCode:0 ERROR: Metrics extension is already running
[2026-01-29 21:05:04.000]  [WriteStatusToFile] ErrorCode:0 INFO: Sending the status.
[2026-01-29 21:05:04.000]  [WriteHeartbeatToFile] ErrorCode:0 INFO: Sending the heartbeat.
[2026-01-29 21:05:04.000]  [WriteHeartbeatToFile] ErrorCode:0 INFO: Done Sending the heartbeat.
[2026-01-29 21:05:04.000]  [WriteStatusToFile] ErrorCode:0 INFO: Done Sending the status.
[2026-01-29 21:05:34.000]  [WriteHeartbeatToFile] ErrorCode:0 INFO: Sending the heartbeat.
[2026-01-29 21:05:34.000]  [WriteStatusToFile] ErrorCode:0 INFO: Sending the status.
[2026-01-29 21:05:34.000]  [WriteHeartbeatToFile] ErrorCode:0 INFO: Done Sending the heartbeat.
[2026-01-29 21:05:34.000]  [WriteStatusToFile] ErrorCode:0 INFO: Done Sending the status.
[2026-01-29 21:05:34.000]  [FindProcessById] ErrorCode:0 INFO: Attempt to find the process MetricsExtension.Native.exe with ID: 5620.
[2026-01-29 21:05:34.000]  [FindProcessById] ErrorCode:0 INFO: Running Process MetricsExtension.Native.exe found. ID: 5620.
[2026-01-29 21:05:34.000]  [StartMetricsExtension] ErrorCode:0 ERROR: Metrics extension is already running
[2026-01-29 21:05:34.000]  [AggregateHeartbeat] ErrorCode:0 INFO: Start heartbeat aggregation.
[2026-01-29 21:05:34.000]  [QueryRegValueDWORD] ErrorCode:0 INFO: Query Registry for Key:SOFTWARE\Microsoft\Windows Azure\CurrentVersion\AzureMonitorAgentExtension\47.4.1.0, Name:MaServiceProcess
[2026-01-29 21:05:34.000]  [QueryRegValueDWORD] ErrorCode:0 INFO: Query Registry for Key:SOFTWARE\Microsoft\Windows Azure\CurrentVersion\AzureMonitorAgentExtension\47.4.1.0, Name:MaServiceProcess, Value:1904
[2026-01-29 21:05:34.000]  [FindProcessById] ErrorCode:0 INFO: Attempt to find the process MonAgentLauncher.exe with ID: 1904.
[2026-01-29 21:05:34.000]  [FindProcessById] ErrorCode:0 INFO: Running Process MonAgentLauncher.exe found. ID: 1904.
[2026-01-29 21:05:34.000]  [CheckIfMAServiceIsRunByExtension] ErrorCode:0 INFO: The MA process is running based on the m_registry
[2026-01-29 21:05:34.000]  [QueryRegValueDWORD] ErrorCode:0 INFO: Query Registry for Key:SOFTWARE\Microsoft\Windows Azure\CurrentVersion\AzureMonitorAgentExtension\47.4.1.0, Name:AMAMultitenantServiceProcess
[2026-01-29 21:05:34.000]  [QueryRegValueDWORD] ErrorCode:0 ERROR: RegQueryValueExA: failed to query REG_DWORD value, Key:SOFTWARE\Microsoft\Windows Azure\CurrentVersion\AzureMonitorAgentExtension\47.4.1.0, name=AMAMultitenantServiceProcess, error=2, type=0
[2026-01-29 21:05:34.000]  [CheckIfMAServiceIsRunByExtension] ErrorCode:1205 INFO: Unable to read the m_registry for MA process. Assume it is not running.
[2026-01-29 21:05:34.000]  [AggregateHeartbeat] ErrorCode:0 INFO: Configured MA Service is not running on the node.
[2026-01-29 21:05:34.000]  [SetImdsEnvironmentVariable] ErrorCode:0 INFO: Querying IMDS information
[2026-01-29 21:05:34.000]  [SetImdsEnvironmentVariable] ErrorCode:-1 INFO: Preparing to call IMDS. Endpoint: http://169.254.169.254
[2026-01-29 21:05:34.000]  [QueryIMDSEndpoint] ErrorCode:0 INFO: Queried IMDS successfully.
[2026-01-29 21:05:34.000]  [GetValueFromJsonOrDefault] ErrorCode:0 INFO: Read Imds response field with Name:location Value: westus2
[2026-01-29 21:05:34.000]  [GetValueFromJsonOrDefault] ErrorCode:0 INFO: Read Imds response field with Name:name Value: amawin
[2026-01-29 21:05:34.000]  [GetValueFromJsonOrDefault] ErrorCode:0 INFO: Read Imds response field with Name:subscriptionId Value: 351651ce-5feb-4e59-975d-f1f344e2b717
[2026-01-29 21:05:34.000]  [GetValueFromJsonOrDefault] ErrorCode:0 INFO: Read Imds response field with Name:vmId Value: 22afd636-aec1-4782-9055-f85ea283dc20
[2026-01-29 21:05:34.000]  [GetValueFromJsonOrDefault] ErrorCode:0 INFO: Read Imds response field with Name:vmScaleSetName Value: 
[2026-01-29 21:05:34.000]  [GetValueFromJsonOrDefault] ErrorCode:0 INFO: Read Imds response field with Name:resourceGroupName Value: AMAWIN_GROUP
[2026-01-29 21:05:34.000]  [GetValueFromJsonOrDefault] ErrorCode:0 INFO: Read Imds response field with Name:osType Value: Windows
[2026-01-29 21:05:34.000]  [GetValueFromJsonOrDefault] ErrorCode:0 INFO: Read Imds response field with Name:resourceId Value: /subscriptions/351651ce-5feb-4e59-975d-f1f344e2b717/resourceGroups/AMAWIN_GROUP/providers/Microsoft.Compute/virtualMachines/amawin
[2026-01-29 21:05:34.000]  [GetValueFromJsonOrDefault] ErrorCode:0 INFO: Read Imds response field with Name:azEnvironment Value: AzurePublicCloud
[2026-01-29 21:05:34.000]  [SetImdsEnvironmentVariable] ErrorCode:0 INFO: Successfully set Environment variables from Imds
[2026-01-29 21:05:34.000]  [AggregateHeartbeat] ErrorCode:0 INFO: Completed heartbeat aggregation.
[2026-01-29 21:06:04.000]  [WriteHeartbeatToFile] ErrorCode:0 INFO: Sending the heartbeat.
[2026-01-29 21:06:04.000]  [WriteStatusToFile] ErrorCode:0 INFO: Sending the status.
[2026-01-29 21:06:04.000]  [WriteStatusToFile] ErrorCode:0 INFO: Done Sending the status.
[2026-01-29 21:06:04.000]  [WriteHeartbeatToFile] ErrorCode:0 INFO: Done Sending the heartbeat.
[2026-01-29 21:06:34.000]  [WriteStatusToFile] ErrorCode:0 INFO: Sending the status.
[2026-01-29 21:06:34.000]  [WriteHeartbeatToFile] ErrorCode:0 INFO: Sending the heartbeat.
[2026-01-29 21:06:34.000]  [WriteStatusToFile] ErrorCode:0 INFO: Done Sending the status.
[2026-01-29 21:06:34.000]  [WriteHeartbeatToFile] ErrorCode:0 INFO: Done Sending the heartbeat.
[2026-01-29 21:06:34.000]  [FindProcessById] ErrorCode:0 INFO: Attempt to find the process MetricsExtension.Native.exe with ID: 5620.
[2026-01-29 21:06:34.000]  [FindProcessById] ErrorCode:0 INFO: Running Process MetricsExtension.Native.exe found. ID: 5620.
[2026-01-29 21:06:34.000]  [StartMetricsExtension] ErrorCode:0 ERROR: Metrics extension is already running
[2026-01-29 21:07:04.000]  [WriteHeartbeatToFile] ErrorCode:0 INFO: Sending the heartbeat.
[2026-01-29 21:07:04.000]  [WriteStatusToFile] ErrorCode:0 INFO: Sending the status.
[2026-01-29 21:07:04.000]  [WriteHeartbeatToFile] ErrorCode:0 INFO: Done Sending the heartbeat.
[2026-01-29 21:07:04.000]  [WriteStatusToFile] ErrorCode:0 INFO: Done Sending the status.
[2026-01-29 21:07:34.000]  [WriteHeartbeatToFile] ErrorCode:0 INFO: Sending the heartbeat.
[2026-01-29 21:07:34.000]  [WriteStatusToFile] ErrorCode:0 INFO: Sending the status.
[2026-01-29 21:07:34.000]  [WriteHeartbeatToFile] ErrorCode:0 INFO: Done Sending the heartbeat.
[2026-01-29 21:07:34.000]  [WriteStatusToFile] ErrorCode:0 INFO: Done Sending the status.
[2026-01-29 21:07:34.000]  [FindProcessById] ErrorCode:0 INFO: Attempt to find the process MetricsExtension.Native.exe with ID: 5620.
[2026-01-29 21:07:34.000]  [FindProcessById] ErrorCode:0 INFO: Running Process MetricsExtension.Native.exe found. ID: 5620.
[2026-01-29 21:07:34.000]  [StartMetricsExtension] ErrorCode:0 ERROR: Metrics extension is already running
[2026-01-29 21:08:04.000]  [WriteStatusToFile] ErrorCode:0 INFO: Sending the status.
[2026-01-29 21:08:04.000]  [WriteHeartbeatToFile] ErrorCode:0 INFO: Sending the heartbeat.
[2026-01-29 21:08:04.000]  [WriteHeartbeatToFile] ErrorCode:0 INFO: Done Sending the heartbeat.
[2026-01-29 21:08:04.000]  [WriteStatusToFile] ErrorCode:0 INFO: Done Sending the status.
[2026-01-29 21:08:34.000]  [WriteStatusToFile] ErrorCode:0 INFO: Sending the status.
[2026-01-29 21:08:34.000]  [WriteHeartbeatToFile] ErrorCode:0 INFO: Sending the heartbeat.
[2026-01-29 21:08:34.000]  [WriteHeartbeatToFile] ErrorCode:0 INFO: Done Sending the heartbeat.
[2026-01-29 21:08:34.000]  [WriteStatusToFile] ErrorCode:0 INFO: Done Sending the status.
[2026-01-29 21:08:34.000]  [FindProcessById] ErrorCode:0 INFO: Attempt to find the process MetricsExtension.Native.exe with ID: 5620.
[2026-01-29 21:08:34.000]  [FindProcessById] ErrorCode:0 INFO: Running Process MetricsExtension.Native.exe found. ID: 5620.
[2026-01-29 21:08:34.000]  [StartMetricsExtension] ErrorCode:0 ERROR: Metrics extension is already running
[2026-01-29 21:09:04.000]  [WriteStatusToFile] ErrorCode:0 INFO: Sending the status.
[2026-01-29 21:09:04.000]  [WriteHeartbeatToFile] ErrorCode:0 INFO: Sending the heartbeat.
[2026-01-29 21:09:04.000]  [WriteStatusToFile] ErrorCode:0 INFO: Done Sending the status.
[2026-01-29 21:09:04.000]  [WriteHeartbeatToFile] ErrorCode:0 INFO: Done Sending the heartbeat.
[2026-01-29 21:09:34.000]  [WriteHeartbeatToFile] ErrorCode:0 INFO: Sending the heartbeat.
[2026-01-29 21:09:34.000]  [WriteStatusToFile] ErrorCode:0 INFO: Sending the status.
[2026-01-29 21:09:34.000]  [WriteHeartbeatToFile] ErrorCode:0 INFO: Done Sending the heartbeat.
[2026-01-29 21:09:34.000]  [WriteStatusToFile] ErrorCode:0 INFO: Done Sending the status.
[2026-01-29 21:09:34.000]  [FindProcessById] ErrorCode:0 INFO: Attempt to find the process MetricsExtension.Native.exe with ID: 5620.
[2026-01-29 21:09:34.000]  [FindProcessById] ErrorCode:0 INFO: Running Process MetricsExtension.Native.exe found. ID: 5620.
[2026-01-29 21:09:34.000]  [StartMetricsExtension] ErrorCode:0 ERROR: Metrics extension is already running
[2026-01-29 21:10:04.000]  [WriteStatusToFile] ErrorCode:0 INFO: Sending the status.
[2026-01-29 21:10:04.000]  [WriteHeartbeatToFile] ErrorCode:0 INFO: Sending the heartbeat.
[2026-01-29 21:10:04.000]  [WriteHeartbeatToFile] ErrorCode:0 INFO: Done Sending the heartbeat.
[2026-01-29 21:10:04.000]  [WriteStatusToFile] ErrorCode:0 INFO: Done Sending the status.
[2026-01-29 21:10:34.000]  [WriteHeartbeatToFile] ErrorCode:0 INFO: Sending the heartbeat.
[2026-01-29 21:10:34.000]  [WriteStatusToFile] ErrorCode:0 INFO: Sending the status.
[2026-01-29 21:10:34.000]  [WriteHeartbeatToFile] ErrorCode:0 INFO: Done Sending the heartbeat.
[2026-01-29 21:10:34.000]  [WriteStatusToFile] ErrorCode:0 INFO: Done Sending the status.
[2026-01-29 21:10:34.000]  [FindProcessById] ErrorCode:0 INFO: Attempt to find the process MetricsExtension.Native.exe with ID: 5620.
[2026-01-29 21:10:34.000]  [FindProcessById] ErrorCode:0 INFO: Running Process MetricsExtension.Native.exe found. ID: 5620.
[2026-01-29 21:10:34.000]  [StartMetricsExtension] ErrorCode:0 ERROR: Metrics extension is already running
[2026-01-29 21:10:34.000]  [AggregateHeartbeat] ErrorCode:0 INFO: Start heartbeat aggregation.
[2026-01-29 21:10:34.000]  [QueryRegValueDWORD] ErrorCode:0 INFO: Query Registry for Key:SOFTWARE\Microsoft\Windows Azure\CurrentVersion\AzureMonitorAgentExtension\47.4.1.0, Name:MaServiceProcess
[2026-01-29 21:10:34.000]  [QueryRegValueDWORD] ErrorCode:0 INFO: Query Registry for Key:SOFTWARE\Microsoft\Windows Azure\CurrentVersion\AzureMonitorAgentExtension\47.4.1.0, Name:MaServiceProcess, Value:1904
[2026-01-29 21:10:34.000]  [FindProcessById] ErrorCode:0 INFO: Attempt to find the process MonAgentLauncher.exe with ID: 1904.
[2026-01-29 21:10:34.000]  [FindProcessById] ErrorCode:0 INFO: Running Process MonAgentLauncher.exe found. ID: 1904.
[2026-01-29 21:10:34.000]  [CheckIfMAServiceIsRunByExtension] ErrorCode:0 INFO: The MA process is running based on the m_registry
[2026-01-29 21:10:34.000]  [QueryRegValueDWORD] ErrorCode:0 INFO: Query Registry for Key:SOFTWARE\Microsoft\Windows Azure\CurrentVersion\AzureMonitorAgentExtension\47.4.1.0, Name:AMAMultitenantServiceProcess
[2026-01-29 21:10:34.000]  [QueryRegValueDWORD] ErrorCode:0 ERROR: RegQueryValueExA: failed to query REG_DWORD value, Key:SOFTWARE\Microsoft\Windows Azure\CurrentVersion\AzureMonitorAgentExtension\47.4.1.0, name=AMAMultitenantServiceProcess, error=2, type=0
[2026-01-29 21:10:34.000]  [CheckIfMAServiceIsRunByExtension] ErrorCode:1205 INFO: Unable to read the m_registry for MA process. Assume it is not running.
[2026-01-29 21:10:34.000]  [AggregateHeartbeat] ErrorCode:0 INFO: Configured MA Service is not running on the node.
[2026-01-29 21:10:34.000]  [SetImdsEnvironmentVariable] ErrorCode:0 INFO: Querying IMDS information
[2026-01-29 21:10:34.000]  [SetImdsEnvironmentVariable] ErrorCode:-1 INFO: Preparing to call IMDS. Endpoint: http://169.254.169.254
[2026-01-29 21:10:34.000]  [QueryIMDSEndpoint] ErrorCode:0 INFO: Queried IMDS successfully.
[2026-01-29 21:10:34.000]  [GetValueFromJsonOrDefault] ErrorCode:0 INFO: Read Imds response field with Name:location Value: westus2
[2026-01-29 21:10:34.000]  [GetValueFromJsonOrDefault] ErrorCode:0 INFO: Read Imds response field with Name:name Value: amawin
[2026-01-29 21:10:34.000]  [GetValueFromJsonOrDefault] ErrorCode:0 INFO: Read Imds response field with Name:subscriptionId Value: 351651ce-5feb-4e59-975d-f1f344e2b717
[2026-01-29 21:10:34.000]  [GetValueFromJsonOrDefault] ErrorCode:0 INFO: Read Imds response field with Name:vmId Value: 22afd636-aec1-4782-9055-f85ea283dc20
[2026-01-29 21:10:34.000]  [GetValueFromJsonOrDefault] ErrorCode:0 INFO: Read Imds response field with Name:vmScaleSetName Value: 
[2026-01-29 21:10:34.000]  [GetValueFromJsonOrDefault] ErrorCode:0 INFO: Read Imds response field with Name:resourceGroupName Value: AMAWIN_GROUP
[2026-01-29 21:10:34.000]  [GetValueFromJsonOrDefault] ErrorCode:0 INFO: Read Imds response field with Name:osType Value: Windows
[2026-01-29 21:10:34.000]  [GetValueFromJsonOrDefault] ErrorCode:0 INFO: Read Imds response field with Name:resourceId Value: /subscriptions/351651ce-5feb-4e59-975d-f1f344e2b717/resourceGroups/AMAWIN_GROUP/providers/Microsoft.Compute/virtualMachines/amawin
[2026-01-29 21:10:34.000]  [GetValueFromJsonOrDefault] ErrorCode:0 INFO: Read Imds response field with Name:azEnvironment Value: AzurePublicCloud
[2026-01-29 21:10:34.000]  [SetImdsEnvironmentVariable] ErrorCode:0 INFO: Successfully set Environment variables from Imds
[2026-01-29 21:10:34.000]  [AggregateHeartbeat] ErrorCode:0 INFO: Completed heartbeat aggregation.
[2026-01-29 21:11:04.000]  [WriteStatusToFile] ErrorCode:0 INFO: Sending the status.
[2026-01-29 21:11:04.000]  [WriteHeartbeatToFile] ErrorCode:0 INFO: Sending the heartbeat.
[2026-01-29 21:11:04.000]  [WriteHeartbeatToFile] ErrorCode:0 INFO: Done Sending the heartbeat.
[2026-01-29 21:11:04.000]  [WriteStatusToFile] ErrorCode:0 INFO: Done Sending the status.
[2026-01-29 21:11:34.000]  [WriteHeartbeatToFile] ErrorCode:0 INFO: Sending the heartbeat.
[2026-01-29 21:11:34.000]  [WriteStatusToFile] ErrorCode:0 INFO: Sending the status.
[2026-01-29 21:11:34.000]  [WriteHeartbeatToFile] ErrorCode:0 INFO: Done Sending the heartbeat.
[2026-01-29 21:11:34.000]  [WriteStatusToFile] ErrorCode:0 INFO: Done Sending the status.
[2026-01-29 21:11:34.000]  [FindProcessById] ErrorCode:0 INFO: Attempt to find the process MetricsExtension.Native.exe with ID: 5620.
[2026-01-29 21:11:34.000]  [FindProcessById] ErrorCode:0 INFO: Running Process MetricsExtension.Native.exe found. ID: 5620.
[2026-01-29 21:11:34.000]  [StartMetricsExtension] ErrorCode:0 ERROR: Metrics extension is already running
[2026-01-29 21:12:04.000]  [WriteHeartbeatToFile] ErrorCode:0 INFO: Sending the heartbeat.
[2026-01-29 21:12:04.000]  [WriteStatusToFile] ErrorCode:0 INFO: Sending the status.
[2026-01-29 21:12:04.000]  [WriteStatusToFile] ErrorCode:0 INFO: Done Sending the status.
[2026-01-29 21:12:04.000]  [WriteHeartbeatToFile] ErrorCode:0 INFO: Done Sending the heartbeat.
[2026-01-29 21:12:34.000]  [WriteStatusToFile] ErrorCode:0 INFO: Sending the status.
[2026-01-29 21:12:34.000]  [WriteHeartbeatToFile] ErrorCode:0 INFO: Sending the heartbeat.
[2026-01-29 21:12:34.000]  [WriteHeartbeatToFile] ErrorCode:0 INFO: Done Sending the heartbeat.
[2026-01-29 21:12:34.000]  [WriteStatusToFile] ErrorCode:0 INFO: Done Sending the status.
[2026-01-29 21:12:34.000]  [FindProcessById] ErrorCode:0 INFO: Attempt to find the process MetricsExtension.Native.exe with ID: 5620.
[2026-01-29 21:12:34.000]  [FindProcessById] ErrorCode:0 INFO: Running Process MetricsExtension.Native.exe found. ID: 5620.
[2026-01-29 21:12:34.000]  [StartMetricsExtension] ErrorCode:0 ERROR: Metrics extension is already running
[2026-01-29 21:13:04.000]  [WriteHeartbeatToFile] ErrorCode:0 INFO: Sending the heartbeat.
[2026-01-29 21:13:04.000]  [WriteStatusToFile] ErrorCode:0 INFO: Sending the status.
[2026-01-29 21:13:04.000]  [WriteStatusToFile] ErrorCode:0 INFO: Done Sending the status.
[2026-01-29 21:13:04.000]  [WriteHeartbeatToFile] ErrorCode:0 INFO: Done Sending the heartbeat.
[2026-01-29 21:13:34.000]  [WriteHeartbeatToFile] ErrorCode:0 INFO: Sending the heartbeat.
[2026-01-29 21:13:34.000]  [WriteStatusToFile] ErrorCode:0 INFO: Sending the status.
[2026-01-29 21:13:34.000]  [WriteHeartbeatToFile] ErrorCode:0 INFO: Done Sending the heartbeat.
[2026-01-29 21:13:34.000]  [WriteStatusToFile] ErrorCode:0 INFO: Done Sending the status.
[2026-01-29 21:13:34.000]  [FindProcessById] ErrorCode:0 INFO: Attempt to find the process MetricsExtension.Native.exe with ID: 5620.
[2026-01-29 21:13:34.000]  [FindProcessById] ErrorCode:0 INFO: Running Process MetricsExtension.Native.exe found. ID: 5620.
[2026-01-29 21:13:34.000]  [StartMetricsExtension] ErrorCode:0 ERROR: Metrics extension is already running
[2026-01-29 21:14:04.000]  [WriteHeartbeatToFile] ErrorCode:0 INFO: Sending the heartbeat.
[2026-01-29 21:14:04.000]  [WriteStatusToFile] ErrorCode:0 INFO: Sending the status.
[2026-01-29 21:14:04.000]  [WriteStatusToFile] ErrorCode:0 INFO: Done Sending the status.
[2026-01-29 21:14:04.000]  [WriteHeartbeatToFile] ErrorCode:0 INFO: Done Sending the heartbeat.
[2026-01-29 21:14:34.000]  [WriteHeartbeatToFile] ErrorCode:0 INFO: Sending the heartbeat.
[2026-01-29 21:14:34.000]  [WriteStatusToFile] ErrorCode:0 INFO: Sending the status.
[2026-01-29 21:14:34.000]  [WriteStatusToFile] ErrorCode:0 INFO: Done Sending the status.
[2026-01-29 21:14:34.000]  [WriteHeartbeatToFile] ErrorCode:0 INFO: Done Sending the heartbeat.
[2026-01-29 21:14:34.000]  [FindProcessById] ErrorCode:0 INFO: Attempt to find the process MetricsExtension.Native.exe with ID: 5620.
[2026-01-29 21:14:34.000]  [FindProcessById] ErrorCode:0 INFO: Running Process MetricsExtension.Native.exe found. ID: 5620.
[2026-01-29 21:14:34.000]  [StartMetricsExtension] ErrorCode:0 ERROR: Metrics extension is already running
[2026-01-29 21:15:04.000]  [WriteStatusToFile] ErrorCode:0 INFO: Sending the status.
[2026-01-29 21:15:04.000]  [WriteHeartbeatToFile] ErrorCode:0 INFO: Sending the heartbeat.
[2026-01-29 21:15:04.000]  [WriteHeartbeatToFile] ErrorCode:0 INFO: Done Sending the heartbeat.
[2026-01-29 21:15:04.000]  [WriteStatusToFile] ErrorCode:0 INFO: Done Sending the status.
[2026-01-29 21:15:34.000]  [WriteHeartbeatToFile] ErrorCode:0 INFO: Sending the heartbeat.
[2026-01-29 21:15:34.000]  [WriteStatusToFile] ErrorCode:0 INFO: Sending the status.
[2026-01-29 21:15:34.000]  [FindProcessById] ErrorCode:0 INFO: Attempt to find the process MetricsExtension.Native.exe with ID: 5620.
[2026-01-29 21:15:34.000]  [WriteStatusToFile] ErrorCode:0 INFO: Done Sending the status.
[2026-01-29 21:15:34.000]  [WriteHeartbeatToFile] ErrorCode:0 INFO: Done Sending the heartbeat.
[2026-01-29 21:15:34.000]  [FindProcessById] ErrorCode:0 INFO: Running Process MetricsExtension.Native.exe found. ID: 5620.
[2026-01-29 21:15:34.000]  [StartMetricsExtension] ErrorCode:0 ERROR: Metrics extension is already running
[2026-01-29 21:15:34.000]  [AggregateHeartbeat] ErrorCode:0 INFO: Start heartbeat aggregation.
[2026-01-29 21:15:34.000]  [QueryRegValueDWORD] ErrorCode:0 INFO: Query Registry for Key:SOFTWARE\Microsoft\Windows Azure\CurrentVersion\AzureMonitorAgentExtension\47.4.1.0, Name:MaServiceProcess
[2026-01-29 21:15:34.000]  [QueryRegValueDWORD] ErrorCode:0 INFO: Query Registry for Key:SOFTWARE\Microsoft\Windows Azure\CurrentVersion\AzureMonitorAgentExtension\47.4.1.0, Name:MaServiceProcess, Value:1904
[2026-01-29 21:15:34.000]  [FindProcessById] ErrorCode:0 INFO: Attempt to find the process MonAgentLauncher.exe with ID: 1904.
[2026-01-29 21:15:34.000]  [FindProcessById] ErrorCode:0 INFO: Running Process MonAgentLauncher.exe found. ID: 1904.
[2026-01-29 21:15:34.000]  [CheckIfMAServiceIsRunByExtension] ErrorCode:0 INFO: The MA process is running based on the m_registry
[2026-01-29 21:15:34.000]  [QueryRegValueDWORD] ErrorCode:0 INFO: Query Registry for Key:SOFTWARE\Microsoft\Windows Azure\CurrentVersion\AzureMonitorAgentExtension\47.4.1.0, Name:AMAMultitenantServiceProcess
[2026-01-29 21:15:34.000]  [QueryRegValueDWORD] ErrorCode:0 ERROR: RegQueryValueExA: failed to query REG_DWORD value, Key:SOFTWARE\Microsoft\Windows Azure\CurrentVersion\AzureMonitorAgentExtension\47.4.1.0, name=AMAMultitenantServiceProcess, error=2, type=0
[2026-01-29 21:15:34.000]  [CheckIfMAServiceIsRunByExtension] ErrorCode:1205 INFO: Unable to read the m_registry for MA process. Assume it is not running.
[2026-01-29 21:15:34.000]  [AggregateHeartbeat] ErrorCode:0 INFO: Configured MA Service is not running on the node.
[2026-01-29 21:15:34.000]  [SetImdsEnvironmentVariable] ErrorCode:0 INFO: Querying IMDS information
[2026-01-29 21:15:34.000]  [SetImdsEnvironmentVariable] ErrorCode:-1 INFO: Preparing to call IMDS. Endpoint: http://169.254.169.254
[2026-01-29 21:15:34.000]  [QueryIMDSEndpoint] ErrorCode:0 INFO: Queried IMDS successfully.
[2026-01-29 21:15:34.000]  [GetValueFromJsonOrDefault] ErrorCode:0 INFO: Read Imds response field with Name:location Value: westus2
[2026-01-29 21:15:34.000]  [GetValueFromJsonOrDefault] ErrorCode:0 INFO: Read Imds response field with Name:name Value: amawin
[2026-01-29 21:15:34.000]  [GetValueFromJsonOrDefault] ErrorCode:0 INFO: Read Imds response field with Name:subscriptionId Value: 351651ce-5feb-4e59-975d-f1f344e2b717
[2026-01-29 21:15:34.000]  [GetValueFromJsonOrDefault] ErrorCode:0 INFO: Read Imds response field with Name:vmId Value: 22afd636-aec1-4782-9055-f85ea283dc20
[2026-01-29 21:15:34.000]  [GetValueFromJsonOrDefault] ErrorCode:0 INFO: Read Imds response field with Name:vmScaleSetName Value: 
[2026-01-29 21:15:34.000]  [GetValueFromJsonOrDefault] ErrorCode:0 INFO: Read Imds response field with Name:resourceGroupName Value: AMAWIN_GROUP
[2026-01-29 21:15:34.000]  [GetValueFromJsonOrDefault] ErrorCode:0 INFO: Read Imds response field with Name:osType Value: Windows
[2026-01-29 21:15:34.000]  [GetValueFromJsonOrDefault] ErrorCode:0 INFO: Read Imds response field with Name:resourceId Value: /subscriptions/351651ce-5feb-4e59-975d-f1f344e2b717/resourceGroups/AMAWIN_GROUP/providers/Microsoft.Compute/virtualMachines/amawin
[2026-01-29 21:15:34.000]  [GetValueFromJsonOrDefault] ErrorCode:0 INFO: Read Imds response field with Name:azEnvironment Value: AzurePublicCloud
[2026-01-29 21:15:34.000]  [SetImdsEnvironmentVariable] ErrorCode:0 INFO: Successfully set Environment variables from Imds
[2026-01-29 21:15:34.000]  [AggregateHeartbeat] ErrorCode:0 INFO: Completed heartbeat aggregation.
[2026-01-29 21:16:04.000]  [WriteStatusToFile] ErrorCode:0 INFO: Sending the status.
[2026-01-29 21:16:04.000]  [WriteHeartbeatToFile] ErrorCode:0 INFO: Sending the heartbeat.
[2026-01-29 21:16:04.000]  [WriteStatusToFile] ErrorCode:0 INFO: Done Sending the status.
[2026-01-29 21:16:04.000]  [WriteHeartbeatToFile] ErrorCode:0 INFO: Done Sending the heartbeat.
[2026-01-29 21:16:34.000]  [WriteStatusToFile] ErrorCode:0 INFO: Sending the status.
[2026-01-29 21:16:34.000]  [WriteHeartbeatToFile] ErrorCode:0 INFO: Sending the heartbeat.
[2026-01-29 21:16:34.000]  [WriteHeartbeatToFile] ErrorCode:0 INFO: Done Sending the heartbeat.
[2026-01-29 21:16:34.000]  [WriteStatusToFile] ErrorCode:0 INFO: Done Sending the status.
[2026-01-29 21:16:34.000]  [FindProcessById] ErrorCode:0 INFO: Attempt to find the process MetricsExtension.Native.exe with ID: 5620.
[2026-01-29 21:16:34.000]  [FindProcessById] ErrorCode:0 INFO: Running Process MetricsExtension.Native.exe found. ID: 5620.
[2026-01-29 21:16:34.000]  [StartMetricsExtension] ErrorCode:0 ERROR: Metrics extension is already running
[2026-01-29 21:17:04.000]  [WriteStatusToFile] ErrorCode:0 INFO: Sending the status.
[2026-01-29 21:17:04.000]  [WriteHeartbeatToFile] ErrorCode:0 INFO: Sending the heartbeat.
[2026-01-29 21:17:04.000]  [WriteHeartbeatToFile] ErrorCode:0 INFO: Done Sending the heartbeat.
[2026-01-29 21:17:04.000]  [WriteStatusToFile] ErrorCode:0 INFO: Done Sending the status.
[2026-01-29 21:17:34.000]  [WriteStatusToFile] ErrorCode:0 INFO: Sending the status.
[2026-01-29 21:17:34.000]  [WriteHeartbeatToFile] ErrorCode:0 INFO: Sending the heartbeat.
[2026-01-29 21:17:34.000]  [WriteStatusToFile] ErrorCode:0 INFO: Done Sending the status.
[2026-01-29 21:17:34.000]  [WriteHeartbeatToFile] ErrorCode:0 INFO: Done Sending the heartbeat.
[2026-01-29 21:17:34.000]  [FindProcessById] ErrorCode:0 INFO: Attempt to find the process MetricsExtension.Native.exe with ID: 5620.
[2026-01-29 21:17:34.000]  [FindProcessById] ErrorCode:0 INFO: Running Process MetricsExtension.Native.exe found. ID: 5620.
[2026-01-29 21:17:34.000]  [StartMetricsExtension] ErrorCode:0 ERROR: Metrics extension is already running
[2026-01-29 21:18:04.000]  [WriteStatusToFile] ErrorCode:0 INFO: Sending the status.
[2026-01-29 21:18:04.000]  [WriteHeartbeatToFile] ErrorCode:0 INFO: Sending the heartbeat.
[2026-01-29 21:18:04.000]  [WriteStatusToFile] ErrorCode:0 INFO: Done Sending the status.
[2026-01-29 21:18:04.000]  [WriteHeartbeatToFile] ErrorCode:0 INFO: Done Sending the heartbeat.
[2026-01-29 21:18:34.000]  [WriteHeartbeatToFile] ErrorCode:0 INFO: Sending the heartbeat.
[2026-01-29 21:18:34.000]  [FindProcessById] ErrorCode:0 INFO: Attempt to find the process MetricsExtension.Native.exe with ID: 5620.
[2026-01-29 21:18:34.000]  [WriteStatusToFile] ErrorCode:0 INFO: Sending the status.
[2026-01-29 21:18:34.000]  [WriteHeartbeatToFile] ErrorCode:0 INFO: Done Sending the heartbeat.
[2026-01-29 21:18:34.000]  [WriteStatusToFile] ErrorCode:0 INFO: Done Sending the status.
[2026-01-29 21:18:34.000]  [FindProcessById] ErrorCode:0 INFO: Running Process MetricsExtension.Native.exe found. ID: 5620.
[2026-01-29 21:18:34.000]  [StartMetricsExtension] ErrorCode:0 ERROR: Metrics extension is already running
[2026-01-29 21:19:04.000]  [WriteHeartbeatToFile] ErrorCode:0 INFO: Sending the heartbeat.
[2026-01-29 21:19:04.000]  [WriteStatusToFile] ErrorCode:0 INFO: Sending the status.
[2026-01-29 21:19:04.000]  [WriteHeartbeatToFile] ErrorCode:0 INFO: Done Sending the heartbeat.
[2026-01-29 21:19:04.000]  [WriteStatusToFile] ErrorCode:0 INFO: Done Sending the status.
[2026-01-29 21:19:34.000]  [WriteStatusToFile] ErrorCode:0 INFO: Sending the status.
[2026-01-29 21:19:34.000]  [WriteHeartbeatToFile] ErrorCode:0 INFO: Sending the heartbeat.
[2026-01-29 21:19:34.000]  [FindProcessById] ErrorCode:0 INFO: Attempt to find the process MetricsExtension.Native.exe with ID: 5620.
[2026-01-29 21:19:34.000]  [WriteHeartbeatToFile] ErrorCode:0 INFO: Done Sending the heartbeat.
[2026-01-29 21:19:34.000]  [WriteStatusToFile] ErrorCode:0 INFO: Done Sending the status.
[2026-01-29 21:19:34.000]  [FindProcessById] ErrorCode:0 INFO: Running Process MetricsExtension.Native.exe found. ID: 5620.
[2026-01-29 21:19:34.000]  [StartMetricsExtension] ErrorCode:0 ERROR: Metrics extension is already running
[2026-01-29 21:20:04.000]  [WriteStatusToFile] ErrorCode:0 INFO: Sending the status.
[2026-01-29 21:20:04.000]  [WriteHeartbeatToFile] ErrorCode:0 INFO: Sending the heartbeat.
[2026-01-29 21:20:04.000]  [WriteHeartbeatToFile] ErrorCode:0 INFO: Done Sending the heartbeat.
[2026-01-29 21:20:04.000]  [WriteStatusToFile] ErrorCode:0 INFO: Done Sending the status.
[2026-01-29 21:20:34.000]  [FindProcessById] ErrorCode:0 INFO: Attempt to find the process MetricsExtension.Native.exe with ID: 5620.
[2026-01-29 21:20:34.000]  [FindProcessById] ErrorCode:0 INFO: Running Process MetricsExtension.Native.exe found. ID: 5620.
[2026-01-29 21:20:34.000]  [StartMetricsExtension] ErrorCode:0 ERROR: Metrics extension is already running
[2026-01-29 21:20:34.000]  [AggregateHeartbeat] ErrorCode:0 INFO: Start heartbeat aggregation.
[2026-01-29 21:20:34.000]  [QueryRegValueDWORD] ErrorCode:0 INFO: Query Registry for Key:SOFTWARE\Microsoft\Windows Azure\CurrentVersion\AzureMonitorAgentExtension\47.4.1.0, Name:MaServiceProcess
[2026-01-29 21:20:34.000]  [QueryRegValueDWORD] ErrorCode:0 INFO: Query Registry for Key:SOFTWARE\Microsoft\Windows Azure\CurrentVersion\AzureMonitorAgentExtension\47.4.1.0, Name:MaServiceProcess, Value:1904
[2026-01-29 21:20:34.000]  [FindProcessById] ErrorCode:0 INFO: Attempt to find the process MonAgentLauncher.exe with ID: 1904.
[2026-01-29 21:20:34.000]  [FindProcessById] ErrorCode:0 INFO: Running Process MonAgentLauncher.exe found. ID: 1904.
[2026-01-29 21:20:34.000]  [CheckIfMAServiceIsRunByExtension] ErrorCode:0 INFO: The MA process is running based on the m_registry
[2026-01-29 21:20:34.000]  [QueryRegValueDWORD] ErrorCode:0 INFO: Query Registry for Key:SOFTWARE\Microsoft\Windows Azure\CurrentVersion\AzureMonitorAgentExtension\47.4.1.0, Name:AMAMultitenantServiceProcess
[2026-01-29 21:20:34.000]  [QueryRegValueDWORD] ErrorCode:0 ERROR: RegQueryValueExA: failed to query REG_DWORD value, Key:SOFTWARE\Microsoft\Windows Azure\CurrentVersion\AzureMonitorAgentExtension\47.4.1.0, name=AMAMultitenantServiceProcess, error=2, type=0
[2026-01-29 21:20:34.000]  [CheckIfMAServiceIsRunByExtension] ErrorCode:1205 INFO: Unable to read the m_registry for MA process. Assume it is not running.
[2026-01-29 21:20:34.000]  [AggregateHeartbeat] ErrorCode:0 INFO: Configured MA Service is not running on the node.
[2026-01-29 21:20:34.000]  [SetImdsEnvironmentVariable] ErrorCode:0 INFO: Querying IMDS information
[2026-01-29 21:20:34.000]  [SetImdsEnvironmentVariable] ErrorCode:-1 INFO: Preparing to call IMDS. Endpoint: http://169.254.169.254
[2026-01-29 21:20:34.000]  [WriteStatusToFile] ErrorCode:0 INFO: Sending the status.
[2026-01-29 21:20:34.000]  [WriteHeartbeatToFile] ErrorCode:0 INFO: Sending the heartbeat.
[2026-01-29 21:20:34.000]  [WriteStatusToFile] ErrorCode:0 INFO: Done Sending the status.
[2026-01-29 21:20:34.000]  [WriteHeartbeatToFile] ErrorCode:0 INFO: Done Sending the heartbeat.
[2026-01-29 21:20:34.000]  [QueryIMDSEndpoint] ErrorCode:0 INFO: Queried IMDS successfully.
[2026-01-29 21:20:34.000]  [GetValueFromJsonOrDefault] ErrorCode:0 INFO: Read Imds response field with Name:location Value: westus2
[2026-01-29 21:20:34.000]  [GetValueFromJsonOrDefault] ErrorCode:0 INFO: Read Imds response field with Name:name Value: amawin
[2026-01-29 21:20:34.000]  [GetValueFromJsonOrDefault] ErrorCode:0 INFO: Read Imds response field with Name:subscriptionId Value: 351651ce-5feb-4e59-975d-f1f344e2b717
[2026-01-29 21:20:34.000]  [GetValueFromJsonOrDefault] ErrorCode:0 INFO: Read Imds response field with Name:vmId Value: 22afd636-aec1-4782-9055-f85ea283dc20
[2026-01-29 21:20:34.000]  [GetValueFromJsonOrDefault] ErrorCode:0 INFO: Read Imds response field with Name:vmScaleSetName Value: 
[2026-01-29 21:20:34.000]  [GetValueFromJsonOrDefault] ErrorCode:0 INFO: Read Imds response field with Name:resourceGroupName Value: AMAWIN_GROUP
[2026-01-29 21:20:34.000]  [GetValueFromJsonOrDefault] ErrorCode:0 INFO: Read Imds response field with Name:osType Value: Windows
[2026-01-29 21:20:34.000]  [GetValueFromJsonOrDefault] ErrorCode:0 INFO: Read Imds response field with Name:resourceId Value: /subscriptions/351651ce-5feb-4e59-975d-f1f344e2b717/resourceGroups/AMAWIN_GROUP/providers/Microsoft.Compute/virtualMachines/amawin
[2026-01-29 21:20:34.000]  [GetValueFromJsonOrDefault] ErrorCode:0 INFO: Read Imds response field with Name:azEnvironment Value: AzurePublicCloud
[2026-01-29 21:20:34.000]  [SetImdsEnvironmentVariable] ErrorCode:0 INFO: Successfully set Environment variables from Imds
[2026-01-29 21:20:34.000]  [AggregateHeartbeat] ErrorCode:0 INFO: Completed heartbeat aggregation.
[2026-01-29 21:21:04.000]  [WriteStatusToFile] ErrorCode:0 INFO: Sending the status.
[2026-01-29 21:21:04.000]  [WriteHeartbeatToFile] ErrorCode:0 INFO: Sending the heartbeat.
[2026-01-29 21:21:04.000]  [WriteHeartbeatToFile] ErrorCode:0 INFO: Done Sending the heartbeat.
[2026-01-29 21:21:04.000]  [WriteStatusToFile] ErrorCode:0 INFO: Done Sending the status.
[2026-01-29 21:21:34.000]  [WriteHeartbeatToFile] ErrorCode:0 INFO: Sending the heartbeat.
[2026-01-29 21:21:34.000]  [WriteStatusToFile] ErrorCode:0 INFO: Sending the status.
[2026-01-29 21:21:34.000]  [FindProcessById] ErrorCode:0 INFO: Attempt to find the process MetricsExtension.Native.exe with ID: 5620.
[2026-01-29 21:21:34.000]  [WriteHeartbeatToFile] ErrorCode:0 INFO: Done Sending the heartbeat.
[2026-01-29 21:21:34.000]  [WriteStatusToFile] ErrorCode:0 INFO: Done Sending the status.
[2026-01-29 21:21:34.000]  [FindProcessById] ErrorCode:0 INFO: Running Process MetricsExtension.Native.exe found. ID: 5620.
[2026-01-29 21:21:34.000]  [StartMetricsExtension] ErrorCode:0 ERROR: Metrics extension is already running
[2026-01-29 21:22:04.000]  [WriteStatusToFile] ErrorCode:0 INFO: Sending the status.
[2026-01-29 21:22:04.000]  [WriteHeartbeatToFile] ErrorCode:0 INFO: Sending the heartbeat.
[2026-01-29 21:22:04.000]  [WriteStatusToFile] ErrorCode:0 INFO: Done Sending the status.
[2026-01-29 21:22:04.000]  [WriteHeartbeatToFile] ErrorCode:0 INFO: Done Sending the heartbeat.
[2026-01-29 21:22:34.000]  [WriteHeartbeatToFile] ErrorCode:0 INFO: Sending the heartbeat.
[2026-01-29 21:22:34.000]  [WriteStatusToFile] ErrorCode:0 INFO: Sending the status.
[2026-01-29 21:22:34.000]  [FindProcessById] ErrorCode:0 INFO: Attempt to find the process MetricsExtension.Native.exe with ID: 5620.
[2026-01-29 21:22:34.000]  [WriteHeartbeatToFile] ErrorCode:0 INFO: Done Sending the heartbeat.
[2026-01-29 21:22:34.000]  [WriteStatusToFile] ErrorCode:0 INFO: Done Sending the status.
[2026-01-29 21:22:34.000]  [FindProcessById] ErrorCode:0 INFO: Running Process MetricsExtension.Native.exe found. ID: 5620.
[2026-01-29 21:22:34.000]  [StartMetricsExtension] ErrorCode:0 ERROR: Metrics extension is already running
[2026-01-29 21:23:04.000]  [WriteHeartbeatToFile] ErrorCode:0 INFO: Sending the heartbeat.
[2026-01-29 21:23:04.000]  [WriteStatusToFile] ErrorCode:0 INFO: Sending the status.
[2026-01-29 21:23:04.000]  [WriteStatusToFile] ErrorCode:0 INFO: Done Sending the status.
[2026-01-29 21:23:04.000]  [WriteHeartbeatToFile] ErrorCode:0 INFO: Done Sending the heartbeat.
[2026-01-29 21:23:34.000]  [FindProcessById] ErrorCode:0 INFO: Attempt to find the process MetricsExtension.Native.exe with ID: 5620.
[2026-01-29 21:23:34.000]  [FindProcessById] ErrorCode:0 INFO: Running Process MetricsExtension.Native.exe found. ID: 5620.
[2026-01-29 21:23:34.000]  [StartMetricsExtension] ErrorCode:0 ERROR: Metrics extension is already running
[2026-01-29 21:23:34.000]  [WriteStatusToFile] ErrorCode:0 INFO: Sending the status.
[2026-01-29 21:23:34.000]  [WriteHeartbeatToFile] ErrorCode:0 INFO: Sending the heartbeat.
[2026-01-29 21:23:34.000]  [WriteStatusToFile] ErrorCode:0 INFO: Done Sending the status.
[2026-01-29 21:23:34.000]  [WriteHeartbeatToFile] ErrorCode:0 INFO: Done Sending the heartbeat.
[2026-01-29 21:24:04.000]  [WriteHeartbeatToFile] ErrorCode:0 INFO: Sending the heartbeat.
[2026-01-29 21:24:04.000]  [WriteHeartbeatToFile] ErrorCode:0 INFO: Done Sending the heartbeat.
[2026-01-29 21:24:04.000]  [WriteStatusToFile] ErrorCode:0 INFO: Sending the status.
[2026-01-29 21:24:04.000]  [WriteStatusToFile] ErrorCode:0 INFO: Done Sending the status.
[2026-01-29 21:24:34.000]  [FindProcessById] ErrorCode:0 INFO: Attempt to find the process MetricsExtension.Native.exe with ID: 5620.
[2026-01-29 21:24:34.000]  [FindProcessById] ErrorCode:0 INFO: Running Process MetricsExtension.Native.exe found. ID: 5620.
[2026-01-29 21:24:34.000]  [StartMetricsExtension] ErrorCode:0 ERROR: Metrics extension is already running
[2026-01-29 21:24:34.000]  [WriteHeartbeatToFile] ErrorCode:0 INFO: Sending the heartbeat.
[2026-01-29 21:24:34.000]  [WriteHeartbeatToFile] ErrorCode:0 INFO: Done Sending the heartbeat.
[2026-01-29 21:24:34.000]  [WriteStatusToFile] ErrorCode:0 INFO: Sending the status.
[2026-01-29 21:24:34.000]  [WriteStatusToFile] ErrorCode:0 INFO: Done Sending the status.
[2026-01-29 21:25:04.000]  [WriteHeartbeatToFile] ErrorCode:0 INFO: Sending the heartbeat.
[2026-01-29 21:25:04.000]  [WriteHeartbeatToFile] ErrorCode:0 INFO: Done Sending the heartbeat.
[2026-01-29 21:25:04.000]  [WriteStatusToFile] ErrorCode:0 INFO: Sending the status.
[2026-01-29 21:25:04.000]  [WriteStatusToFile] ErrorCode:0 INFO: Done Sending the status.
[2026-01-29 21:25:34.000]  [FindProcessById] ErrorCode:0 INFO: Attempt to find the process MetricsExtension.Native.exe with ID: 5620.
[2026-01-29 21:25:34.000]  [FindProcessById] ErrorCode:0 INFO: Running Process MetricsExtension.Native.exe found. ID: 5620.
[2026-01-29 21:25:34.000]  [StartMetricsExtension] ErrorCode:0 ERROR: Metrics extension is already running
[2026-01-29 21:25:34.000]  [AggregateHeartbeat] ErrorCode:0 INFO: Start heartbeat aggregation.
[2026-01-29 21:25:34.000]  [QueryRegValueDWORD] ErrorCode:0 INFO: Query Registry for Key:SOFTWARE\Microsoft\Windows Azure\CurrentVersion\AzureMonitorAgentExtension\47.4.1.0, Name:MaServiceProcess
[2026-01-29 21:25:34.000]  [QueryRegValueDWORD] ErrorCode:0 INFO: Query Registry for Key:SOFTWARE\Microsoft\Windows Azure\CurrentVersion\AzureMonitorAgentExtension\47.4.1.0, Name:MaServiceProcess, Value:1904
[2026-01-29 21:25:34.000]  [FindProcessById] ErrorCode:0 INFO: Attempt to find the process MonAgentLauncher.exe with ID: 1904.
[2026-01-29 21:25:34.000]  [FindProcessById] ErrorCode:0 INFO: Running Process MonAgentLauncher.exe found. ID: 1904.
[2026-01-29 21:25:34.000]  [CheckIfMAServiceIsRunByExtension] ErrorCode:0 INFO: The MA process is running based on the m_registry
[2026-01-29 21:25:34.000]  [QueryRegValueDWORD] ErrorCode:0 INFO: Query Registry for Key:SOFTWARE\Microsoft\Windows Azure\CurrentVersion\AzureMonitorAgentExtension\47.4.1.0, Name:AMAMultitenantServiceProcess
[2026-01-29 21:25:34.000]  [QueryRegValueDWORD] ErrorCode:0 ERROR: RegQueryValueExA: failed to query REG_DWORD value, Key:SOFTWARE\Microsoft\Windows Azure\CurrentVersion\AzureMonitorAgentExtension\47.4.1.0, name=AMAMultitenantServiceProcess, error=2, type=0
[2026-01-29 21:25:34.000]  [CheckIfMAServiceIsRunByExtension] ErrorCode:1205 INFO: Unable to read the m_registry for MA process. Assume it is not running.
[2026-01-29 21:25:34.000]  [AggregateHeartbeat] ErrorCode:0 INFO: Configured MA Service is not running on the node.
[2026-01-29 21:25:34.000]  [SetImdsEnvironmentVariable] ErrorCode:0 INFO: Querying IMDS information
[2026-01-29 21:25:34.000]  [SetImdsEnvironmentVariable] ErrorCode:-1 INFO: Preparing to call IMDS. Endpoint: http://169.254.169.254
[2026-01-29 21:25:34.000]  [WriteHeartbeatToFile] ErrorCode:0 INFO: Sending the heartbeat.
[2026-01-29 21:25:34.000]  [WriteHeartbeatToFile] ErrorCode:0 INFO: Done Sending the heartbeat.
[2026-01-29 21:25:34.000]  [QueryIMDSEndpoint] ErrorCode:0 INFO: Queried IMDS successfully.
[2026-01-29 21:25:34.000]  [GetValueFromJsonOrDefault] ErrorCode:0 INFO: Read Imds response field with Name:location Value: westus2
[2026-01-29 21:25:34.000]  [GetValueFromJsonOrDefault] ErrorCode:0 INFO: Read Imds response field with Name:name Value: amawin
[2026-01-29 21:25:34.000]  [GetValueFromJsonOrDefault] ErrorCode:0 INFO: Read Imds response field with Name:subscriptionId Value: 351651ce-5feb-4e59-975d-f1f344e2b717
[2026-01-29 21:25:34.000]  [GetValueFromJsonOrDefault] ErrorCode:0 INFO: Read Imds response field with Name:vmId Value: 22afd636-aec1-4782-9055-f85ea283dc20
[2026-01-29 21:25:34.000]  [GetValueFromJsonOrDefault] ErrorCode:0 INFO: Read Imds response field with Name:vmScaleSetName Value: 
[2026-01-29 21:25:34.000]  [GetValueFromJsonOrDefault] ErrorCode:0 INFO: Read Imds response field with Name:resourceGroupName Value: AMAWIN_GROUP
[2026-01-29 21:25:34.000]  [GetValueFromJsonOrDefault] ErrorCode:0 INFO: Read Imds response field with Name:osType Value: Windows
[2026-01-29 21:25:34.000]  [GetValueFromJsonOrDefault] ErrorCode:0 INFO: Read Imds response field with Name:resourceId Value: /subscriptions/351651ce-5feb-4e59-975d-f1f344e2b717/resourceGroups/AMAWIN_GROUP/providers/Microsoft.Compute/virtualMachines/amawin
[2026-01-29 21:25:34.000]  [GetValueFromJsonOrDefault] ErrorCode:0 INFO: Read Imds response field with Name:azEnvironment Value: AzurePublicCloud
[2026-01-29 21:25:34.000]  [SetImdsEnvironmentVariable] ErrorCode:0 INFO: Successfully set Environment variables from Imds
[2026-01-29 21:25:34.000]  [AggregateHeartbeat] ErrorCode:0 INFO: Completed heartbeat aggregation.
[2026-01-29 21:25:34.000]  [WriteStatusToFile] ErrorCode:0 INFO: Sending the status.
[2026-01-29 21:25:34.000]  [WriteStatusToFile] ErrorCode:0 INFO: Done Sending the status.
[2026-01-29 21:26:04.000]  [WriteHeartbeatToFile] ErrorCode:0 INFO: Sending the heartbeat.
[2026-01-29 21:26:04.000]  [WriteHeartbeatToFile] ErrorCode:0 INFO: Done Sending the heartbeat.
[2026-01-29 21:26:04.000]  [WriteStatusToFile] ErrorCode:0 INFO: Sending the status.
[2026-01-29 21:26:04.000]  [WriteStatusToFile] ErrorCode:0 INFO: Done Sending the status.
[2026-01-29 21:26:34.000]  [FindProcessById] ErrorCode:0 INFO: Attempt to find the process MetricsExtension.Native.exe with ID: 5620.
[2026-01-29 21:26:34.000]  [FindProcessById] ErrorCode:0 INFO: Running Process MetricsExtension.Native.exe found. ID: 5620.
[2026-01-29 21:26:34.000]  [StartMetricsExtension] ErrorCode:0 ERROR: Metrics extension is already running
[2026-01-29 21:26:34.000]  [WriteHeartbeatToFile] ErrorCode:0 INFO: Sending the heartbeat.
[2026-01-29 21:26:34.000]  [WriteHeartbeatToFile] ErrorCode:0 INFO: Done Sending the heartbeat.
[2026-01-29 21:26:34.000]  [WriteStatusToFile] ErrorCode:0 INFO: Sending the status.
[2026-01-29 21:26:34.000]  [WriteStatusToFile] ErrorCode:0 INFO: Done Sending the status.
[2026-01-29 21:27:04.000]  [WriteHeartbeatToFile] ErrorCode:0 INFO: Sending the heartbeat.
[2026-01-29 21:27:04.000]  [WriteHeartbeatToFile] ErrorCode:0 INFO: Done Sending the heartbeat.
[2026-01-29 21:27:04.000]  [WriteStatusToFile] ErrorCode:0 INFO: Sending the status.
[2026-01-29 21:27:04.000]  [WriteStatusToFile] ErrorCode:0 INFO: Done Sending the status.
[2026-01-29 21:27:34.000]  [FindProcessById] ErrorCode:0 INFO: Attempt to find the process MetricsExtension.Native.exe with ID: 5620.
[2026-01-29 21:27:34.000]  [FindProcessById] ErrorCode:0 INFO: Running Process MetricsExtension.Native.exe found. ID: 5620.
[2026-01-29 21:27:34.000]  [StartMetricsExtension] ErrorCode:0 ERROR: Metrics extension is already running
[2026-01-29 21:27:34.000]  [WriteHeartbeatToFile] ErrorCode:0 INFO: Sending the heartbeat.
[2026-01-29 21:27:34.000]  [WriteHeartbeatToFile] ErrorCode:0 INFO: Done Sending the heartbeat.
[2026-01-29 21:27:34.000]  [WriteStatusToFile] ErrorCode:0 INFO: Sending the status.
[2026-01-29 21:27:34.000]  [WriteStatusToFile] ErrorCode:0 INFO: Done Sending the status.
[2026-01-29 21:28:04.000]  [WriteHeartbeatToFile] ErrorCode:0 INFO: Sending the heartbeat.
[2026-01-29 21:28:04.000]  [WriteHeartbeatToFile] ErrorCode:0 INFO: Done Sending the heartbeat.
[2026-01-29 21:28:04.000]  [WriteStatusToFile] ErrorCode:0 INFO: Sending the status.
[2026-01-29 21:28:04.000]  [WriteStatusToFile] ErrorCode:0 INFO: Done Sending the status.
[2026-01-29 21:28:34.000]  [FindProcessById] ErrorCode:0 INFO: Attempt to find the process MetricsExtension.Native.exe with ID: 5620.
[2026-01-29 21:28:34.000]  [FindProcessById] ErrorCode:0 INFO: Running Process MetricsExtension.Native.exe found. ID: 5620.
[2026-01-29 21:28:34.000]  [StartMetricsExtension] ErrorCode:0 ERROR: Metrics extension is already running
[2026-01-29 21:28:34.000]  [WriteHeartbeatToFile] ErrorCode:0 INFO: Sending the heartbeat.
[2026-01-29 21:28:34.000]  [WriteHeartbeatToFile] ErrorCode:0 INFO: Done Sending the heartbeat.
[2026-01-29 21:28:34.000]  [WriteStatusToFile] ErrorCode:0 INFO: Sending the status.
[2026-01-29 21:28:34.000]  [WriteStatusToFile] ErrorCode:0 INFO: Done Sending the status.
[2026-01-29 21:29:04.000]  [WriteHeartbeatToFile] ErrorCode:0 INFO: Sending the heartbeat.
[2026-01-29 21:29:04.000]  [WriteHeartbeatToFile] ErrorCode:0 INFO: Done Sending the heartbeat.
[2026-01-29 21:29:04.000]  [WriteStatusToFile] ErrorCode:0 INFO: Sending the status.
[2026-01-29 21:29:04.000]  [WriteStatusToFile] ErrorCode:0 INFO: Done Sending the status.
[2026-01-29 21:29:34.000]  [FindProcessById] ErrorCode:0 INFO: Attempt to find the process MetricsExtension.Native.exe with ID: 5620.
[2026-01-29 21:29:34.000]  [FindProcessById] ErrorCode:0 INFO: Running Process MetricsExtension.Native.exe found. ID: 5620.
[2026-01-29 21:29:34.000]  [StartMetricsExtension] ErrorCode:0 ERROR: Metrics extension is already running
[2026-01-29 21:29:34.000]  [WriteHeartbeatToFile] ErrorCode:0 INFO: Sending the heartbeat.
[2026-01-29 21:29:34.000]  [WriteHeartbeatToFile] ErrorCode:0 INFO: Done Sending the heartbeat.
[2026-01-29 21:29:34.000]  [WriteStatusToFile] ErrorCode:0 INFO: Sending the status.
[2026-01-29 21:29:34.000]  [WriteStatusToFile] ErrorCode:0 INFO: Done Sending the status.
[2026-01-29 21:30:04.000]  [WriteHeartbeatToFile] ErrorCode:0 INFO: Sending the heartbeat.
[2026-01-29 21:30:04.000]  [WriteHeartbeatToFile] ErrorCode:0 INFO: Done Sending the heartbeat.
[2026-01-29 21:30:04.000]  [WriteStatusToFile] ErrorCode:0 INFO: Sending the status.
[2026-01-29 21:30:04.000]  [WriteStatusToFile] ErrorCode:0 INFO: Done Sending the status.
[2026-01-29 21:30:34.000]  [FindProcessById] ErrorCode:0 INFO: Attempt to find the process MetricsExtension.Native.exe with ID: 5620.
[2026-01-29 21:30:34.000]  [FindProcessById] ErrorCode:0 INFO: Running Process MetricsExtension.Native.exe found. ID: 5620.
[2026-01-29 21:30:34.000]  [StartMetricsExtension] ErrorCode:0 ERROR: Metrics extension is already running
[2026-01-29 21:30:34.000]  [AggregateHeartbeat] ErrorCode:0 INFO: Start heartbeat aggregation.
[2026-01-29 21:30:34.000]  [QueryRegValueDWORD] ErrorCode:0 INFO: Query Registry for Key:SOFTWARE\Microsoft\Windows Azure\CurrentVersion\AzureMonitorAgentExtension\47.4.1.0, Name:MaServiceProcess
[2026-01-29 21:30:34.000]  [QueryRegValueDWORD] ErrorCode:0 INFO: Query Registry for Key:SOFTWARE\Microsoft\Windows Azure\CurrentVersion\AzureMonitorAgentExtension\47.4.1.0, Name:MaServiceProcess, Value:1904
[2026-01-29 21:30:34.000]  [FindProcessById] ErrorCode:0 INFO: Attempt to find the process MonAgentLauncher.exe with ID: 1904.
[2026-01-29 21:30:34.000]  [FindProcessById] ErrorCode:0 INFO: Running Process MonAgentLauncher.exe found. ID: 1904.
[2026-01-29 21:30:34.000]  [CheckIfMAServiceIsRunByExtension] ErrorCode:0 INFO: The MA process is running based on the m_registry
[2026-01-29 21:30:34.000]  [QueryRegValueDWORD] ErrorCode:0 INFO: Query Registry for Key:SOFTWARE\Microsoft\Windows Azure\CurrentVersion\AzureMonitorAgentExtension\47.4.1.0, Name:AMAMultitenantServiceProcess
[2026-01-29 21:30:34.000]  [QueryRegValueDWORD] ErrorCode:0 ERROR: RegQueryValueExA: failed to query REG_DWORD value, Key:SOFTWARE\Microsoft\Windows Azure\CurrentVersion\AzureMonitorAgentExtension\47.4.1.0, name=AMAMultitenantServiceProcess, error=2, type=0
[2026-01-29 21:30:34.000]  [CheckIfMAServiceIsRunByExtension] ErrorCode:1205 INFO: Unable to read the m_registry for MA process. Assume it is not running.
[2026-01-29 21:30:34.000]  [AggregateHeartbeat] ErrorCode:0 INFO: Configured MA Service is not running on the node.
[2026-01-29 21:30:34.000]  [SetImdsEnvironmentVariable] ErrorCode:0 INFO: Querying IMDS information
[2026-01-29 21:30:34.000]  [SetImdsEnvironmentVariable] ErrorCode:-1 INFO: Preparing to call IMDS. Endpoint: http://169.254.169.254
[2026-01-29 21:30:34.000]  [QueryIMDSEndpoint] ErrorCode:0 INFO: Queried IMDS successfully.
[2026-01-29 21:30:34.000]  [GetValueFromJsonOrDefault] ErrorCode:0 INFO: Read Imds response field with Name:location Value: westus2
[2026-01-29 21:30:34.000]  [GetValueFromJsonOrDefault] ErrorCode:0 INFO: Read Imds response field with Name:name Value: amawin
[2026-01-29 21:30:34.000]  [GetValueFromJsonOrDefault] ErrorCode:0 INFO: Read Imds response field with Name:subscriptionId Value: 351651ce-5feb-4e59-975d-f1f344e2b717
[2026-01-29 21:30:34.000]  [GetValueFromJsonOrDefault] ErrorCode:0 INFO: Read Imds response field with Name:vmId Value: 22afd636-aec1-4782-9055-f85ea283dc20
[2026-01-29 21:30:34.000]  [GetValueFromJsonOrDefault] ErrorCode:0 INFO: Read Imds response field with Name:vmScaleSetName Value: 
[2026-01-29 21:30:34.000]  [GetValueFromJsonOrDefault] ErrorCode:0 INFO: Read Imds response field with Name:resourceGroupName Value: AMAWIN_GROUP
[2026-01-29 21:30:34.000]  [GetValueFromJsonOrDefault] ErrorCode:0 INFO: Read Imds response field with Name:osType Value: Windows
[2026-01-29 21:30:34.000]  [GetValueFromJsonOrDefault] ErrorCode:0 INFO: Read Imds response field with Name:resourceId Value: /subscriptions/351651ce-5feb-4e59-975d-f1f344e2b717/resourceGroups/AMAWIN_GROUP/providers/Microsoft.Compute/virtualMachines/amawin
[2026-01-29 21:30:34.000]  [GetValueFromJsonOrDefault] ErrorCode:0 INFO: Read Imds response field with Name:azEnvironment Value: AzurePublicCloud
[2026-01-29 21:30:34.000]  [SetImdsEnvironmentVariable] ErrorCode:0 INFO: Successfully set Environment variables from Imds
[2026-01-29 21:30:34.000]  [AggregateHeartbeat] ErrorCode:0 INFO: Completed heartbeat aggregation.
[2026-01-29 21:30:34.000]  [WriteHeartbeatToFile] ErrorCode:0 INFO: Sending the heartbeat.
[2026-01-29 21:30:34.000]  [WriteHeartbeatToFile] ErrorCode:0 INFO: Done Sending the heartbeat.
[2026-01-29 21:30:34.000]  [WriteStatusToFile] ErrorCode:0 INFO: Sending the status.
[2026-01-29 21:30:34.000]  [WriteStatusToFile] ErrorCode:0 INFO: Done Sending the status.
[2026-01-29 21:31:04.000]  [WriteHeartbeatToFile] ErrorCode:0 INFO: Sending the heartbeat.
[2026-01-29 21:31:04.000]  [WriteHeartbeatToFile] ErrorCode:0 INFO: Done Sending the heartbeat.
[2026-01-29 21:31:05.000]  [WriteStatusToFile] ErrorCode:0 INFO: Sending the status.
[2026-01-29 21:31:05.000]  [WriteStatusToFile] ErrorCode:0 INFO: Done Sending the status.
[2026-01-29 21:31:34.000]  [FindProcessById] ErrorCode:0 INFO: Attempt to find the process MetricsExtension.Native.exe with ID: 5620.
[2026-01-29 21:31:34.000]  [FindProcessById] ErrorCode:0 INFO: Running Process MetricsExtension.Native.exe found. ID: 5620.
[2026-01-29 21:31:34.000]  [StartMetricsExtension] ErrorCode:0 ERROR: Metrics extension is already running
[2026-01-29 21:31:34.000]  [WriteHeartbeatToFile] ErrorCode:0 INFO: Sending the heartbeat.
[2026-01-29 21:31:35.000]  [WriteHeartbeatToFile] ErrorCode:0 INFO: Done Sending the heartbeat.
[2026-01-29 21:31:35.000]  [WriteStatusToFile] ErrorCode:0 INFO: Sending the status.
[2026-01-29 21:31:35.000]  [WriteStatusToFile] ErrorCode:0 INFO: Done Sending the status.
[2026-01-29 21:32:05.000]  [WriteHeartbeatToFile] ErrorCode:0 INFO: Sending the heartbeat.
[2026-01-29 21:32:05.000]  [WriteHeartbeatToFile] ErrorCode:0 INFO: Done Sending the heartbeat.
[2026-01-29 21:32:05.000]  [WriteStatusToFile] ErrorCode:0 INFO: Sending the status.
[2026-01-29 21:32:05.000]  [WriteStatusToFile] ErrorCode:0 INFO: Done Sending the status.
[2026-01-29 21:32:34.000]  [FindProcessById] ErrorCode:0 INFO: Attempt to find the process MetricsExtension.Native.exe with ID: 5620.
[2026-01-29 21:32:34.000]  [FindProcessById] ErrorCode:0 INFO: Running Process MetricsExtension.Native.exe found. ID: 5620.
[2026-01-29 21:32:34.000]  [StartMetricsExtension] ErrorCode:0 ERROR: Metrics extension is already running
[2026-01-29 21:32:35.000]  [WriteHeartbeatToFile] ErrorCode:0 INFO: Sending the heartbeat.
[2026-01-29 21:32:35.000]  [WriteHeartbeatToFile] ErrorCode:0 INFO: Done Sending the heartbeat.
[2026-01-29 21:32:35.000]  [WriteStatusToFile] ErrorCode:0 INFO: Sending the status.
[2026-01-29 21:32:35.000]  [WriteStatusToFile] ErrorCode:0 INFO: Done Sending the status.
[2026-01-29 21:33:05.000]  [WriteHeartbeatToFile] ErrorCode:0 INFO: Sending the heartbeat.
[2026-01-29 21:33:05.000]  [WriteHeartbeatToFile] ErrorCode:0 INFO: Done Sending the heartbeat.
[2026-01-29 21:33:05.000]  [WriteStatusToFile] ErrorCode:0 INFO: Sending the status.
[2026-01-29 21:33:05.000]  [WriteStatusToFile] ErrorCode:0 INFO: Done Sending the status.
[2026-01-29 21:33:34.000]  [FindProcessById] ErrorCode:0 INFO: Attempt to find the process MetricsExtension.Native.exe with ID: 5620.
[2026-01-29 21:33:34.000]  [FindProcessById] ErrorCode:0 INFO: Running Process MetricsExtension.Native.exe found. ID: 5620.
[2026-01-29 21:33:34.000]  [StartMetricsExtension] ErrorCode:0 ERROR: Metrics extension is already running
[2026-01-29 21:33:35.000]  [WriteHeartbeatToFile] ErrorCode:0 INFO: Sending the heartbeat.
[2026-01-29 21:33:35.000]  [WriteHeartbeatToFile] ErrorCode:0 INFO: Done Sending the heartbeat.
[2026-01-29 21:33:35.000]  [WriteStatusToFile] ErrorCode:0 INFO: Sending the status.
[2026-01-29 21:33:35.000]  [WriteStatusToFile] ErrorCode:0 INFO: Done Sending the status.
[2026-01-29 21:34:05.000]  [WriteHeartbeatToFile] ErrorCode:0 INFO: Sending the heartbeat.
[2026-01-29 21:34:05.000]  [WriteHeartbeatToFile] ErrorCode:0 INFO: Done Sending the heartbeat.
[2026-01-29 21:34:05.000]  [WriteStatusToFile] ErrorCode:0 INFO: Sending the status.
[2026-01-29 21:34:05.000]  [WriteStatusToFile] ErrorCode:0 INFO: Done Sending the status.
[2026-01-29 21:34:34.000]  [FindProcessById] ErrorCode:0 INFO: Attempt to find the process MetricsExtension.Native.exe with ID: 5620.
[2026-01-29 21:34:35.000]  [FindProcessById] ErrorCode:0 INFO: Running Process MetricsExtension.Native.exe found. ID: 5620.
[2026-01-29 21:34:35.000]  [StartMetricsExtension] ErrorCode:0 ERROR: Metrics extension is already running
[2026-01-29 21:34:35.000]  [WriteHeartbeatToFile] ErrorCode:0 INFO: Sending the heartbeat.
[2026-01-29 21:34:35.000]  [WriteHeartbeatToFile] ErrorCode:0 INFO: Done Sending the heartbeat.
[2026-01-29 21:34:35.000]  [WriteStatusToFile] ErrorCode:0 INFO: Sending the status.
[2026-01-29 21:34:35.000]  [WriteStatusToFile] ErrorCode:0 INFO: Done Sending the status.
[2026-01-29 21:35:05.000]  [WriteHeartbeatToFile] ErrorCode:0 INFO: Sending the heartbeat.
[2026-01-29 21:35:05.000]  [WriteHeartbeatToFile] ErrorCode:0 INFO: Done Sending the heartbeat.
[2026-01-29 21:35:05.000]  [WriteStatusToFile] ErrorCode:0 INFO: Sending the status.
[2026-01-29 21:35:05.000]  [WriteStatusToFile] ErrorCode:0 INFO: Done Sending the status.
[2026-01-29 21:35:35.000]  [FindProcessById] ErrorCode:0 INFO: Attempt to find the process MetricsExtension.Native.exe with ID: 5620.
[2026-01-29 21:35:35.000]  [FindProcessById] ErrorCode:0 INFO: Running Process MetricsExtension.Native.exe found. ID: 5620.
[2026-01-29 21:35:35.000]  [StartMetricsExtension] ErrorCode:0 ERROR: Metrics extension is already running
[2026-01-29 21:35:35.000]  [AggregateHeartbeat] ErrorCode:0 INFO: Start heartbeat aggregation.
[2026-01-29 21:35:35.000]  [QueryRegValueDWORD] ErrorCode:0 INFO: Query Registry for Key:SOFTWARE\Microsoft\Windows Azure\CurrentVersion\AzureMonitorAgentExtension\47.4.1.0, Name:MaServiceProcess
[2026-01-29 21:35:35.000]  [QueryRegValueDWORD] ErrorCode:0 INFO: Query Registry for Key:SOFTWARE\Microsoft\Windows Azure\CurrentVersion\AzureMonitorAgentExtension\47.4.1.0, Name:MaServiceProcess, Value:1904
[2026-01-29 21:35:35.000]  [FindProcessById] ErrorCode:0 INFO: Attempt to find the process MonAgentLauncher.exe with ID: 1904.
[2026-01-29 21:35:35.000]  [FindProcessById] ErrorCode:0 INFO: Running Process MonAgentLauncher.exe found. ID: 1904.
[2026-01-29 21:35:35.000]  [CheckIfMAServiceIsRunByExtension] ErrorCode:0 INFO: The MA process is running based on the m_registry
[2026-01-29 21:35:35.000]  [QueryRegValueDWORD] ErrorCode:0 INFO: Query Registry for Key:SOFTWARE\Microsoft\Windows Azure\CurrentVersion\AzureMonitorAgentExtension\47.4.1.0, Name:AMAMultitenantServiceProcess
[2026-01-29 21:35:35.000]  [QueryRegValueDWORD] ErrorCode:0 ERROR: RegQueryValueExA: failed to query REG_DWORD value, Key:SOFTWARE\Microsoft\Windows Azure\CurrentVersion\AzureMonitorAgentExtension\47.4.1.0, name=AMAMultitenantServiceProcess, error=2, type=0
[2026-01-29 21:35:35.000]  [CheckIfMAServiceIsRunByExtension] ErrorCode:1205 INFO: Unable to read the m_registry for MA process. Assume it is not running.
[2026-01-29 21:35:35.000]  [AggregateHeartbeat] ErrorCode:0 INFO: Configured MA Service is not running on the node.
[2026-01-29 21:35:35.000]  [SetImdsEnvironmentVariable] ErrorCode:0 INFO: Querying IMDS information
[2026-01-29 21:35:35.000]  [SetImdsEnvironmentVariable] ErrorCode:-1 INFO: Preparing to call IMDS. Endpoint: http://169.254.169.254
[2026-01-29 21:35:35.000]  [QueryIMDSEndpoint] ErrorCode:0 INFO: Queried IMDS successfully.
[2026-01-29 21:35:35.000]  [GetValueFromJsonOrDefault] ErrorCode:0 INFO: Read Imds response field with Name:location Value: westus2
[2026-01-29 21:35:35.000]  [GetValueFromJsonOrDefault] ErrorCode:0 INFO: Read Imds response field with Name:name Value: amawin
[2026-01-29 21:35:35.000]  [GetValueFromJsonOrDefault] ErrorCode:0 INFO: Read Imds response field with Name:subscriptionId Value: 351651ce-5feb-4e59-975d-f1f344e2b717
[2026-01-29 21:35:35.000]  [GetValueFromJsonOrDefault] ErrorCode:0 INFO: Read Imds response field with Name:vmId Value: 22afd636-aec1-4782-9055-f85ea283dc20
[2026-01-29 21:35:35.000]  [GetValueFromJsonOrDefault] ErrorCode:0 INFO: Read Imds response field with Name:vmScaleSetName Value: 
[2026-01-29 21:35:35.000]  [GetValueFromJsonOrDefault] ErrorCode:0 INFO: Read Imds response field with Name:resourceGroupName Value: AMAWIN_GROUP
[2026-01-29 21:35:35.000]  [GetValueFromJsonOrDefault] ErrorCode:0 INFO: Read Imds response field with Name:osType Value: Windows
[2026-01-29 21:35:35.000]  [GetValueFromJsonOrDefault] ErrorCode:0 INFO: Read Imds response field with Name:resourceId Value: /subscriptions/351651ce-5feb-4e59-975d-f1f344e2b717/resourceGroups/AMAWIN_GROUP/providers/Microsoft.Compute/virtualMachines/amawin
[2026-01-29 21:35:35.000]  [GetValueFromJsonOrDefault] ErrorCode:0 INFO: Read Imds response field with Name:azEnvironment Value: AzurePublicCloud
[2026-01-29 21:35:35.000]  [SetImdsEnvironmentVariable] ErrorCode:0 INFO: Successfully set Environment variables from Imds
[2026-01-29 21:35:35.000]  [AggregateHeartbeat] ErrorCode:0 INFO: Completed heartbeat aggregation.
[2026-01-29 21:35:35.000]  [WriteHeartbeatToFile] ErrorCode:0 INFO: Sending the heartbeat.
[2026-01-29 21:35:35.000]  [WriteHeartbeatToFile] ErrorCode:0 INFO: Done Sending the heartbeat.
[2026-01-29 21:35:35.000]  [WriteStatusToFile] ErrorCode:0 INFO: Sending the status.
[2026-01-29 21:35:35.000]  [WriteStatusToFile] ErrorCode:0 INFO: Done Sending the status.
[2026-01-29 21:36:05.000]  [WriteHeartbeatToFile] ErrorCode:0 INFO: Sending the heartbeat.
[2026-01-29 21:36:05.000]  [WriteHeartbeatToFile] ErrorCode:0 INFO: Done Sending the heartbeat.
[2026-01-29 21:36:05.000]  [WriteStatusToFile] ErrorCode:0 INFO: Sending the status.
[2026-01-29 21:36:05.000]  [WriteStatusToFile] ErrorCode:0 INFO: Done Sending the status.
[2026-01-29 21:36:35.000]  [FindProcessById] ErrorCode:0 INFO: Attempt to find the process MetricsExtension.Native.exe with ID: 5620.
[2026-01-29 21:36:35.000]  [FindProcessById] ErrorCode:0 INFO: Running Process MetricsExtension.Native.exe found. ID: 5620.
[2026-01-29 21:36:35.000]  [StartMetricsExtension] ErrorCode:0 ERROR: Metrics extension is already running
[2026-01-29 21:36:35.000]  [WriteHeartbeatToFile] ErrorCode:0 INFO: Sending the heartbeat.
[2026-01-29 21:36:35.000]  [WriteHeartbeatToFile] ErrorCode:0 INFO: Done Sending the heartbeat.
[2026-01-29 21:36:35.000]  [WriteStatusToFile] ErrorCode:0 INFO: Sending the status.
[2026-01-29 21:36:35.000]  [WriteStatusToFile] ErrorCode:0 INFO: Done Sending the status.
[2026-01-29 21:37:05.000]  [WriteHeartbeatToFile] ErrorCode:0 INFO: Sending the heartbeat.
[2026-01-29 21:37:05.000]  [WriteHeartbeatToFile] ErrorCode:0 INFO: Done Sending the heartbeat.
[2026-01-29 21:37:05.000]  [WriteStatusToFile] ErrorCode:0 INFO: Sending the status.
[2026-01-29 21:37:05.000]  [WriteStatusToFile] ErrorCode:0 INFO: Done Sending the status.
[2026-01-29 21:37:35.000]  [FindProcessById] ErrorCode:0 INFO: Attempt to find the process MetricsExtension.Native.exe with ID: 5620.
[2026-01-29 21:37:35.000]  [FindProcessById] ErrorCode:0 INFO: Running Process MetricsExtension.Native.exe found. ID: 5620.
[2026-01-29 21:37:35.000]  [StartMetricsExtension] ErrorCode:0 ERROR: Metrics extension is already running
[2026-01-29 21:37:35.000]  [WriteHeartbeatToFile] ErrorCode:0 INFO: Sending the heartbeat.
[2026-01-29 21:37:35.000]  [WriteHeartbeatToFile] ErrorCode:0 INFO: Done Sending the heartbeat.
[2026-01-29 21:37:35.000]  [WriteStatusToFile] ErrorCode:0 INFO: Sending the status.
[2026-01-29 21:37:35.000]  [WriteStatusToFile] ErrorCode:0 INFO: Done Sending the status.
[2026-01-29 21:38:05.000]  [WriteHeartbeatToFile] ErrorCode:0 INFO: Sending the heartbeat.
[2026-01-29 21:38:05.000]  [WriteHeartbeatToFile] ErrorCode:0 INFO: Done Sending the heartbeat.
[2026-01-29 21:38:05.000]  [WriteStatusToFile] ErrorCode:0 INFO: Sending the status.
[2026-01-29 21:38:05.000]  [WriteStatusToFile] ErrorCode:0 INFO: Done Sending the status.
[2026-01-29 21:38:35.000]  [FindProcessById] ErrorCode:0 INFO: Attempt to find the process MetricsExtension.Native.exe with ID: 5620.
[2026-01-29 21:38:35.000]  [FindProcessById] ErrorCode:0 INFO: Running Process MetricsExtension.Native.exe found. ID: 5620.
[2026-01-29 21:38:35.000]  [StartMetricsExtension] ErrorCode:0 ERROR: Metrics extension is already running
[2026-01-29 21:38:35.000]  [WriteHeartbeatToFile] ErrorCode:0 INFO: Sending the heartbeat.
[2026-01-29 21:38:35.000]  [WriteHeartbeatToFile] ErrorCode:0 INFO: Done Sending the heartbeat.
[2026-01-29 21:38:35.000]  [WriteStatusToFile] ErrorCode:0 INFO: Sending the status.
[2026-01-29 21:38:35.000]  [WriteStatusToFile] ErrorCode:0 INFO: Done Sending the status.
[2026-01-29 21:39:05.000]  [WriteHeartbeatToFile] ErrorCode:0 INFO: Sending the heartbeat.
[2026-01-29 21:39:05.000]  [WriteHeartbeatToFile] ErrorCode:0 INFO: Done Sending the heartbeat.
[2026-01-29 21:39:05.000]  [WriteStatusToFile] ErrorCode:0 INFO: Sending the status.
[2026-01-29 21:39:05.000]  [WriteStatusToFile] ErrorCode:0 INFO: Done Sending the status.
[2026-01-29 21:39:35.000]  [FindProcessById] ErrorCode:0 INFO: Attempt to find the process MetricsExtension.Native.exe with ID: 5620.
[2026-01-29 21:39:35.000]  [FindProcessById] ErrorCode:0 INFO: Running Process MetricsExtension.Native.exe found. ID: 5620.
[2026-01-29 21:39:35.000]  [StartMetricsExtension] ErrorCode:0 ERROR: Metrics extension is already running
[2026-01-29 21:39:35.000]  [WriteHeartbeatToFile] ErrorCode:0 INFO: Sending the heartbeat.
[2026-01-29 21:39:35.000]  [WriteHeartbeatToFile] ErrorCode:0 INFO: Done Sending the heartbeat.
[2026-01-29 21:39:35.000]  [WriteStatusToFile] ErrorCode:0 INFO: Sending the status.
[2026-01-29 21:39:35.000]  [WriteStatusToFile] ErrorCode:0 INFO: Done Sending the status.
[2026-01-29 21:40:05.000]  [WriteHeartbeatToFile] ErrorCode:0 INFO: Sending the heartbeat.
[2026-01-29 21:40:05.000]  [WriteHeartbeatToFile] ErrorCode:0 INFO: Done Sending the heartbeat.
[2026-01-29 21:40:05.000]  [WriteStatusToFile] ErrorCode:0 INFO: Sending the status.
[2026-01-29 21:40:05.000]  [WriteStatusToFile] ErrorCode:0 INFO: Done Sending the status.
[2026-01-29 21:40:35.000]  [FindProcessById] ErrorCode:0 INFO: Attempt to find the process MetricsExtension.Native.exe with ID: 5620.
[2026-01-29 21:40:35.000]  [FindProcessById] ErrorCode:0 INFO: Running Process MetricsExtension.Native.exe found. ID: 5620.
[2026-01-29 21:40:35.000]  [StartMetricsExtension] ErrorCode:0 ERROR: Metrics extension is already running
[2026-01-29 21:40:35.000]  [AggregateHeartbeat] ErrorCode:0 INFO: Start heartbeat aggregation.
[2026-01-29 21:40:35.000]  [QueryRegValueDWORD] ErrorCode:0 INFO: Query Registry for Key:SOFTWARE\Microsoft\Windows Azure\CurrentVersion\AzureMonitorAgentExtension\47.4.1.0, Name:MaServiceProcess
[2026-01-29 21:40:35.000]  [QueryRegValueDWORD] ErrorCode:0 INFO: Query Registry for Key:SOFTWARE\Microsoft\Windows Azure\CurrentVersion\AzureMonitorAgentExtension\47.4.1.0, Name:MaServiceProcess, Value:1904
[2026-01-29 21:40:35.000]  [FindProcessById] ErrorCode:0 INFO: Attempt to find the process MonAgentLauncher.exe with ID: 1904.
[2026-01-29 21:40:35.000]  [FindProcessById] ErrorCode:0 INFO: Running Process MonAgentLauncher.exe found. ID: 1904.
[2026-01-29 21:40:35.000]  [CheckIfMAServiceIsRunByExtension] ErrorCode:0 INFO: The MA process is running based on the m_registry
[2026-01-29 21:40:35.000]  [QueryRegValueDWORD] ErrorCode:0 INFO: Query Registry for Key:SOFTWARE\Microsoft\Windows Azure\CurrentVersion\AzureMonitorAgentExtension\47.4.1.0, Name:AMAMultitenantServiceProcess
[2026-01-29 21:40:35.000]  [QueryRegValueDWORD] ErrorCode:0 ERROR: RegQueryValueExA: failed to query REG_DWORD value, Key:SOFTWARE\Microsoft\Windows Azure\CurrentVersion\AzureMonitorAgentExtension\47.4.1.0, name=AMAMultitenantServiceProcess, error=2, type=0
[2026-01-29 21:40:35.000]  [CheckIfMAServiceIsRunByExtension] ErrorCode:1205 INFO: Unable to read the m_registry for MA process. Assume it is not running.
[2026-01-29 21:40:35.000]  [AggregateHeartbeat] ErrorCode:0 INFO: Configured MA Service is not running on the node.
[2026-01-29 21:40:35.000]  [SetImdsEnvironmentVariable] ErrorCode:0 INFO: Querying IMDS information
[2026-01-29 21:40:35.000]  [SetImdsEnvironmentVariable] ErrorCode:-1 INFO: Preparing to call IMDS. Endpoint: http://169.254.169.254
[2026-01-29 21:40:35.000]  [QueryIMDSEndpoint] ErrorCode:0 INFO: Queried IMDS successfully.
[2026-01-29 21:40:35.000]  [GetValueFromJsonOrDefault] ErrorCode:0 INFO: Read Imds response field with Name:location Value: westus2
[2026-01-29 21:40:35.000]  [GetValueFromJsonOrDefault] ErrorCode:0 INFO: Read Imds response field with Name:name Value: amawin
[2026-01-29 21:40:35.000]  [GetValueFromJsonOrDefault] ErrorCode:0 INFO: Read Imds response field with Name:subscriptionId Value: 351651ce-5feb-4e59-975d-f1f344e2b717
[2026-01-29 21:40:35.000]  [GetValueFromJsonOrDefault] ErrorCode:0 INFO: Read Imds response field with Name:vmId Value: 22afd636-aec1-4782-9055-f85ea283dc20
[2026-01-29 21:40:35.000]  [GetValueFromJsonOrDefault] ErrorCode:0 INFO: Read Imds response field with Name:vmScaleSetName Value: 
[2026-01-29 21:40:35.000]  [GetValueFromJsonOrDefault] ErrorCode:0 INFO: Read Imds response field with Name:resourceGroupName Value: AMAWIN_GROUP
[2026-01-29 21:40:35.000]  [GetValueFromJsonOrDefault] ErrorCode:0 INFO: Read Imds response field with Name:osType Value: Windows
[2026-01-29 21:40:35.000]  [GetValueFromJsonOrDefault] ErrorCode:0 INFO: Read Imds response field with Name:resourceId Value: /subscriptions/351651ce-5feb-4e59-975d-f1f344e2b717/resourceGroups/AMAWIN_GROUP/providers/Microsoft.Compute/virtualMachines/amawin
[2026-01-29 21:40:35.000]  [GetValueFromJsonOrDefault] ErrorCode:0 INFO: Read Imds response field with Name:azEnvironment Value: AzurePublicCloud
[2026-01-29 21:40:35.000]  [SetImdsEnvironmentVariable] ErrorCode:0 INFO: Successfully set Environment variables from Imds
[2026-01-29 21:40:35.000]  [AggregateHeartbeat] ErrorCode:0 INFO: Completed heartbeat aggregation.
[2026-01-29 21:40:35.000]  [WriteHeartbeatToFile] ErrorCode:0 INFO: Sending the heartbeat.
[2026-01-29 21:40:35.000]  [WriteHeartbeatToFile] ErrorCode:0 INFO: Done Sending the heartbeat.
[2026-01-29 21:40:35.000]  [WriteStatusToFile] ErrorCode:0 INFO: Sending the status.
[2026-01-29 21:40:35.000]  [WriteStatusToFile] ErrorCode:0 INFO: Done Sending the status.
[2026-01-29 21:41:05.000]  [WriteHeartbeatToFile] ErrorCode:0 INFO: Sending the heartbeat.
[2026-01-29 21:41:05.000]  [WriteHeartbeatToFile] ErrorCode:0 INFO: Done Sending the heartbeat.
[2026-01-29 21:41:05.000]  [WriteStatusToFile] ErrorCode:0 INFO: Sending the status.
[2026-01-29 21:41:05.000]  [WriteStatusToFile] ErrorCode:0 INFO: Done Sending the status.
[2026-01-29 21:41:35.000]  [FindProcessById] ErrorCode:0 INFO: Attempt to find the process MetricsExtension.Native.exe with ID: 5620.
[2026-01-29 21:41:35.000]  [FindProcessById] ErrorCode:0 INFO: Running Process MetricsExtension.Native.exe found. ID: 5620.
[2026-01-29 21:41:35.000]  [StartMetricsExtension] ErrorCode:0 ERROR: Metrics extension is already running
[2026-01-29 21:41:35.000]  [WriteHeartbeatToFile] ErrorCode:0 INFO: Sending the heartbeat.
[2026-01-29 21:41:35.000]  [WriteHeartbeatToFile] ErrorCode:0 INFO: Done Sending the heartbeat.
[2026-01-29 21:41:35.000]  [WriteStatusToFile] ErrorCode:0 INFO: Sending the status.
[2026-01-29 21:41:35.000]  [WriteStatusToFile] ErrorCode:0 INFO: Done Sending the status.
[2026-01-29 21:42:05.000]  [WriteHeartbeatToFile] ErrorCode:0 INFO: Sending the heartbeat.
[2026-01-29 21:42:05.000]  [WriteHeartbeatToFile] ErrorCode:0 INFO: Done Sending the heartbeat.
[2026-01-29 21:42:05.000]  [WriteStatusToFile] ErrorCode:0 INFO: Sending the status.
[2026-01-29 21:42:05.000]  [WriteStatusToFile] ErrorCode:0 INFO: Done Sending the status.
[2026-01-29 21:42:35.000]  [FindProcessById] ErrorCode:0 INFO: Attempt to find the process MetricsExtension.Native.exe with ID: 5620.
[2026-01-29 21:42:35.000]  [FindProcessById] ErrorCode:0 INFO: Running Process MetricsExtension.Native.exe found. ID: 5620.
[2026-01-29 21:42:35.000]  [StartMetricsExtension] ErrorCode:0 ERROR: Metrics extension is already running
[2026-01-29 21:42:35.000]  [WriteHeartbeatToFile] ErrorCode:0 INFO: Sending the heartbeat.
[2026-01-29 21:42:35.000]  [WriteHeartbeatToFile] ErrorCode:0 INFO: Done Sending the heartbeat.
[2026-01-29 21:42:35.000]  [WriteStatusToFile] ErrorCode:0 INFO: Sending the status.
[2026-01-29 21:42:35.000]  [WriteStatusToFile] ErrorCode:0 INFO: Done Sending the status.
[2026-01-29 21:43:05.000]  [WriteHeartbeatToFile] ErrorCode:0 INFO: Sending the heartbeat.
[2026-01-29 21:43:05.000]  [WriteHeartbeatToFile] ErrorCode:0 INFO: Done Sending the heartbeat.
[2026-01-29 21:43:05.000]  [WriteStatusToFile] ErrorCode:0 INFO: Sending the status.
[2026-01-29 21:43:05.000]  [WriteStatusToFile] ErrorCode:0 INFO: Done Sending the status.
[2026-01-29 21:43:35.000]  [FindProcessById] ErrorCode:0 INFO: Attempt to find the process MetricsExtension.Native.exe with ID: 5620.
[2026-01-29 21:43:35.000]  [FindProcessById] ErrorCode:0 INFO: Running Process MetricsExtension.Native.exe found. ID: 5620.
[2026-01-29 21:43:35.000]  [StartMetricsExtension] ErrorCode:0 ERROR: Metrics extension is already running
[2026-01-29 21:43:35.000]  [WriteHeartbeatToFile] ErrorCode:0 INFO: Sending the heartbeat.
[2026-01-29 21:43:35.000]  [WriteHeartbeatToFile] ErrorCode:0 INFO: Done Sending the heartbeat.
[2026-01-29 21:43:35.000]  [WriteStatusToFile] ErrorCode:0 INFO: Sending the status.
[2026-01-29 21:43:35.000]  [WriteStatusToFile] ErrorCode:0 INFO: Done Sending the status.
[2026-01-29 21:44:05.000]  [WriteHeartbeatToFile] ErrorCode:0 INFO: Sending the heartbeat.
[2026-01-29 21:44:05.000]  [WriteHeartbeatToFile] ErrorCode:0 INFO: Done Sending the heartbeat.
[2026-01-29 21:44:05.000]  [WriteStatusToFile] ErrorCode:0 INFO: Sending the status.
[2026-01-29 21:44:05.000]  [WriteStatusToFile] ErrorCode:0 INFO: Done Sending the status.
[2026-01-29 21:44:35.000]  [FindProcessById] ErrorCode:0 INFO: Attempt to find the process MetricsExtension.Native.exe with ID: 5620.
[2026-01-29 21:44:35.000]  [FindProcessById] ErrorCode:0 INFO: Running Process MetricsExtension.Native.exe found. ID: 5620.
[2026-01-29 21:44:35.000]  [StartMetricsExtension] ErrorCode:0 ERROR: Metrics extension is already running
[2026-01-29 21:44:35.000]  [WriteHeartbeatToFile] ErrorCode:0 INFO: Sending the heartbeat.
[2026-01-29 21:44:35.000]  [WriteHeartbeatToFile] ErrorCode:0 INFO: Done Sending the heartbeat.
[2026-01-29 21:44:35.000]  [WriteStatusToFile] ErrorCode:0 INFO: Sending the status.
[2026-01-29 21:44:35.000]  [WriteStatusToFile] ErrorCode:0 INFO: Done Sending the status.
[2026-01-29 21:45:05.000]  [WriteHeartbeatToFile] ErrorCode:0 INFO: Sending the heartbeat.
[2026-01-29 21:45:05.000]  [WriteHeartbeatToFile] ErrorCode:0 INFO: Done Sending the heartbeat.
[2026-01-29 21:45:05.000]  [WriteStatusToFile] ErrorCode:0 INFO: Sending the status.
[2026-01-29 21:45:05.000]  [WriteStatusToFile] ErrorCode:0 INFO: Done Sending the status.
[2026-01-29 21:45:35.000]  [FindProcessById] ErrorCode:0 INFO: Attempt to find the process MetricsExtension.Native.exe with ID: 5620.
[2026-01-29 21:45:35.000]  [FindProcessById] ErrorCode:0 INFO: Running Process MetricsExtension.Native.exe found. ID: 5620.
[2026-01-29 21:45:35.000]  [StartMetricsExtension] ErrorCode:0 ERROR: Metrics extension is already running
[2026-01-29 21:45:35.000]  [AggregateHeartbeat] ErrorCode:0 INFO: Start heartbeat aggregation.
[2026-01-29 21:45:35.000]  [QueryRegValueDWORD] ErrorCode:0 INFO: Query Registry for Key:SOFTWARE\Microsoft\Windows Azure\CurrentVersion\AzureMonitorAgentExtension\47.4.1.0, Name:MaServiceProcess
[2026-01-29 21:45:35.000]  [QueryRegValueDWORD] ErrorCode:0 INFO: Query Registry for Key:SOFTWARE\Microsoft\Windows Azure\CurrentVersion\AzureMonitorAgentExtension\47.4.1.0, Name:MaServiceProcess, Value:1904
[2026-01-29 21:45:35.000]  [FindProcessById] ErrorCode:0 INFO: Attempt to find the process MonAgentLauncher.exe with ID: 1904.
[2026-01-29 21:45:35.000]  [FindProcessById] ErrorCode:0 INFO: Running Process MonAgentLauncher.exe found. ID: 1904.
[2026-01-29 21:45:35.000]  [CheckIfMAServiceIsRunByExtension] ErrorCode:0 INFO: The MA process is running based on the m_registry
[2026-01-29 21:45:35.000]  [QueryRegValueDWORD] ErrorCode:0 INFO: Query Registry for Key:SOFTWARE\Microsoft\Windows Azure\CurrentVersion\AzureMonitorAgentExtension\47.4.1.0, Name:AMAMultitenantServiceProcess
[2026-01-29 21:45:35.000]  [QueryRegValueDWORD] ErrorCode:0 ERROR: RegQueryValueExA: failed to query REG_DWORD value, Key:SOFTWARE\Microsoft\Windows Azure\CurrentVersion\AzureMonitorAgentExtension\47.4.1.0, name=AMAMultitenantServiceProcess, error=2, type=0
[2026-01-29 21:45:35.000]  [CheckIfMAServiceIsRunByExtension] ErrorCode:1205 INFO: Unable to read the m_registry for MA process. Assume it is not running.
[2026-01-29 21:45:35.000]  [AggregateHeartbeat] ErrorCode:0 INFO: Configured MA Service is not running on the node.
[2026-01-29 21:45:35.000]  [SetImdsEnvironmentVariable] ErrorCode:0 INFO: Querying IMDS information
[2026-01-29 21:45:35.000]  [SetImdsEnvironmentVariable] ErrorCode:-1 INFO: Preparing to call IMDS. Endpoint: http://169.254.169.254
[2026-01-29 21:45:35.000]  [QueryIMDSEndpoint] ErrorCode:0 INFO: Queried IMDS successfully.
[2026-01-29 21:45:35.000]  [GetValueFromJsonOrDefault] ErrorCode:0 INFO: Read Imds response field with Name:location Value: westus2
[2026-01-29 21:45:35.000]  [GetValueFromJsonOrDefault] ErrorCode:0 INFO: Read Imds response field with Name:name Value: amawin
[2026-01-29 21:45:35.000]  [GetValueFromJsonOrDefault] ErrorCode:0 INFO: Read Imds response field with Name:subscriptionId Value: 351651ce-5feb-4e59-975d-f1f344e2b717
[2026-01-29 21:45:35.000]  [GetValueFromJsonOrDefault] ErrorCode:0 INFO: Read Imds response field with Name:vmId Value: 22afd636-aec1-4782-9055-f85ea283dc20
[2026-01-29 21:45:35.000]  [GetValueFromJsonOrDefault] ErrorCode:0 INFO: Read Imds response field with Name:vmScaleSetName Value: 
[2026-01-29 21:45:35.000]  [GetValueFromJsonOrDefault] ErrorCode:0 INFO: Read Imds response field with Name:resourceGroupName Value: AMAWIN_GROUP
[2026-01-29 21:45:35.000]  [GetValueFromJsonOrDefault] ErrorCode:0 INFO: Read Imds response field with Name:osType Value: Windows
[2026-01-29 21:45:35.000]  [GetValueFromJsonOrDefault] ErrorCode:0 INFO: Read Imds response field with Name:resourceId Value: /subscriptions/351651ce-5feb-4e59-975d-f1f344e2b717/resourceGroups/AMAWIN_GROUP/providers/Microsoft.Compute/virtualMachines/amawin
[2026-01-29 21:45:35.000]  [GetValueFromJsonOrDefault] ErrorCode:0 INFO: Read Imds response field with Name:azEnvironment Value: AzurePublicCloud
[2026-01-29 21:45:35.000]  [SetImdsEnvironmentVariable] ErrorCode:0 INFO: Successfully set Environment variables from Imds
[2026-01-29 21:45:35.000]  [AggregateHeartbeat] ErrorCode:0 INFO: Completed heartbeat aggregation.
[2026-01-29 21:45:35.000]  [WriteHeartbeatToFile] ErrorCode:0 INFO: Sending the heartbeat.
[2026-01-29 21:45:35.000]  [WriteHeartbeatToFile] ErrorCode:0 INFO: Done Sending the heartbeat.
[2026-01-29 21:45:35.000]  [WriteStatusToFile] ErrorCode:0 INFO: Sending the status.
[2026-01-29 21:45:35.000]  [WriteStatusToFile] ErrorCode:0 INFO: Done Sending the status.
[2026-01-29 21:46:05.000]  [WriteHeartbeatToFile] ErrorCode:0 INFO: Sending the heartbeat.
[2026-01-29 21:46:05.000]  [WriteHeartbeatToFile] ErrorCode:0 INFO: Done Sending the heartbeat.
[2026-01-29 21:46:05.000]  [WriteStatusToFile] ErrorCode:0 INFO: Sending the status.
[2026-01-29 21:46:05.000]  [WriteStatusToFile] ErrorCode:0 INFO: Done Sending the status.
[2026-01-29 21:46:35.000]  [FindProcessById] ErrorCode:0 INFO: Attempt to find the process MetricsExtension.Native.exe with ID: 5620.
[2026-01-29 21:46:35.000]  [FindProcessById] ErrorCode:0 INFO: Running Process MetricsExtension.Native.exe found. ID: 5620.
[2026-01-29 21:46:35.000]  [StartMetricsExtension] ErrorCode:0 ERROR: Metrics extension is already running
[2026-01-29 21:46:35.000]  [WriteHeartbeatToFile] ErrorCode:0 INFO: Sending the heartbeat.
[2026-01-29 21:46:35.000]  [WriteHeartbeatToFile] ErrorCode:0 INFO: Done Sending the heartbeat.
[2026-01-29 21:46:35.000]  [WriteStatusToFile] ErrorCode:0 INFO: Sending the status.
[2026-01-29 21:46:35.000]  [WriteStatusToFile] ErrorCode:0 INFO: Done Sending the status.
[2026-01-29 21:47:05.000]  [WriteHeartbeatToFile] ErrorCode:0 INFO: Sending the heartbeat.
[2026-01-29 21:47:05.000]  [WriteHeartbeatToFile] ErrorCode:0 INFO: Done Sending the heartbeat.
[2026-01-29 21:47:05.000]  [WriteStatusToFile] ErrorCode:0 INFO: Sending the status.
[2026-01-29 21:47:05.000]  [WriteStatusToFile] ErrorCode:0 INFO: Done Sending the status.
[2026-01-29 21:47:35.000]  [FindProcessById] ErrorCode:0 INFO: Attempt to find the process MetricsExtension.Native.exe with ID: 5620.
[2026-01-29 21:47:35.000]  [FindProcessById] ErrorCode:0 INFO: Running Process MetricsExtension.Native.exe found. ID: 5620.
[2026-01-29 21:47:35.000]  [StartMetricsExtension] ErrorCode:0 ERROR: Metrics extension is already running
[2026-01-29 21:47:35.000]  [WriteHeartbeatToFile] ErrorCode:0 INFO: Sending the heartbeat.
[2026-01-29 21:47:35.000]  [WriteHeartbeatToFile] ErrorCode:0 INFO: Done Sending the heartbeat.
[2026-01-29 21:47:35.000]  [WriteStatusToFile] ErrorCode:0 INFO: Sending the status.
[2026-01-29 21:47:35.000]  [WriteStatusToFile] ErrorCode:0 INFO: Done Sending the status.
[2026-01-29 21:48:05.000]  [WriteHeartbeatToFile] ErrorCode:0 INFO: Sending the heartbeat.
[2026-01-29 21:48:05.000]  [WriteHeartbeatToFile] ErrorCode:0 INFO: Done Sending the heartbeat.
[2026-01-29 21:48:05.000]  [WriteStatusToFile] ErrorCode:0 INFO: Sending the status.
[2026-01-29 21:48:05.000]  [WriteStatusToFile] ErrorCode:0 INFO: Done Sending the status.
[2026-01-29 21:48:35.000]  [FindProcessById] ErrorCode:0 INFO: Attempt to find the process MetricsExtension.Native.exe with ID: 5620.
[2026-01-29 21:48:35.000]  [FindProcessById] ErrorCode:0 INFO: Running Process MetricsExtension.Native.exe found. ID: 5620.
[2026-01-29 21:48:35.000]  [StartMetricsExtension] ErrorCode:0 ERROR: Metrics extension is already running
[2026-01-29 21:48:35.000]  [WriteHeartbeatToFile] ErrorCode:0 INFO: Sending the heartbeat.
[2026-01-29 21:48:35.000]  [WriteHeartbeatToFile] ErrorCode:0 INFO: Done Sending the heartbeat.
[2026-01-29 21:48:35.000]  [WriteStatusToFile] ErrorCode:0 INFO: Sending the status.
[2026-01-29 21:48:35.000]  [WriteStatusToFile] ErrorCode:0 INFO: Done Sending the status.
[2026-01-29 21:49:05.000]  [WriteHeartbeatToFile] ErrorCode:0 INFO: Sending the heartbeat.
[2026-01-29 21:49:05.000]  [WriteHeartbeatToFile] ErrorCode:0 INFO: Done Sending the heartbeat.
[2026-01-29 21:49:05.000]  [WriteStatusToFile] ErrorCode:0 INFO: Sending the status.
[2026-01-29 21:49:05.000]  [WriteStatusToFile] ErrorCode:0 INFO: Done Sending the status.
[2026-01-29 21:49:35.000]  [FindProcessById] ErrorCode:0 INFO: Attempt to find the process MetricsExtension.Native.exe with ID: 5620.
[2026-01-29 21:49:35.000]  [FindProcessById] ErrorCode:0 INFO: Running Process MetricsExtension.Native.exe found. ID: 5620.
[2026-01-29 21:49:35.000]  [StartMetricsExtension] ErrorCode:0 ERROR: Metrics extension is already running
[2026-01-29 21:49:35.000]  [WriteHeartbeatToFile] ErrorCode:0 INFO: Sending the heartbeat.
[2026-01-29 21:49:35.000]  [WriteHeartbeatToFile] ErrorCode:0 INFO: Done Sending the heartbeat.
[2026-01-29 21:49:35.000]  [WriteStatusToFile] ErrorCode:0 INFO: Sending the status.
[2026-01-29 21:49:35.000]  [WriteStatusToFile] ErrorCode:0 INFO: Done Sending the status.
[2026-01-29 21:50:05.000]  [WriteHeartbeatToFile] ErrorCode:0 INFO: Sending the heartbeat.
[2026-01-29 21:50:05.000]  [WriteHeartbeatToFile] ErrorCode:0 INFO: Done Sending the heartbeat.
[2026-01-29 21:50:05.000]  [WriteStatusToFile] ErrorCode:0 INFO: Sending the status.
[2026-01-29 21:50:05.000]  [WriteStatusToFile] ErrorCode:0 INFO: Done Sending the status.
[2026-01-29 21:50:35.000]  [FindProcessById] ErrorCode:0 INFO: Attempt to find the process MetricsExtension.Native.exe with ID: 5620.
[2026-01-29 21:50:35.000]  [FindProcessById] ErrorCode:0 INFO: Running Process MetricsExtension.Native.exe found. ID: 5620.
[2026-01-29 21:50:35.000]  [StartMetricsExtension] ErrorCode:0 ERROR: Metrics extension is already running
[2026-01-29 21:50:35.000]  [AggregateHeartbeat] ErrorCode:0 INFO: Start heartbeat aggregation.
[2026-01-29 21:50:35.000]  [QueryRegValueDWORD] ErrorCode:0 INFO: Query Registry for Key:SOFTWARE\Microsoft\Windows Azure\CurrentVersion\AzureMonitorAgentExtension\47.4.1.0, Name:MaServiceProcess
[2026-01-29 21:50:35.000]  [QueryRegValueDWORD] ErrorCode:0 INFO: Query Registry for Key:SOFTWARE\Microsoft\Windows Azure\CurrentVersion\AzureMonitorAgentExtension\47.4.1.0, Name:MaServiceProcess, Value:1904
[2026-01-29 21:50:35.000]  [FindProcessById] ErrorCode:0 INFO: Attempt to find the process MonAgentLauncher.exe with ID: 1904.
[2026-01-29 21:50:35.000]  [FindProcessById] ErrorCode:0 INFO: Running Process MonAgentLauncher.exe found. ID: 1904.
[2026-01-29 21:50:35.000]  [CheckIfMAServiceIsRunByExtension] ErrorCode:0 INFO: The MA process is running based on the m_registry
[2026-01-29 21:50:35.000]  [QueryRegValueDWORD] ErrorCode:0 INFO: Query Registry for Key:SOFTWARE\Microsoft\Windows Azure\CurrentVersion\AzureMonitorAgentExtension\47.4.1.0, Name:AMAMultitenantServiceProcess
[2026-01-29 21:50:35.000]  [QueryRegValueDWORD] ErrorCode:0 ERROR: RegQueryValueExA: failed to query REG_DWORD value, Key:SOFTWARE\Microsoft\Windows Azure\CurrentVersion\AzureMonitorAgentExtension\47.4.1.0, name=AMAMultitenantServiceProcess, error=2, type=0
[2026-01-29 21:50:35.000]  [CheckIfMAServiceIsRunByExtension] ErrorCode:1205 INFO: Unable to read the m_registry for MA process. Assume it is not running.
[2026-01-29 21:50:35.000]  [AggregateHeartbeat] ErrorCode:0 INFO: Configured MA Service is not running on the node.
[2026-01-29 21:50:35.000]  [SetImdsEnvironmentVariable] ErrorCode:0 INFO: Querying IMDS information
[2026-01-29 21:50:35.000]  [SetImdsEnvironmentVariable] ErrorCode:-1 INFO: Preparing to call IMDS. Endpoint: http://169.254.169.254
[2026-01-29 21:50:35.000]  [QueryIMDSEndpoint] ErrorCode:0 INFO: Queried IMDS successfully.
[2026-01-29 21:50:35.000]  [GetValueFromJsonOrDefault] ErrorCode:0 INFO: Read Imds response field with Name:location Value: westus2
[2026-01-29 21:50:35.000]  [GetValueFromJsonOrDefault] ErrorCode:0 INFO: Read Imds response field with Name:name Value: amawin
[2026-01-29 21:50:35.000]  [GetValueFromJsonOrDefault] ErrorCode:0 INFO: Read Imds response field with Name:subscriptionId Value: 351651ce-5feb-4e59-975d-f1f344e2b717
[2026-01-29 21:50:35.000]  [GetValueFromJsonOrDefault] ErrorCode:0 INFO: Read Imds response field with Name:vmId Value: 22afd636-aec1-4782-9055-f85ea283dc20
[2026-01-29 21:50:35.000]  [GetValueFromJsonOrDefault] ErrorCode:0 INFO: Read Imds response field with Name:vmScaleSetName Value: 
[2026-01-29 21:50:35.000]  [GetValueFromJsonOrDefault] ErrorCode:0 INFO: Read Imds response field with Name:resourceGroupName Value: AMAWIN_GROUP
[2026-01-29 21:50:35.000]  [GetValueFromJsonOrDefault] ErrorCode:0 INFO: Read Imds response field with Name:osType Value: Windows
[2026-01-29 21:50:35.000]  [GetValueFromJsonOrDefault] ErrorCode:0 INFO: Read Imds response field with Name:resourceId Value: /subscriptions/351651ce-5feb-4e59-975d-f1f344e2b717/resourceGroups/AMAWIN_GROUP/providers/Microsoft.Compute/virtualMachines/amawin
[2026-01-29 21:50:35.000]  [GetValueFromJsonOrDefault] ErrorCode:0 INFO: Read Imds response field with Name:azEnvironment Value: AzurePublicCloud
[2026-01-29 21:50:35.000]  [SetImdsEnvironmentVariable] ErrorCode:0 INFO: Successfully set Environment variables from Imds
[2026-01-29 21:50:35.000]  [AggregateHeartbeat] ErrorCode:0 INFO: Completed heartbeat aggregation.
[2026-01-29 21:50:35.000]  [WriteHeartbeatToFile] ErrorCode:0 INFO: Sending the heartbeat.
[2026-01-29 21:50:35.000]  [WriteHeartbeatToFile] ErrorCode:0 INFO: Done Sending the heartbeat.
[2026-01-29 21:50:35.000]  [WriteStatusToFile] ErrorCode:0 INFO: Sending the status.
[2026-01-29 21:50:35.000]  [WriteStatusToFile] ErrorCode:0 INFO: Done Sending the status.
[2026-01-29 21:51:05.000]  [WriteHeartbeatToFile] ErrorCode:0 INFO: Sending the heartbeat.
[2026-01-29 21:51:05.000]  [WriteHeartbeatToFile] ErrorCode:0 INFO: Done Sending the heartbeat.
[2026-01-29 21:51:05.000]  [WriteStatusToFile] ErrorCode:0 INFO: Sending the status.
[2026-01-29 21:51:05.000]  [WriteStatusToFile] ErrorCode:0 INFO: Done Sending the status.
[2026-01-29 21:51:35.000]  [FindProcessById] ErrorCode:0 INFO: Attempt to find the process MetricsExtension.Native.exe with ID: 5620.
[2026-01-29 21:51:35.000]  [FindProcessById] ErrorCode:0 INFO: Running Process MetricsExtension.Native.exe found. ID: 5620.
[2026-01-29 21:51:35.000]  [StartMetricsExtension] ErrorCode:0 ERROR: Metrics extension is already running
[2026-01-29 21:51:35.000]  [WriteHeartbeatToFile] ErrorCode:0 INFO: Sending the heartbeat.
[2026-01-29 21:51:35.000]  [WriteHeartbeatToFile] ErrorCode:0 INFO: Done Sending the heartbeat.
[2026-01-29 21:51:35.000]  [WriteStatusToFile] ErrorCode:0 INFO: Sending the status.
[2026-01-29 21:51:35.000]  [WriteStatusToFile] ErrorCode:0 INFO: Done Sending the status.
[2026-01-29 21:52:05.000]  [WriteHeartbeatToFile] ErrorCode:0 INFO: Sending the heartbeat.
[2026-01-29 21:52:05.000]  [WriteHeartbeatToFile] ErrorCode:0 INFO: Done Sending the heartbeat.
[2026-01-29 21:52:05.000]  [WriteStatusToFile] ErrorCode:0 INFO: Sending the status.
[2026-01-29 21:52:05.000]  [WriteStatusToFile] ErrorCode:0 INFO: Done Sending the status.
[2026-01-29 21:52:35.000]  [FindProcessById] ErrorCode:0 INFO: Attempt to find the process MetricsExtension.Native.exe with ID: 5620.
[2026-01-29 21:52:35.000]  [FindProcessById] ErrorCode:0 INFO: Running Process MetricsExtension.Native.exe found. ID: 5620.
[2026-01-29 21:52:35.000]  [StartMetricsExtension] ErrorCode:0 ERROR: Metrics extension is already running
[2026-01-29 21:52:35.000]  [WriteHeartbeatToFile] ErrorCode:0 INFO: Sending the heartbeat.
[2026-01-29 21:52:35.000]  [WriteHeartbeatToFile] ErrorCode:0 INFO: Done Sending the heartbeat.
[2026-01-29 21:52:35.000]  [WriteStatusToFile] ErrorCode:0 INFO: Sending the status.
[2026-01-29 21:52:35.000]  [WriteStatusToFile] ErrorCode:0 INFO: Done Sending the status.
[2026-01-29 21:53:05.000]  [WriteHeartbeatToFile] ErrorCode:0 INFO: Sending the heartbeat.
[2026-01-29 21:53:05.000]  [WriteHeartbeatToFile] ErrorCode:0 INFO: Done Sending the heartbeat.
[2026-01-29 21:53:05.000]  [WriteStatusToFile] ErrorCode:0 INFO: Sending the status.
[2026-01-29 21:53:05.000]  [WriteStatusToFile] ErrorCode:0 INFO: Done Sending the status.
[2026-01-29 21:53:35.000]  [FindProcessById] ErrorCode:0 INFO: Attempt to find the process MetricsExtension.Native.exe with ID: 5620.
[2026-01-29 21:53:35.000]  [FindProcessById] ErrorCode:0 INFO: Running Process MetricsExtension.Native.exe found. ID: 5620.
[2026-01-29 21:53:35.000]  [StartMetricsExtension] ErrorCode:0 ERROR: Metrics extension is already running
[2026-01-29 21:53:35.000]  [WriteHeartbeatToFile] ErrorCode:0 INFO: Sending the heartbeat.
[2026-01-29 21:53:35.000]  [WriteHeartbeatToFile] ErrorCode:0 INFO: Done Sending the heartbeat.
[2026-01-29 21:53:35.000]  [WriteStatusToFile] ErrorCode:0 INFO: Sending the status.
[2026-01-29 21:53:35.000]  [WriteStatusToFile] ErrorCode:0 INFO: Done Sending the status.
[2026-01-29 21:54:05.000]  [WriteHeartbeatToFile] ErrorCode:0 INFO: Sending the heartbeat.
[2026-01-29 21:54:05.000]  [WriteHeartbeatToFile] ErrorCode:0 INFO: Done Sending the heartbeat.
[2026-01-29 21:54:05.000]  [WriteStatusToFile] ErrorCode:0 INFO: Sending the status.
[2026-01-29 21:54:05.000]  [WriteStatusToFile] ErrorCode:0 INFO: Done Sending the status.
[2026-01-29 21:54:35.000]  [FindProcessById] ErrorCode:0 INFO: Attempt to find the process MetricsExtension.Native.exe with ID: 5620.
[2026-01-29 21:54:35.000]  [FindProcessById] ErrorCode:0 INFO: Running Process MetricsExtension.Native.exe found. ID: 5620.
[2026-01-29 21:54:35.000]  [StartMetricsExtension] ErrorCode:0 ERROR: Metrics extension is already running
[2026-01-29 21:54:35.000]  [WriteHeartbeatToFile] ErrorCode:0 INFO: Sending the heartbeat.
[2026-01-29 21:54:35.000]  [WriteHeartbeatToFile] ErrorCode:0 INFO: Done Sending the heartbeat.
[2026-01-29 21:54:35.000]  [WriteStatusToFile] ErrorCode:0 INFO: Sending the status.
[2026-01-29 21:54:35.000]  [WriteStatusToFile] ErrorCode:0 INFO: Done Sending the status.
[2026-01-29 21:55:05.000]  [WriteHeartbeatToFile] ErrorCode:0 INFO: Sending the heartbeat.
[2026-01-29 21:55:05.000]  [WriteHeartbeatToFile] ErrorCode:0 INFO: Done Sending the heartbeat.
[2026-01-29 21:55:05.000]  [WriteStatusToFile] ErrorCode:0 INFO: Sending the status.
[2026-01-29 21:55:05.000]  [WriteStatusToFile] ErrorCode:0 INFO: Done Sending the status.
[2026-01-29 21:55:35.000]  [FindProcessById] ErrorCode:0 INFO: Attempt to find the process MetricsExtension.Native.exe with ID: 5620.
[2026-01-29 21:55:35.000]  [FindProcessById] ErrorCode:0 INFO: Running Process MetricsExtension.Native.exe found. ID: 5620.
[2026-01-29 21:55:35.000]  [StartMetricsExtension] ErrorCode:0 ERROR: Metrics extension is already running
[2026-01-29 21:55:35.000]  [AggregateHeartbeat] ErrorCode:0 INFO: Start heartbeat aggregation.
[2026-01-29 21:55:35.000]  [QueryRegValueDWORD] ErrorCode:0 INFO: Query Registry for Key:SOFTWARE\Microsoft\Windows Azure\CurrentVersion\AzureMonitorAgentExtension\47.4.1.0, Name:MaServiceProcess
[2026-01-29 21:55:35.000]  [QueryRegValueDWORD] ErrorCode:0 INFO: Query Registry for Key:SOFTWARE\Microsoft\Windows Azure\CurrentVersion\AzureMonitorAgentExtension\47.4.1.0, Name:MaServiceProcess, Value:1904
[2026-01-29 21:55:35.000]  [FindProcessById] ErrorCode:0 INFO: Attempt to find the process MonAgentLauncher.exe with ID: 1904.
[2026-01-29 21:55:35.000]  [FindProcessById] ErrorCode:0 INFO: Running Process MonAgentLauncher.exe found. ID: 1904.
[2026-01-29 21:55:35.000]  [CheckIfMAServiceIsRunByExtension] ErrorCode:0 INFO: The MA process is running based on the m_registry
[2026-01-29 21:55:35.000]  [QueryRegValueDWORD] ErrorCode:0 INFO: Query Registry for Key:SOFTWARE\Microsoft\Windows Azure\CurrentVersion\AzureMonitorAgentExtension\47.4.1.0, Name:AMAMultitenantServiceProcess
[2026-01-29 21:55:35.000]  [QueryRegValueDWORD] ErrorCode:0 ERROR: RegQueryValueExA: failed to query REG_DWORD value, Key:SOFTWARE\Microsoft\Windows Azure\CurrentVersion\AzureMonitorAgentExtension\47.4.1.0, name=AMAMultitenantServiceProcess, error=2, type=0
[2026-01-29 21:55:35.000]  [CheckIfMAServiceIsRunByExtension] ErrorCode:1205 INFO: Unable to read the m_registry for MA process. Assume it is not running.
[2026-01-29 21:55:35.000]  [AggregateHeartbeat] ErrorCode:0 INFO: Configured MA Service is not running on the node.
[2026-01-29 21:55:35.000]  [SetImdsEnvironmentVariable] ErrorCode:0 INFO: Querying IMDS information
[2026-01-29 21:55:35.000]  [SetImdsEnvironmentVariable] ErrorCode:-1 INFO: Preparing to call IMDS. Endpoint: http://169.254.169.254
[2026-01-29 21:55:35.000]  [QueryIMDSEndpoint] ErrorCode:0 INFO: Queried IMDS successfully.
[2026-01-29 21:55:35.000]  [GetValueFromJsonOrDefault] ErrorCode:0 INFO: Read Imds response field with Name:location Value: westus2
[2026-01-29 21:55:35.000]  [GetValueFromJsonOrDefault] ErrorCode:0 INFO: Read Imds response field with Name:name Value: amawin
[2026-01-29 21:55:35.000]  [GetValueFromJsonOrDefault] ErrorCode:0 INFO: Read Imds response field with Name:subscriptionId Value: 351651ce-5feb-4e59-975d-f1f344e2b717
[2026-01-29 21:55:35.000]  [GetValueFromJsonOrDefault] ErrorCode:0 INFO: Read Imds response field with Name:vmId Value: 22afd636-aec1-4782-9055-f85ea283dc20
[2026-01-29 21:55:35.000]  [GetValueFromJsonOrDefault] ErrorCode:0 INFO: Read Imds response field with Name:vmScaleSetName Value: 
[2026-01-29 21:55:35.000]  [GetValueFromJsonOrDefault] ErrorCode:0 INFO: Read Imds response field with Name:resourceGroupName Value: AMAWIN_GROUP
[2026-01-29 21:55:35.000]  [GetValueFromJsonOrDefault] ErrorCode:0 INFO: Read Imds response field with Name:osType Value: Windows
[2026-01-29 21:55:35.000]  [GetValueFromJsonOrDefault] ErrorCode:0 INFO: Read Imds response field with Name:resourceId Value: /subscriptions/351651ce-5feb-4e59-975d-f1f344e2b717/resourceGroups/AMAWIN_GROUP/providers/Microsoft.Compute/virtualMachines/amawin
[2026-01-29 21:55:35.000]  [GetValueFromJsonOrDefault] ErrorCode:0 INFO: Read Imds response field with Name:azEnvironment Value: AzurePublicCloud
[2026-01-29 21:55:35.000]  [SetImdsEnvironmentVariable] ErrorCode:0 INFO: Successfully set Environment variables from Imds
[2026-01-29 21:55:35.000]  [AggregateHeartbeat] ErrorCode:0 INFO: Completed heartbeat aggregation.
[2026-01-29 21:55:35.000]  [WriteHeartbeatToFile] ErrorCode:0 INFO: Sending the heartbeat.
[2026-01-29 21:55:35.000]  [WriteHeartbeatToFile] ErrorCode:0 INFO: Done Sending the heartbeat.
[2026-01-29 21:55:35.000]  [WriteStatusToFile] ErrorCode:0 INFO: Sending the status.
[2026-01-29 21:55:35.000]  [WriteStatusToFile] ErrorCode:0 INFO: Done Sending the status.
[2026-01-29 21:56:05.000]  [WriteHeartbeatToFile] ErrorCode:0 INFO: Sending the heartbeat.
[2026-01-29 21:56:05.000]  [WriteHeartbeatToFile] ErrorCode:0 INFO: Done Sending the heartbeat.
[2026-01-29 21:56:05.000]  [WriteStatusToFile] ErrorCode:0 INFO: Sending the status.
[2026-01-29 21:56:05.000]  [WriteStatusToFile] ErrorCode:0 INFO: Done Sending the status.
[2026-01-29 21:56:35.000]  [FindProcessById] ErrorCode:0 INFO: Attempt to find the process MetricsExtension.Native.exe with ID: 5620.
[2026-01-29 21:56:35.000]  [FindProcessById] ErrorCode:0 INFO: Running Process MetricsExtension.Native.exe found. ID: 5620.
[2026-01-29 21:56:35.000]  [StartMetricsExtension] ErrorCode:0 ERROR: Metrics extension is already running
[2026-01-29 21:56:35.000]  [WriteHeartbeatToFile] ErrorCode:0 INFO: Sending the heartbeat.
[2026-01-29 21:56:35.000]  [WriteHeartbeatToFile] ErrorCode:0 INFO: Done Sending the heartbeat.
[2026-01-29 21:56:35.000]  [WriteStatusToFile] ErrorCode:0 INFO: Sending the status.
[2026-01-29 21:56:35.000]  [WriteStatusToFile] ErrorCode:0 INFO: Done Sending the status.
[2026-01-29 21:57:05.000]  [WriteHeartbeatToFile] ErrorCode:0 INFO: Sending the heartbeat.
[2026-01-29 21:57:05.000]  [WriteHeartbeatToFile] ErrorCode:0 INFO: Done Sending the heartbeat.
[2026-01-29 21:57:05.000]  [WriteStatusToFile] ErrorCode:0 INFO: Sending the status.
[2026-01-29 21:57:05.000]  [WriteStatusToFile] ErrorCode:0 INFO: Done Sending the status.
[2026-01-29 21:57:35.000]  [FindProcessById] ErrorCode:0 INFO: Attempt to find the process MetricsExtension.Native.exe with ID: 5620.
[2026-01-29 21:57:35.000]  [FindProcessById] ErrorCode:0 INFO: Running Process MetricsExtension.Native.exe found. ID: 5620.
[2026-01-29 21:57:35.000]  [StartMetricsExtension] ErrorCode:0 ERROR: Metrics extension is already running
[2026-01-29 21:57:35.000]  [WriteHeartbeatToFile] ErrorCode:0 INFO: Sending the heartbeat.
[2026-01-29 21:57:35.000]  [WriteHeartbeatToFile] ErrorCode:0 INFO: Done Sending the heartbeat.
[2026-01-29 21:57:35.000]  [WriteStatusToFile] ErrorCode:0 INFO: Sending the status.
[2026-01-29 21:57:35.000]  [WriteStatusToFile] ErrorCode:0 INFO: Done Sending the status.
[2026-01-29 21:58:05.000]  [WriteHeartbeatToFile] ErrorCode:0 INFO: Sending the heartbeat.
[2026-01-29 21:58:05.000]  [WriteHeartbeatToFile] ErrorCode:0 INFO: Done Sending the heartbeat.
[2026-01-29 21:58:05.000]  [WriteStatusToFile] ErrorCode:0 INFO: Sending the status.
[2026-01-29 21:58:05.000]  [WriteStatusToFile] ErrorCode:0 INFO: Done Sending the status.
[2026-01-29 21:58:35.000]  [FindProcessById] ErrorCode:0 INFO: Attempt to find the process MetricsExtension.Native.exe with ID: 5620.
[2026-01-29 21:58:35.000]  [FindProcessById] ErrorCode:0 INFO: Running Process MetricsExtension.Native.exe found. ID: 5620.
[2026-01-29 21:58:35.000]  [StartMetricsExtension] ErrorCode:0 ERROR: Metrics extension is already running
[2026-01-29 21:58:35.000]  [WriteHeartbeatToFile] ErrorCode:0 INFO: Sending the heartbeat.
[2026-01-29 21:58:35.000]  [WriteHeartbeatToFile] ErrorCode:0 INFO: Done Sending the heartbeat.
[2026-01-29 21:58:35.000]  [WriteStatusToFile] ErrorCode:0 INFO: Sending the status.
[2026-01-29 21:58:35.000]  [WriteStatusToFile] ErrorCode:0 INFO: Done Sending the status.
[2026-01-29 21:59:05.000]  [WriteHeartbeatToFile] ErrorCode:0 INFO: Sending the heartbeat.
[2026-01-29 21:59:05.000]  [WriteHeartbeatToFile] ErrorCode:0 INFO: Done Sending the heartbeat.
[2026-01-29 21:59:05.000]  [WriteStatusToFile] ErrorCode:0 INFO: Sending the status.
[2026-01-29 21:59:05.000]  [WriteStatusToFile] ErrorCode:0 INFO: Done Sending the status.
[2026-01-29 21:59:35.000]  [FindProcessById] ErrorCode:0 INFO: Attempt to find the process MetricsExtension.Native.exe with ID: 5620.
[2026-01-29 21:59:35.000]  [FindProcessById] ErrorCode:0 INFO: Running Process MetricsExtension.Native.exe found. ID: 5620.
[2026-01-29 21:59:35.000]  [StartMetricsExtension] ErrorCode:0 ERROR: Metrics extension is already running
[2026-01-29 21:59:35.000]  [WriteHeartbeatToFile] ErrorCode:0 INFO: Sending the heartbeat.
[2026-01-29 21:59:35.000]  [WriteHeartbeatToFile] ErrorCode:0 INFO: Done Sending the heartbeat.
[2026-01-29 21:59:35.000]  [WriteStatusToFile] ErrorCode:0 INFO: Sending the status.
[2026-01-29 21:59:35.000]  [WriteStatusToFile] ErrorCode:0 INFO: Done Sending the status.
[2026-01-29 22:00:05.000]  [WriteHeartbeatToFile] ErrorCode:0 INFO: Sending the heartbeat.
[2026-01-29 22:00:05.000]  [WriteHeartbeatToFile] ErrorCode:0 INFO: Done Sending the heartbeat.
[2026-01-29 22:00:05.000]  [WriteStatusToFile] ErrorCode:0 INFO: Sending the status.
[2026-01-29 22:00:05.000]  [WriteStatusToFile] ErrorCode:0 INFO: Done Sending the status.
[2026-01-29 22:00:35.000]  [FindProcessById] ErrorCode:0 INFO: Attempt to find the process MetricsExtension.Native.exe with ID: 5620.
[2026-01-29 22:00:35.000]  [FindProcessById] ErrorCode:0 INFO: Running Process MetricsExtension.Native.exe found. ID: 5620.
[2026-01-29 22:00:35.000]  [StartMetricsExtension] ErrorCode:0 ERROR: Metrics extension is already running
[2026-01-29 22:00:35.000]  [AggregateHeartbeat] ErrorCode:0 INFO: Start heartbeat aggregation.
[2026-01-29 22:00:35.000]  [QueryRegValueDWORD] ErrorCode:0 INFO: Query Registry for Key:SOFTWARE\Microsoft\Windows Azure\CurrentVersion\AzureMonitorAgentExtension\47.4.1.0, Name:MaServiceProcess
[2026-01-29 22:00:35.000]  [QueryRegValueDWORD] ErrorCode:0 INFO: Query Registry for Key:SOFTWARE\Microsoft\Windows Azure\CurrentVersion\AzureMonitorAgentExtension\47.4.1.0, Name:MaServiceProcess, Value:1904
[2026-01-29 22:00:35.000]  [FindProcessById] ErrorCode:0 INFO: Attempt to find the process MonAgentLauncher.exe with ID: 1904.
[2026-01-29 22:00:35.000]  [FindProcessById] ErrorCode:0 INFO: Running Process MonAgentLauncher.exe found. ID: 1904.
[2026-01-29 22:00:35.000]  [CheckIfMAServiceIsRunByExtension] ErrorCode:0 INFO: The MA process is running based on the m_registry
[2026-01-29 22:00:35.000]  [QueryRegValueDWORD] ErrorCode:0 INFO: Query Registry for Key:SOFTWARE\Microsoft\Windows Azure\CurrentVersion\AzureMonitorAgentExtension\47.4.1.0, Name:AMAMultitenantServiceProcess
[2026-01-29 22:00:35.000]  [QueryRegValueDWORD] ErrorCode:0 ERROR: RegQueryValueExA: failed to query REG_DWORD value, Key:SOFTWARE\Microsoft\Windows Azure\CurrentVersion\AzureMonitorAgentExtension\47.4.1.0, name=AMAMultitenantServiceProcess, error=2, type=0
[2026-01-29 22:00:35.000]  [CheckIfMAServiceIsRunByExtension] ErrorCode:1205 INFO: Unable to read the m_registry for MA process. Assume it is not running.
[2026-01-29 22:00:35.000]  [AggregateHeartbeat] ErrorCode:0 INFO: Configured MA Service is not running on the node.
[2026-01-29 22:00:35.000]  [SetImdsEnvironmentVariable] ErrorCode:0 INFO: Querying IMDS information
[2026-01-29 22:00:35.000]  [SetImdsEnvironmentVariable] ErrorCode:-1 INFO: Preparing to call IMDS. Endpoint: http://169.254.169.254
[2026-01-29 22:00:35.000]  [QueryIMDSEndpoint] ErrorCode:0 INFO: Queried IMDS successfully.
[2026-01-29 22:00:35.000]  [GetValueFromJsonOrDefault] ErrorCode:0 INFO: Read Imds response field with Name:location Value: westus2
[2026-01-29 22:00:35.000]  [GetValueFromJsonOrDefault] ErrorCode:0 INFO: Read Imds response field with Name:name Value: amawin
[2026-01-29 22:00:35.000]  [GetValueFromJsonOrDefault] ErrorCode:0 INFO: Read Imds response field with Name:subscriptionId Value: 351651ce-5feb-4e59-975d-f1f344e2b717
[2026-01-29 22:00:35.000]  [GetValueFromJsonOrDefault] ErrorCode:0 INFO: Read Imds response field with Name:vmId Value: 22afd636-aec1-4782-9055-f85ea283dc20
[2026-01-29 22:00:35.000]  [GetValueFromJsonOrDefault] ErrorCode:0 INFO: Read Imds response field with Name:vmScaleSetName Value: 
[2026-01-29 22:00:35.000]  [GetValueFromJsonOrDefault] ErrorCode:0 INFO: Read Imds response field with Name:resourceGroupName Value: AMAWIN_GROUP
[2026-01-29 22:00:35.000]  [GetValueFromJsonOrDefault] ErrorCode:0 INFO: Read Imds response field with Name:osType Value: Windows
[2026-01-29 22:00:35.000]  [GetValueFromJsonOrDefault] ErrorCode:0 INFO: Read Imds response field with Name:resourceId Value: /subscriptions/351651ce-5feb-4e59-975d-f1f344e2b717/resourceGroups/AMAWIN_GROUP/providers/Microsoft.Compute/virtualMachines/amawin
[2026-01-29 22:00:35.000]  [GetValueFromJsonOrDefault] ErrorCode:0 INFO: Read Imds response field with Name:azEnvironment Value: AzurePublicCloud
[2026-01-29 22:00:35.000]  [SetImdsEnvironmentVariable] ErrorCode:0 INFO: Successfully set Environment variables from Imds
[2026-01-29 22:00:35.000]  [AggregateHeartbeat] ErrorCode:0 INFO: Completed heartbeat aggregation.
[2026-01-29 22:00:35.000]  [WriteHeartbeatToFile] ErrorCode:0 INFO: Sending the heartbeat.
[2026-01-29 22:00:35.000]  [WriteHeartbeatToFile] ErrorCode:0 INFO: Done Sending the heartbeat.
[2026-01-29 22:00:35.000]  [WriteStatusToFile] ErrorCode:0 INFO: Sending the status.
[2026-01-29 22:00:35.000]  [WriteStatusToFile] ErrorCode:0 INFO: Done Sending the status.
[2026-01-29 22:01:05.000]  [WriteHeartbeatToFile] ErrorCode:0 INFO: Sending the heartbeat.
[2026-01-29 22:01:05.000]  [WriteHeartbeatToFile] ErrorCode:0 INFO: Done Sending the heartbeat.
[2026-01-29 22:01:05.000]  [WriteStatusToFile] ErrorCode:0 INFO: Sending the status.
[2026-01-29 22:01:05.000]  [WriteStatusToFile] ErrorCode:0 INFO: Done Sending the status.
[2026-01-29 22:01:35.000]  [FindProcessById] ErrorCode:0 INFO: Attempt to find the process MetricsExtension.Native.exe with ID: 5620.
[2026-01-29 22:01:35.000]  [FindProcessById] ErrorCode:0 INFO: Running Process MetricsExtension.Native.exe found. ID: 5620.
[2026-01-29 22:01:35.000]  [StartMetricsExtension] ErrorCode:0 ERROR: Metrics extension is already running
[2026-01-29 22:01:35.000]  [WriteHeartbeatToFile] ErrorCode:0 INFO: Sending the heartbeat.
[2026-01-29 22:01:35.000]  [WriteHeartbeatToFile] ErrorCode:0 INFO: Done Sending the heartbeat.
[2026-01-29 22:01:35.000]  [WriteStatusToFile] ErrorCode:0 INFO: Sending the status.
[2026-01-29 22:01:35.000]  [WriteStatusToFile] ErrorCode:0 INFO: Done Sending the status.
[2026-01-29 22:02:05.000]  [WriteHeartbeatToFile] ErrorCode:0 INFO: Sending the heartbeat.
[2026-01-29 22:02:05.000]  [WriteHeartbeatToFile] ErrorCode:0 INFO: Done Sending the heartbeat.
[2026-01-29 22:02:05.000]  [WriteStatusToFile] ErrorCode:0 INFO: Sending the status.
[2026-01-29 22:02:05.000]  [WriteStatusToFile] ErrorCode:0 INFO: Done Sending the status.
[2026-01-29 22:02:35.000]  [FindProcessById] ErrorCode:0 INFO: Attempt to find the process MetricsExtension.Native.exe with ID: 5620.
[2026-01-29 22:02:35.000]  [FindProcessById] ErrorCode:0 INFO: Running Process MetricsExtension.Native.exe found. ID: 5620.
[2026-01-29 22:02:35.000]  [StartMetricsExtension] ErrorCode:0 ERROR: Metrics extension is already running
[2026-01-29 22:02:35.000]  [WriteHeartbeatToFile] ErrorCode:0 INFO: Sending the heartbeat.
[2026-01-29 22:02:35.000]  [WriteHeartbeatToFile] ErrorCode:0 INFO: Done Sending the heartbeat.
[2026-01-29 22:02:35.000]  [WriteStatusToFile] ErrorCode:0 INFO: Sending the status.
[2026-01-29 22:02:35.000]  [WriteStatusToFile] ErrorCode:0 INFO: Done Sending the status.
[2026-01-29 22:03:05.000]  [WriteHeartbeatToFile] ErrorCode:0 INFO: Sending the heartbeat.
[2026-01-29 22:03:05.000]  [WriteHeartbeatToFile] ErrorCode:0 INFO: Done Sending the heartbeat.
[2026-01-29 22:03:05.000]  [WriteStatusToFile] ErrorCode:0 INFO: Sending the status.
[2026-01-29 22:03:05.000]  [WriteStatusToFile] ErrorCode:0 INFO: Done Sending the status.
[2026-01-29 22:03:35.000]  [FindProcessById] ErrorCode:0 INFO: Attempt to find the process MetricsExtension.Native.exe with ID: 5620.
[2026-01-29 22:03:35.000]  [FindProcessById] ErrorCode:0 INFO: Running Process MetricsExtension.Native.exe found. ID: 5620.
[2026-01-29 22:03:35.000]  [StartMetricsExtension] ErrorCode:0 ERROR: Metrics extension is already running
[2026-01-29 22:03:35.000]  [WriteHeartbeatToFile] ErrorCode:0 INFO: Sending the heartbeat.
[2026-01-29 22:03:35.000]  [WriteHeartbeatToFile] ErrorCode:0 INFO: Done Sending the heartbeat.
[2026-01-29 22:03:35.000]  [WriteStatusToFile] ErrorCode:0 INFO: Sending the status.
[2026-01-29 22:03:35.000]  [WriteStatusToFile] ErrorCode:0 INFO: Done Sending the status.
[2026-01-29 22:04:05.000]  [WriteHeartbeatToFile] ErrorCode:0 INFO: Sending the heartbeat.
[2026-01-29 22:04:05.000]  [WriteHeartbeatToFile] ErrorCode:0 INFO: Done Sending the heartbeat.
[2026-01-29 22:04:05.000]  [WriteStatusToFile] ErrorCode:0 INFO: Sending the status.
[2026-01-29 22:04:05.000]  [WriteStatusToFile] ErrorCode:0 INFO: Done Sending the status.
[2026-01-29 22:04:35.000]  [FindProcessById] ErrorCode:0 INFO: Attempt to find the process MetricsExtension.Native.exe with ID: 5620.
[2026-01-29 22:04:35.000]  [FindProcessById] ErrorCode:0 INFO: Running Process MetricsExtension.Native.exe found. ID: 5620.
[2026-01-29 22:04:35.000]  [StartMetricsExtension] ErrorCode:0 ERROR: Metrics extension is already running
[2026-01-29 22:04:35.000]  [WriteHeartbeatToFile] ErrorCode:0 INFO: Sending the heartbeat.
[2026-01-29 22:04:35.000]  [WriteHeartbeatToFile] ErrorCode:0 INFO: Done Sending the heartbeat.
[2026-01-29 22:04:35.000]  [WriteStatusToFile] ErrorCode:0 INFO: Sending the status.
[2026-01-29 22:04:35.000]  [WriteStatusToFile] ErrorCode:0 INFO: Done Sending the status.
[2026-01-29 22:05:05.000]  [WriteHeartbeatToFile] ErrorCode:0 INFO: Sending the heartbeat.
[2026-01-29 22:05:05.000]  [WriteHeartbeatToFile] ErrorCode:0 INFO: Done Sending the heartbeat.
[2026-01-29 22:05:05.000]  [WriteStatusToFile] ErrorCode:0 INFO: Sending the status.
[2026-01-29 22:05:05.000]  [WriteStatusToFile] ErrorCode:0 INFO: Done Sending the status.
[2026-01-29 22:05:35.000]  [FindProcessById] ErrorCode:0 INFO: Attempt to find the process MetricsExtension.Native.exe with ID: 5620.
[2026-01-29 22:05:35.000]  [FindProcessById] ErrorCode:0 INFO: Running Process MetricsExtension.Native.exe found. ID: 5620.
[2026-01-29 22:05:35.000]  [StartMetricsExtension] ErrorCode:0 ERROR: Metrics extension is already running
[2026-01-29 22:05:35.000]  [AggregateHeartbeat] ErrorCode:0 INFO: Start heartbeat aggregation.
[2026-01-29 22:05:35.000]  [QueryRegValueDWORD] ErrorCode:0 INFO: Query Registry for Key:SOFTWARE\Microsoft\Windows Azure\CurrentVersion\AzureMonitorAgentExtension\47.4.1.0, Name:MaServiceProcess
[2026-01-29 22:05:35.000]  [QueryRegValueDWORD] ErrorCode:0 INFO: Query Registry for Key:SOFTWARE\Microsoft\Windows Azure\CurrentVersion\AzureMonitorAgentExtension\47.4.1.0, Name:MaServiceProcess, Value:1904
[2026-01-29 22:05:35.000]  [FindProcessById] ErrorCode:0 INFO: Attempt to find the process MonAgentLauncher.exe with ID: 1904.
[2026-01-29 22:05:35.000]  [FindProcessById] ErrorCode:0 INFO: Running Process MonAgentLauncher.exe found. ID: 1904.
[2026-01-29 22:05:35.000]  [CheckIfMAServiceIsRunByExtension] ErrorCode:0 INFO: The MA process is running based on the m_registry
[2026-01-29 22:05:35.000]  [QueryRegValueDWORD] ErrorCode:0 INFO: Query Registry for Key:SOFTWARE\Microsoft\Windows Azure\CurrentVersion\AzureMonitorAgentExtension\47.4.1.0, Name:AMAMultitenantServiceProcess
[2026-01-29 22:05:35.000]  [QueryRegValueDWORD] ErrorCode:0 ERROR: RegQueryValueExA: failed to query REG_DWORD value, Key:SOFTWARE\Microsoft\Windows Azure\CurrentVersion\AzureMonitorAgentExtension\47.4.1.0, name=AMAMultitenantServiceProcess, error=2, type=0
[2026-01-29 22:05:35.000]  [CheckIfMAServiceIsRunByExtension] ErrorCode:1205 INFO: Unable to read the m_registry for MA process. Assume it is not running.
[2026-01-29 22:05:35.000]  [AggregateHeartbeat] ErrorCode:0 INFO: Configured MA Service is not running on the node.
[2026-01-29 22:05:35.000]  [SetImdsEnvironmentVariable] ErrorCode:0 INFO: Querying IMDS information
[2026-01-29 22:05:35.000]  [SetImdsEnvironmentVariable] ErrorCode:-1 INFO: Preparing to call IMDS. Endpoint: http://169.254.169.254
[2026-01-29 22:05:35.000]  [WriteHeartbeatToFile] ErrorCode:0 INFO: Sending the heartbeat.
[2026-01-29 22:05:35.000]  [WriteHeartbeatToFile] ErrorCode:0 INFO: Done Sending the heartbeat.
[2026-01-29 22:05:35.000]  [QueryIMDSEndpoint] ErrorCode:0 INFO: Queried IMDS successfully.
[2026-01-29 22:05:35.000]  [GetValueFromJsonOrDefault] ErrorCode:0 INFO: Read Imds response field with Name:location Value: westus2
[2026-01-29 22:05:35.000]  [GetValueFromJsonOrDefault] ErrorCode:0 INFO: Read Imds response field with Name:name Value: amawin
[2026-01-29 22:05:35.000]  [GetValueFromJsonOrDefault] ErrorCode:0 INFO: Read Imds response field with Name:subscriptionId Value: 351651ce-5feb-4e59-975d-f1f344e2b717
[2026-01-29 22:05:35.000]  [GetValueFromJsonOrDefault] ErrorCode:0 INFO: Read Imds response field with Name:vmId Value: 22afd636-aec1-4782-9055-f85ea283dc20
[2026-01-29 22:05:35.000]  [GetValueFromJsonOrDefault] ErrorCode:0 INFO: Read Imds response field with Name:vmScaleSetName Value: 
[2026-01-29 22:05:35.000]  [GetValueFromJsonOrDefault] ErrorCode:0 INFO: Read Imds response field with Name:resourceGroupName Value: AMAWIN_GROUP
[2026-01-29 22:05:35.000]  [GetValueFromJsonOrDefault] ErrorCode:0 INFO: Read Imds response field with Name:osType Value: Windows
[2026-01-29 22:05:35.000]  [GetValueFromJsonOrDefault] ErrorCode:0 INFO: Read Imds response field with Name:resourceId Value: /subscriptions/351651ce-5feb-4e59-975d-f1f344e2b717/resourceGroups/AMAWIN_GROUP/providers/Microsoft.Compute/virtualMachines/amawin
[2026-01-29 22:05:35.000]  [GetValueFromJsonOrDefault] ErrorCode:0 INFO: Read Imds response field with Name:azEnvironment Value: AzurePublicCloud
[2026-01-29 22:05:35.000]  [SetImdsEnvironmentVariable] ErrorCode:0 INFO: Successfully set Environment variables from Imds
[2026-01-29 22:05:35.000]  [AggregateHeartbeat] ErrorCode:0 INFO: Completed heartbeat aggregation.
[2026-01-29 22:05:35.000]  [WriteStatusToFile] ErrorCode:0 INFO: Sending the status.
[2026-01-29 22:05:35.000]  [WriteStatusToFile] ErrorCode:0 INFO: Done Sending the status.
[2026-01-29 22:06:05.000]  [WriteHeartbeatToFile] ErrorCode:0 INFO: Sending the heartbeat.
[2026-01-29 22:06:05.000]  [WriteHeartbeatToFile] ErrorCode:0 INFO: Done Sending the heartbeat.
[2026-01-29 22:06:05.000]  [WriteStatusToFile] ErrorCode:0 INFO: Sending the status.
[2026-01-29 22:06:05.000]  [WriteStatusToFile] ErrorCode:0 INFO: Done Sending the status.
[2026-01-29 22:06:35.000]  [FindProcessById] ErrorCode:0 INFO: Attempt to find the process MetricsExtension.Native.exe with ID: 5620.
[2026-01-29 22:06:35.000]  [FindProcessById] ErrorCode:0 INFO: Running Process MetricsExtension.Native.exe found. ID: 5620.
[2026-01-29 22:06:35.000]  [StartMetricsExtension] ErrorCode:0 ERROR: Metrics extension is already running
[2026-01-29 22:06:35.000]  [WriteHeartbeatToFile] ErrorCode:0 INFO: Sending the heartbeat.
[2026-01-29 22:06:35.000]  [WriteHeartbeatToFile] ErrorCode:0 INFO: Done Sending the heartbeat.
[2026-01-29 22:06:35.000]  [WriteStatusToFile] ErrorCode:0 INFO: Sending the status.
[2026-01-29 22:06:35.000]  [WriteStatusToFile] ErrorCode:0 INFO: Done Sending the status.
[2026-01-29 22:07:05.000]  [WriteHeartbeatToFile] ErrorCode:0 INFO: Sending the heartbeat.
[2026-01-29 22:07:05.000]  [WriteHeartbeatToFile] ErrorCode:0 INFO: Done Sending the heartbeat.
[2026-01-29 22:07:05.000]  [WriteStatusToFile] ErrorCode:0 INFO: Sending the status.
[2026-01-29 22:07:05.000]  [WriteStatusToFile] ErrorCode:0 INFO: Done Sending the status.
[2026-01-29 22:07:35.000]  [FindProcessById] ErrorCode:0 INFO: Attempt to find the process MetricsExtension.Native.exe with ID: 5620.
[2026-01-29 22:07:35.000]  [FindProcessById] ErrorCode:0 INFO: Running Process MetricsExtension.Native.exe found. ID: 5620.
[2026-01-29 22:07:35.000]  [StartMetricsExtension] ErrorCode:0 ERROR: Metrics extension is already running
[2026-01-29 22:07:35.000]  [WriteHeartbeatToFile] ErrorCode:0 INFO: Sending the heartbeat.
[2026-01-29 22:07:35.000]  [WriteHeartbeatToFile] ErrorCode:0 INFO: Done Sending the heartbeat.
[2026-01-29 22:07:35.000]  [WriteStatusToFile] ErrorCode:0 INFO: Sending the status.
[2026-01-29 22:07:35.000]  [WriteStatusToFile] ErrorCode:0 INFO: Done Sending the status.
[2026-01-29 22:08:05.000]  [WriteHeartbeatToFile] ErrorCode:0 INFO: Sending the heartbeat.
[2026-01-29 22:08:05.000]  [WriteHeartbeatToFile] ErrorCode:0 INFO: Done Sending the heartbeat.
[2026-01-29 22:08:05.000]  [WriteStatusToFile] ErrorCode:0 INFO: Sending the status.
[2026-01-29 22:08:05.000]  [WriteStatusToFile] ErrorCode:0 INFO: Done Sending the status.
[2026-01-29 22:08:35.000]  [FindProcessById] ErrorCode:0 INFO: Attempt to find the process MetricsExtension.Native.exe with ID: 5620.
[2026-01-29 22:08:35.000]  [FindProcessById] ErrorCode:0 INFO: Running Process MetricsExtension.Native.exe found. ID: 5620.
[2026-01-29 22:08:35.000]  [StartMetricsExtension] ErrorCode:0 ERROR: Metrics extension is already running
[2026-01-29 22:08:35.000]  [WriteHeartbeatToFile] ErrorCode:0 INFO: Sending the heartbeat.
[2026-01-29 22:08:35.000]  [WriteHeartbeatToFile] ErrorCode:0 INFO: Done Sending the heartbeat.
[2026-01-29 22:08:35.000]  [WriteStatusToFile] ErrorCode:0 INFO: Sending the status.
[2026-01-29 22:08:35.000]  [WriteStatusToFile] ErrorCode:0 INFO: Done Sending the status.
[2026-01-29 22:09:05.000]  [WriteHeartbeatToFile] ErrorCode:0 INFO: Sending the heartbeat.
[2026-01-29 22:09:05.000]  [WriteHeartbeatToFile] ErrorCode:0 INFO: Done Sending the heartbeat.
[2026-01-29 22:09:05.000]  [WriteStatusToFile] ErrorCode:0 INFO: Sending the status.
[2026-01-29 22:09:05.000]  [WriteStatusToFile] ErrorCode:0 INFO: Done Sending the status.
[2026-01-29 22:09:35.000]  [FindProcessById] ErrorCode:0 INFO: Attempt to find the process MetricsExtension.Native.exe with ID: 5620.
[2026-01-29 22:09:35.000]  [FindProcessById] ErrorCode:0 INFO: Running Process MetricsExtension.Native.exe found. ID: 5620.
[2026-01-29 22:09:35.000]  [StartMetricsExtension] ErrorCode:0 ERROR: Metrics extension is already running
[2026-01-29 22:09:35.000]  [WriteHeartbeatToFile] ErrorCode:0 INFO: Sending the heartbeat.
[2026-01-29 22:09:35.000]  [WriteHeartbeatToFile] ErrorCode:0 INFO: Done Sending the heartbeat.
[2026-01-29 22:09:35.000]  [WriteStatusToFile] ErrorCode:0 INFO: Sending the status.
[2026-01-29 22:09:35.000]  [WriteStatusToFile] ErrorCode:0 INFO: Done Sending the status.
[2026-01-29 22:10:05.000]  [WriteHeartbeatToFile] ErrorCode:0 INFO: Sending the heartbeat.
[2026-01-29 22:10:05.000]  [WriteHeartbeatToFile] ErrorCode:0 INFO: Done Sending the heartbeat.
[2026-01-29 22:10:05.000]  [WriteStatusToFile] ErrorCode:0 INFO: Sending the status.
[2026-01-29 22:10:05.000]  [WriteStatusToFile] ErrorCode:0 INFO: Done Sending the status.
[2026-01-29 22:10:35.000]  [FindProcessById] ErrorCode:0 INFO: Attempt to find the process MetricsExtension.Native.exe with ID: 5620.
[2026-01-29 22:10:35.000]  [FindProcessById] ErrorCode:0 INFO: Running Process MetricsExtension.Native.exe found. ID: 5620.
[2026-01-29 22:10:35.000]  [StartMetricsExtension] ErrorCode:0 ERROR: Metrics extension is already running
[2026-01-29 22:10:35.000]  [AggregateHeartbeat] ErrorCode:0 INFO: Start heartbeat aggregation.
[2026-01-29 22:10:35.000]  [QueryRegValueDWORD] ErrorCode:0 INFO: Query Registry for Key:SOFTWARE\Microsoft\Windows Azure\CurrentVersion\AzureMonitorAgentExtension\47.4.1.0, Name:MaServiceProcess
[2026-01-29 22:10:35.000]  [QueryRegValueDWORD] ErrorCode:0 INFO: Query Registry for Key:SOFTWARE\Microsoft\Windows Azure\CurrentVersion\AzureMonitorAgentExtension\47.4.1.0, Name:MaServiceProcess, Value:1904
[2026-01-29 22:10:35.000]  [FindProcessById] ErrorCode:0 INFO: Attempt to find the process MonAgentLauncher.exe with ID: 1904.
[2026-01-29 22:10:35.000]  [FindProcessById] ErrorCode:0 INFO: Running Process MonAgentLauncher.exe found. ID: 1904.
[2026-01-29 22:10:35.000]  [CheckIfMAServiceIsRunByExtension] ErrorCode:0 INFO: The MA process is running based on the m_registry
[2026-01-29 22:10:35.000]  [QueryRegValueDWORD] ErrorCode:0 INFO: Query Registry for Key:SOFTWARE\Microsoft\Windows Azure\CurrentVersion\AzureMonitorAgentExtension\47.4.1.0, Name:AMAMultitenantServiceProcess
[2026-01-29 22:10:35.000]  [QueryRegValueDWORD] ErrorCode:0 ERROR: RegQueryValueExA: failed to query REG_DWORD value, Key:SOFTWARE\Microsoft\Windows Azure\CurrentVersion\AzureMonitorAgentExtension\47.4.1.0, name=AMAMultitenantServiceProcess, error=2, type=0
[2026-01-29 22:10:35.000]  [CheckIfMAServiceIsRunByExtension] ErrorCode:1205 INFO: Unable to read the m_registry for MA process. Assume it is not running.
[2026-01-29 22:10:35.000]  [AggregateHeartbeat] ErrorCode:0 INFO: Configured MA Service is not running on the node.
[2026-01-29 22:10:35.000]  [SetImdsEnvironmentVariable] ErrorCode:0 INFO: Querying IMDS information
[2026-01-29 22:10:35.000]  [SetImdsEnvironmentVariable] ErrorCode:-1 INFO: Preparing to call IMDS. Endpoint: http://169.254.169.254
[2026-01-29 22:10:35.000]  [QueryIMDSEndpoint] ErrorCode:0 INFO: Queried IMDS successfully.
[2026-01-29 22:10:35.000]  [GetValueFromJsonOrDefault] ErrorCode:0 INFO: Read Imds response field with Name:location Value: westus2
[2026-01-29 22:10:35.000]  [GetValueFromJsonOrDefault] ErrorCode:0 INFO: Read Imds response field with Name:name Value: amawin
[2026-01-29 22:10:35.000]  [GetValueFromJsonOrDefault] ErrorCode:0 INFO: Read Imds response field with Name:subscriptionId Value: 351651ce-5feb-4e59-975d-f1f344e2b717
[2026-01-29 22:10:35.000]  [GetValueFromJsonOrDefault] ErrorCode:0 INFO: Read Imds response field with Name:vmId Value: 22afd636-aec1-4782-9055-f85ea283dc20
[2026-01-29 22:10:35.000]  [GetValueFromJsonOrDefault] ErrorCode:0 INFO: Read Imds response field with Name:vmScaleSetName Value: 
[2026-01-29 22:10:35.000]  [GetValueFromJsonOrDefault] ErrorCode:0 INFO: Read Imds response field with Name:resourceGroupName Value: AMAWIN_GROUP
[2026-01-29 22:10:35.000]  [GetValueFromJsonOrDefault] ErrorCode:0 INFO: Read Imds response field with Name:osType Value: Windows
[2026-01-29 22:10:35.000]  [GetValueFromJsonOrDefault] ErrorCode:0 INFO: Read Imds response field with Name:resourceId Value: /subscriptions/351651ce-5feb-4e59-975d-f1f344e2b717/resourceGroups/AMAWIN_GROUP/providers/Microsoft.Compute/virtualMachines/amawin
[2026-01-29 22:10:35.000]  [GetValueFromJsonOrDefault] ErrorCode:0 INFO: Read Imds response field with Name:azEnvironment Value: AzurePublicCloud
[2026-01-29 22:10:35.000]  [SetImdsEnvironmentVariable] ErrorCode:0 INFO: Successfully set Environment variables from Imds
[2026-01-29 22:10:35.000]  [AggregateHeartbeat] ErrorCode:0 INFO: Completed heartbeat aggregation.
[2026-01-29 22:10:35.000]  [WriteHeartbeatToFile] ErrorCode:0 INFO: Sending the heartbeat.
[2026-01-29 22:10:35.000]  [WriteHeartbeatToFile] ErrorCode:0 INFO: Done Sending the heartbeat.
[2026-01-29 22:10:35.000]  [WriteStatusToFile] ErrorCode:0 INFO: Sending the status.
[2026-01-29 22:10:35.000]  [WriteStatusToFile] ErrorCode:0 INFO: Done Sending the status.
[2026-01-29 22:11:05.000]  [WriteHeartbeatToFile] ErrorCode:0 INFO: Sending the heartbeat.
[2026-01-29 22:11:05.000]  [WriteHeartbeatToFile] ErrorCode:0 INFO: Done Sending the heartbeat.
[2026-01-29 22:11:05.000]  [WriteStatusToFile] ErrorCode:0 INFO: Sending the status.
[2026-01-29 22:11:05.000]  [WriteStatusToFile] ErrorCode:0 INFO: Done Sending the status.
[2026-01-29 22:11:35.000]  [FindProcessById] ErrorCode:0 INFO: Attempt to find the process MetricsExtension.Native.exe with ID: 5620.
[2026-01-29 22:11:35.000]  [FindProcessById] ErrorCode:0 INFO: Running Process MetricsExtension.Native.exe found. ID: 5620.
[2026-01-29 22:11:35.000]  [StartMetricsExtension] ErrorCode:0 ERROR: Metrics extension is already running
[2026-01-29 22:11:35.000]  [WriteHeartbeatToFile] ErrorCode:0 INFO: Sending the heartbeat.
[2026-01-29 22:11:35.000]  [WriteHeartbeatToFile] ErrorCode:0 INFO: Done Sending the heartbeat.
[2026-01-29 22:11:35.000]  [WriteStatusToFile] ErrorCode:0 INFO: Sending the status.
[2026-01-29 22:11:35.000]  [WriteStatusToFile] ErrorCode:0 INFO: Done Sending the status.
[2026-01-29 22:12:05.000]  [WriteHeartbeatToFile] ErrorCode:0 INFO: Sending the heartbeat.
[2026-01-29 22:12:05.000]  [WriteHeartbeatToFile] ErrorCode:0 INFO: Done Sending the heartbeat.
[2026-01-29 22:12:05.000]  [WriteStatusToFile] ErrorCode:0 INFO: Sending the status.
[2026-01-29 22:12:05.000]  [WriteStatusToFile] ErrorCode:0 INFO: Done Sending the status.
[2026-01-29 22:12:35.000]  [FindProcessById] ErrorCode:0 INFO: Attempt to find the process MetricsExtension.Native.exe with ID: 5620.
[2026-01-29 22:12:35.000]  [FindProcessById] ErrorCode:0 INFO: Running Process MetricsExtension.Native.exe found. ID: 5620.
[2026-01-29 22:12:35.000]  [StartMetricsExtension] ErrorCode:0 ERROR: Metrics extension is already running
[2026-01-29 22:12:35.000]  [WriteHeartbeatToFile] ErrorCode:0 INFO: Sending the heartbeat.
[2026-01-29 22:12:35.000]  [WriteHeartbeatToFile] ErrorCode:0 INFO: Done Sending the heartbeat.
[2026-01-29 22:12:35.000]  [WriteStatusToFile] ErrorCode:0 INFO: Sending the status.
[2026-01-29 22:12:35.000]  [WriteStatusToFile] ErrorCode:0 INFO: Done Sending the status.
[2026-01-29 22:13:05.000]  [WriteHeartbeatToFile] ErrorCode:0 INFO: Sending the heartbeat.
[2026-01-29 22:13:05.000]  [WriteHeartbeatToFile] ErrorCode:0 INFO: Done Sending the heartbeat.
[2026-01-29 22:13:05.000]  [WriteStatusToFile] ErrorCode:0 INFO: Sending the status.
[2026-01-29 22:13:05.000]  [WriteStatusToFile] ErrorCode:0 INFO: Done Sending the status.
[2026-01-29 22:13:35.000]  [FindProcessById] ErrorCode:0 INFO: Attempt to find the process MetricsExtension.Native.exe with ID: 5620.
[2026-01-29 22:13:35.000]  [FindProcessById] ErrorCode:0 INFO: Running Process MetricsExtension.Native.exe found. ID: 5620.
[2026-01-29 22:13:35.000]  [StartMetricsExtension] ErrorCode:0 ERROR: Metrics extension is already running
[2026-01-29 22:13:35.000]  [WriteHeartbeatToFile] ErrorCode:0 INFO: Sending the heartbeat.
[2026-01-29 22:13:35.000]  [WriteHeartbeatToFile] ErrorCode:0 INFO: Done Sending the heartbeat.
[2026-01-29 22:13:35.000]  [WriteStatusToFile] ErrorCode:0 INFO: Sending the status.
[2026-01-29 22:13:35.000]  [WriteStatusToFile] ErrorCode:0 INFO: Done Sending the status.
[2026-01-29 22:14:05.000]  [WriteHeartbeatToFile] ErrorCode:0 INFO: Sending the heartbeat.
[2026-01-29 22:14:05.000]  [WriteHeartbeatToFile] ErrorCode:0 INFO: Done Sending the heartbeat.
[2026-01-29 22:14:05.000]  [WriteStatusToFile] ErrorCode:0 INFO: Sending the status.
[2026-01-29 22:14:05.000]  [WriteStatusToFile] ErrorCode:0 INFO: Done Sending the status.
[2026-01-29 22:14:35.000]  [FindProcessById] ErrorCode:0 INFO: Attempt to find the process MetricsExtension.Native.exe with ID: 5620.
[2026-01-29 22:14:35.000]  [FindProcessById] ErrorCode:0 INFO: Running Process MetricsExtension.Native.exe found. ID: 5620.
[2026-01-29 22:14:35.000]  [StartMetricsExtension] ErrorCode:0 ERROR: Metrics extension is already running
[2026-01-29 22:14:35.000]  [WriteHeartbeatToFile] ErrorCode:0 INFO: Sending the heartbeat.
[2026-01-29 22:14:35.000]  [WriteHeartbeatToFile] ErrorCode:0 INFO: Done Sending the heartbeat.
[2026-01-29 22:14:35.000]  [WriteStatusToFile] ErrorCode:0 INFO: Sending the status.
[2026-01-29 22:14:35.000]  [WriteStatusToFile] ErrorCode:0 INFO: Done Sending the status.
[2026-01-29 22:15:05.000]  [WriteHeartbeatToFile] ErrorCode:0 INFO: Sending the heartbeat.
[2026-01-29 22:15:05.000]  [WriteHeartbeatToFile] ErrorCode:0 INFO: Done Sending the heartbeat.
[2026-01-29 22:15:05.000]  [WriteStatusToFile] ErrorCode:0 INFO: Sending the status.
[2026-01-29 22:15:05.000]  [WriteStatusToFile] ErrorCode:0 INFO: Done Sending the status.
[2026-01-29 22:15:35.000]  [FindProcessById] ErrorCode:0 INFO: Attempt to find the process MetricsExtension.Native.exe with ID: 5620.
[2026-01-29 22:15:35.000]  [FindProcessById] ErrorCode:0 INFO: Running Process MetricsExtension.Native.exe found. ID: 5620.
[2026-01-29 22:15:35.000]  [StartMetricsExtension] ErrorCode:0 ERROR: Metrics extension is already running
[2026-01-29 22:15:35.000]  [AggregateHeartbeat] ErrorCode:0 INFO: Start heartbeat aggregation.
[2026-01-29 22:15:35.000]  [QueryRegValueDWORD] ErrorCode:0 INFO: Query Registry for Key:SOFTWARE\Microsoft\Windows Azure\CurrentVersion\AzureMonitorAgentExtension\47.4.1.0, Name:MaServiceProcess
[2026-01-29 22:15:35.000]  [QueryRegValueDWORD] ErrorCode:0 INFO: Query Registry for Key:SOFTWARE\Microsoft\Windows Azure\CurrentVersion\AzureMonitorAgentExtension\47.4.1.0, Name:MaServiceProcess, Value:1904
[2026-01-29 22:15:35.000]  [FindProcessById] ErrorCode:0 INFO: Attempt to find the process MonAgentLauncher.exe with ID: 1904.
[2026-01-29 22:15:35.000]  [FindProcessById] ErrorCode:0 INFO: Running Process MonAgentLauncher.exe found. ID: 1904.
[2026-01-29 22:15:35.000]  [CheckIfMAServiceIsRunByExtension] ErrorCode:0 INFO: The MA process is running based on the m_registry
[2026-01-29 22:15:35.000]  [QueryRegValueDWORD] ErrorCode:0 INFO: Query Registry for Key:SOFTWARE\Microsoft\Windows Azure\CurrentVersion\AzureMonitorAgentExtension\47.4.1.0, Name:AMAMultitenantServiceProcess
[2026-01-29 22:15:35.000]  [QueryRegValueDWORD] ErrorCode:0 ERROR: RegQueryValueExA: failed to query REG_DWORD value, Key:SOFTWARE\Microsoft\Windows Azure\CurrentVersion\AzureMonitorAgentExtension\47.4.1.0, name=AMAMultitenantServiceProcess, error=2, type=0
[2026-01-29 22:15:35.000]  [CheckIfMAServiceIsRunByExtension] ErrorCode:1205 INFO: Unable to read the m_registry for MA process. Assume it is not running.
[2026-01-29 22:15:35.000]  [AggregateHeartbeat] ErrorCode:0 INFO: Configured MA Service is not running on the node.
[2026-01-29 22:15:35.000]  [SetImdsEnvironmentVariable] ErrorCode:0 INFO: Querying IMDS information
[2026-01-29 22:15:35.000]  [SetImdsEnvironmentVariable] ErrorCode:-1 INFO: Preparing to call IMDS. Endpoint: http://169.254.169.254
[2026-01-29 22:15:35.000]  [QueryIMDSEndpoint] ErrorCode:0 INFO: Queried IMDS successfully.
[2026-01-29 22:15:35.000]  [GetValueFromJsonOrDefault] ErrorCode:0 INFO: Read Imds response field with Name:location Value: westus2
[2026-01-29 22:15:35.000]  [GetValueFromJsonOrDefault] ErrorCode:0 INFO: Read Imds response field with Name:name Value: amawin
[2026-01-29 22:15:35.000]  [GetValueFromJsonOrDefault] ErrorCode:0 INFO: Read Imds response field with Name:subscriptionId Value: 351651ce-5feb-4e59-975d-f1f344e2b717
[2026-01-29 22:15:35.000]  [GetValueFromJsonOrDefault] ErrorCode:0 INFO: Read Imds response field with Name:vmId Value: 22afd636-aec1-4782-9055-f85ea283dc20
[2026-01-29 22:15:35.000]  [GetValueFromJsonOrDefault] ErrorCode:0 INFO: Read Imds response field with Name:vmScaleSetName Value: 
[2026-01-29 22:15:35.000]  [GetValueFromJsonOrDefault] ErrorCode:0 INFO: Read Imds response field with Name:resourceGroupName Value: AMAWIN_GROUP
[2026-01-29 22:15:35.000]  [GetValueFromJsonOrDefault] ErrorCode:0 INFO: Read Imds response field with Name:osType Value: Windows
[2026-01-29 22:15:35.000]  [GetValueFromJsonOrDefault] ErrorCode:0 INFO: Read Imds response field with Name:resourceId Value: /subscriptions/351651ce-5feb-4e59-975d-f1f344e2b717/resourceGroups/AMAWIN_GROUP/providers/Microsoft.Compute/virtualMachines/amawin
[2026-01-29 22:15:35.000]  [GetValueFromJsonOrDefault] ErrorCode:0 INFO: Read Imds response field with Name:azEnvironment Value: AzurePublicCloud
[2026-01-29 22:15:35.000]  [SetImdsEnvironmentVariable] ErrorCode:0 INFO: Successfully set Environment variables from Imds
[2026-01-29 22:15:35.000]  [AggregateHeartbeat] ErrorCode:0 INFO: Completed heartbeat aggregation.
[2026-01-29 22:15:35.000]  [WriteHeartbeatToFile] ErrorCode:0 INFO: Sending the heartbeat.
[2026-01-29 22:15:35.000]  [WriteHeartbeatToFile] ErrorCode:0 INFO: Done Sending the heartbeat.
[2026-01-29 22:15:35.000]  [WriteStatusToFile] ErrorCode:0 INFO: Sending the status.
[2026-01-29 22:15:35.000]  [WriteStatusToFile] ErrorCode:0 INFO: Done Sending the status.
[2026-01-29 22:16:05.000]  [WriteHeartbeatToFile] ErrorCode:0 INFO: Sending the heartbeat.
[2026-01-29 22:16:05.000]  [WriteHeartbeatToFile] ErrorCode:0 INFO: Done Sending the heartbeat.
[2026-01-29 22:16:05.000]  [WriteStatusToFile] ErrorCode:0 INFO: Sending the status.
[2026-01-29 22:16:05.000]  [WriteStatusToFile] ErrorCode:0 INFO: Done Sending the status.
[2026-01-29 22:16:35.000]  [FindProcessById] ErrorCode:0 INFO: Attempt to find the process MetricsExtension.Native.exe with ID: 5620.
[2026-01-29 22:16:35.000]  [FindProcessById] ErrorCode:0 INFO: Running Process MetricsExtension.Native.exe found. ID: 5620.
[2026-01-29 22:16:35.000]  [StartMetricsExtension] ErrorCode:0 ERROR: Metrics extension is already running
[2026-01-29 22:16:35.000]  [WriteHeartbeatToFile] ErrorCode:0 INFO: Sending the heartbeat.
[2026-01-29 22:16:35.000]  [WriteHeartbeatToFile] ErrorCode:0 INFO: Done Sending the heartbeat.
[2026-01-29 22:16:35.000]  [WriteStatusToFile] ErrorCode:0 INFO: Sending the status.
[2026-01-29 22:16:35.000]  [WriteStatusToFile] ErrorCode:0 INFO: Done Sending the status.
[2026-01-29 22:17:05.000]  [WriteHeartbeatToFile] ErrorCode:0 INFO: Sending the heartbeat.
[2026-01-29 22:17:05.000]  [WriteHeartbeatToFile] ErrorCode:0 INFO: Done Sending the heartbeat.
[2026-01-29 22:17:05.000]  [WriteStatusToFile] ErrorCode:0 INFO: Sending the status.
[2026-01-29 22:17:05.000]  [WriteStatusToFile] ErrorCode:0 INFO: Done Sending the status.
[2026-01-29 22:17:35.000]  [FindProcessById] ErrorCode:0 INFO: Attempt to find the process MetricsExtension.Native.exe with ID: 5620.
[2026-01-29 22:17:35.000]  [FindProcessById] ErrorCode:0 INFO: Running Process MetricsExtension.Native.exe found. ID: 5620.
[2026-01-29 22:17:35.000]  [StartMetricsExtension] ErrorCode:0 ERROR: Metrics extension is already running
[2026-01-29 22:17:35.000]  [WriteHeartbeatToFile] ErrorCode:0 INFO: Sending the heartbeat.
[2026-01-29 22:17:35.000]  [WriteHeartbeatToFile] ErrorCode:0 INFO: Done Sending the heartbeat.
[2026-01-29 22:17:35.000]  [WriteStatusToFile] ErrorCode:0 INFO: Sending the status.
[2026-01-29 22:17:35.000]  [WriteStatusToFile] ErrorCode:0 INFO: Done Sending the status.
[2026-01-29 22:18:05.000]  [WriteHeartbeatToFile] ErrorCode:0 INFO: Sending the heartbeat.
[2026-01-29 22:18:05.000]  [WriteHeartbeatToFile] ErrorCode:0 INFO: Done Sending the heartbeat.
[2026-01-29 22:18:05.000]  [WriteStatusToFile] ErrorCode:0 INFO: Sending the status.
[2026-01-29 22:18:05.000]  [WriteStatusToFile] ErrorCode:0 INFO: Done Sending the status.
[2026-01-29 22:18:35.000]  [FindProcessById] ErrorCode:0 INFO: Attempt to find the process MetricsExtension.Native.exe with ID: 5620.
[2026-01-29 22:18:35.000]  [FindProcessById] ErrorCode:0 INFO: Running Process MetricsExtension.Native.exe found. ID: 5620.
[2026-01-29 22:18:35.000]  [StartMetricsExtension] ErrorCode:0 ERROR: Metrics extension is already running
[2026-01-29 22:18:35.000]  [WriteHeartbeatToFile] ErrorCode:0 INFO: Sending the heartbeat.
[2026-01-29 22:18:35.000]  [WriteHeartbeatToFile] ErrorCode:0 INFO: Done Sending the heartbeat.
[2026-01-29 22:18:35.000]  [WriteStatusToFile] ErrorCode:0 INFO: Sending the status.
[2026-01-29 22:18:35.000]  [WriteStatusToFile] ErrorCode:0 INFO: Done Sending the status.
[2026-01-29 22:19:05.000]  [WriteHeartbeatToFile] ErrorCode:0 INFO: Sending the heartbeat.
[2026-01-29 22:19:05.000]  [WriteHeartbeatToFile] ErrorCode:0 INFO: Done Sending the heartbeat.
[2026-01-29 22:19:05.000]  [WriteStatusToFile] ErrorCode:0 INFO: Sending the status.
[2026-01-29 22:19:05.000]  [WriteStatusToFile] ErrorCode:0 INFO: Done Sending the status.
[2026-01-29 22:19:35.000]  [FindProcessById] ErrorCode:0 INFO: Attempt to find the process MetricsExtension.Native.exe with ID: 5620.
[2026-01-29 22:19:35.000]  [FindProcessById] ErrorCode:0 INFO: Running Process MetricsExtension.Native.exe found. ID: 5620.
[2026-01-29 22:19:35.000]  [StartMetricsExtension] ErrorCode:0 ERROR: Metrics extension is already running
[2026-01-29 22:19:35.000]  [WriteHeartbeatToFile] ErrorCode:0 INFO: Sending the heartbeat.
[2026-01-29 22:19:35.000]  [WriteHeartbeatToFile] ErrorCode:0 INFO: Done Sending the heartbeat.
[2026-01-29 22:19:35.000]  [WriteStatusToFile] ErrorCode:0 INFO: Sending the status.
[2026-01-29 22:19:35.000]  [WriteStatusToFile] ErrorCode:0 INFO: Done Sending the status.
[2026-01-29 22:20:05.000]  [WriteHeartbeatToFile] ErrorCode:0 INFO: Sending the heartbeat.
[2026-01-29 22:20:05.000]  [WriteHeartbeatToFile] ErrorCode:0 INFO: Done Sending the heartbeat.
[2026-01-29 22:20:05.000]  [WriteStatusToFile] ErrorCode:0 INFO: Sending the status.
[2026-01-29 22:20:05.000]  [WriteStatusToFile] ErrorCode:0 INFO: Done Sending the status.
[2026-01-29 22:20:35.000]  [FindProcessById] ErrorCode:0 INFO: Attempt to find the process MetricsExtension.Native.exe with ID: 5620.
[2026-01-29 22:20:35.000]  [FindProcessById] ErrorCode:0 INFO: Running Process MetricsExtension.Native.exe found. ID: 5620.
[2026-01-29 22:20:35.000]  [StartMetricsExtension] ErrorCode:0 ERROR: Metrics extension is already running
[2026-01-29 22:20:35.000]  [AggregateHeartbeat] ErrorCode:0 INFO: Start heartbeat aggregation.
[2026-01-29 22:20:35.000]  [QueryRegValueDWORD] ErrorCode:0 INFO: Query Registry for Key:SOFTWARE\Microsoft\Windows Azure\CurrentVersion\AzureMonitorAgentExtension\47.4.1.0, Name:MaServiceProcess
[2026-01-29 22:20:35.000]  [QueryRegValueDWORD] ErrorCode:0 INFO: Query Registry for Key:SOFTWARE\Microsoft\Windows Azure\CurrentVersion\AzureMonitorAgentExtension\47.4.1.0, Name:MaServiceProcess, Value:1904
[2026-01-29 22:20:35.000]  [FindProcessById] ErrorCode:0 INFO: Attempt to find the process MonAgentLauncher.exe with ID: 1904.
[2026-01-29 22:20:35.000]  [FindProcessById] ErrorCode:0 INFO: Running Process MonAgentLauncher.exe found. ID: 1904.
[2026-01-29 22:20:35.000]  [CheckIfMAServiceIsRunByExtension] ErrorCode:0 INFO: The MA process is running based on the m_registry
[2026-01-29 22:20:35.000]  [QueryRegValueDWORD] ErrorCode:0 INFO: Query Registry for Key:SOFTWARE\Microsoft\Windows Azure\CurrentVersion\AzureMonitorAgentExtension\47.4.1.0, Name:AMAMultitenantServiceProcess
[2026-01-29 22:20:35.000]  [QueryRegValueDWORD] ErrorCode:0 ERROR: RegQueryValueExA: failed to query REG_DWORD value, Key:SOFTWARE\Microsoft\Windows Azure\CurrentVersion\AzureMonitorAgentExtension\47.4.1.0, name=AMAMultitenantServiceProcess, error=2, type=0
[2026-01-29 22:20:35.000]  [CheckIfMAServiceIsRunByExtension] ErrorCode:1205 INFO: Unable to read the m_registry for MA process. Assume it is not running.
[2026-01-29 22:20:35.000]  [AggregateHeartbeat] ErrorCode:0 INFO: Configured MA Service is not running on the node.
[2026-01-29 22:20:35.000]  [SetImdsEnvironmentVariable] ErrorCode:0 INFO: Querying IMDS information
[2026-01-29 22:20:35.000]  [SetImdsEnvironmentVariable] ErrorCode:-1 INFO: Preparing to call IMDS. Endpoint: http://169.254.169.254
[2026-01-29 22:20:35.000]  [WriteHeartbeatToFile] ErrorCode:0 INFO: Sending the heartbeat.
[2026-01-29 22:20:35.000]  [WriteHeartbeatToFile] ErrorCode:0 INFO: Done Sending the heartbeat.
[2026-01-29 22:20:35.000]  [QueryIMDSEndpoint] ErrorCode:0 INFO: Queried IMDS successfully.
[2026-01-29 22:20:35.000]  [GetValueFromJsonOrDefault] ErrorCode:0 INFO: Read Imds response field with Name:location Value: westus2
[2026-01-29 22:20:35.000]  [GetValueFromJsonOrDefault] ErrorCode:0 INFO: Read Imds response field with Name:name Value: amawin
[2026-01-29 22:20:35.000]  [GetValueFromJsonOrDefault] ErrorCode:0 INFO: Read Imds response field with Name:subscriptionId Value: 351651ce-5feb-4e59-975d-f1f344e2b717
[2026-01-29 22:20:35.000]  [GetValueFromJsonOrDefault] ErrorCode:0 INFO: Read Imds response field with Name:vmId Value: 22afd636-aec1-4782-9055-f85ea283dc20
[2026-01-29 22:20:35.000]  [GetValueFromJsonOrDefault] ErrorCode:0 INFO: Read Imds response field with Name:vmScaleSetName Value: 
[2026-01-29 22:20:35.000]  [GetValueFromJsonOrDefault] ErrorCode:0 INFO: Read Imds response field with Name:resourceGroupName Value: AMAWIN_GROUP
[2026-01-29 22:20:35.000]  [GetValueFromJsonOrDefault] ErrorCode:0 INFO: Read Imds response field with Name:osType Value: Windows
[2026-01-29 22:20:35.000]  [GetValueFromJsonOrDefault] ErrorCode:0 INFO: Read Imds response field with Name:resourceId Value: /subscriptions/351651ce-5feb-4e59-975d-f1f344e2b717/resourceGroups/AMAWIN_GROUP/providers/Microsoft.Compute/virtualMachines/amawin
[2026-01-29 22:20:35.000]  [GetValueFromJsonOrDefault] ErrorCode:0 INFO: Read Imds response field with Name:azEnvironment Value: AzurePublicCloud
[2026-01-29 22:20:35.000]  [SetImdsEnvironmentVariable] ErrorCode:0 INFO: Successfully set Environment variables from Imds
[2026-01-29 22:20:35.000]  [AggregateHeartbeat] ErrorCode:0 INFO: Completed heartbeat aggregation.
[2026-01-29 22:20:35.000]  [WriteStatusToFile] ErrorCode:0 INFO: Sending the status.
[2026-01-29 22:20:35.000]  [WriteStatusToFile] ErrorCode:0 INFO: Done Sending the status.
[2026-01-29 22:21:05.000]  [WriteHeartbeatToFile] ErrorCode:0 INFO: Sending the heartbeat.
[2026-01-29 22:21:05.000]  [WriteHeartbeatToFile] ErrorCode:0 INFO: Done Sending the heartbeat.
[2026-01-29 22:21:05.000]  [WriteStatusToFile] ErrorCode:0 INFO: Sending the status.
[2026-01-29 22:21:05.000]  [WriteStatusToFile] ErrorCode:0 INFO: Done Sending the status.
[2026-01-29 22:21:35.000]  [WriteHeartbeatToFile] ErrorCode:0 INFO: Sending the heartbeat.
[2026-01-29 22:21:35.000]  [FindProcessById] ErrorCode:0 INFO: Attempt to find the process MetricsExtension.Native.exe with ID: 5620.
[2026-01-29 22:21:35.000]  [WriteHeartbeatToFile] ErrorCode:0 INFO: Done Sending the heartbeat.
[2026-01-29 22:21:35.000]  [FindProcessById] ErrorCode:0 INFO: Running Process MetricsExtension.Native.exe found. ID: 5620.
[2026-01-29 22:21:35.000]  [StartMetricsExtension] ErrorCode:0 ERROR: Metrics extension is already running
[2026-01-29 22:21:35.000]  [WriteStatusToFile] ErrorCode:0 INFO: Sending the status.
[2026-01-29 22:21:35.000]  [WriteStatusToFile] ErrorCode:0 INFO: Done Sending the status.
[2026-01-29 22:22:05.000]  [WriteHeartbeatToFile] ErrorCode:0 INFO: Sending the heartbeat.
[2026-01-29 22:22:05.000]  [WriteHeartbeatToFile] ErrorCode:0 INFO: Done Sending the heartbeat.
[2026-01-29 22:22:05.000]  [WriteStatusToFile] ErrorCode:0 INFO: Sending the status.
[2026-01-29 22:22:05.000]  [WriteStatusToFile] ErrorCode:0 INFO: Done Sending the status.
[2026-01-29 22:22:35.000]  [WriteHeartbeatToFile] ErrorCode:0 INFO: Sending the heartbeat.
[2026-01-29 22:22:35.000]  [FindProcessById] ErrorCode:0 INFO: Attempt to find the process MetricsExtension.Native.exe with ID: 5620.
[2026-01-29 22:22:35.000]  [WriteHeartbeatToFile] ErrorCode:0 INFO: Done Sending the heartbeat.
[2026-01-29 22:22:35.000]  [FindProcessById] ErrorCode:0 INFO: Running Process MetricsExtension.Native.exe found. ID: 5620.
[2026-01-29 22:22:35.000]  [StartMetricsExtension] ErrorCode:0 ERROR: Metrics extension is already running
[2026-01-29 22:22:35.000]  [WriteStatusToFile] ErrorCode:0 INFO: Sending the status.
[2026-01-29 22:22:35.000]  [WriteStatusToFile] ErrorCode:0 INFO: Done Sending the status.
[2026-01-29 22:23:05.000]  [WriteHeartbeatToFile] ErrorCode:0 INFO: Sending the heartbeat.
[2026-01-29 22:23:05.000]  [WriteHeartbeatToFile] ErrorCode:0 INFO: Done Sending the heartbeat.
[2026-01-29 22:23:05.000]  [WriteStatusToFile] ErrorCode:0 INFO: Sending the status.
[2026-01-29 22:23:05.000]  [WriteStatusToFile] ErrorCode:0 INFO: Done Sending the status.
[2026-01-29 22:23:35.000]  [WriteHeartbeatToFile] ErrorCode:0 INFO: Sending the heartbeat.
[2026-01-29 22:23:35.000]  [FindProcessById] ErrorCode:0 INFO: Attempt to find the process MetricsExtension.Native.exe with ID: 5620.
[2026-01-29 22:23:35.000]  [WriteHeartbeatToFile] ErrorCode:0 INFO: Done Sending the heartbeat.
[2026-01-29 22:23:35.000]  [FindProcessById] ErrorCode:0 INFO: Running Process MetricsExtension.Native.exe found. ID: 5620.
[2026-01-29 22:23:35.000]  [StartMetricsExtension] ErrorCode:0 ERROR: Metrics extension is already running
[2026-01-29 22:23:35.000]  [WriteStatusToFile] ErrorCode:0 INFO: Sending the status.
[2026-01-29 22:23:35.000]  [WriteStatusToFile] ErrorCode:0 INFO: Done Sending the status.
[2026-01-29 22:24:05.000]  [WriteHeartbeatToFile] ErrorCode:0 INFO: Sending the heartbeat.
[2026-01-29 22:24:05.000]  [WriteHeartbeatToFile] ErrorCode:0 INFO: Done Sending the heartbeat.
[2026-01-29 22:24:05.000]  [WriteStatusToFile] ErrorCode:0 INFO: Sending the status.
[2026-01-29 22:24:05.000]  [WriteStatusToFile] ErrorCode:0 INFO: Done Sending the status.
[2026-01-29 22:24:35.000]  [FindProcessById] ErrorCode:0 INFO: Attempt to find the process MetricsExtension.Native.exe with ID: 5620.
[2026-01-29 22:24:35.000]  [FindProcessById] ErrorCode:0 INFO: Running Process MetricsExtension.Native.exe found. ID: 5620.
[2026-01-29 22:24:35.000]  [StartMetricsExtension] ErrorCode:0 ERROR: Metrics extension is already running
[2026-01-29 22:24:35.000]  [WriteHeartbeatToFile] ErrorCode:0 INFO: Sending the heartbeat.
[2026-01-29 22:24:35.000]  [WriteHeartbeatToFile] ErrorCode:0 INFO: Done Sending the heartbeat.
[2026-01-29 22:24:35.000]  [WriteStatusToFile] ErrorCode:0 INFO: Sending the status.
[2026-01-29 22:24:35.000]  [WriteStatusToFile] ErrorCode:0 INFO: Done Sending the status.
[2026-01-29 22:25:05.000]  [WriteHeartbeatToFile] ErrorCode:0 INFO: Sending the heartbeat.
[2026-01-29 22:25:05.000]  [WriteHeartbeatToFile] ErrorCode:0 INFO: Done Sending the heartbeat.
[2026-01-29 22:25:05.000]  [WriteStatusToFile] ErrorCode:0 INFO: Sending the status.
[2026-01-29 22:25:05.000]  [WriteStatusToFile] ErrorCode:0 INFO: Done Sending the status.
[2026-01-29 22:25:35.000]  [FindProcessById] ErrorCode:0 INFO: Attempt to find the process MetricsExtension.Native.exe with ID: 5620.
[2026-01-29 22:25:35.000]  [FindProcessById] ErrorCode:0 INFO: Running Process MetricsExtension.Native.exe found. ID: 5620.
[2026-01-29 22:25:35.000]  [StartMetricsExtension] ErrorCode:0 ERROR: Metrics extension is already running
[2026-01-29 22:25:35.000]  [AggregateHeartbeat] ErrorCode:0 INFO: Start heartbeat aggregation.
[2026-01-29 22:25:35.000]  [QueryRegValueDWORD] ErrorCode:0 INFO: Query Registry for Key:SOFTWARE\Microsoft\Windows Azure\CurrentVersion\AzureMonitorAgentExtension\47.4.1.0, Name:MaServiceProcess
[2026-01-29 22:25:35.000]  [QueryRegValueDWORD] ErrorCode:0 INFO: Query Registry for Key:SOFTWARE\Microsoft\Windows Azure\CurrentVersion\AzureMonitorAgentExtension\47.4.1.0, Name:MaServiceProcess, Value:1904
[2026-01-29 22:25:35.000]  [FindProcessById] ErrorCode:0 INFO: Attempt to find the process MonAgentLauncher.exe with ID: 1904.
[2026-01-29 22:25:35.000]  [FindProcessById] ErrorCode:0 INFO: Running Process MonAgentLauncher.exe found. ID: 1904.
[2026-01-29 22:25:35.000]  [CheckIfMAServiceIsRunByExtension] ErrorCode:0 INFO: The MA process is running based on the m_registry
[2026-01-29 22:25:35.000]  [QueryRegValueDWORD] ErrorCode:0 INFO: Query Registry for Key:SOFTWARE\Microsoft\Windows Azure\CurrentVersion\AzureMonitorAgentExtension\47.4.1.0, Name:AMAMultitenantServiceProcess
[2026-01-29 22:25:35.000]  [QueryRegValueDWORD] ErrorCode:0 ERROR: RegQueryValueExA: failed to query REG_DWORD value, Key:SOFTWARE\Microsoft\Windows Azure\CurrentVersion\AzureMonitorAgentExtension\47.4.1.0, name=AMAMultitenantServiceProcess, error=2, type=0
[2026-01-29 22:25:35.000]  [CheckIfMAServiceIsRunByExtension] ErrorCode:1205 INFO: Unable to read the m_registry for MA process. Assume it is not running.
[2026-01-29 22:25:35.000]  [AggregateHeartbeat] ErrorCode:0 INFO: Configured MA Service is not running on the node.
[2026-01-29 22:25:35.000]  [SetImdsEnvironmentVariable] ErrorCode:0 INFO: Querying IMDS information
[2026-01-29 22:25:35.000]  [SetImdsEnvironmentVariable] ErrorCode:-1 INFO: Preparing to call IMDS. Endpoint: http://169.254.169.254
[2026-01-29 22:25:35.000]  [WriteHeartbeatToFile] ErrorCode:0 INFO: Sending the heartbeat.
[2026-01-29 22:25:35.000]  [WriteHeartbeatToFile] ErrorCode:0 INFO: Done Sending the heartbeat.
[2026-01-29 22:25:35.000]  [QueryIMDSEndpoint] ErrorCode:0 INFO: Queried IMDS successfully.
[2026-01-29 22:25:35.000]  [GetValueFromJsonOrDefault] ErrorCode:0 INFO: Read Imds response field with Name:location Value: westus2
[2026-01-29 22:25:35.000]  [GetValueFromJsonOrDefault] ErrorCode:0 INFO: Read Imds response field with Name:name Value: amawin
[2026-01-29 22:25:35.000]  [GetValueFromJsonOrDefault] ErrorCode:0 INFO: Read Imds response field with Name:subscriptionId Value: 351651ce-5feb-4e59-975d-f1f344e2b717
[2026-01-29 22:25:35.000]  [GetValueFromJsonOrDefault] ErrorCode:0 INFO: Read Imds response field with Name:vmId Value: 22afd636-aec1-4782-9055-f85ea283dc20
[2026-01-29 22:25:35.000]  [GetValueFromJsonOrDefault] ErrorCode:0 INFO: Read Imds response field with Name:vmScaleSetName Value: 
[2026-01-29 22:25:35.000]  [GetValueFromJsonOrDefault] ErrorCode:0 INFO: Read Imds response field with Name:resourceGroupName Value: AMAWIN_GROUP
[2026-01-29 22:25:35.000]  [GetValueFromJsonOrDefault] ErrorCode:0 INFO: Read Imds response field with Name:osType Value: Windows
[2026-01-29 22:25:35.000]  [GetValueFromJsonOrDefault] ErrorCode:0 INFO: Read Imds response field with Name:resourceId Value: /subscriptions/351651ce-5feb-4e59-975d-f1f344e2b717/resourceGroups/AMAWIN_GROUP/providers/Microsoft.Compute/virtualMachines/amawin
[2026-01-29 22:25:35.000]  [GetValueFromJsonOrDefault] ErrorCode:0 INFO: Read Imds response field with Name:azEnvironment Value: AzurePublicCloud
[2026-01-29 22:25:35.000]  [SetImdsEnvironmentVariable] ErrorCode:0 INFO: Successfully set Environment variables from Imds
[2026-01-29 22:25:35.000]  [AggregateHeartbeat] ErrorCode:0 INFO: Completed heartbeat aggregation.
[2026-01-29 22:25:35.000]  [WriteStatusToFile] ErrorCode:0 INFO: Sending the status.
[2026-01-29 22:25:35.000]  [WriteStatusToFile] ErrorCode:0 INFO: Done Sending the status.
[2026-01-29 22:26:05.000]  [WriteHeartbeatToFile] ErrorCode:0 INFO: Sending the heartbeat.
[2026-01-29 22:26:05.000]  [WriteHeartbeatToFile] ErrorCode:0 INFO: Done Sending the heartbeat.
[2026-01-29 22:26:05.000]  [WriteStatusToFile] ErrorCode:0 INFO: Sending the status.
[2026-01-29 22:26:05.000]  [WriteStatusToFile] ErrorCode:0 INFO: Done Sending the status.
[2026-01-29 22:26:35.000]  [WriteHeartbeatToFile] ErrorCode:0 INFO: Sending the heartbeat.
[2026-01-29 22:26:35.000]  [WriteHeartbeatToFile] ErrorCode:0 INFO: Done Sending the heartbeat.
[2026-01-29 22:26:35.000]  [FindProcessById] ErrorCode:0 INFO: Attempt to find the process MetricsExtension.Native.exe with ID: 5620.
[2026-01-29 22:26:35.000]  [FindProcessById] ErrorCode:0 INFO: Running Process MetricsExtension.Native.exe found. ID: 5620.
[2026-01-29 22:26:35.000]  [StartMetricsExtension] ErrorCode:0 ERROR: Metrics extension is already running
[2026-01-29 22:26:35.000]  [WriteStatusToFile] ErrorCode:0 INFO: Sending the status.
[2026-01-29 22:26:35.000]  [WriteStatusToFile] ErrorCode:0 INFO: Done Sending the status.
[2026-01-29 22:27:05.000]  [WriteHeartbeatToFile] ErrorCode:0 INFO: Sending the heartbeat.
[2026-01-29 22:27:05.000]  [WriteHeartbeatToFile] ErrorCode:0 INFO: Done Sending the heartbeat.
[2026-01-29 22:27:05.000]  [WriteStatusToFile] ErrorCode:0 INFO: Sending the status.
[2026-01-29 22:27:05.000]  [WriteStatusToFile] ErrorCode:0 INFO: Done Sending the status.
[2026-01-29 22:27:35.000]  [WriteHeartbeatToFile] ErrorCode:0 INFO: Sending the heartbeat.
[2026-01-29 22:27:35.000]  [WriteHeartbeatToFile] ErrorCode:0 INFO: Done Sending the heartbeat.
[2026-01-29 22:27:35.000]  [FindProcessById] ErrorCode:0 INFO: Attempt to find the process MetricsExtension.Native.exe with ID: 5620.
[2026-01-29 22:27:35.000]  [FindProcessById] ErrorCode:0 INFO: Running Process MetricsExtension.Native.exe found. ID: 5620.
[2026-01-29 22:27:35.000]  [StartMetricsExtension] ErrorCode:0 ERROR: Metrics extension is already running
[2026-01-29 22:27:35.000]  [WriteStatusToFile] ErrorCode:0 INFO: Sending the status.
[2026-01-29 22:27:35.000]  [WriteStatusToFile] ErrorCode:0 INFO: Done Sending the status.
[2026-01-29 22:28:05.000]  [WriteHeartbeatToFile] ErrorCode:0 INFO: Sending the heartbeat.
[2026-01-29 22:28:05.000]  [WriteHeartbeatToFile] ErrorCode:0 INFO: Done Sending the heartbeat.
[2026-01-29 22:28:05.000]  [WriteStatusToFile] ErrorCode:0 INFO: Sending the status.
[2026-01-29 22:28:05.000]  [WriteStatusToFile] ErrorCode:0 INFO: Done Sending the status.
[2026-01-29 22:28:35.000]  [WriteHeartbeatToFile] ErrorCode:0 INFO: Sending the heartbeat.
[2026-01-29 22:28:35.000]  [WriteHeartbeatToFile] ErrorCode:0 INFO: Done Sending the heartbeat.
[2026-01-29 22:28:35.000]  [FindProcessById] ErrorCode:0 INFO: Attempt to find the process MetricsExtension.Native.exe with ID: 5620.
[2026-01-29 22:28:35.000]  [FindProcessById] ErrorCode:0 INFO: Running Process MetricsExtension.Native.exe found. ID: 5620.
[2026-01-29 22:28:35.000]  [StartMetricsExtension] ErrorCode:0 ERROR: Metrics extension is already running
[2026-01-29 22:28:35.000]  [WriteStatusToFile] ErrorCode:0 INFO: Sending the status.
[2026-01-29 22:28:35.000]  [WriteStatusToFile] ErrorCode:0 INFO: Done Sending the status.
[2026-01-29 22:29:05.000]  [WriteHeartbeatToFile] ErrorCode:0 INFO: Sending the heartbeat.
[2026-01-29 22:29:05.000]  [WriteHeartbeatToFile] ErrorCode:0 INFO: Done Sending the heartbeat.
[2026-01-29 22:29:05.000]  [WriteStatusToFile] ErrorCode:0 INFO: Sending the status.
[2026-01-29 22:29:05.000]  [WriteStatusToFile] ErrorCode:0 INFO: Done Sending the status.
[2026-01-29 22:29:35.000]  [WriteHeartbeatToFile] ErrorCode:0 INFO: Sending the heartbeat.
[2026-01-29 22:29:35.000]  [FindProcessById] ErrorCode:0 INFO: Attempt to find the process MetricsExtension.Native.exe with ID: 5620.
[2026-01-29 22:29:35.000]  [WriteHeartbeatToFile] ErrorCode:0 INFO: Done Sending the heartbeat.
[2026-01-29 22:29:35.000]  [FindProcessById] ErrorCode:0 INFO: Running Process MetricsExtension.Native.exe found. ID: 5620.
[2026-01-29 22:29:35.000]  [StartMetricsExtension] ErrorCode:0 ERROR: Metrics extension is already running
[2026-01-29 22:29:35.000]  [WriteStatusToFile] ErrorCode:0 INFO: Sending the status.
[2026-01-29 22:29:35.000]  [WriteStatusToFile] ErrorCode:0 INFO: Done Sending the status.
[2026-01-29 22:30:05.000]  [WriteHeartbeatToFile] ErrorCode:0 INFO: Sending the heartbeat.
[2026-01-29 22:30:05.000]  [WriteHeartbeatToFile] ErrorCode:0 INFO: Done Sending the heartbeat.
[2026-01-29 22:30:05.000]  [WriteStatusToFile] ErrorCode:0 INFO: Sending the status.
[2026-01-29 22:30:05.000]  [WriteStatusToFile] ErrorCode:0 INFO: Done Sending the status.
[2026-01-29 22:30:35.000]  [WriteHeartbeatToFile] ErrorCode:0 INFO: Sending the heartbeat.
[2026-01-29 22:30:35.000]  [FindProcessById] ErrorCode:0 INFO: Attempt to find the process MetricsExtension.Native.exe with ID: 5620.
[2026-01-29 22:30:35.000]  [WriteHeartbeatToFile] ErrorCode:0 INFO: Done Sending the heartbeat.
[2026-01-29 22:30:35.000]  [FindProcessById] ErrorCode:0 INFO: Running Process MetricsExtension.Native.exe found. ID: 5620.
[2026-01-29 22:30:35.000]  [StartMetricsExtension] ErrorCode:0 ERROR: Metrics extension is already running
[2026-01-29 22:30:35.000]  [AggregateHeartbeat] ErrorCode:0 INFO: Start heartbeat aggregation.
[2026-01-29 22:30:35.000]  [QueryRegValueDWORD] ErrorCode:0 INFO: Query Registry for Key:SOFTWARE\Microsoft\Windows Azure\CurrentVersion\AzureMonitorAgentExtension\47.4.1.0, Name:MaServiceProcess
[2026-01-29 22:30:35.000]  [QueryRegValueDWORD] ErrorCode:0 INFO: Query Registry for Key:SOFTWARE\Microsoft\Windows Azure\CurrentVersion\AzureMonitorAgentExtension\47.4.1.0, Name:MaServiceProcess, Value:1904
[2026-01-29 22:30:35.000]  [FindProcessById] ErrorCode:0 INFO: Attempt to find the process MonAgentLauncher.exe with ID: 1904.
[2026-01-29 22:30:35.000]  [FindProcessById] ErrorCode:0 INFO: Running Process MonAgentLauncher.exe found. ID: 1904.
[2026-01-29 22:30:35.000]  [CheckIfMAServiceIsRunByExtension] ErrorCode:0 INFO: The MA process is running based on the m_registry
[2026-01-29 22:30:35.000]  [QueryRegValueDWORD] ErrorCode:0 INFO: Query Registry for Key:SOFTWARE\Microsoft\Windows Azure\CurrentVersion\AzureMonitorAgentExtension\47.4.1.0, Name:AMAMultitenantServiceProcess
[2026-01-29 22:30:35.000]  [QueryRegValueDWORD] ErrorCode:0 ERROR: RegQueryValueExA: failed to query REG_DWORD value, Key:SOFTWARE\Microsoft\Windows Azure\CurrentVersion\AzureMonitorAgentExtension\47.4.1.0, name=AMAMultitenantServiceProcess, error=2, type=0
[2026-01-29 22:30:35.000]  [CheckIfMAServiceIsRunByExtension] ErrorCode:1205 INFO: Unable to read the m_registry for MA process. Assume it is not running.
[2026-01-29 22:30:35.000]  [AggregateHeartbeat] ErrorCode:0 INFO: Configured MA Service is not running on the node.
[2026-01-29 22:30:35.000]  [SetImdsEnvironmentVariable] ErrorCode:0 INFO: Querying IMDS information
[2026-01-29 22:30:35.000]  [SetImdsEnvironmentVariable] ErrorCode:-1 INFO: Preparing to call IMDS. Endpoint: http://169.254.169.254
[2026-01-29 22:30:35.000]  [QueryIMDSEndpoint] ErrorCode:0 INFO: Queried IMDS successfully.
[2026-01-29 22:30:35.000]  [GetValueFromJsonOrDefault] ErrorCode:0 INFO: Read Imds response field with Name:location Value: westus2
[2026-01-29 22:30:35.000]  [GetValueFromJsonOrDefault] ErrorCode:0 INFO: Read Imds response field with Name:name Value: amawin
[2026-01-29 22:30:35.000]  [GetValueFromJsonOrDefault] ErrorCode:0 INFO: Read Imds response field with Name:subscriptionId Value: 351651ce-5feb-4e59-975d-f1f344e2b717
[2026-01-29 22:30:35.000]  [GetValueFromJsonOrDefault] ErrorCode:0 INFO: Read Imds response field with Name:vmId Value: 22afd636-aec1-4782-9055-f85ea283dc20
[2026-01-29 22:30:35.000]  [GetValueFromJsonOrDefault] ErrorCode:0 INFO: Read Imds response field with Name:vmScaleSetName Value: 
[2026-01-29 22:30:35.000]  [GetValueFromJsonOrDefault] ErrorCode:0 INFO: Read Imds response field with Name:resourceGroupName Value: AMAWIN_GROUP
[2026-01-29 22:30:35.000]  [GetValueFromJsonOrDefault] ErrorCode:0 INFO: Read Imds response field with Name:osType Value: Windows
[2026-01-29 22:30:35.000]  [GetValueFromJsonOrDefault] ErrorCode:0 INFO: Read Imds response field with Name:resourceId Value: /subscriptions/351651ce-5feb-4e59-975d-f1f344e2b717/resourceGroups/AMAWIN_GROUP/providers/Microsoft.Compute/virtualMachines/amawin
[2026-01-29 22:30:35.000]  [GetValueFromJsonOrDefault] ErrorCode:0 INFO: Read Imds response field with Name:azEnvironment Value: AzurePublicCloud
[2026-01-29 22:30:35.000]  [SetImdsEnvironmentVariable] ErrorCode:0 INFO: Successfully set Environment variables from Imds
[2026-01-29 22:30:35.000]  [AggregateHeartbeat] ErrorCode:0 INFO: Completed heartbeat aggregation.
[2026-01-29 22:30:35.000]  [WriteStatusToFile] ErrorCode:0 INFO: Sending the status.
[2026-01-29 22:30:35.000]  [WriteStatusToFile] ErrorCode:0 INFO: Done Sending the status.
[2026-01-29 22:31:05.000]  [WriteHeartbeatToFile] ErrorCode:0 INFO: Sending the heartbeat.
[2026-01-29 22:31:05.000]  [WriteHeartbeatToFile] ErrorCode:0 INFO: Done Sending the heartbeat.
[2026-01-29 22:31:05.000]  [WriteStatusToFile] ErrorCode:0 INFO: Sending the status.
[2026-01-29 22:31:05.000]  [WriteStatusToFile] ErrorCode:0 INFO: Done Sending the status.
[2026-01-29 22:31:35.000]  [WriteHeartbeatToFile] ErrorCode:0 INFO: Sending the heartbeat.
[2026-01-29 22:31:35.000]  [WriteHeartbeatToFile] ErrorCode:0 INFO: Done Sending the heartbeat.
[2026-01-29 22:31:35.000]  [FindProcessById] ErrorCode:0 INFO: Attempt to find the process MetricsExtension.Native.exe with ID: 5620.
[2026-01-29 22:31:35.000]  [FindProcessById] ErrorCode:0 INFO: Running Process MetricsExtension.Native.exe found. ID: 5620.
[2026-01-29 22:31:35.000]  [StartMetricsExtension] ErrorCode:0 ERROR: Metrics extension is already running
[2026-01-29 22:31:35.000]  [WriteStatusToFile] ErrorCode:0 INFO: Sending the status.
[2026-01-29 22:31:35.000]  [WriteStatusToFile] ErrorCode:0 INFO: Done Sending the status.
[2026-01-29 22:32:05.000]  [WriteHeartbeatToFile] ErrorCode:0 INFO: Sending the heartbeat.
[2026-01-29 22:32:05.000]  [WriteHeartbeatToFile] ErrorCode:0 INFO: Done Sending the heartbeat.
[2026-01-29 22:32:05.000]  [WriteStatusToFile] ErrorCode:0 INFO: Sending the status.
[2026-01-29 22:32:05.000]  [WriteStatusToFile] ErrorCode:0 INFO: Done Sending the status.
[2026-01-29 22:32:35.000]  [WriteHeartbeatToFile] ErrorCode:0 INFO: Sending the heartbeat.
[2026-01-29 22:32:35.000]  [WriteHeartbeatToFile] ErrorCode:0 INFO: Done Sending the heartbeat.
[2026-01-29 22:32:35.000]  [FindProcessById] ErrorCode:0 INFO: Attempt to find the process MetricsExtension.Native.exe with ID: 5620.
[2026-01-29 22:32:35.000]  [FindProcessById] ErrorCode:0 INFO: Running Process MetricsExtension.Native.exe found. ID: 5620.
[2026-01-29 22:32:35.000]  [StartMetricsExtension] ErrorCode:0 ERROR: Metrics extension is already running
[2026-01-29 22:32:35.000]  [WriteStatusToFile] ErrorCode:0 INFO: Sending the status.
[2026-01-29 22:32:35.000]  [WriteStatusToFile] ErrorCode:0 INFO: Done Sending the status.
[2026-01-29 22:33:05.000]  [WriteHeartbeatToFile] ErrorCode:0 INFO: Sending the heartbeat.
[2026-01-29 22:33:05.000]  [WriteHeartbeatToFile] ErrorCode:0 INFO: Done Sending the heartbeat.
[2026-01-29 22:33:05.000]  [WriteStatusToFile] ErrorCode:0 INFO: Sending the status.
[2026-01-29 22:33:05.000]  [WriteStatusToFile] ErrorCode:0 INFO: Done Sending the status.
[2026-01-29 22:33:35.000]  [WriteHeartbeatToFile] ErrorCode:0 INFO: Sending the heartbeat.
[2026-01-29 22:33:35.000]  [WriteHeartbeatToFile] ErrorCode:0 INFO: Done Sending the heartbeat.
[2026-01-29 22:33:35.000]  [FindProcessById] ErrorCode:0 INFO: Attempt to find the process MetricsExtension.Native.exe with ID: 5620.
[2026-01-29 22:33:35.000]  [FindProcessById] ErrorCode:0 INFO: Running Process MetricsExtension.Native.exe found. ID: 5620.
[2026-01-29 22:33:35.000]  [StartMetricsExtension] ErrorCode:0 ERROR: Metrics extension is already running
[2026-01-29 22:33:35.000]  [WriteStatusToFile] ErrorCode:0 INFO: Sending the status.
[2026-01-29 22:33:35.000]  [WriteStatusToFile] ErrorCode:0 INFO: Done Sending the status.
[2026-01-29 22:34:05.000]  [WriteHeartbeatToFile] ErrorCode:0 INFO: Sending the heartbeat.
[2026-01-29 22:34:05.000]  [WriteHeartbeatToFile] ErrorCode:0 INFO: Done Sending the heartbeat.
[2026-01-29 22:34:05.000]  [WriteStatusToFile] ErrorCode:0 INFO: Sending the status.
[2026-01-29 22:34:05.000]  [WriteStatusToFile] ErrorCode:0 INFO: Done Sending the status.
[2026-01-29 22:34:35.000]  [WriteHeartbeatToFile] ErrorCode:0 INFO: Sending the heartbeat.
[2026-01-29 22:34:35.000]  [WriteHeartbeatToFile] ErrorCode:0 INFO: Done Sending the heartbeat.
[2026-01-29 22:34:35.000]  [FindProcessById] ErrorCode:0 INFO: Attempt to find the process MetricsExtension.Native.exe with ID: 5620.
[2026-01-29 22:34:35.000]  [FindProcessById] ErrorCode:0 INFO: Running Process MetricsExtension.Native.exe found. ID: 5620.
[2026-01-29 22:34:35.000]  [StartMetricsExtension] ErrorCode:0 ERROR: Metrics extension is already running
[2026-01-29 22:34:35.000]  [WriteStatusToFile] ErrorCode:0 INFO: Sending the status.
[2026-01-29 22:34:35.000]  [WriteStatusToFile] ErrorCode:0 INFO: Done Sending the status.
[2026-01-29 22:35:05.000]  [WriteHeartbeatToFile] ErrorCode:0 INFO: Sending the heartbeat.
[2026-01-29 22:35:05.000]  [WriteHeartbeatToFile] ErrorCode:0 INFO: Done Sending the heartbeat.
[2026-01-29 22:35:05.000]  [WriteStatusToFile] ErrorCode:0 INFO: Sending the status.
[2026-01-29 22:35:05.000]  [WriteStatusToFile] ErrorCode:0 INFO: Done Sending the status.
[2026-01-29 22:35:35.000]  [WriteHeartbeatToFile] ErrorCode:0 INFO: Sending the heartbeat.
[2026-01-29 22:35:35.000]  [WriteHeartbeatToFile] ErrorCode:0 INFO: Done Sending the heartbeat.
[2026-01-29 22:35:35.000]  [FindProcessById] ErrorCode:0 INFO: Attempt to find the process MetricsExtension.Native.exe with ID: 5620.
[2026-01-29 22:35:35.000]  [FindProcessById] ErrorCode:0 INFO: Running Process MetricsExtension.Native.exe found. ID: 5620.
[2026-01-29 22:35:35.000]  [StartMetricsExtension] ErrorCode:0 ERROR: Metrics extension is already running
[2026-01-29 22:35:35.000]  [AggregateHeartbeat] ErrorCode:0 INFO: Start heartbeat aggregation.
[2026-01-29 22:35:35.000]  [QueryRegValueDWORD] ErrorCode:0 INFO: Query Registry for Key:SOFTWARE\Microsoft\Windows Azure\CurrentVersion\AzureMonitorAgentExtension\47.4.1.0, Name:MaServiceProcess
[2026-01-29 22:35:35.000]  [QueryRegValueDWORD] ErrorCode:0 INFO: Query Registry for Key:SOFTWARE\Microsoft\Windows Azure\CurrentVersion\AzureMonitorAgentExtension\47.4.1.0, Name:MaServiceProcess, Value:1904
[2026-01-29 22:35:35.000]  [FindProcessById] ErrorCode:0 INFO: Attempt to find the process MonAgentLauncher.exe with ID: 1904.
[2026-01-29 22:35:35.000]  [FindProcessById] ErrorCode:0 INFO: Running Process MonAgentLauncher.exe found. ID: 1904.
[2026-01-29 22:35:35.000]  [CheckIfMAServiceIsRunByExtension] ErrorCode:0 INFO: The MA process is running based on the m_registry
[2026-01-29 22:35:35.000]  [QueryRegValueDWORD] ErrorCode:0 INFO: Query Registry for Key:SOFTWARE\Microsoft\Windows Azure\CurrentVersion\AzureMonitorAgentExtension\47.4.1.0, Name:AMAMultitenantServiceProcess
[2026-01-29 22:35:35.000]  [QueryRegValueDWORD] ErrorCode:0 ERROR: RegQueryValueExA: failed to query REG_DWORD value, Key:SOFTWARE\Microsoft\Windows Azure\CurrentVersion\AzureMonitorAgentExtension\47.4.1.0, name=AMAMultitenantServiceProcess, error=2, type=0
[2026-01-29 22:35:35.000]  [CheckIfMAServiceIsRunByExtension] ErrorCode:1205 INFO: Unable to read the m_registry for MA process. Assume it is not running.
[2026-01-29 22:35:35.000]  [AggregateHeartbeat] ErrorCode:0 INFO: Configured MA Service is not running on the node.
[2026-01-29 22:35:35.000]  [SetImdsEnvironmentVariable] ErrorCode:0 INFO: Querying IMDS information
[2026-01-29 22:35:35.000]  [SetImdsEnvironmentVariable] ErrorCode:-1 INFO: Preparing to call IMDS. Endpoint: http://169.254.169.254
[2026-01-29 22:35:35.000]  [QueryIMDSEndpoint] ErrorCode:0 INFO: Queried IMDS successfully.
[2026-01-29 22:35:35.000]  [GetValueFromJsonOrDefault] ErrorCode:0 INFO: Read Imds response field with Name:location Value: westus2
[2026-01-29 22:35:35.000]  [GetValueFromJsonOrDefault] ErrorCode:0 INFO: Read Imds response field with Name:name Value: amawin
[2026-01-29 22:35:35.000]  [GetValueFromJsonOrDefault] ErrorCode:0 INFO: Read Imds response field with Name:subscriptionId Value: 351651ce-5feb-4e59-975d-f1f344e2b717
[2026-01-29 22:35:35.000]  [GetValueFromJsonOrDefault] ErrorCode:0 INFO: Read Imds response field with Name:vmId Value: 22afd636-aec1-4782-9055-f85ea283dc20
[2026-01-29 22:35:35.000]  [GetValueFromJsonOrDefault] ErrorCode:0 INFO: Read Imds response field with Name:vmScaleSetName Value: 
[2026-01-29 22:35:35.000]  [GetValueFromJsonOrDefault] ErrorCode:0 INFO: Read Imds response field with Name:resourceGroupName Value: AMAWIN_GROUP
[2026-01-29 22:35:35.000]  [GetValueFromJsonOrDefault] ErrorCode:0 INFO: Read Imds response field with Name:osType Value: Windows
[2026-01-29 22:35:35.000]  [GetValueFromJsonOrDefault] ErrorCode:0 INFO: Read Imds response field with Name:resourceId Value: /subscriptions/351651ce-5feb-4e59-975d-f1f344e2b717/resourceGroups/AMAWIN_GROUP/providers/Microsoft.Compute/virtualMachines/amawin
[2026-01-29 22:35:35.000]  [GetValueFromJsonOrDefault] ErrorCode:0 INFO: Read Imds response field with Name:azEnvironment Value: AzurePublicCloud
[2026-01-29 22:35:35.000]  [SetImdsEnvironmentVariable] ErrorCode:0 INFO: Successfully set Environment variables from Imds
[2026-01-29 22:35:35.000]  [AggregateHeartbeat] ErrorCode:0 INFO: Completed heartbeat aggregation.
[2026-01-29 22:35:36.000]  [WriteStatusToFile] ErrorCode:0 INFO: Sending the status.
[2026-01-29 22:35:36.000]  [WriteStatusToFile] ErrorCode:0 INFO: Done Sending the status.
[2026-01-29 22:36:05.000]  [WriteHeartbeatToFile] ErrorCode:0 INFO: Sending the heartbeat.
[2026-01-29 22:36:05.000]  [WriteHeartbeatToFile] ErrorCode:0 INFO: Done Sending the heartbeat.
[2026-01-29 22:36:06.000]  [WriteStatusToFile] ErrorCode:0 INFO: Sending the status.
[2026-01-29 22:36:06.000]  [WriteStatusToFile] ErrorCode:0 INFO: Done Sending the status.
[2026-01-29 22:36:35.000]  [WriteHeartbeatToFile] ErrorCode:0 INFO: Sending the heartbeat.
[2026-01-29 22:36:35.000]  [WriteHeartbeatToFile] ErrorCode:0 INFO: Done Sending the heartbeat.
[2026-01-29 22:36:35.000]  [FindProcessById] ErrorCode:0 INFO: Attempt to find the process MetricsExtension.Native.exe with ID: 5620.
[2026-01-29 22:36:35.000]  [FindProcessById] ErrorCode:0 INFO: Running Process MetricsExtension.Native.exe found. ID: 5620.
[2026-01-29 22:36:35.000]  [StartMetricsExtension] ErrorCode:0 ERROR: Metrics extension is already running
[2026-01-29 22:36:36.000]  [WriteStatusToFile] ErrorCode:0 INFO: Sending the status.
[2026-01-29 22:36:36.000]  [WriteStatusToFile] ErrorCode:0 INFO: Done Sending the status.
[2026-01-29 22:37:05.000]  [WriteHeartbeatToFile] ErrorCode:0 INFO: Sending the heartbeat.
[2026-01-29 22:37:05.000]  [WriteHeartbeatToFile] ErrorCode:0 INFO: Done Sending the heartbeat.
[2026-01-29 22:37:06.000]  [WriteStatusToFile] ErrorCode:0 INFO: Sending the status.
[2026-01-29 22:37:06.000]  [WriteStatusToFile] ErrorCode:0 INFO: Done Sending the status.
[2026-01-29 22:37:35.000]  [WriteHeartbeatToFile] ErrorCode:0 INFO: Sending the heartbeat.
[2026-01-29 22:37:35.000]  [WriteHeartbeatToFile] ErrorCode:0 INFO: Done Sending the heartbeat.
[2026-01-29 22:37:35.000]  [FindProcessById] ErrorCode:0 INFO: Attempt to find the process MetricsExtension.Native.exe with ID: 5620.
[2026-01-29 22:37:35.000]  [FindProcessById] ErrorCode:0 INFO: Running Process MetricsExtension.Native.exe found. ID: 5620.
[2026-01-29 22:37:35.000]  [StartMetricsExtension] ErrorCode:0 ERROR: Metrics extension is already running
[2026-01-29 22:37:36.000]  [WriteStatusToFile] ErrorCode:0 INFO: Sending the status.
[2026-01-29 22:37:36.000]  [WriteStatusToFile] ErrorCode:0 INFO: Done Sending the status.
[2026-01-29 22:38:05.000]  [WriteHeartbeatToFile] ErrorCode:0 INFO: Sending the heartbeat.
[2026-01-29 22:38:05.000]  [WriteHeartbeatToFile] ErrorCode:0 INFO: Done Sending the heartbeat.
[2026-01-29 22:38:06.000]  [WriteStatusToFile] ErrorCode:0 INFO: Sending the status.
[2026-01-29 22:38:06.000]  [WriteStatusToFile] ErrorCode:0 INFO: Done Sending the status.
[2026-01-29 22:38:35.000]  [WriteHeartbeatToFile] ErrorCode:0 INFO: Sending the heartbeat.
[2026-01-29 22:38:35.000]  [WriteHeartbeatToFile] ErrorCode:0 INFO: Done Sending the heartbeat.
[2026-01-29 22:38:36.000]  [FindProcessById] ErrorCode:0 INFO: Attempt to find the process MetricsExtension.Native.exe with ID: 5620.
[2026-01-29 22:38:36.000]  [FindProcessById] ErrorCode:0 INFO: Running Process MetricsExtension.Native.exe found. ID: 5620.
[2026-01-29 22:38:36.000]  [StartMetricsExtension] ErrorCode:0 ERROR: Metrics extension is already running
[2026-01-29 22:38:36.000]  [WriteStatusToFile] ErrorCode:0 INFO: Sending the status.
[2026-01-29 22:38:36.000]  [WriteStatusToFile] ErrorCode:0 INFO: Done Sending the status.
[2026-01-29 22:39:05.000]  [WriteHeartbeatToFile] ErrorCode:0 INFO: Sending the heartbeat.
[2026-01-29 22:39:05.000]  [WriteHeartbeatToFile] ErrorCode:0 INFO: Done Sending the heartbeat.
[2026-01-29 22:39:06.000]  [WriteStatusToFile] ErrorCode:0 INFO: Sending the status.
[2026-01-29 22:39:06.000]  [WriteStatusToFile] ErrorCode:0 INFO: Done Sending the status.
[2026-01-29 22:39:35.000]  [WriteHeartbeatToFile] ErrorCode:0 INFO: Sending the heartbeat.
[2026-01-29 22:39:35.000]  [WriteHeartbeatToFile] ErrorCode:0 INFO: Done Sending the heartbeat.
[2026-01-29 22:39:36.000]  [FindProcessById] ErrorCode:0 INFO: Attempt to find the process MetricsExtension.Native.exe with ID: 5620.
[2026-01-29 22:39:36.000]  [FindProcessById] ErrorCode:0 INFO: Running Process MetricsExtension.Native.exe found. ID: 5620.
[2026-01-29 22:39:36.000]  [StartMetricsExtension] ErrorCode:0 ERROR: Metrics extension is already running
[2026-01-29 22:39:36.000]  [WriteStatusToFile] ErrorCode:0 INFO: Sending the status.
[2026-01-29 22:39:36.000]  [WriteStatusToFile] ErrorCode:0 INFO: Done Sending the status.
[2026-01-29 22:40:05.000]  [WriteHeartbeatToFile] ErrorCode:0 INFO: Sending the heartbeat.
[2026-01-29 22:40:05.000]  [WriteHeartbeatToFile] ErrorCode:0 INFO: Done Sending the heartbeat.
[2026-01-29 22:40:06.000]  [WriteStatusToFile] ErrorCode:0 INFO: Sending the status.
[2026-01-29 22:40:06.000]  [WriteStatusToFile] ErrorCode:0 INFO: Done Sending the status.
[2026-01-29 22:40:36.000]  [WriteHeartbeatToFile] ErrorCode:0 INFO: Sending the heartbeat.
[2026-01-29 22:40:36.000]  [WriteHeartbeatToFile] ErrorCode:0 INFO: Done Sending the heartbeat.
[2026-01-29 22:40:36.000]  [FindProcessById] ErrorCode:0 INFO: Attempt to find the process MetricsExtension.Native.exe with ID: 5620.
[2026-01-29 22:40:36.000]  [FindProcessById] ErrorCode:0 INFO: Running Process MetricsExtension.Native.exe found. ID: 5620.
[2026-01-29 22:40:36.000]  [StartMetricsExtension] ErrorCode:0 ERROR: Metrics extension is already running
[2026-01-29 22:40:36.000]  [AggregateHeartbeat] ErrorCode:0 INFO: Start heartbeat aggregation.
[2026-01-29 22:40:36.000]  [QueryRegValueDWORD] ErrorCode:0 INFO: Query Registry for Key:SOFTWARE\Microsoft\Windows Azure\CurrentVersion\AzureMonitorAgentExtension\47.4.1.0, Name:MaServiceProcess
[2026-01-29 22:40:36.000]  [QueryRegValueDWORD] ErrorCode:0 INFO: Query Registry for Key:SOFTWARE\Microsoft\Windows Azure\CurrentVersion\AzureMonitorAgentExtension\47.4.1.0, Name:MaServiceProcess, Value:1904
[2026-01-29 22:40:36.000]  [FindProcessById] ErrorCode:0 INFO: Attempt to find the process MonAgentLauncher.exe with ID: 1904.
[2026-01-29 22:40:36.000]  [FindProcessById] ErrorCode:0 INFO: Running Process MonAgentLauncher.exe found. ID: 1904.
[2026-01-29 22:40:36.000]  [CheckIfMAServiceIsRunByExtension] ErrorCode:0 INFO: The MA process is running based on the m_registry
[2026-01-29 22:40:36.000]  [QueryRegValueDWORD] ErrorCode:0 INFO: Query Registry for Key:SOFTWARE\Microsoft\Windows Azure\CurrentVersion\AzureMonitorAgentExtension\47.4.1.0, Name:AMAMultitenantServiceProcess
[2026-01-29 22:40:36.000]  [QueryRegValueDWORD] ErrorCode:0 ERROR: RegQueryValueExA: failed to query REG_DWORD value, Key:SOFTWARE\Microsoft\Windows Azure\CurrentVersion\AzureMonitorAgentExtension\47.4.1.0, name=AMAMultitenantServiceProcess, error=2, type=0
[2026-01-29 22:40:36.000]  [CheckIfMAServiceIsRunByExtension] ErrorCode:1205 INFO: Unable to read the m_registry for MA process. Assume it is not running.
[2026-01-29 22:40:36.000]  [AggregateHeartbeat] ErrorCode:0 INFO: Configured MA Service is not running on the node.
[2026-01-29 22:40:36.000]  [SetImdsEnvironmentVariable] ErrorCode:0 INFO: Querying IMDS information
[2026-01-29 22:40:36.000]  [SetImdsEnvironmentVariable] ErrorCode:-1 INFO: Preparing to call IMDS. Endpoint: http://169.254.169.254
[2026-01-29 22:40:36.000]  [QueryIMDSEndpoint] ErrorCode:0 INFO: Queried IMDS successfully.
[2026-01-29 22:40:36.000]  [GetValueFromJsonOrDefault] ErrorCode:0 INFO: Read Imds response field with Name:location Value: westus2
[2026-01-29 22:40:36.000]  [GetValueFromJsonOrDefault] ErrorCode:0 INFO: Read Imds response field with Name:name Value: amawin
[2026-01-29 22:40:36.000]  [GetValueFromJsonOrDefault] ErrorCode:0 INFO: Read Imds response field with Name:subscriptionId Value: 351651ce-5feb-4e59-975d-f1f344e2b717
[2026-01-29 22:40:36.000]  [GetValueFromJsonOrDefault] ErrorCode:0 INFO: Read Imds response field with Name:vmId Value: 22afd636-aec1-4782-9055-f85ea283dc20
[2026-01-29 22:40:36.000]  [GetValueFromJsonOrDefault] ErrorCode:0 INFO: Read Imds response field with Name:vmScaleSetName Value: 
[2026-01-29 22:40:36.000]  [GetValueFromJsonOrDefault] ErrorCode:0 INFO: Read Imds response field with Name:resourceGroupName Value: AMAWIN_GROUP
[2026-01-29 22:40:36.000]  [GetValueFromJsonOrDefault] ErrorCode:0 INFO: Read Imds response field with Name:osType Value: Windows
[2026-01-29 22:40:36.000]  [GetValueFromJsonOrDefault] ErrorCode:0 INFO: Read Imds response field with Name:resourceId Value: /subscriptions/351651ce-5feb-4e59-975d-f1f344e2b717/resourceGroups/AMAWIN_GROUP/providers/Microsoft.Compute/virtualMachines/amawin
[2026-01-29 22:40:36.000]  [GetValueFromJsonOrDefault] ErrorCode:0 INFO: Read Imds response field with Name:azEnvironment Value: AzurePublicCloud
[2026-01-29 22:40:36.000]  [SetImdsEnvironmentVariable] ErrorCode:0 INFO: Successfully set Environment variables from Imds
[2026-01-29 22:40:36.000]  [AggregateHeartbeat] ErrorCode:0 INFO: Completed heartbeat aggregation.
[2026-01-29 22:40:36.000]  [WriteStatusToFile] ErrorCode:0 INFO: Sending the status.
[2026-01-29 22:40:36.000]  [WriteStatusToFile] ErrorCode:0 INFO: Done Sending the status.
[2026-01-29 22:41:06.000]  [WriteHeartbeatToFile] ErrorCode:0 INFO: Sending the heartbeat.
[2026-01-29 22:41:06.000]  [WriteHeartbeatToFile] ErrorCode:0 INFO: Done Sending the heartbeat.
[2026-01-29 22:41:06.000]  [WriteStatusToFile] ErrorCode:0 INFO: Sending the status.
[2026-01-29 22:41:06.000]  [WriteStatusToFile] ErrorCode:0 INFO: Done Sending the status.
[2026-01-29 22:41:36.000]  [WriteHeartbeatToFile] ErrorCode:0 INFO: Sending the heartbeat.
[2026-01-29 22:41:36.000]  [WriteHeartbeatToFile] ErrorCode:0 INFO: Done Sending the heartbeat.
[2026-01-29 22:41:36.000]  [FindProcessById] ErrorCode:0 INFO: Attempt to find the process MetricsExtension.Native.exe with ID: 5620.
[2026-01-29 22:41:36.000]  [FindProcessById] ErrorCode:0 INFO: Running Process MetricsExtension.Native.exe found. ID: 5620.
[2026-01-29 22:41:36.000]  [StartMetricsExtension] ErrorCode:0 ERROR: Metrics extension is already running
[2026-01-29 22:41:36.000]  [WriteStatusToFile] ErrorCode:0 INFO: Sending the status.
[2026-01-29 22:41:36.000]  [WriteStatusToFile] ErrorCode:0 INFO: Done Sending the status.
[2026-01-29 22:42:06.000]  [WriteHeartbeatToFile] ErrorCode:0 INFO: Sending the heartbeat.
[2026-01-29 22:42:06.000]  [WriteHeartbeatToFile] ErrorCode:0 INFO: Done Sending the heartbeat.
[2026-01-29 22:42:06.000]  [WriteStatusToFile] ErrorCode:0 INFO: Sending the status.
[2026-01-29 22:42:06.000]  [WriteStatusToFile] ErrorCode:0 INFO: Done Sending the status.
[2026-01-29 22:42:36.000]  [WriteHeartbeatToFile] ErrorCode:0 INFO: Sending the heartbeat.
[2026-01-29 22:42:36.000]  [WriteHeartbeatToFile] ErrorCode:0 INFO: Done Sending the heartbeat.
[2026-01-29 22:42:36.000]  [FindProcessById] ErrorCode:0 INFO: Attempt to find the process MetricsExtension.Native.exe with ID: 5620.
[2026-01-29 22:42:36.000]  [FindProcessById] ErrorCode:0 INFO: Running Process MetricsExtension.Native.exe found. ID: 5620.
[2026-01-29 22:42:36.000]  [StartMetricsExtension] ErrorCode:0 ERROR: Metrics extension is already running
[2026-01-29 22:42:36.000]  [WriteStatusToFile] ErrorCode:0 INFO: Sending the status.
[2026-01-29 22:42:36.000]  [WriteStatusToFile] ErrorCode:0 INFO: Done Sending the status.
[2026-01-29 22:43:06.000]  [WriteHeartbeatToFile] ErrorCode:0 INFO: Sending the heartbeat.
[2026-01-29 22:43:06.000]  [WriteHeartbeatToFile] ErrorCode:0 INFO: Done Sending the heartbeat.
[2026-01-29 22:43:06.000]  [WriteStatusToFile] ErrorCode:0 INFO: Sending the status.
[2026-01-29 22:43:06.000]  [WriteStatusToFile] ErrorCode:0 INFO: Done Sending the status.
[2026-01-29 22:43:36.000]  [WriteHeartbeatToFile] ErrorCode:0 INFO: Sending the heartbeat.
[2026-01-29 22:43:36.000]  [WriteHeartbeatToFile] ErrorCode:0 INFO: Done Sending the heartbeat.
[2026-01-29 22:43:36.000]  [FindProcessById] ErrorCode:0 INFO: Attempt to find the process MetricsExtension.Native.exe with ID: 5620.
[2026-01-29 22:43:36.000]  [FindProcessById] ErrorCode:0 INFO: Running Process MetricsExtension.Native.exe found. ID: 5620.
[2026-01-29 22:43:36.000]  [StartMetricsExtension] ErrorCode:0 ERROR: Metrics extension is already running
[2026-01-29 22:43:36.000]  [WriteStatusToFile] ErrorCode:0 INFO: Sending the status.
[2026-01-29 22:43:36.000]  [WriteStatusToFile] ErrorCode:0 INFO: Done Sending the status.
[2026-01-29 22:44:06.000]  [WriteHeartbeatToFile] ErrorCode:0 INFO: Sending the heartbeat.
[2026-01-29 22:44:06.000]  [WriteHeartbeatToFile] ErrorCode:0 INFO: Done Sending the heartbeat.
[2026-01-29 22:44:06.000]  [WriteStatusToFile] ErrorCode:0 INFO: Sending the status.
[2026-01-29 22:44:06.000]  [WriteStatusToFile] ErrorCode:0 INFO: Done Sending the status.
[2026-01-29 22:44:36.000]  [WriteHeartbeatToFile] ErrorCode:0 INFO: Sending the heartbeat.
[2026-01-29 22:44:36.000]  [FindProcessById] ErrorCode:0 INFO: Attempt to find the process MetricsExtension.Native.exe with ID: 5620.
[2026-01-29 22:44:36.000]  [WriteHeartbeatToFile] ErrorCode:0 INFO: Done Sending the heartbeat.
[2026-01-29 22:44:36.000]  [FindProcessById] ErrorCode:0 INFO: Running Process MetricsExtension.Native.exe found. ID: 5620.
[2026-01-29 22:44:36.000]  [StartMetricsExtension] ErrorCode:0 ERROR: Metrics extension is already running
[2026-01-29 22:44:36.000]  [WriteStatusToFile] ErrorCode:0 INFO: Sending the status.
[2026-01-29 22:44:36.000]  [WriteStatusToFile] ErrorCode:0 INFO: Done Sending the status.
[2026-01-29 22:45:06.000]  [WriteHeartbeatToFile] ErrorCode:0 INFO: Sending the heartbeat.
[2026-01-29 22:45:06.000]  [WriteHeartbeatToFile] ErrorCode:0 INFO: Done Sending the heartbeat.
[2026-01-29 22:45:06.000]  [WriteStatusToFile] ErrorCode:0 INFO: Sending the status.
[2026-01-29 22:45:06.000]  [WriteStatusToFile] ErrorCode:0 INFO: Done Sending the status.
[2026-01-29 22:45:36.000]  [WriteHeartbeatToFile] ErrorCode:0 INFO: Sending the heartbeat.
[2026-01-29 22:45:36.000]  [FindProcessById] ErrorCode:0 INFO: Attempt to find the process MetricsExtension.Native.exe with ID: 5620.
[2026-01-29 22:45:36.000]  [WriteHeartbeatToFile] ErrorCode:0 INFO: Done Sending the heartbeat.
[2026-01-29 22:45:36.000]  [FindProcessById] ErrorCode:0 INFO: Running Process MetricsExtension.Native.exe found. ID: 5620.
[2026-01-29 22:45:36.000]  [StartMetricsExtension] ErrorCode:0 ERROR: Metrics extension is already running
[2026-01-29 22:45:36.000]  [AggregateHeartbeat] ErrorCode:0 INFO: Start heartbeat aggregation.
[2026-01-29 22:45:36.000]  [QueryRegValueDWORD] ErrorCode:0 INFO: Query Registry for Key:SOFTWARE\Microsoft\Windows Azure\CurrentVersion\AzureMonitorAgentExtension\47.4.1.0, Name:MaServiceProcess
[2026-01-29 22:45:36.000]  [QueryRegValueDWORD] ErrorCode:0 INFO: Query Registry for Key:SOFTWARE\Microsoft\Windows Azure\CurrentVersion\AzureMonitorAgentExtension\47.4.1.0, Name:MaServiceProcess, Value:1904
[2026-01-29 22:45:36.000]  [FindProcessById] ErrorCode:0 INFO: Attempt to find the process MonAgentLauncher.exe with ID: 1904.
[2026-01-29 22:45:36.000]  [FindProcessById] ErrorCode:0 INFO: Running Process MonAgentLauncher.exe found. ID: 1904.
[2026-01-29 22:45:36.000]  [CheckIfMAServiceIsRunByExtension] ErrorCode:0 INFO: The MA process is running based on the m_registry
[2026-01-29 22:45:36.000]  [QueryRegValueDWORD] ErrorCode:0 INFO: Query Registry for Key:SOFTWARE\Microsoft\Windows Azure\CurrentVersion\AzureMonitorAgentExtension\47.4.1.0, Name:AMAMultitenantServiceProcess
[2026-01-29 22:45:36.000]  [QueryRegValueDWORD] ErrorCode:0 ERROR: RegQueryValueExA: failed to query REG_DWORD value, Key:SOFTWARE\Microsoft\Windows Azure\CurrentVersion\AzureMonitorAgentExtension\47.4.1.0, name=AMAMultitenantServiceProcess, error=2, type=0
[2026-01-29 22:45:36.000]  [CheckIfMAServiceIsRunByExtension] ErrorCode:1205 INFO: Unable to read the m_registry for MA process. Assume it is not running.
[2026-01-29 22:45:36.000]  [AggregateHeartbeat] ErrorCode:0 INFO: Configured MA Service is not running on the node.
[2026-01-29 22:45:36.000]  [SetImdsEnvironmentVariable] ErrorCode:0 INFO: Querying IMDS information
[2026-01-29 22:45:36.000]  [SetImdsEnvironmentVariable] ErrorCode:-1 INFO: Preparing to call IMDS. Endpoint: http://169.254.169.254
[2026-01-29 22:45:36.000]  [QueryIMDSEndpoint] ErrorCode:0 INFO: Queried IMDS successfully.
[2026-01-29 22:45:36.000]  [GetValueFromJsonOrDefault] ErrorCode:0 INFO: Read Imds response field with Name:location Value: westus2
[2026-01-29 22:45:36.000]  [GetValueFromJsonOrDefault] ErrorCode:0 INFO: Read Imds response field with Name:name Value: amawin
[2026-01-29 22:45:36.000]  [GetValueFromJsonOrDefault] ErrorCode:0 INFO: Read Imds response field with Name:subscriptionId Value: 351651ce-5feb-4e59-975d-f1f344e2b717
[2026-01-29 22:45:36.000]  [GetValueFromJsonOrDefault] ErrorCode:0 INFO: Read Imds response field with Name:vmId Value: 22afd636-aec1-4782-9055-f85ea283dc20
[2026-01-29 22:45:36.000]  [GetValueFromJsonOrDefault] ErrorCode:0 INFO: Read Imds response field with Name:vmScaleSetName Value: 
[2026-01-29 22:45:36.000]  [GetValueFromJsonOrDefault] ErrorCode:0 INFO: Read Imds response field with Name:resourceGroupName Value: AMAWIN_GROUP
[2026-01-29 22:45:36.000]  [GetValueFromJsonOrDefault] ErrorCode:0 INFO: Read Imds response field with Name:osType Value: Windows
[2026-01-29 22:45:36.000]  [GetValueFromJsonOrDefault] ErrorCode:0 INFO: Read Imds response field with Name:resourceId Value: /subscriptions/351651ce-5feb-4e59-975d-f1f344e2b717/resourceGroups/AMAWIN_GROUP/providers/Microsoft.Compute/virtualMachines/amawin
[2026-01-29 22:45:36.000]  [GetValueFromJsonOrDefault] ErrorCode:0 INFO: Read Imds response field with Name:azEnvironment Value: AzurePublicCloud
[2026-01-29 22:45:36.000]  [SetImdsEnvironmentVariable] ErrorCode:0 INFO: Successfully set Environment variables from Imds
[2026-01-29 22:45:36.000]  [AggregateHeartbeat] ErrorCode:0 INFO: Completed heartbeat aggregation.
[2026-01-29 22:45:36.000]  [WriteStatusToFile] ErrorCode:0 INFO: Sending the status.
[2026-01-29 22:45:36.000]  [WriteStatusToFile] ErrorCode:0 INFO: Done Sending the status.
[2026-01-29 22:46:06.000]  [WriteHeartbeatToFile] ErrorCode:0 INFO: Sending the heartbeat.
[2026-01-29 22:46:06.000]  [WriteHeartbeatToFile] ErrorCode:0 INFO: Done Sending the heartbeat.
[2026-01-29 22:46:06.000]  [WriteStatusToFile] ErrorCode:0 INFO: Sending the status.
[2026-01-29 22:46:06.000]  [WriteStatusToFile] ErrorCode:0 INFO: Done Sending the status.
[2026-01-29 22:46:36.000]  [WriteHeartbeatToFile] ErrorCode:0 INFO: Sending the heartbeat.
[2026-01-29 22:46:36.000]  [WriteHeartbeatToFile] ErrorCode:0 INFO: Done Sending the heartbeat.
[2026-01-29 22:46:36.000]  [FindProcessById] ErrorCode:0 INFO: Attempt to find the process MetricsExtension.Native.exe with ID: 5620.
[2026-01-29 22:46:36.000]  [FindProcessById] ErrorCode:0 INFO: Running Process MetricsExtension.Native.exe found. ID: 5620.
[2026-01-29 22:46:36.000]  [StartMetricsExtension] ErrorCode:0 ERROR: Metrics extension is already running
[2026-01-29 22:46:36.000]  [WriteStatusToFile] ErrorCode:0 INFO: Sending the status.
[2026-01-29 22:46:36.000]  [WriteStatusToFile] ErrorCode:0 INFO: Done Sending the status.
[2026-01-29 22:47:06.000]  [WriteHeartbeatToFile] ErrorCode:0 INFO: Sending the heartbeat.
[2026-01-29 22:47:06.000]  [WriteHeartbeatToFile] ErrorCode:0 INFO: Done Sending the heartbeat.
[2026-01-29 22:47:06.000]  [WriteStatusToFile] ErrorCode:0 INFO: Sending the status.
[2026-01-29 22:47:06.000]  [WriteStatusToFile] ErrorCode:0 INFO: Done Sending the status.
[2026-01-29 22:47:36.000]  [WriteHeartbeatToFile] ErrorCode:0 INFO: Sending the heartbeat.
[2026-01-29 22:47:36.000]  [FindProcessById] ErrorCode:0 INFO: Attempt to find the process MetricsExtension.Native.exe with ID: 5620.
[2026-01-29 22:47:36.000]  [WriteHeartbeatToFile] ErrorCode:0 INFO: Done Sending the heartbeat.
[2026-01-29 22:47:36.000]  [FindProcessById] ErrorCode:0 INFO: Running Process MetricsExtension.Native.exe found. ID: 5620.
[2026-01-29 22:47:36.000]  [StartMetricsExtension] ErrorCode:0 ERROR: Metrics extension is already running
[2026-01-29 22:47:36.000]  [WriteStatusToFile] ErrorCode:0 INFO: Sending the status.
[2026-01-29 22:47:36.000]  [WriteStatusToFile] ErrorCode:0 INFO: Done Sending the status.
[2026-01-29 22:48:06.000]  [WriteHeartbeatToFile] ErrorCode:0 INFO: Sending the heartbeat.
[2026-01-29 22:48:06.000]  [WriteHeartbeatToFile] ErrorCode:0 INFO: Done Sending the heartbeat.
[2026-01-29 22:48:06.000]  [WriteStatusToFile] ErrorCode:0 INFO: Sending the status.
[2026-01-29 22:48:06.000]  [WriteStatusToFile] ErrorCode:0 INFO: Done Sending the status.
[2026-01-29 22:48:36.000]  [FindProcessById] ErrorCode:0 INFO: Attempt to find the process MetricsExtension.Native.exe with ID: 5620.
[2026-01-29 22:48:36.000]  [FindProcessById] ErrorCode:0 INFO: Running Process MetricsExtension.Native.exe found. ID: 5620.
[2026-01-29 22:48:36.000]  [StartMetricsExtension] ErrorCode:0 ERROR: Metrics extension is already running
[2026-01-29 22:48:36.000]  [WriteHeartbeatToFile] ErrorCode:0 INFO: Sending the heartbeat.
[2026-01-29 22:48:36.000]  [WriteHeartbeatToFile] ErrorCode:0 INFO: Done Sending the heartbeat.
[2026-01-29 22:48:36.000]  [WriteStatusToFile] ErrorCode:0 INFO: Sending the status.
[2026-01-29 22:48:36.000]  [WriteStatusToFile] ErrorCode:0 INFO: Done Sending the status.
[2026-01-29 22:49:06.000]  [WriteHeartbeatToFile] ErrorCode:0 INFO: Sending the heartbeat.
[2026-01-29 22:49:06.000]  [WriteHeartbeatToFile] ErrorCode:0 INFO: Done Sending the heartbeat.
[2026-01-29 22:49:06.000]  [WriteStatusToFile] ErrorCode:0 INFO: Sending the status.
[2026-01-29 22:49:06.000]  [WriteStatusToFile] ErrorCode:0 INFO: Done Sending the status.
[2026-01-29 22:49:36.000]  [FindProcessById] ErrorCode:0 INFO: Attempt to find the process MetricsExtension.Native.exe with ID: 5620.
[2026-01-29 22:49:36.000]  [FindProcessById] ErrorCode:0 INFO: Running Process MetricsExtension.Native.exe found. ID: 5620.
[2026-01-29 22:49:36.000]  [StartMetricsExtension] ErrorCode:0 ERROR: Metrics extension is already running
[2026-01-29 22:49:36.000]  [WriteHeartbeatToFile] ErrorCode:0 INFO: Sending the heartbeat.
[2026-01-29 22:49:36.000]  [WriteHeartbeatToFile] ErrorCode:0 INFO: Done Sending the heartbeat.
[2026-01-29 22:49:36.000]  [WriteStatusToFile] ErrorCode:0 INFO: Sending the status.
[2026-01-29 22:49:36.000]  [WriteStatusToFile] ErrorCode:0 INFO: Done Sending the status.
[2026-01-29 22:50:06.000]  [WriteHeartbeatToFile] ErrorCode:0 INFO: Sending the heartbeat.
[2026-01-29 22:50:06.000]  [WriteHeartbeatToFile] ErrorCode:0 INFO: Done Sending the heartbeat.
[2026-01-29 22:50:06.000]  [WriteStatusToFile] ErrorCode:0 INFO: Sending the status.
[2026-01-29 22:50:06.000]  [WriteStatusToFile] ErrorCode:0 INFO: Done Sending the status.
[2026-01-29 22:50:36.000]  [FindProcessById] ErrorCode:0 INFO: Attempt to find the process MetricsExtension.Native.exe with ID: 5620.
[2026-01-29 22:50:36.000]  [FindProcessById] ErrorCode:0 INFO: Running Process MetricsExtension.Native.exe found. ID: 5620.
[2026-01-29 22:50:36.000]  [StartMetricsExtension] ErrorCode:0 ERROR: Metrics extension is already running
[2026-01-29 22:50:36.000]  [AggregateHeartbeat] ErrorCode:0 INFO: Start heartbeat aggregation.
[2026-01-29 22:50:36.000]  [QueryRegValueDWORD] ErrorCode:0 INFO: Query Registry for Key:SOFTWARE\Microsoft\Windows Azure\CurrentVersion\AzureMonitorAgentExtension\47.4.1.0, Name:MaServiceProcess
[2026-01-29 22:50:36.000]  [QueryRegValueDWORD] ErrorCode:0 INFO: Query Registry for Key:SOFTWARE\Microsoft\Windows Azure\CurrentVersion\AzureMonitorAgentExtension\47.4.1.0, Name:MaServiceProcess, Value:1904
[2026-01-29 22:50:36.000]  [FindProcessById] ErrorCode:0 INFO: Attempt to find the process MonAgentLauncher.exe with ID: 1904.
[2026-01-29 22:50:36.000]  [FindProcessById] ErrorCode:0 INFO: Running Process MonAgentLauncher.exe found. ID: 1904.
[2026-01-29 22:50:36.000]  [CheckIfMAServiceIsRunByExtension] ErrorCode:0 INFO: The MA process is running based on the m_registry
[2026-01-29 22:50:36.000]  [QueryRegValueDWORD] ErrorCode:0 INFO: Query Registry for Key:SOFTWARE\Microsoft\Windows Azure\CurrentVersion\AzureMonitorAgentExtension\47.4.1.0, Name:AMAMultitenantServiceProcess
[2026-01-29 22:50:36.000]  [QueryRegValueDWORD] ErrorCode:0 ERROR: RegQueryValueExA: failed to query REG_DWORD value, Key:SOFTWARE\Microsoft\Windows Azure\CurrentVersion\AzureMonitorAgentExtension\47.4.1.0, name=AMAMultitenantServiceProcess, error=2, type=0
[2026-01-29 22:50:36.000]  [CheckIfMAServiceIsRunByExtension] ErrorCode:1205 INFO: Unable to read the m_registry for MA process. Assume it is not running.
[2026-01-29 22:50:36.000]  [AggregateHeartbeat] ErrorCode:0 INFO: Configured MA Service is not running on the node.
[2026-01-29 22:50:36.000]  [SetImdsEnvironmentVariable] ErrorCode:0 INFO: Querying IMDS information
[2026-01-29 22:50:36.000]  [SetImdsEnvironmentVariable] ErrorCode:-1 INFO: Preparing to call IMDS. Endpoint: http://169.254.169.254
[2026-01-29 22:50:36.000]  [WriteHeartbeatToFile] ErrorCode:0 INFO: Sending the heartbeat.
[2026-01-29 22:50:36.000]  [WriteHeartbeatToFile] ErrorCode:0 INFO: Done Sending the heartbeat.
[2026-01-29 22:50:36.000]  [QueryIMDSEndpoint] ErrorCode:0 INFO: Queried IMDS successfully.
[2026-01-29 22:50:36.000]  [GetValueFromJsonOrDefault] ErrorCode:0 INFO: Read Imds response field with Name:location Value: westus2
[2026-01-29 22:50:36.000]  [GetValueFromJsonOrDefault] ErrorCode:0 INFO: Read Imds response field with Name:name Value: amawin
[2026-01-29 22:50:36.000]  [GetValueFromJsonOrDefault] ErrorCode:0 INFO: Read Imds response field with Name:subscriptionId Value: 351651ce-5feb-4e59-975d-f1f344e2b717
[2026-01-29 22:50:36.000]  [GetValueFromJsonOrDefault] ErrorCode:0 INFO: Read Imds response field with Name:vmId Value: 22afd636-aec1-4782-9055-f85ea283dc20
[2026-01-29 22:50:36.000]  [GetValueFromJsonOrDefault] ErrorCode:0 INFO: Read Imds response field with Name:vmScaleSetName Value: 
[2026-01-29 22:50:36.000]  [GetValueFromJsonOrDefault] ErrorCode:0 INFO: Read Imds response field with Name:resourceGroupName Value: AMAWIN_GROUP
[2026-01-29 22:50:36.000]  [GetValueFromJsonOrDefault] ErrorCode:0 INFO: Read Imds response field with Name:osType Value: Windows
[2026-01-29 22:50:36.000]  [GetValueFromJsonOrDefault] ErrorCode:0 INFO: Read Imds response field with Name:resourceId Value: /subscriptions/351651ce-5feb-4e59-975d-f1f344e2b717/resourceGroups/AMAWIN_GROUP/providers/Microsoft.Compute/virtualMachines/amawin
[2026-01-29 22:50:36.000]  [GetValueFromJsonOrDefault] ErrorCode:0 INFO: Read Imds response field with Name:azEnvironment Value: AzurePublicCloud
[2026-01-29 22:50:36.000]  [SetImdsEnvironmentVariable] ErrorCode:0 INFO: Successfully set Environment variables from Imds
[2026-01-29 22:50:36.000]  [AggregateHeartbeat] ErrorCode:0 INFO: Completed heartbeat aggregation.
[2026-01-29 22:50:36.000]  [WriteStatusToFile] ErrorCode:0 INFO: Sending the status.
[2026-01-29 22:50:36.000]  [WriteStatusToFile] ErrorCode:0 INFO: Done Sending the status.
[2026-01-29 22:51:06.000]  [WriteHeartbeatToFile] ErrorCode:0 INFO: Sending the heartbeat.
[2026-01-29 22:51:06.000]  [WriteHeartbeatToFile] ErrorCode:0 INFO: Done Sending the heartbeat.
[2026-01-29 22:51:06.000]  [WriteStatusToFile] ErrorCode:0 INFO: Sending the status.
[2026-01-29 22:51:06.000]  [WriteStatusToFile] ErrorCode:0 INFO: Done Sending the status.
[2026-01-29 22:51:36.000]  [WriteHeartbeatToFile] ErrorCode:0 INFO: Sending the heartbeat.
[2026-01-29 22:51:36.000]  [FindProcessById] ErrorCode:0 INFO: Attempt to find the process MetricsExtension.Native.exe with ID: 5620.
[2026-01-29 22:51:36.000]  [WriteHeartbeatToFile] ErrorCode:0 INFO: Done Sending the heartbeat.
[2026-01-29 22:51:36.000]  [FindProcessById] ErrorCode:0 INFO: Running Process MetricsExtension.Native.exe found. ID: 5620.
[2026-01-29 22:51:36.000]  [StartMetricsExtension] ErrorCode:0 ERROR: Metrics extension is already running
[2026-01-29 22:51:36.000]  [WriteStatusToFile] ErrorCode:0 INFO: Sending the status.
[2026-01-29 22:51:36.000]  [WriteStatusToFile] ErrorCode:0 INFO: Done Sending the status.
[2026-01-29 22:52:06.000]  [WriteHeartbeatToFile] ErrorCode:0 INFO: Sending the heartbeat.
[2026-01-29 22:52:06.000]  [WriteHeartbeatToFile] ErrorCode:0 INFO: Done Sending the heartbeat.
[2026-01-29 22:52:06.000]  [WriteStatusToFile] ErrorCode:0 INFO: Sending the status.
[2026-01-29 22:52:06.000]  [WriteStatusToFile] ErrorCode:0 INFO: Done Sending the status.
[2026-01-29 22:52:36.000]  [WriteHeartbeatToFile] ErrorCode:0 INFO: Sending the heartbeat.
[2026-01-29 22:52:36.000]  [FindProcessById] ErrorCode:0 INFO: Attempt to find the process MetricsExtension.Native.exe with ID: 5620.
[2026-01-29 22:52:36.000]  [WriteHeartbeatToFile] ErrorCode:0 INFO: Done Sending the heartbeat.
[2026-01-29 22:52:36.000]  [FindProcessById] ErrorCode:0 INFO: Running Process MetricsExtension.Native.exe found. ID: 5620.
[2026-01-29 22:52:36.000]  [StartMetricsExtension] ErrorCode:0 ERROR: Metrics extension is already running
[2026-01-29 22:52:36.000]  [WriteStatusToFile] ErrorCode:0 INFO: Sending the status.
[2026-01-29 22:52:36.000]  [WriteStatusToFile] ErrorCode:0 INFO: Done Sending the status.
[2026-01-29 22:53:06.000]  [WriteHeartbeatToFile] ErrorCode:0 INFO: Sending the heartbeat.
[2026-01-29 22:53:06.000]  [WriteHeartbeatToFile] ErrorCode:0 INFO: Done Sending the heartbeat.
[2026-01-29 22:53:06.000]  [WriteStatusToFile] ErrorCode:0 INFO: Sending the status.
[2026-01-29 22:53:06.000]  [WriteStatusToFile] ErrorCode:0 INFO: Done Sending the status.
[2026-01-29 22:53:36.000]  [FindProcessById] ErrorCode:0 INFO: Attempt to find the process MetricsExtension.Native.exe with ID: 5620.
[2026-01-29 22:53:36.000]  [FindProcessById] ErrorCode:0 INFO: Running Process MetricsExtension.Native.exe found. ID: 5620.
[2026-01-29 22:53:36.000]  [StartMetricsExtension] ErrorCode:0 ERROR: Metrics extension is already running
[2026-01-29 22:53:36.000]  [WriteHeartbeatToFile] ErrorCode:0 INFO: Sending the heartbeat.
[2026-01-29 22:53:36.000]  [WriteHeartbeatToFile] ErrorCode:0 INFO: Done Sending the heartbeat.
[2026-01-29 22:53:36.000]  [WriteStatusToFile] ErrorCode:0 INFO: Sending the status.
[2026-01-29 22:53:36.000]  [WriteStatusToFile] ErrorCode:0 INFO: Done Sending the status.
[2026-01-29 22:54:06.000]  [WriteHeartbeatToFile] ErrorCode:0 INFO: Sending the heartbeat.
[2026-01-29 22:54:06.000]  [WriteHeartbeatToFile] ErrorCode:0 INFO: Done Sending the heartbeat.
[2026-01-29 22:54:06.000]  [WriteStatusToFile] ErrorCode:0 INFO: Sending the status.
[2026-01-29 22:54:06.000]  [WriteStatusToFile] ErrorCode:0 INFO: Done Sending the status.
[2026-01-29 22:54:36.000]  [FindProcessById] ErrorCode:0 INFO: Attempt to find the process MetricsExtension.Native.exe with ID: 5620.
[2026-01-29 22:54:36.000]  [FindProcessById] ErrorCode:0 INFO: Running Process MetricsExtension.Native.exe found. ID: 5620.
[2026-01-29 22:54:36.000]  [StartMetricsExtension] ErrorCode:0 ERROR: Metrics extension is already running
[2026-01-29 22:54:36.000]  [WriteHeartbeatToFile] ErrorCode:0 INFO: Sending the heartbeat.
[2026-01-29 22:54:36.000]  [WriteHeartbeatToFile] ErrorCode:0 INFO: Done Sending the heartbeat.
[2026-01-29 22:54:36.000]  [WriteStatusToFile] ErrorCode:0 INFO: Sending the status.
[2026-01-29 22:54:36.000]  [WriteStatusToFile] ErrorCode:0 INFO: Done Sending the status.
[2026-01-29 22:55:06.000]  [WriteHeartbeatToFile] ErrorCode:0 INFO: Sending the heartbeat.
[2026-01-29 22:55:06.000]  [WriteHeartbeatToFile] ErrorCode:0 INFO: Done Sending the heartbeat.
[2026-01-29 22:55:06.000]  [WriteStatusToFile] ErrorCode:0 INFO: Sending the status.
[2026-01-29 22:55:06.000]  [WriteStatusToFile] ErrorCode:0 INFO: Done Sending the status.
[2026-01-29 22:55:36.000]  [FindProcessById] ErrorCode:0 INFO: Attempt to find the process MetricsExtension.Native.exe with ID: 5620.
[2026-01-29 22:55:36.000]  [FindProcessById] ErrorCode:0 INFO: Running Process MetricsExtension.Native.exe found. ID: 5620.
[2026-01-29 22:55:36.000]  [StartMetricsExtension] ErrorCode:0 ERROR: Metrics extension is already running
[2026-01-29 22:55:36.000]  [AggregateHeartbeat] ErrorCode:0 INFO: Start heartbeat aggregation.
[2026-01-29 22:55:36.000]  [QueryRegValueDWORD] ErrorCode:0 INFO: Query Registry for Key:SOFTWARE\Microsoft\Windows Azure\CurrentVersion\AzureMonitorAgentExtension\47.4.1.0, Name:MaServiceProcess
[2026-01-29 22:55:36.000]  [QueryRegValueDWORD] ErrorCode:0 INFO: Query Registry for Key:SOFTWARE\Microsoft\Windows Azure\CurrentVersion\AzureMonitorAgentExtension\47.4.1.0, Name:MaServiceProcess, Value:1904
[2026-01-29 22:55:36.000]  [FindProcessById] ErrorCode:0 INFO: Attempt to find the process MonAgentLauncher.exe with ID: 1904.
[2026-01-29 22:55:36.000]  [FindProcessById] ErrorCode:0 INFO: Running Process MonAgentLauncher.exe found. ID: 1904.
[2026-01-29 22:55:36.000]  [CheckIfMAServiceIsRunByExtension] ErrorCode:0 INFO: The MA process is running based on the m_registry
[2026-01-29 22:55:36.000]  [QueryRegValueDWORD] ErrorCode:0 INFO: Query Registry for Key:SOFTWARE\Microsoft\Windows Azure\CurrentVersion\AzureMonitorAgentExtension\47.4.1.0, Name:AMAMultitenantServiceProcess
[2026-01-29 22:55:36.000]  [QueryRegValueDWORD] ErrorCode:0 ERROR: RegQueryValueExA: failed to query REG_DWORD value, Key:SOFTWARE\Microsoft\Windows Azure\CurrentVersion\AzureMonitorAgentExtension\47.4.1.0, name=AMAMultitenantServiceProcess, error=2, type=0
[2026-01-29 22:55:36.000]  [CheckIfMAServiceIsRunByExtension] ErrorCode:1205 INFO: Unable to read the m_registry for MA process. Assume it is not running.
[2026-01-29 22:55:36.000]  [AggregateHeartbeat] ErrorCode:0 INFO: Configured MA Service is not running on the node.
[2026-01-29 22:55:36.000]  [SetImdsEnvironmentVariable] ErrorCode:0 INFO: Querying IMDS information
[2026-01-29 22:55:36.000]  [SetImdsEnvironmentVariable] ErrorCode:-1 INFO: Preparing to call IMDS. Endpoint: http://169.254.169.254
[2026-01-29 22:55:36.000]  [WriteHeartbeatToFile] ErrorCode:0 INFO: Sending the heartbeat.
[2026-01-29 22:55:36.000]  [WriteHeartbeatToFile] ErrorCode:0 INFO: Done Sending the heartbeat.
[2026-01-29 22:55:36.000]  [QueryIMDSEndpoint] ErrorCode:0 INFO: Queried IMDS successfully.
[2026-01-29 22:55:36.000]  [GetValueFromJsonOrDefault] ErrorCode:0 INFO: Read Imds response field with Name:location Value: westus2
[2026-01-29 22:55:36.000]  [GetValueFromJsonOrDefault] ErrorCode:0 INFO: Read Imds response field with Name:name Value: amawin
[2026-01-29 22:55:36.000]  [GetValueFromJsonOrDefault] ErrorCode:0 INFO: Read Imds response field with Name:subscriptionId Value: 351651ce-5feb-4e59-975d-f1f344e2b717
[2026-01-29 22:55:36.000]  [GetValueFromJsonOrDefault] ErrorCode:0 INFO: Read Imds response field with Name:vmId Value: 22afd636-aec1-4782-9055-f85ea283dc20
[2026-01-29 22:55:36.000]  [GetValueFromJsonOrDefault] ErrorCode:0 INFO: Read Imds response field with Name:vmScaleSetName Value: 
[2026-01-29 22:55:36.000]  [GetValueFromJsonOrDefault] ErrorCode:0 INFO: Read Imds response field with Name:resourceGroupName Value: AMAWIN_GROUP
[2026-01-29 22:55:36.000]  [GetValueFromJsonOrDefault] ErrorCode:0 INFO: Read Imds response field with Name:osType Value: Windows
[2026-01-29 22:55:36.000]  [GetValueFromJsonOrDefault] ErrorCode:0 INFO: Read Imds response field with Name:resourceId Value: /subscriptions/351651ce-5feb-4e59-975d-f1f344e2b717/resourceGroups/AMAWIN_GROUP/providers/Microsoft.Compute/virtualMachines/amawin
[2026-01-29 22:55:36.000]  [GetValueFromJsonOrDefault] ErrorCode:0 INFO: Read Imds response field with Name:azEnvironment Value: AzurePublicCloud
[2026-01-29 22:55:36.000]  [SetImdsEnvironmentVariable] ErrorCode:0 INFO: Successfully set Environment variables from Imds
[2026-01-29 22:55:36.000]  [AggregateHeartbeat] ErrorCode:0 INFO: Completed heartbeat aggregation.
[2026-01-29 22:55:36.000]  [WriteStatusToFile] ErrorCode:0 INFO: Sending the status.
[2026-01-29 22:55:36.000]  [WriteStatusToFile] ErrorCode:0 INFO: Done Sending the status.
[2026-01-29 22:56:06.000]  [WriteHeartbeatToFile] ErrorCode:0 INFO: Sending the heartbeat.
[2026-01-29 22:56:06.000]  [WriteHeartbeatToFile] ErrorCode:0 INFO: Done Sending the heartbeat.
[2026-01-29 22:56:06.000]  [WriteStatusToFile] ErrorCode:0 INFO: Sending the status.
[2026-01-29 22:56:06.000]  [WriteStatusToFile] ErrorCode:0 INFO: Done Sending the status.
[2026-01-29 22:56:36.000]  [FindProcessById] ErrorCode:0 INFO: Attempt to find the process MetricsExtension.Native.exe with ID: 5620.
[2026-01-29 22:56:36.000]  [FindProcessById] ErrorCode:0 INFO: Running Process MetricsExtension.Native.exe found. ID: 5620.
[2026-01-29 22:56:36.000]  [StartMetricsExtension] ErrorCode:0 ERROR: Metrics extension is already running
[2026-01-29 22:56:36.000]  [WriteHeartbeatToFile] ErrorCode:0 INFO: Sending the heartbeat.
[2026-01-29 22:56:36.000]  [WriteHeartbeatToFile] ErrorCode:0 INFO: Done Sending the heartbeat.
[2026-01-29 22:56:36.000]  [WriteStatusToFile] ErrorCode:0 INFO: Sending the status.
[2026-01-29 22:56:36.000]  [WriteStatusToFile] ErrorCode:0 INFO: Done Sending the status.
[2026-01-29 22:57:06.000]  [WriteHeartbeatToFile] ErrorCode:0 INFO: Sending the heartbeat.
[2026-01-29 22:57:06.000]  [WriteHeartbeatToFile] ErrorCode:0 INFO: Done Sending the heartbeat.
[2026-01-29 22:57:06.000]  [WriteStatusToFile] ErrorCode:0 INFO: Sending the status.
[2026-01-29 22:57:06.000]  [WriteStatusToFile] ErrorCode:0 INFO: Done Sending the status.
[2026-01-29 22:57:36.000]  [FindProcessById] ErrorCode:0 INFO: Attempt to find the process MetricsExtension.Native.exe with ID: 5620.
[2026-01-29 22:57:36.000]  [FindProcessById] ErrorCode:0 INFO: Running Process MetricsExtension.Native.exe found. ID: 5620.
[2026-01-29 22:57:36.000]  [StartMetricsExtension] ErrorCode:0 ERROR: Metrics extension is already running
[2026-01-29 22:57:36.000]  [WriteHeartbeatToFile] ErrorCode:0 INFO: Sending the heartbeat.
[2026-01-29 22:57:36.000]  [WriteHeartbeatToFile] ErrorCode:0 INFO: Done Sending the heartbeat.
[2026-01-29 22:57:36.000]  [WriteStatusToFile] ErrorCode:0 INFO: Sending the status.
[2026-01-29 22:57:36.000]  [WriteStatusToFile] ErrorCode:0 INFO: Done Sending the status.
[2026-01-29 22:58:06.000]  [WriteHeartbeatToFile] ErrorCode:0 INFO: Sending the heartbeat.
[2026-01-29 22:58:06.000]  [WriteHeartbeatToFile] ErrorCode:0 INFO: Done Sending the heartbeat.
[2026-01-29 22:58:06.000]  [WriteStatusToFile] ErrorCode:0 INFO: Sending the status.
[2026-01-29 22:58:06.000]  [WriteStatusToFile] ErrorCode:0 INFO: Done Sending the status.
[2026-01-29 22:58:36.000]  [FindProcessById] ErrorCode:0 INFO: Attempt to find the process MetricsExtension.Native.exe with ID: 5620.
[2026-01-29 22:58:36.000]  [FindProcessById] ErrorCode:0 INFO: Running Process MetricsExtension.Native.exe found. ID: 5620.
[2026-01-29 22:58:36.000]  [StartMetricsExtension] ErrorCode:0 ERROR: Metrics extension is already running
[2026-01-29 22:58:36.000]  [WriteHeartbeatToFile] ErrorCode:0 INFO: Sending the heartbeat.
[2026-01-29 22:58:36.000]  [WriteHeartbeatToFile] ErrorCode:0 INFO: Done Sending the heartbeat.
[2026-01-29 22:58:36.000]  [WriteStatusToFile] ErrorCode:0 INFO: Sending the status.
[2026-01-29 22:58:36.000]  [WriteStatusToFile] ErrorCode:0 INFO: Done Sending the status.
[2026-01-29 22:59:06.000]  [WriteHeartbeatToFile] ErrorCode:0 INFO: Sending the heartbeat.
[2026-01-29 22:59:06.000]  [WriteHeartbeatToFile] ErrorCode:0 INFO: Done Sending the heartbeat.
[2026-01-29 22:59:06.000]  [WriteStatusToFile] ErrorCode:0 INFO: Sending the status.
[2026-01-29 22:59:06.000]  [WriteStatusToFile] ErrorCode:0 INFO: Done Sending the status.
[2026-01-29 22:59:36.000]  [FindProcessById] ErrorCode:0 INFO: Attempt to find the process MetricsExtension.Native.exe with ID: 5620.
[2026-01-29 22:59:36.000]  [FindProcessById] ErrorCode:0 INFO: Running Process MetricsExtension.Native.exe found. ID: 5620.
[2026-01-29 22:59:36.000]  [StartMetricsExtension] ErrorCode:0 ERROR: Metrics extension is already running
[2026-01-29 22:59:36.000]  [WriteHeartbeatToFile] ErrorCode:0 INFO: Sending the heartbeat.
[2026-01-29 22:59:36.000]  [WriteHeartbeatToFile] ErrorCode:0 INFO: Done Sending the heartbeat.
[2026-01-29 22:59:36.000]  [WriteStatusToFile] ErrorCode:0 INFO: Sending the status.
[2026-01-29 22:59:36.000]  [WriteStatusToFile] ErrorCode:0 INFO: Done Sending the status.
[2026-01-29 23:00:06.000]  [WriteHeartbeatToFile] ErrorCode:0 INFO: Sending the heartbeat.
[2026-01-29 23:00:06.000]  [WriteHeartbeatToFile] ErrorCode:0 INFO: Done Sending the heartbeat.
[2026-01-29 23:00:06.000]  [WriteStatusToFile] ErrorCode:0 INFO: Sending the status.
[2026-01-29 23:00:06.000]  [WriteStatusToFile] ErrorCode:0 INFO: Done Sending the status.
[2026-01-29 23:00:36.000]  [FindProcessById] ErrorCode:0 INFO: Attempt to find the process MetricsExtension.Native.exe with ID: 5620.
[2026-01-29 23:00:36.000]  [FindProcessById] ErrorCode:0 INFO: Running Process MetricsExtension.Native.exe found. ID: 5620.
[2026-01-29 23:00:36.000]  [StartMetricsExtension] ErrorCode:0 ERROR: Metrics extension is already running
[2026-01-29 23:00:36.000]  [AggregateHeartbeat] ErrorCode:0 INFO: Start heartbeat aggregation.
[2026-01-29 23:00:36.000]  [QueryRegValueDWORD] ErrorCode:0 INFO: Query Registry for Key:SOFTWARE\Microsoft\Windows Azure\CurrentVersion\AzureMonitorAgentExtension\47.4.1.0, Name:MaServiceProcess
[2026-01-29 23:00:36.000]  [QueryRegValueDWORD] ErrorCode:0 INFO: Query Registry for Key:SOFTWARE\Microsoft\Windows Azure\CurrentVersion\AzureMonitorAgentExtension\47.4.1.0, Name:MaServiceProcess, Value:1904
[2026-01-29 23:00:36.000]  [FindProcessById] ErrorCode:0 INFO: Attempt to find the process MonAgentLauncher.exe with ID: 1904.
[2026-01-29 23:00:36.000]  [FindProcessById] ErrorCode:0 INFO: Running Process MonAgentLauncher.exe found. ID: 1904.
[2026-01-29 23:00:36.000]  [CheckIfMAServiceIsRunByExtension] ErrorCode:0 INFO: The MA process is running based on the m_registry
[2026-01-29 23:00:36.000]  [QueryRegValueDWORD] ErrorCode:0 INFO: Query Registry for Key:SOFTWARE\Microsoft\Windows Azure\CurrentVersion\AzureMonitorAgentExtension\47.4.1.0, Name:AMAMultitenantServiceProcess
[2026-01-29 23:00:36.000]  [QueryRegValueDWORD] ErrorCode:0 ERROR: RegQueryValueExA: failed to query REG_DWORD value, Key:SOFTWARE\Microsoft\Windows Azure\CurrentVersion\AzureMonitorAgentExtension\47.4.1.0, name=AMAMultitenantServiceProcess, error=2, type=0
[2026-01-29 23:00:36.000]  [CheckIfMAServiceIsRunByExtension] ErrorCode:1205 INFO: Unable to read the m_registry for MA process. Assume it is not running.
[2026-01-29 23:00:36.000]  [AggregateHeartbeat] ErrorCode:0 INFO: Configured MA Service is not running on the node.
[2026-01-29 23:00:36.000]  [SetImdsEnvironmentVariable] ErrorCode:0 INFO: Querying IMDS information
[2026-01-29 23:00:36.000]  [SetImdsEnvironmentVariable] ErrorCode:-1 INFO: Preparing to call IMDS. Endpoint: http://169.254.169.254
[2026-01-29 23:00:36.000]  [QueryIMDSEndpoint] ErrorCode:0 INFO: Queried IMDS successfully.
[2026-01-29 23:00:36.000]  [GetValueFromJsonOrDefault] ErrorCode:0 INFO: Read Imds response field with Name:location Value: westus2
[2026-01-29 23:00:36.000]  [GetValueFromJsonOrDefault] ErrorCode:0 INFO: Read Imds response field with Name:name Value: amawin
[2026-01-29 23:00:36.000]  [GetValueFromJsonOrDefault] ErrorCode:0 INFO: Read Imds response field with Name:subscriptionId Value: 351651ce-5feb-4e59-975d-f1f344e2b717
[2026-01-29 23:00:36.000]  [GetValueFromJsonOrDefault] ErrorCode:0 INFO: Read Imds response field with Name:vmId Value: 22afd636-aec1-4782-9055-f85ea283dc20
[2026-01-29 23:00:36.000]  [GetValueFromJsonOrDefault] ErrorCode:0 INFO: Read Imds response field with Name:vmScaleSetName Value: 
[2026-01-29 23:00:36.000]  [GetValueFromJsonOrDefault] ErrorCode:0 INFO: Read Imds response field with Name:resourceGroupName Value: AMAWIN_GROUP
[2026-01-29 23:00:36.000]  [GetValueFromJsonOrDefault] ErrorCode:0 INFO: Read Imds response field with Name:osType Value: Windows
[2026-01-29 23:00:36.000]  [GetValueFromJsonOrDefault] ErrorCode:0 INFO: Read Imds response field with Name:resourceId Value: /subscriptions/351651ce-5feb-4e59-975d-f1f344e2b717/resourceGroups/AMAWIN_GROUP/providers/Microsoft.Compute/virtualMachines/amawin
[2026-01-29 23:00:36.000]  [GetValueFromJsonOrDefault] ErrorCode:0 INFO: Read Imds response field with Name:azEnvironment Value: AzurePublicCloud
[2026-01-29 23:00:36.000]  [SetImdsEnvironmentVariable] ErrorCode:0 INFO: Successfully set Environment variables from Imds
[2026-01-29 23:00:36.000]  [AggregateHeartbeat] ErrorCode:0 INFO: Completed heartbeat aggregation.
[2026-01-29 23:00:36.000]  [WriteHeartbeatToFile] ErrorCode:0 INFO: Sending the heartbeat.
[2026-01-29 23:00:36.000]  [WriteHeartbeatToFile] ErrorCode:0 INFO: Done Sending the heartbeat.
[2026-01-29 23:00:36.000]  [WriteStatusToFile] ErrorCode:0 INFO: Sending the status.
[2026-01-29 23:00:36.000]  [WriteStatusToFile] ErrorCode:0 INFO: Done Sending the status.
[2026-01-29 23:01:06.000]  [WriteHeartbeatToFile] ErrorCode:0 INFO: Sending the heartbeat.
[2026-01-29 23:01:06.000]  [WriteHeartbeatToFile] ErrorCode:0 INFO: Done Sending the heartbeat.
[2026-01-29 23:01:06.000]  [WriteStatusToFile] ErrorCode:0 INFO: Sending the status.
[2026-01-29 23:01:06.000]  [WriteStatusToFile] ErrorCode:0 INFO: Done Sending the status.
[2026-01-29 23:01:36.000]  [FindProcessById] ErrorCode:0 INFO: Attempt to find the process MetricsExtension.Native.exe with ID: 5620.
[2026-01-29 23:01:36.000]  [FindProcessById] ErrorCode:0 INFO: Running Process MetricsExtension.Native.exe found. ID: 5620.
[2026-01-29 23:01:36.000]  [StartMetricsExtension] ErrorCode:0 ERROR: Metrics extension is already running
[2026-01-29 23:01:36.000]  [WriteHeartbeatToFile] ErrorCode:0 INFO: Sending the heartbeat.
[2026-01-29 23:01:36.000]  [WriteHeartbeatToFile] ErrorCode:0 INFO: Done Sending the heartbeat.
[2026-01-29 23:01:36.000]  [WriteStatusToFile] ErrorCode:0 INFO: Sending the status.
[2026-01-29 23:01:36.000]  [WriteStatusToFile] ErrorCode:0 INFO: Done Sending the status.
[2026-01-29 23:02:06.000]  [WriteHeartbeatToFile] ErrorCode:0 INFO: Sending the heartbeat.
[2026-01-29 23:02:06.000]  [WriteHeartbeatToFile] ErrorCode:0 INFO: Done Sending the heartbeat.
[2026-01-29 23:02:06.000]  [WriteStatusToFile] ErrorCode:0 INFO: Sending the status.
[2026-01-29 23:02:06.000]  [WriteStatusToFile] ErrorCode:0 INFO: Done Sending the status.
[2026-01-29 23:02:36.000]  [FindProcessById] ErrorCode:0 INFO: Attempt to find the process MetricsExtension.Native.exe with ID: 5620.
[2026-01-29 23:02:36.000]  [FindProcessById] ErrorCode:0 INFO: Running Process MetricsExtension.Native.exe found. ID: 5620.
[2026-01-29 23:02:36.000]  [StartMetricsExtension] ErrorCode:0 ERROR: Metrics extension is already running
[2026-01-29 23:02:36.000]  [WriteHeartbeatToFile] ErrorCode:0 INFO: Sending the heartbeat.
[2026-01-29 23:02:36.000]  [WriteHeartbeatToFile] ErrorCode:0 INFO: Done Sending the heartbeat.
[2026-01-29 23:02:36.000]  [WriteStatusToFile] ErrorCode:0 INFO: Sending the status.
[2026-01-29 23:02:36.000]  [WriteStatusToFile] ErrorCode:0 INFO: Done Sending the status.
[2026-01-29 23:03:06.000]  [WriteHeartbeatToFile] ErrorCode:0 INFO: Sending the heartbeat.
[2026-01-29 23:03:06.000]  [WriteHeartbeatToFile] ErrorCode:0 INFO: Done Sending the heartbeat.
[2026-01-29 23:03:06.000]  [WriteStatusToFile] ErrorCode:0 INFO: Sending the status.
[2026-01-29 23:03:06.000]  [WriteStatusToFile] ErrorCode:0 INFO: Done Sending the status.
[2026-01-29 23:03:36.000]  [FindProcessById] ErrorCode:0 INFO: Attempt to find the process MetricsExtension.Native.exe with ID: 5620.
[2026-01-29 23:03:36.000]  [FindProcessById] ErrorCode:0 INFO: Running Process MetricsExtension.Native.exe found. ID: 5620.
[2026-01-29 23:03:36.000]  [StartMetricsExtension] ErrorCode:0 ERROR: Metrics extension is already running
[2026-01-29 23:03:36.000]  [WriteHeartbeatToFile] ErrorCode:0 INFO: Sending the heartbeat.
[2026-01-29 23:03:36.000]  [WriteHeartbeatToFile] ErrorCode:0 INFO: Done Sending the heartbeat.
[2026-01-29 23:03:36.000]  [WriteStatusToFile] ErrorCode:0 INFO: Sending the status.
[2026-01-29 23:03:36.000]  [WriteStatusToFile] ErrorCode:0 INFO: Done Sending the status.
[2026-01-29 23:04:06.000]  [WriteHeartbeatToFile] ErrorCode:0 INFO: Sending the heartbeat.
[2026-01-29 23:04:06.000]  [WriteHeartbeatToFile] ErrorCode:0 INFO: Done Sending the heartbeat.
[2026-01-29 23:04:06.000]  [WriteStatusToFile] ErrorCode:0 INFO: Sending the status.
[2026-01-29 23:04:06.000]  [WriteStatusToFile] ErrorCode:0 INFO: Done Sending the status.
[2026-01-29 23:04:36.000]  [FindProcessById] ErrorCode:0 INFO: Attempt to find the process MetricsExtension.Native.exe with ID: 5620.
[2026-01-29 23:04:36.000]  [FindProcessById] ErrorCode:0 INFO: Running Process MetricsExtension.Native.exe found. ID: 5620.
[2026-01-29 23:04:36.000]  [StartMetricsExtension] ErrorCode:0 ERROR: Metrics extension is already running
[2026-01-29 23:04:36.000]  [WriteHeartbeatToFile] ErrorCode:0 INFO: Sending the heartbeat.
[2026-01-29 23:04:36.000]  [WriteHeartbeatToFile] ErrorCode:0 INFO: Done Sending the heartbeat.
[2026-01-29 23:04:36.000]  [WriteStatusToFile] ErrorCode:0 INFO: Sending the status.
[2026-01-29 23:04:36.000]  [WriteStatusToFile] ErrorCode:0 INFO: Done Sending the status.
[2026-01-29 23:05:06.000]  [WriteHeartbeatToFile] ErrorCode:0 INFO: Sending the heartbeat.
[2026-01-29 23:05:06.000]  [WriteHeartbeatToFile] ErrorCode:0 INFO: Done Sending the heartbeat.
[2026-01-29 23:05:06.000]  [WriteStatusToFile] ErrorCode:0 INFO: Sending the status.
[2026-01-29 23:05:06.000]  [WriteStatusToFile] ErrorCode:0 INFO: Done Sending the status.
[2026-01-29 23:05:36.000]  [FindProcessById] ErrorCode:0 INFO: Attempt to find the process MetricsExtension.Native.exe with ID: 5620.
[2026-01-29 23:05:36.000]  [FindProcessById] ErrorCode:0 INFO: Running Process MetricsExtension.Native.exe found. ID: 5620.
[2026-01-29 23:05:36.000]  [StartMetricsExtension] ErrorCode:0 ERROR: Metrics extension is already running
[2026-01-29 23:05:36.000]  [AggregateHeartbeat] ErrorCode:0 INFO: Start heartbeat aggregation.
[2026-01-29 23:05:36.000]  [QueryRegValueDWORD] ErrorCode:0 INFO: Query Registry for Key:SOFTWARE\Microsoft\Windows Azure\CurrentVersion\AzureMonitorAgentExtension\47.4.1.0, Name:MaServiceProcess
[2026-01-29 23:05:36.000]  [QueryRegValueDWORD] ErrorCode:0 INFO: Query Registry for Key:SOFTWARE\Microsoft\Windows Azure\CurrentVersion\AzureMonitorAgentExtension\47.4.1.0, Name:MaServiceProcess, Value:1904
[2026-01-29 23:05:36.000]  [FindProcessById] ErrorCode:0 INFO: Attempt to find the process MonAgentLauncher.exe with ID: 1904.
[2026-01-29 23:05:36.000]  [FindProcessById] ErrorCode:0 INFO: Running Process MonAgentLauncher.exe found. ID: 1904.
[2026-01-29 23:05:36.000]  [CheckIfMAServiceIsRunByExtension] ErrorCode:0 INFO: The MA process is running based on the m_registry
[2026-01-29 23:05:36.000]  [QueryRegValueDWORD] ErrorCode:0 INFO: Query Registry for Key:SOFTWARE\Microsoft\Windows Azure\CurrentVersion\AzureMonitorAgentExtension\47.4.1.0, Name:AMAMultitenantServiceProcess
[2026-01-29 23:05:36.000]  [QueryRegValueDWORD] ErrorCode:0 ERROR: RegQueryValueExA: failed to query REG_DWORD value, Key:SOFTWARE\Microsoft\Windows Azure\CurrentVersion\AzureMonitorAgentExtension\47.4.1.0, name=AMAMultitenantServiceProcess, error=2, type=0
[2026-01-29 23:05:36.000]  [CheckIfMAServiceIsRunByExtension] ErrorCode:1205 INFO: Unable to read the m_registry for MA process. Assume it is not running.
[2026-01-29 23:05:36.000]  [AggregateHeartbeat] ErrorCode:0 INFO: Configured MA Service is not running on the node.
[2026-01-29 23:05:36.000]  [SetImdsEnvironmentVariable] ErrorCode:0 INFO: Querying IMDS information
[2026-01-29 23:05:36.000]  [SetImdsEnvironmentVariable] ErrorCode:-1 INFO: Preparing to call IMDS. Endpoint: http://169.254.169.254
[2026-01-29 23:05:36.000]  [QueryIMDSEndpoint] ErrorCode:0 INFO: Queried IMDS successfully.
[2026-01-29 23:05:36.000]  [GetValueFromJsonOrDefault] ErrorCode:0 INFO: Read Imds response field with Name:location Value: westus2
[2026-01-29 23:05:36.000]  [GetValueFromJsonOrDefault] ErrorCode:0 INFO: Read Imds response field with Name:name Value: amawin
[2026-01-29 23:05:36.000]  [GetValueFromJsonOrDefault] ErrorCode:0 INFO: Read Imds response field with Name:subscriptionId Value: 351651ce-5feb-4e59-975d-f1f344e2b717
[2026-01-29 23:05:36.000]  [GetValueFromJsonOrDefault] ErrorCode:0 INFO: Read Imds response field with Name:vmId Value: 22afd636-aec1-4782-9055-f85ea283dc20
[2026-01-29 23:05:36.000]  [GetValueFromJsonOrDefault] ErrorCode:0 INFO: Read Imds response field with Name:vmScaleSetName Value: 
[2026-01-29 23:05:36.000]  [GetValueFromJsonOrDefault] ErrorCode:0 INFO: Read Imds response field with Name:resourceGroupName Value: AMAWIN_GROUP
[2026-01-29 23:05:36.000]  [GetValueFromJsonOrDefault] ErrorCode:0 INFO: Read Imds response field with Name:osType Value: Windows
[2026-01-29 23:05:36.000]  [GetValueFromJsonOrDefault] ErrorCode:0 INFO: Read Imds response field with Name:resourceId Value: /subscriptions/351651ce-5feb-4e59-975d-f1f344e2b717/resourceGroups/AMAWIN_GROUP/providers/Microsoft.Compute/virtualMachines/amawin
[2026-01-29 23:05:36.000]  [GetValueFromJsonOrDefault] ErrorCode:0 INFO: Read Imds response field with Name:azEnvironment Value: AzurePublicCloud
[2026-01-29 23:05:36.000]  [SetImdsEnvironmentVariable] ErrorCode:0 INFO: Successfully set Environment variables from Imds
[2026-01-29 23:05:36.000]  [AggregateHeartbeat] ErrorCode:0 INFO: Completed heartbeat aggregation.
[2026-01-29 23:05:36.000]  [WriteHeartbeatToFile] ErrorCode:0 INFO: Sending the heartbeat.
[2026-01-29 23:05:36.000]  [WriteHeartbeatToFile] ErrorCode:0 INFO: Done Sending the heartbeat.
[2026-01-29 23:05:36.000]  [WriteStatusToFile] ErrorCode:0 INFO: Sending the status.
[2026-01-29 23:05:36.000]  [WriteStatusToFile] ErrorCode:0 INFO: Done Sending the status.
[2026-01-29 23:06:06.000]  [WriteHeartbeatToFile] ErrorCode:0 INFO: Sending the heartbeat.
[2026-01-29 23:06:06.000]  [WriteHeartbeatToFile] ErrorCode:0 INFO: Done Sending the heartbeat.
[2026-01-29 23:06:06.000]  [WriteStatusToFile] ErrorCode:0 INFO: Sending the status.
[2026-01-29 23:06:06.000]  [WriteStatusToFile] ErrorCode:0 INFO: Done Sending the status.
[2026-01-29 23:06:36.000]  [FindProcessById] ErrorCode:0 INFO: Attempt to find the process MetricsExtension.Native.exe with ID: 5620.
[2026-01-29 23:06:36.000]  [FindProcessById] ErrorCode:0 INFO: Running Process MetricsExtension.Native.exe found. ID: 5620.
[2026-01-29 23:06:36.000]  [StartMetricsExtension] ErrorCode:0 ERROR: Metrics extension is already running
[2026-01-29 23:06:36.000]  [WriteHeartbeatToFile] ErrorCode:0 INFO: Sending the heartbeat.
[2026-01-29 23:06:36.000]  [WriteHeartbeatToFile] ErrorCode:0 INFO: Done Sending the heartbeat.
[2026-01-29 23:06:36.000]  [WriteStatusToFile] ErrorCode:0 INFO: Sending the status.
[2026-01-29 23:06:36.000]  [WriteStatusToFile] ErrorCode:0 INFO: Done Sending the status.
[2026-01-29 23:07:06.000]  [WriteHeartbeatToFile] ErrorCode:0 INFO: Sending the heartbeat.
[2026-01-29 23:07:06.000]  [WriteHeartbeatToFile] ErrorCode:0 INFO: Done Sending the heartbeat.
[2026-01-29 23:07:06.000]  [WriteStatusToFile] ErrorCode:0 INFO: Sending the status.
[2026-01-29 23:07:06.000]  [WriteStatusToFile] ErrorCode:0 INFO: Done Sending the status.
[2026-01-29 23:07:36.000]  [FindProcessById] ErrorCode:0 INFO: Attempt to find the process MetricsExtension.Native.exe with ID: 5620.
[2026-01-29 23:07:36.000]  [FindProcessById] ErrorCode:0 INFO: Running Process MetricsExtension.Native.exe found. ID: 5620.
[2026-01-29 23:07:36.000]  [StartMetricsExtension] ErrorCode:0 ERROR: Metrics extension is already running
[2026-01-29 23:07:36.000]  [WriteHeartbeatToFile] ErrorCode:0 INFO: Sending the heartbeat.
[2026-01-29 23:07:36.000]  [WriteHeartbeatToFile] ErrorCode:0 INFO: Done Sending the heartbeat.
[2026-01-29 23:07:36.000]  [WriteStatusToFile] ErrorCode:0 INFO: Sending the status.
[2026-01-29 23:07:36.000]  [WriteStatusToFile] ErrorCode:0 INFO: Done Sending the status.
[2026-01-29 23:08:06.000]  [WriteHeartbeatToFile] ErrorCode:0 INFO: Sending the heartbeat.
[2026-01-29 23:08:06.000]  [WriteHeartbeatToFile] ErrorCode:0 INFO: Done Sending the heartbeat.
[2026-01-29 23:08:06.000]  [WriteStatusToFile] ErrorCode:0 INFO: Sending the status.
[2026-01-29 23:08:06.000]  [WriteStatusToFile] ErrorCode:0 INFO: Done Sending the status.
[2026-01-29 23:08:36.000]  [FindProcessById] ErrorCode:0 INFO: Attempt to find the process MetricsExtension.Native.exe with ID: 5620.
[2026-01-29 23:08:36.000]  [FindProcessById] ErrorCode:0 INFO: Running Process MetricsExtension.Native.exe found. ID: 5620.
[2026-01-29 23:08:36.000]  [StartMetricsExtension] ErrorCode:0 ERROR: Metrics extension is already running
[2026-01-29 23:08:36.000]  [WriteHeartbeatToFile] ErrorCode:0 INFO: Sending the heartbeat.
[2026-01-29 23:08:36.000]  [WriteHeartbeatToFile] ErrorCode:0 INFO: Done Sending the heartbeat.
[2026-01-29 23:08:36.000]  [WriteStatusToFile] ErrorCode:0 INFO: Sending the status.
[2026-01-29 23:08:36.000]  [WriteStatusToFile] ErrorCode:0 INFO: Done Sending the status.
[2026-01-29 23:09:06.000]  [WriteHeartbeatToFile] ErrorCode:0 INFO: Sending the heartbeat.
[2026-01-29 23:09:06.000]  [WriteHeartbeatToFile] ErrorCode:0 INFO: Done Sending the heartbeat.
[2026-01-29 23:09:06.000]  [WriteStatusToFile] ErrorCode:0 INFO: Sending the status.
[2026-01-29 23:09:06.000]  [WriteStatusToFile] ErrorCode:0 INFO: Done Sending the status.
[2026-01-29 23:09:36.000]  [FindProcessById] ErrorCode:0 INFO: Attempt to find the process MetricsExtension.Native.exe with ID: 5620.
[2026-01-29 23:09:36.000]  [FindProcessById] ErrorCode:0 INFO: Running Process MetricsExtension.Native.exe found. ID: 5620.
[2026-01-29 23:09:36.000]  [StartMetricsExtension] ErrorCode:0 ERROR: Metrics extension is already running
[2026-01-29 23:09:36.000]  [WriteHeartbeatToFile] ErrorCode:0 INFO: Sending the heartbeat.
[2026-01-29 23:09:36.000]  [WriteHeartbeatToFile] ErrorCode:0 INFO: Done Sending the heartbeat.
[2026-01-29 23:09:36.000]  [WriteStatusToFile] ErrorCode:0 INFO: Sending the status.
[2026-01-29 23:09:36.000]  [WriteStatusToFile] ErrorCode:0 INFO: Done Sending the status.
[2026-01-29 23:10:06.000]  [WriteHeartbeatToFile] ErrorCode:0 INFO: Sending the heartbeat.
[2026-01-29 23:10:06.000]  [WriteHeartbeatToFile] ErrorCode:0 INFO: Done Sending the heartbeat.
[2026-01-29 23:10:06.000]  [WriteStatusToFile] ErrorCode:0 INFO: Sending the status.
[2026-01-29 23:10:06.000]  [WriteStatusToFile] ErrorCode:0 INFO: Done Sending the status.
[2026-01-29 23:10:36.000]  [FindProcessById] ErrorCode:0 INFO: Attempt to find the process MetricsExtension.Native.exe with ID: 5620.
[2026-01-29 23:10:36.000]  [FindProcessById] ErrorCode:0 INFO: Running Process MetricsExtension.Native.exe found. ID: 5620.
[2026-01-29 23:10:36.000]  [StartMetricsExtension] ErrorCode:0 ERROR: Metrics extension is already running
[2026-01-29 23:10:36.000]  [AggregateHeartbeat] ErrorCode:0 INFO: Start heartbeat aggregation.
[2026-01-29 23:10:36.000]  [QueryRegValueDWORD] ErrorCode:0 INFO: Query Registry for Key:SOFTWARE\Microsoft\Windows Azure\CurrentVersion\AzureMonitorAgentExtension\47.4.1.0, Name:MaServiceProcess
[2026-01-29 23:10:36.000]  [QueryRegValueDWORD] ErrorCode:0 INFO: Query Registry for Key:SOFTWARE\Microsoft\Windows Azure\CurrentVersion\AzureMonitorAgentExtension\47.4.1.0, Name:MaServiceProcess, Value:1904
[2026-01-29 23:10:36.000]  [FindProcessById] ErrorCode:0 INFO: Attempt to find the process MonAgentLauncher.exe with ID: 1904.
[2026-01-29 23:10:36.000]  [FindProcessById] ErrorCode:0 INFO: Running Process MonAgentLauncher.exe found. ID: 1904.
[2026-01-29 23:10:36.000]  [CheckIfMAServiceIsRunByExtension] ErrorCode:0 INFO: The MA process is running based on the m_registry
[2026-01-29 23:10:36.000]  [QueryRegValueDWORD] ErrorCode:0 INFO: Query Registry for Key:SOFTWARE\Microsoft\Windows Azure\CurrentVersion\AzureMonitorAgentExtension\47.4.1.0, Name:AMAMultitenantServiceProcess
[2026-01-29 23:10:36.000]  [QueryRegValueDWORD] ErrorCode:0 ERROR: RegQueryValueExA: failed to query REG_DWORD value, Key:SOFTWARE\Microsoft\Windows Azure\CurrentVersion\AzureMonitorAgentExtension\47.4.1.0, name=AMAMultitenantServiceProcess, error=2, type=0
[2026-01-29 23:10:36.000]  [CheckIfMAServiceIsRunByExtension] ErrorCode:1205 INFO: Unable to read the m_registry for MA process. Assume it is not running.
[2026-01-29 23:10:36.000]  [AggregateHeartbeat] ErrorCode:0 INFO: Configured MA Service is not running on the node.
[2026-01-29 23:10:36.000]  [SetImdsEnvironmentVariable] ErrorCode:0 INFO: Querying IMDS information
[2026-01-29 23:10:36.000]  [SetImdsEnvironmentVariable] ErrorCode:-1 INFO: Preparing to call IMDS. Endpoint: http://169.254.169.254
[2026-01-29 23:10:36.000]  [QueryIMDSEndpoint] ErrorCode:0 INFO: Queried IMDS successfully.
[2026-01-29 23:10:36.000]  [GetValueFromJsonOrDefault] ErrorCode:0 INFO: Read Imds response field with Name:location Value: westus2
[2026-01-29 23:10:36.000]  [GetValueFromJsonOrDefault] ErrorCode:0 INFO: Read Imds response field with Name:name Value: amawin
[2026-01-29 23:10:36.000]  [GetValueFromJsonOrDefault] ErrorCode:0 INFO: Read Imds response field with Name:subscriptionId Value: 351651ce-5feb-4e59-975d-f1f344e2b717
[2026-01-29 23:10:36.000]  [GetValueFromJsonOrDefault] ErrorCode:0 INFO: Read Imds response field with Name:vmId Value: 22afd636-aec1-4782-9055-f85ea283dc20
[2026-01-29 23:10:36.000]  [GetValueFromJsonOrDefault] ErrorCode:0 INFO: Read Imds response field with Name:vmScaleSetName Value: 
[2026-01-29 23:10:36.000]  [GetValueFromJsonOrDefault] ErrorCode:0 INFO: Read Imds response field with Name:resourceGroupName Value: AMAWIN_GROUP
[2026-01-29 23:10:36.000]  [GetValueFromJsonOrDefault] ErrorCode:0 INFO: Read Imds response field with Name:osType Value: Windows
[2026-01-29 23:10:36.000]  [GetValueFromJsonOrDefault] ErrorCode:0 INFO: Read Imds response field with Name:resourceId Value: /subscriptions/351651ce-5feb-4e59-975d-f1f344e2b717/resourceGroups/AMAWIN_GROUP/providers/Microsoft.Compute/virtualMachines/amawin
[2026-01-29 23:10:36.000]  [GetValueFromJsonOrDefault] ErrorCode:0 INFO: Read Imds response field with Name:azEnvironment Value: AzurePublicCloud
[2026-01-29 23:10:36.000]  [SetImdsEnvironmentVariable] ErrorCode:0 INFO: Successfully set Environment variables from Imds
[2026-01-29 23:10:36.000]  [AggregateHeartbeat] ErrorCode:0 INFO: Completed heartbeat aggregation.
[2026-01-29 23:10:36.000]  [WriteHeartbeatToFile] ErrorCode:0 INFO: Sending the heartbeat.
[2026-01-29 23:10:36.000]  [WriteHeartbeatToFile] ErrorCode:0 INFO: Done Sending the heartbeat.
[2026-01-29 23:10:36.000]  [WriteStatusToFile] ErrorCode:0 INFO: Sending the status.
[2026-01-29 23:10:36.000]  [WriteStatusToFile] ErrorCode:0 INFO: Done Sending the status.
[2026-01-29 23:11:06.000]  [WriteHeartbeatToFile] ErrorCode:0 INFO: Sending the heartbeat.
[2026-01-29 23:11:06.000]  [WriteHeartbeatToFile] ErrorCode:0 INFO: Done Sending the heartbeat.
[2026-01-29 23:11:06.000]  [WriteStatusToFile] ErrorCode:0 INFO: Sending the status.
[2026-01-29 23:11:06.000]  [WriteStatusToFile] ErrorCode:0 INFO: Done Sending the status.
[2026-01-29 23:11:36.000]  [FindProcessById] ErrorCode:0 INFO: Attempt to find the process MetricsExtension.Native.exe with ID: 5620.
[2026-01-29 23:11:36.000]  [FindProcessById] ErrorCode:0 INFO: Running Process MetricsExtension.Native.exe found. ID: 5620.
[2026-01-29 23:11:36.000]  [StartMetricsExtension] ErrorCode:0 ERROR: Metrics extension is already running
[2026-01-29 23:11:36.000]  [WriteHeartbeatToFile] ErrorCode:0 INFO: Sending the heartbeat.
[2026-01-29 23:11:36.000]  [WriteHeartbeatToFile] ErrorCode:0 INFO: Done Sending the heartbeat.
[2026-01-29 23:11:36.000]  [WriteStatusToFile] ErrorCode:0 INFO: Sending the status.
[2026-01-29 23:11:36.000]  [WriteStatusToFile] ErrorCode:0 INFO: Done Sending the status.
[2026-01-29 23:12:06.000]  [WriteHeartbeatToFile] ErrorCode:0 INFO: Sending the heartbeat.
[2026-01-29 23:12:06.000]  [WriteHeartbeatToFile] ErrorCode:0 INFO: Done Sending the heartbeat.
[2026-01-29 23:12:06.000]  [WriteStatusToFile] ErrorCode:0 INFO: Sending the status.
[2026-01-29 23:12:06.000]  [WriteStatusToFile] ErrorCode:0 INFO: Done Sending the status.
[2026-01-29 23:12:36.000]  [FindProcessById] ErrorCode:0 INFO: Attempt to find the process MetricsExtension.Native.exe with ID: 5620.
[2026-01-29 23:12:36.000]  [FindProcessById] ErrorCode:0 INFO: Running Process MetricsExtension.Native.exe found. ID: 5620.
[2026-01-29 23:12:36.000]  [StartMetricsExtension] ErrorCode:0 ERROR: Metrics extension is already running
[2026-01-29 23:12:36.000]  [WriteHeartbeatToFile] ErrorCode:0 INFO: Sending the heartbeat.
[2026-01-29 23:12:36.000]  [WriteHeartbeatToFile] ErrorCode:0 INFO: Done Sending the heartbeat.
[2026-01-29 23:12:36.000]  [WriteStatusToFile] ErrorCode:0 INFO: Sending the status.
[2026-01-29 23:12:36.000]  [WriteStatusToFile] ErrorCode:0 INFO: Done Sending the status.
[2026-01-29 23:13:06.000]  [WriteHeartbeatToFile] ErrorCode:0 INFO: Sending the heartbeat.
[2026-01-29 23:13:06.000]  [WriteHeartbeatToFile] ErrorCode:0 INFO: Done Sending the heartbeat.
[2026-01-29 23:13:06.000]  [WriteStatusToFile] ErrorCode:0 INFO: Sending the status.
[2026-01-29 23:13:06.000]  [WriteStatusToFile] ErrorCode:0 INFO: Done Sending the status.
[2026-01-29 23:13:36.000]  [FindProcessById] ErrorCode:0 INFO: Attempt to find the process MetricsExtension.Native.exe with ID: 5620.
[2026-01-29 23:13:36.000]  [FindProcessById] ErrorCode:0 INFO: Running Process MetricsExtension.Native.exe found. ID: 5620.
[2026-01-29 23:13:36.000]  [StartMetricsExtension] ErrorCode:0 ERROR: Metrics extension is already running
[2026-01-29 23:13:36.000]  [WriteHeartbeatToFile] ErrorCode:0 INFO: Sending the heartbeat.
[2026-01-29 23:13:36.000]  [WriteHeartbeatToFile] ErrorCode:0 INFO: Done Sending the heartbeat.
[2026-01-29 23:13:36.000]  [WriteStatusToFile] ErrorCode:0 INFO: Sending the status.
[2026-01-29 23:13:36.000]  [WriteStatusToFile] ErrorCode:0 INFO: Done Sending the status.
[2026-01-29 23:14:06.000]  [WriteHeartbeatToFile] ErrorCode:0 INFO: Sending the heartbeat.
[2026-01-29 23:14:06.000]  [WriteHeartbeatToFile] ErrorCode:0 INFO: Done Sending the heartbeat.
[2026-01-29 23:14:06.000]  [WriteStatusToFile] ErrorCode:0 INFO: Sending the status.
[2026-01-29 23:14:06.000]  [WriteStatusToFile] ErrorCode:0 INFO: Done Sending the status.
[2026-01-29 23:14:36.000]  [FindProcessById] ErrorCode:0 INFO: Attempt to find the process MetricsExtension.Native.exe with ID: 5620.
[2026-01-29 23:14:36.000]  [FindProcessById] ErrorCode:0 INFO: Running Process MetricsExtension.Native.exe found. ID: 5620.
[2026-01-29 23:14:36.000]  [StartMetricsExtension] ErrorCode:0 ERROR: Metrics extension is already running
[2026-01-29 23:14:36.000]  [WriteHeartbeatToFile] ErrorCode:0 INFO: Sending the heartbeat.
[2026-01-29 23:14:36.000]  [WriteHeartbeatToFile] ErrorCode:0 INFO: Done Sending the heartbeat.
[2026-01-29 23:14:36.000]  [WriteStatusToFile] ErrorCode:0 INFO: Sending the status.
[2026-01-29 23:14:36.000]  [WriteStatusToFile] ErrorCode:0 INFO: Done Sending the status.
[2026-01-29 23:15:06.000]  [WriteHeartbeatToFile] ErrorCode:0 INFO: Sending the heartbeat.
[2026-01-29 23:15:06.000]  [WriteHeartbeatToFile] ErrorCode:0 INFO: Done Sending the heartbeat.
[2026-01-29 23:15:06.000]  [WriteStatusToFile] ErrorCode:0 INFO: Sending the status.
[2026-01-29 23:15:06.000]  [WriteStatusToFile] ErrorCode:0 INFO: Done Sending the status.
[2026-01-29 23:15:36.000]  [FindProcessById] ErrorCode:0 INFO: Attempt to find the process MetricsExtension.Native.exe with ID: 5620.
[2026-01-29 23:15:36.000]  [FindProcessById] ErrorCode:0 INFO: Running Process MetricsExtension.Native.exe found. ID: 5620.
[2026-01-29 23:15:36.000]  [StartMetricsExtension] ErrorCode:0 ERROR: Metrics extension is already running
[2026-01-29 23:15:36.000]  [AggregateHeartbeat] ErrorCode:0 INFO: Start heartbeat aggregation.
[2026-01-29 23:15:36.000]  [QueryRegValueDWORD] ErrorCode:0 INFO: Query Registry for Key:SOFTWARE\Microsoft\Windows Azure\CurrentVersion\AzureMonitorAgentExtension\47.4.1.0, Name:MaServiceProcess
[2026-01-29 23:15:36.000]  [QueryRegValueDWORD] ErrorCode:0 INFO: Query Registry for Key:SOFTWARE\Microsoft\Windows Azure\CurrentVersion\AzureMonitorAgentExtension\47.4.1.0, Name:MaServiceProcess, Value:1904
[2026-01-29 23:15:36.000]  [FindProcessById] ErrorCode:0 INFO: Attempt to find the process MonAgentLauncher.exe with ID: 1904.
[2026-01-29 23:15:36.000]  [FindProcessById] ErrorCode:0 INFO: Running Process MonAgentLauncher.exe found. ID: 1904.
[2026-01-29 23:15:36.000]  [CheckIfMAServiceIsRunByExtension] ErrorCode:0 INFO: The MA process is running based on the m_registry
[2026-01-29 23:15:36.000]  [QueryRegValueDWORD] ErrorCode:0 INFO: Query Registry for Key:SOFTWARE\Microsoft\Windows Azure\CurrentVersion\AzureMonitorAgentExtension\47.4.1.0, Name:AMAMultitenantServiceProcess
[2026-01-29 23:15:36.000]  [QueryRegValueDWORD] ErrorCode:0 ERROR: RegQueryValueExA: failed to query REG_DWORD value, Key:SOFTWARE\Microsoft\Windows Azure\CurrentVersion\AzureMonitorAgentExtension\47.4.1.0, name=AMAMultitenantServiceProcess, error=2, type=0
[2026-01-29 23:15:36.000]  [CheckIfMAServiceIsRunByExtension] ErrorCode:1205 INFO: Unable to read the m_registry for MA process. Assume it is not running.
[2026-01-29 23:15:36.000]  [AggregateHeartbeat] ErrorCode:0 INFO: Configured MA Service is not running on the node.
[2026-01-29 23:15:36.000]  [SetImdsEnvironmentVariable] ErrorCode:0 INFO: Querying IMDS information
[2026-01-29 23:15:36.000]  [SetImdsEnvironmentVariable] ErrorCode:-1 INFO: Preparing to call IMDS. Endpoint: http://169.254.169.254
[2026-01-29 23:15:36.000]  [QueryIMDSEndpoint] ErrorCode:0 INFO: Queried IMDS successfully.
[2026-01-29 23:15:36.000]  [GetValueFromJsonOrDefault] ErrorCode:0 INFO: Read Imds response field with Name:location Value: westus2
[2026-01-29 23:15:36.000]  [GetValueFromJsonOrDefault] ErrorCode:0 INFO: Read Imds response field with Name:name Value: amawin
[2026-01-29 23:15:36.000]  [GetValueFromJsonOrDefault] ErrorCode:0 INFO: Read Imds response field with Name:subscriptionId Value: 351651ce-5feb-4e59-975d-f1f344e2b717
[2026-01-29 23:15:36.000]  [GetValueFromJsonOrDefault] ErrorCode:0 INFO: Read Imds response field with Name:vmId Value: 22afd636-aec1-4782-9055-f85ea283dc20
[2026-01-29 23:15:36.000]  [GetValueFromJsonOrDefault] ErrorCode:0 INFO: Read Imds response field with Name:vmScaleSetName Value: 
[2026-01-29 23:15:36.000]  [GetValueFromJsonOrDefault] ErrorCode:0 INFO: Read Imds response field with Name:resourceGroupName Value: AMAWIN_GROUP
[2026-01-29 23:15:36.000]  [GetValueFromJsonOrDefault] ErrorCode:0 INFO: Read Imds response field with Name:osType Value: Windows
[2026-01-29 23:15:36.000]  [GetValueFromJsonOrDefault] ErrorCode:0 INFO: Read Imds response field with Name:resourceId Value: /subscriptions/351651ce-5feb-4e59-975d-f1f344e2b717/resourceGroups/AMAWIN_GROUP/providers/Microsoft.Compute/virtualMachines/amawin
[2026-01-29 23:15:36.000]  [GetValueFromJsonOrDefault] ErrorCode:0 INFO: Read Imds response field with Name:azEnvironment Value: AzurePublicCloud
[2026-01-29 23:15:36.000]  [SetImdsEnvironmentVariable] ErrorCode:0 INFO: Successfully set Environment variables from Imds
[2026-01-29 23:15:36.000]  [AggregateHeartbeat] ErrorCode:0 INFO: Completed heartbeat aggregation.
[2026-01-29 23:15:36.000]  [WriteHeartbeatToFile] ErrorCode:0 INFO: Sending the heartbeat.
[2026-01-29 23:15:36.000]  [WriteHeartbeatToFile] ErrorCode:0 INFO: Done Sending the heartbeat.
[2026-01-29 23:15:36.000]  [WriteStatusToFile] ErrorCode:0 INFO: Sending the status.
[2026-01-29 23:15:36.000]  [WriteStatusToFile] ErrorCode:0 INFO: Done Sending the status.
[2026-01-29 23:16:06.000]  [WriteHeartbeatToFile] ErrorCode:0 INFO: Sending the heartbeat.
[2026-01-29 23:16:06.000]  [WriteHeartbeatToFile] ErrorCode:0 INFO: Done Sending the heartbeat.
[2026-01-29 23:16:06.000]  [WriteStatusToFile] ErrorCode:0 INFO: Sending the status.
[2026-01-29 23:16:06.000]  [WriteStatusToFile] ErrorCode:0 INFO: Done Sending the status.
[2026-01-29 23:16:36.000]  [FindProcessById] ErrorCode:0 INFO: Attempt to find the process MetricsExtension.Native.exe with ID: 5620.
[2026-01-29 23:16:36.000]  [FindProcessById] ErrorCode:0 INFO: Running Process MetricsExtension.Native.exe found. ID: 5620.
[2026-01-29 23:16:36.000]  [StartMetricsExtension] ErrorCode:0 ERROR: Metrics extension is already running
[2026-01-29 23:16:36.000]  [WriteHeartbeatToFile] ErrorCode:0 INFO: Sending the heartbeat.
[2026-01-29 23:16:36.000]  [WriteHeartbeatToFile] ErrorCode:0 INFO: Done Sending the heartbeat.
[2026-01-29 23:16:36.000]  [WriteStatusToFile] ErrorCode:0 INFO: Sending the status.
[2026-01-29 23:16:36.000]  [WriteStatusToFile] ErrorCode:0 INFO: Done Sending the status.
[2026-01-29 23:17:06.000]  [WriteHeartbeatToFile] ErrorCode:0 INFO: Sending the heartbeat.
[2026-01-29 23:17:06.000]  [WriteHeartbeatToFile] ErrorCode:0 INFO: Done Sending the heartbeat.
[2026-01-29 23:17:06.000]  [WriteStatusToFile] ErrorCode:0 INFO: Sending the status.
[2026-01-29 23:17:06.000]  [WriteStatusToFile] ErrorCode:0 INFO: Done Sending the status.
[2026-01-29 23:17:36.000]  [FindProcessById] ErrorCode:0 INFO: Attempt to find the process MetricsExtension.Native.exe with ID: 5620.
[2026-01-29 23:17:36.000]  [FindProcessById] ErrorCode:0 INFO: Running Process MetricsExtension.Native.exe found. ID: 5620.
[2026-01-29 23:17:36.000]  [StartMetricsExtension] ErrorCode:0 ERROR: Metrics extension is already running
[2026-01-29 23:17:36.000]  [WriteHeartbeatToFile] ErrorCode:0 INFO: Sending the heartbeat.
[2026-01-29 23:17:36.000]  [WriteHeartbeatToFile] ErrorCode:0 INFO: Done Sending the heartbeat.
[2026-01-29 23:17:36.000]  [WriteStatusToFile] ErrorCode:0 INFO: Sending the status.
[2026-01-29 23:17:36.000]  [WriteStatusToFile] ErrorCode:0 INFO: Done Sending the status.
[2026-01-29 23:18:06.000]  [WriteHeartbeatToFile] ErrorCode:0 INFO: Sending the heartbeat.
[2026-01-29 23:18:06.000]  [WriteHeartbeatToFile] ErrorCode:0 INFO: Done Sending the heartbeat.
[2026-01-29 23:18:06.000]  [WriteStatusToFile] ErrorCode:0 INFO: Sending the status.
[2026-01-29 23:18:06.000]  [WriteStatusToFile] ErrorCode:0 INFO: Done Sending the status.
[2026-01-29 23:18:36.000]  [FindProcessById] ErrorCode:0 INFO: Attempt to find the process MetricsExtension.Native.exe with ID: 5620.
[2026-01-29 23:18:36.000]  [FindProcessById] ErrorCode:0 INFO: Running Process MetricsExtension.Native.exe found. ID: 5620.
[2026-01-29 23:18:36.000]  [StartMetricsExtension] ErrorCode:0 ERROR: Metrics extension is already running
[2026-01-29 23:18:36.000]  [WriteHeartbeatToFile] ErrorCode:0 INFO: Sending the heartbeat.
[2026-01-29 23:18:36.000]  [WriteHeartbeatToFile] ErrorCode:0 INFO: Done Sending the heartbeat.
[2026-01-29 23:18:36.000]  [WriteStatusToFile] ErrorCode:0 INFO: Sending the status.
[2026-01-29 23:18:36.000]  [WriteStatusToFile] ErrorCode:0 INFO: Done Sending the status.
[2026-01-29 23:19:06.000]  [WriteHeartbeatToFile] ErrorCode:0 INFO: Sending the heartbeat.
[2026-01-29 23:19:06.000]  [WriteHeartbeatToFile] ErrorCode:0 INFO: Done Sending the heartbeat.
[2026-01-29 23:19:06.000]  [WriteStatusToFile] ErrorCode:0 INFO: Sending the status.
[2026-01-29 23:19:06.000]  [WriteStatusToFile] ErrorCode:0 INFO: Done Sending the status.
[2026-01-29 23:19:36.000]  [FindProcessById] ErrorCode:0 INFO: Attempt to find the process MetricsExtension.Native.exe with ID: 5620.
[2026-01-29 23:19:36.000]  [FindProcessById] ErrorCode:0 INFO: Running Process MetricsExtension.Native.exe found. ID: 5620.
[2026-01-29 23:19:36.000]  [StartMetricsExtension] ErrorCode:0 ERROR: Metrics extension is already running
[2026-01-29 23:19:36.000]  [WriteHeartbeatToFile] ErrorCode:0 INFO: Sending the heartbeat.
[2026-01-29 23:19:36.000]  [WriteHeartbeatToFile] ErrorCode:0 INFO: Done Sending the heartbeat.
[2026-01-29 23:19:36.000]  [WriteStatusToFile] ErrorCode:0 INFO: Sending the status.
[2026-01-29 23:19:36.000]  [WriteStatusToFile] ErrorCode:0 INFO: Done Sending the status.
[2026-01-29 23:20:06.000]  [WriteHeartbeatToFile] ErrorCode:0 INFO: Sending the heartbeat.
[2026-01-29 23:20:06.000]  [WriteHeartbeatToFile] ErrorCode:0 INFO: Done Sending the heartbeat.
[2026-01-29 23:20:06.000]  [WriteStatusToFile] ErrorCode:0 INFO: Sending the status.
[2026-01-29 23:20:06.000]  [WriteStatusToFile] ErrorCode:0 INFO: Done Sending the status.
[2026-01-29 23:20:36.000]  [FindProcessById] ErrorCode:0 INFO: Attempt to find the process MetricsExtension.Native.exe with ID: 5620.
[2026-01-29 23:20:36.000]  [FindProcessById] ErrorCode:0 INFO: Running Process MetricsExtension.Native.exe found. ID: 5620.
[2026-01-29 23:20:36.000]  [StartMetricsExtension] ErrorCode:0 ERROR: Metrics extension is already running
[2026-01-29 23:20:36.000]  [AggregateHeartbeat] ErrorCode:0 INFO: Start heartbeat aggregation.
[2026-01-29 23:20:36.000]  [QueryRegValueDWORD] ErrorCode:0 INFO: Query Registry for Key:SOFTWARE\Microsoft\Windows Azure\CurrentVersion\AzureMonitorAgentExtension\47.4.1.0, Name:MaServiceProcess
[2026-01-29 23:20:36.000]  [QueryRegValueDWORD] ErrorCode:0 INFO: Query Registry for Key:SOFTWARE\Microsoft\Windows Azure\CurrentVersion\AzureMonitorAgentExtension\47.4.1.0, Name:MaServiceProcess, Value:1904
[2026-01-29 23:20:36.000]  [FindProcessById] ErrorCode:0 INFO: Attempt to find the process MonAgentLauncher.exe with ID: 1904.
[2026-01-29 23:20:36.000]  [FindProcessById] ErrorCode:0 INFO: Running Process MonAgentLauncher.exe found. ID: 1904.
[2026-01-29 23:20:36.000]  [CheckIfMAServiceIsRunByExtension] ErrorCode:0 INFO: The MA process is running based on the m_registry
[2026-01-29 23:20:36.000]  [QueryRegValueDWORD] ErrorCode:0 INFO: Query Registry for Key:SOFTWARE\Microsoft\Windows Azure\CurrentVersion\AzureMonitorAgentExtension\47.4.1.0, Name:AMAMultitenantServiceProcess
[2026-01-29 23:20:36.000]  [QueryRegValueDWORD] ErrorCode:0 ERROR: RegQueryValueExA: failed to query REG_DWORD value, Key:SOFTWARE\Microsoft\Windows Azure\CurrentVersion\AzureMonitorAgentExtension\47.4.1.0, name=AMAMultitenantServiceProcess, error=2, type=0
[2026-01-29 23:20:36.000]  [CheckIfMAServiceIsRunByExtension] ErrorCode:1205 INFO: Unable to read the m_registry for MA process. Assume it is not running.
[2026-01-29 23:20:36.000]  [AggregateHeartbeat] ErrorCode:0 INFO: Configured MA Service is not running on the node.
[2026-01-29 23:20:36.000]  [SetImdsEnvironmentVariable] ErrorCode:0 INFO: Querying IMDS information
[2026-01-29 23:20:36.000]  [SetImdsEnvironmentVariable] ErrorCode:-1 INFO: Preparing to call IMDS. Endpoint: http://169.254.169.254
[2026-01-29 23:20:36.000]  [QueryIMDSEndpoint] ErrorCode:0 INFO: Queried IMDS successfully.
[2026-01-29 23:20:36.000]  [GetValueFromJsonOrDefault] ErrorCode:0 INFO: Read Imds response field with Name:location Value: westus2
[2026-01-29 23:20:36.000]  [GetValueFromJsonOrDefault] ErrorCode:0 INFO: Read Imds response field with Name:name Value: amawin
[2026-01-29 23:20:36.000]  [GetValueFromJsonOrDefault] ErrorCode:0 INFO: Read Imds response field with Name:subscriptionId Value: 351651ce-5feb-4e59-975d-f1f344e2b717
[2026-01-29 23:20:36.000]  [GetValueFromJsonOrDefault] ErrorCode:0 INFO: Read Imds response field with Name:vmId Value: 22afd636-aec1-4782-9055-f85ea283dc20
[2026-01-29 23:20:36.000]  [GetValueFromJsonOrDefault] ErrorCode:0 INFO: Read Imds response field with Name:vmScaleSetName Value: 
[2026-01-29 23:20:36.000]  [GetValueFromJsonOrDefault] ErrorCode:0 INFO: Read Imds response field with Name:resourceGroupName Value: AMAWIN_GROUP
[2026-01-29 23:20:36.000]  [GetValueFromJsonOrDefault] ErrorCode:0 INFO: Read Imds response field with Name:osType Value: Windows
[2026-01-29 23:20:36.000]  [GetValueFromJsonOrDefault] ErrorCode:0 INFO: Read Imds response field with Name:resourceId Value: /subscriptions/351651ce-5feb-4e59-975d-f1f344e2b717/resourceGroups/AMAWIN_GROUP/providers/Microsoft.Compute/virtualMachines/amawin
[2026-01-29 23:20:36.000]  [GetValueFromJsonOrDefault] ErrorCode:0 INFO: Read Imds response field with Name:azEnvironment Value: AzurePublicCloud
[2026-01-29 23:20:36.000]  [SetImdsEnvironmentVariable] ErrorCode:0 INFO: Successfully set Environment variables from Imds
[2026-01-29 23:20:36.000]  [AggregateHeartbeat] ErrorCode:0 INFO: Completed heartbeat aggregation.
[2026-01-29 23:20:36.000]  [WriteHeartbeatToFile] ErrorCode:0 INFO: Sending the heartbeat.
[2026-01-29 23:20:36.000]  [WriteHeartbeatToFile] ErrorCode:0 INFO: Done Sending the heartbeat.
[2026-01-29 23:20:36.000]  [WriteStatusToFile] ErrorCode:0 INFO: Sending the status.
[2026-01-29 23:20:36.000]  [WriteStatusToFile] ErrorCode:0 INFO: Done Sending the status.
[2026-01-29 23:21:06.000]  [WriteHeartbeatToFile] ErrorCode:0 INFO: Sending the heartbeat.
[2026-01-29 23:21:06.000]  [WriteHeartbeatToFile] ErrorCode:0 INFO: Done Sending the heartbeat.
[2026-01-29 23:21:06.000]  [WriteStatusToFile] ErrorCode:0 INFO: Sending the status.
[2026-01-29 23:21:06.000]  [WriteStatusToFile] ErrorCode:0 INFO: Done Sending the status.
[2026-01-29 23:21:36.000]  [FindProcessById] ErrorCode:0 INFO: Attempt to find the process MetricsExtension.Native.exe with ID: 5620.
[2026-01-29 23:21:36.000]  [FindProcessById] ErrorCode:0 INFO: Running Process MetricsExtension.Native.exe found. ID: 5620.
[2026-01-29 23:21:36.000]  [StartMetricsExtension] ErrorCode:0 ERROR: Metrics extension is already running
[2026-01-29 23:21:36.000]  [WriteHeartbeatToFile] ErrorCode:0 INFO: Sending the heartbeat.
[2026-01-29 23:21:36.000]  [WriteHeartbeatToFile] ErrorCode:0 INFO: Done Sending the heartbeat.
[2026-01-29 23:21:36.000]  [WriteStatusToFile] ErrorCode:0 INFO: Sending the status.
[2026-01-29 23:21:36.000]  [WriteStatusToFile] ErrorCode:0 INFO: Done Sending the status.
[2026-01-29 23:22:06.000]  [WriteHeartbeatToFile] ErrorCode:0 INFO: Sending the heartbeat.
[2026-01-29 23:22:06.000]  [WriteHeartbeatToFile] ErrorCode:0 INFO: Done Sending the heartbeat.
[2026-01-29 23:22:06.000]  [WriteStatusToFile] ErrorCode:0 INFO: Sending the status.
[2026-01-29 23:22:06.000]  [WriteStatusToFile] ErrorCode:0 INFO: Done Sending the status.
[2026-01-29 23:22:36.000]  [FindProcessById] ErrorCode:0 INFO: Attempt to find the process MetricsExtension.Native.exe with ID: 5620.
[2026-01-29 23:22:36.000]  [FindProcessById] ErrorCode:0 INFO: Running Process MetricsExtension.Native.exe found. ID: 5620.
[2026-01-29 23:22:36.000]  [StartMetricsExtension] ErrorCode:0 ERROR: Metrics extension is already running
[2026-01-29 23:22:36.000]  [WriteHeartbeatToFile] ErrorCode:0 INFO: Sending the heartbeat.
[2026-01-29 23:22:36.000]  [WriteHeartbeatToFile] ErrorCode:0 INFO: Done Sending the heartbeat.
[2026-01-29 23:22:36.000]  [WriteStatusToFile] ErrorCode:0 INFO: Sending the status.
[2026-01-29 23:22:36.000]  [WriteStatusToFile] ErrorCode:0 INFO: Done Sending the status.
[2026-01-29 23:23:06.000]  [WriteHeartbeatToFile] ErrorCode:0 INFO: Sending the heartbeat.
[2026-01-29 23:23:06.000]  [WriteHeartbeatToFile] ErrorCode:0 INFO: Done Sending the heartbeat.
[2026-01-29 23:23:06.000]  [WriteStatusToFile] ErrorCode:0 INFO: Sending the status.
[2026-01-29 23:23:06.000]  [WriteStatusToFile] ErrorCode:0 INFO: Done Sending the status.
[2026-01-29 23:23:36.000]  [FindProcessById] ErrorCode:0 INFO: Attempt to find the process MetricsExtension.Native.exe with ID: 5620.
[2026-01-29 23:23:36.000]  [FindProcessById] ErrorCode:0 INFO: Running Process MetricsExtension.Native.exe found. ID: 5620.
[2026-01-29 23:23:36.000]  [StartMetricsExtension] ErrorCode:0 ERROR: Metrics extension is already running
[2026-01-29 23:23:36.000]  [WriteHeartbeatToFile] ErrorCode:0 INFO: Sending the heartbeat.
[2026-01-29 23:23:36.000]  [WriteHeartbeatToFile] ErrorCode:0 INFO: Done Sending the heartbeat.
[2026-01-29 23:23:36.000]  [WriteStatusToFile] ErrorCode:0 INFO: Sending the status.
[2026-01-29 23:23:36.000]  [WriteStatusToFile] ErrorCode:0 INFO: Done Sending the status.
[2026-01-29 23:24:06.000]  [WriteHeartbeatToFile] ErrorCode:0 INFO: Sending the heartbeat.
[2026-01-29 23:24:06.000]  [WriteHeartbeatToFile] ErrorCode:0 INFO: Done Sending the heartbeat.
[2026-01-29 23:24:06.000]  [WriteStatusToFile] ErrorCode:0 INFO: Sending the status.
[2026-01-29 23:24:06.000]  [WriteStatusToFile] ErrorCode:0 INFO: Done Sending the status.
[2026-01-29 23:24:36.000]  [FindProcessById] ErrorCode:0 INFO: Attempt to find the process MetricsExtension.Native.exe with ID: 5620.
[2026-01-29 23:24:36.000]  [FindProcessById] ErrorCode:0 INFO: Running Process MetricsExtension.Native.exe found. ID: 5620.
[2026-01-29 23:24:36.000]  [StartMetricsExtension] ErrorCode:0 ERROR: Metrics extension is already running
[2026-01-29 23:24:36.000]  [WriteHeartbeatToFile] ErrorCode:0 INFO: Sending the heartbeat.
[2026-01-29 23:24:36.000]  [WriteHeartbeatToFile] ErrorCode:0 INFO: Done Sending the heartbeat.
[2026-01-29 23:24:36.000]  [WriteStatusToFile] ErrorCode:0 INFO: Sending the status.
[2026-01-29 23:24:36.000]  [WriteStatusToFile] ErrorCode:0 INFO: Done Sending the status.
[2026-01-29 23:25:06.000]  [WriteHeartbeatToFile] ErrorCode:0 INFO: Sending the heartbeat.
[2026-01-29 23:25:06.000]  [WriteHeartbeatToFile] ErrorCode:0 INFO: Done Sending the heartbeat.
[2026-01-29 23:25:06.000]  [WriteStatusToFile] ErrorCode:0 INFO: Sending the status.
[2026-01-29 23:25:06.000]  [WriteStatusToFile] ErrorCode:0 INFO: Done Sending the status.
[2026-01-29 23:25:36.000]  [FindProcessById] ErrorCode:0 INFO: Attempt to find the process MetricsExtension.Native.exe with ID: 5620.
[2026-01-29 23:25:36.000]  [FindProcessById] ErrorCode:0 INFO: Running Process MetricsExtension.Native.exe found. ID: 5620.
[2026-01-29 23:25:36.000]  [StartMetricsExtension] ErrorCode:0 ERROR: Metrics extension is already running
[2026-01-29 23:25:36.000]  [AggregateHeartbeat] ErrorCode:0 INFO: Start heartbeat aggregation.
[2026-01-29 23:25:36.000]  [QueryRegValueDWORD] ErrorCode:0 INFO: Query Registry for Key:SOFTWARE\Microsoft\Windows Azure\CurrentVersion\AzureMonitorAgentExtension\47.4.1.0, Name:MaServiceProcess
[2026-01-29 23:25:36.000]  [QueryRegValueDWORD] ErrorCode:0 INFO: Query Registry for Key:SOFTWARE\Microsoft\Windows Azure\CurrentVersion\AzureMonitorAgentExtension\47.4.1.0, Name:MaServiceProcess, Value:1904
[2026-01-29 23:25:36.000]  [FindProcessById] ErrorCode:0 INFO: Attempt to find the process MonAgentLauncher.exe with ID: 1904.
[2026-01-29 23:25:36.000]  [FindProcessById] ErrorCode:0 INFO: Running Process MonAgentLauncher.exe found. ID: 1904.
[2026-01-29 23:25:36.000]  [CheckIfMAServiceIsRunByExtension] ErrorCode:0 INFO: The MA process is running based on the m_registry
[2026-01-29 23:25:36.000]  [QueryRegValueDWORD] ErrorCode:0 INFO: Query Registry for Key:SOFTWARE\Microsoft\Windows Azure\CurrentVersion\AzureMonitorAgentExtension\47.4.1.0, Name:AMAMultitenantServiceProcess
[2026-01-29 23:25:36.000]  [QueryRegValueDWORD] ErrorCode:0 ERROR: RegQueryValueExA: failed to query REG_DWORD value, Key:SOFTWARE\Microsoft\Windows Azure\CurrentVersion\AzureMonitorAgentExtension\47.4.1.0, name=AMAMultitenantServiceProcess, error=2, type=0
[2026-01-29 23:25:36.000]  [CheckIfMAServiceIsRunByExtension] ErrorCode:1205 INFO: Unable to read the m_registry for MA process. Assume it is not running.
[2026-01-29 23:25:36.000]  [AggregateHeartbeat] ErrorCode:0 INFO: Configured MA Service is not running on the node.
[2026-01-29 23:25:36.000]  [SetImdsEnvironmentVariable] ErrorCode:0 INFO: Querying IMDS information
[2026-01-29 23:25:36.000]  [SetImdsEnvironmentVariable] ErrorCode:-1 INFO: Preparing to call IMDS. Endpoint: http://169.254.169.254
[2026-01-29 23:25:36.000]  [QueryIMDSEndpoint] ErrorCode:0 INFO: Queried IMDS successfully.
[2026-01-29 23:25:36.000]  [GetValueFromJsonOrDefault] ErrorCode:0 INFO: Read Imds response field with Name:location Value: westus2
[2026-01-29 23:25:36.000]  [GetValueFromJsonOrDefault] ErrorCode:0 INFO: Read Imds response field with Name:name Value: amawin
[2026-01-29 23:25:36.000]  [GetValueFromJsonOrDefault] ErrorCode:0 INFO: Read Imds response field with Name:subscriptionId Value: 351651ce-5feb-4e59-975d-f1f344e2b717
[2026-01-29 23:25:36.000]  [GetValueFromJsonOrDefault] ErrorCode:0 INFO: Read Imds response field with Name:vmId Value: 22afd636-aec1-4782-9055-f85ea283dc20
[2026-01-29 23:25:36.000]  [GetValueFromJsonOrDefault] ErrorCode:0 INFO: Read Imds response field with Name:vmScaleSetName Value: 
[2026-01-29 23:25:36.000]  [GetValueFromJsonOrDefault] ErrorCode:0 INFO: Read Imds response field with Name:resourceGroupName Value: AMAWIN_GROUP
[2026-01-29 23:25:36.000]  [GetValueFromJsonOrDefault] ErrorCode:0 INFO: Read Imds response field with Name:osType Value: Windows
[2026-01-29 23:25:36.000]  [GetValueFromJsonOrDefault] ErrorCode:0 INFO: Read Imds response field with Name:resourceId Value: /subscriptions/351651ce-5feb-4e59-975d-f1f344e2b717/resourceGroups/AMAWIN_GROUP/providers/Microsoft.Compute/virtualMachines/amawin
[2026-01-29 23:25:36.000]  [GetValueFromJsonOrDefault] ErrorCode:0 INFO: Read Imds response field with Name:azEnvironment Value: AzurePublicCloud
[2026-01-29 23:25:36.000]  [SetImdsEnvironmentVariable] ErrorCode:0 INFO: Successfully set Environment variables from Imds
[2026-01-29 23:25:36.000]  [AggregateHeartbeat] ErrorCode:0 INFO: Completed heartbeat aggregation.
[2026-01-29 23:25:36.000]  [WriteHeartbeatToFile] ErrorCode:0 INFO: Sending the heartbeat.
[2026-01-29 23:25:36.000]  [WriteHeartbeatToFile] ErrorCode:0 INFO: Done Sending the heartbeat.
[2026-01-29 23:25:36.000]  [WriteStatusToFile] ErrorCode:0 INFO: Sending the status.
[2026-01-29 23:25:36.000]  [WriteStatusToFile] ErrorCode:0 INFO: Done Sending the status.
[2026-01-29 23:26:06.000]  [WriteHeartbeatToFile] ErrorCode:0 INFO: Sending the heartbeat.
[2026-01-29 23:26:06.000]  [WriteHeartbeatToFile] ErrorCode:0 INFO: Done Sending the heartbeat.
[2026-01-29 23:26:06.000]  [WriteStatusToFile] ErrorCode:0 INFO: Sending the status.
[2026-01-29 23:26:06.000]  [WriteStatusToFile] ErrorCode:0 INFO: Done Sending the status.
[2026-01-29 23:26:36.000]  [FindProcessById] ErrorCode:0 INFO: Attempt to find the process MetricsExtension.Native.exe with ID: 5620.
[2026-01-29 23:26:36.000]  [FindProcessById] ErrorCode:0 INFO: Running Process MetricsExtension.Native.exe found. ID: 5620.
[2026-01-29 23:26:36.000]  [StartMetricsExtension] ErrorCode:0 ERROR: Metrics extension is already running
[2026-01-29 23:26:36.000]  [WriteHeartbeatToFile] ErrorCode:0 INFO: Sending the heartbeat.
[2026-01-29 23:26:36.000]  [WriteHeartbeatToFile] ErrorCode:0 INFO: Done Sending the heartbeat.
[2026-01-29 23:26:36.000]  [WriteStatusToFile] ErrorCode:0 INFO: Sending the status.
[2026-01-29 23:26:36.000]  [WriteStatusToFile] ErrorCode:0 INFO: Done Sending the status.
[2026-01-29 23:27:06.000]  [WriteHeartbeatToFile] ErrorCode:0 INFO: Sending the heartbeat.
[2026-01-29 23:27:06.000]  [WriteHeartbeatToFile] ErrorCode:0 INFO: Done Sending the heartbeat.
[2026-01-29 23:27:06.000]  [WriteStatusToFile] ErrorCode:0 INFO: Sending the status.
[2026-01-29 23:27:06.000]  [WriteStatusToFile] ErrorCode:0 INFO: Done Sending the status.
[2026-01-29 23:27:36.000]  [FindProcessById] ErrorCode:0 INFO: Attempt to find the process MetricsExtension.Native.exe with ID: 5620.
[2026-01-29 23:27:36.000]  [FindProcessById] ErrorCode:0 INFO: Running Process MetricsExtension.Native.exe found. ID: 5620.
[2026-01-29 23:27:36.000]  [StartMetricsExtension] ErrorCode:0 ERROR: Metrics extension is already running
[2026-01-29 23:27:36.000]  [WriteHeartbeatToFile] ErrorCode:0 INFO: Sending the heartbeat.
[2026-01-29 23:27:36.000]  [WriteHeartbeatToFile] ErrorCode:0 INFO: Done Sending the heartbeat.
[2026-01-29 23:27:36.000]  [WriteStatusToFile] ErrorCode:0 INFO: Sending the status.
[2026-01-29 23:27:36.000]  [WriteStatusToFile] ErrorCode:0 INFO: Done Sending the status.
[2026-01-29 23:28:06.000]  [WriteHeartbeatToFile] ErrorCode:0 INFO: Sending the heartbeat.
[2026-01-29 23:28:06.000]  [WriteHeartbeatToFile] ErrorCode:0 INFO: Done Sending the heartbeat.
[2026-01-29 23:28:06.000]  [WriteStatusToFile] ErrorCode:0 INFO: Sending the status.
[2026-01-29 23:28:06.000]  [WriteStatusToFile] ErrorCode:0 INFO: Done Sending the status.
[2026-01-29 23:28:36.000]  [FindProcessById] ErrorCode:0 INFO: Attempt to find the process MetricsExtension.Native.exe with ID: 5620.
[2026-01-29 23:28:36.000]  [FindProcessById] ErrorCode:0 INFO: Running Process MetricsExtension.Native.exe found. ID: 5620.
[2026-01-29 23:28:36.000]  [StartMetricsExtension] ErrorCode:0 ERROR: Metrics extension is already running
[2026-01-29 23:28:36.000]  [WriteHeartbeatToFile] ErrorCode:0 INFO: Sending the heartbeat.
[2026-01-29 23:28:36.000]  [WriteHeartbeatToFile] ErrorCode:0 INFO: Done Sending the heartbeat.
[2026-01-29 23:28:36.000]  [WriteStatusToFile] ErrorCode:0 INFO: Sending the status.
[2026-01-29 23:28:36.000]  [WriteStatusToFile] ErrorCode:0 INFO: Done Sending the status.
[2026-01-29 23:29:06.000]  [WriteHeartbeatToFile] ErrorCode:0 INFO: Sending the heartbeat.
[2026-01-29 23:29:06.000]  [WriteHeartbeatToFile] ErrorCode:0 INFO: Done Sending the heartbeat.
[2026-01-29 23:29:06.000]  [WriteStatusToFile] ErrorCode:0 INFO: Sending the status.
[2026-01-29 23:29:06.000]  [WriteStatusToFile] ErrorCode:0 INFO: Done Sending the status.
[2026-01-29 23:29:36.000]  [FindProcessById] ErrorCode:0 INFO: Attempt to find the process MetricsExtension.Native.exe with ID: 5620.
[2026-01-29 23:29:36.000]  [FindProcessById] ErrorCode:0 INFO: Running Process MetricsExtension.Native.exe found. ID: 5620.
[2026-01-29 23:29:36.000]  [StartMetricsExtension] ErrorCode:0 ERROR: Metrics extension is already running
[2026-01-29 23:29:36.000]  [WriteHeartbeatToFile] ErrorCode:0 INFO: Sending the heartbeat.
[2026-01-29 23:29:36.000]  [WriteHeartbeatToFile] ErrorCode:0 INFO: Done Sending the heartbeat.
[2026-01-29 23:29:36.000]  [WriteStatusToFile] ErrorCode:0 INFO: Sending the status.
[2026-01-29 23:29:36.000]  [WriteStatusToFile] ErrorCode:0 INFO: Done Sending the status.
[2026-01-29 23:30:06.000]  [WriteHeartbeatToFile] ErrorCode:0 INFO: Sending the heartbeat.
[2026-01-29 23:30:06.000]  [WriteHeartbeatToFile] ErrorCode:0 INFO: Done Sending the heartbeat.
[2026-01-29 23:30:06.000]  [WriteStatusToFile] ErrorCode:0 INFO: Sending the status.
[2026-01-29 23:30:06.000]  [WriteStatusToFile] ErrorCode:0 INFO: Done Sending the status.
[2026-01-29 23:30:36.000]  [FindProcessById] ErrorCode:0 INFO: Attempt to find the process MetricsExtension.Native.exe with ID: 5620.
[2026-01-29 23:30:36.000]  [FindProcessById] ErrorCode:0 INFO: Running Process MetricsExtension.Native.exe found. ID: 5620.
[2026-01-29 23:30:36.000]  [StartMetricsExtension] ErrorCode:0 ERROR: Metrics extension is already running
[2026-01-29 23:30:36.000]  [AggregateHeartbeat] ErrorCode:0 INFO: Start heartbeat aggregation.
[2026-01-29 23:30:36.000]  [QueryRegValueDWORD] ErrorCode:0 INFO: Query Registry for Key:SOFTWARE\Microsoft\Windows Azure\CurrentVersion\AzureMonitorAgentExtension\47.4.1.0, Name:MaServiceProcess
[2026-01-29 23:30:36.000]  [QueryRegValueDWORD] ErrorCode:0 INFO: Query Registry for Key:SOFTWARE\Microsoft\Windows Azure\CurrentVersion\AzureMonitorAgentExtension\47.4.1.0, Name:MaServiceProcess, Value:1904
[2026-01-29 23:30:36.000]  [FindProcessById] ErrorCode:0 INFO: Attempt to find the process MonAgentLauncher.exe with ID: 1904.
[2026-01-29 23:30:36.000]  [FindProcessById] ErrorCode:0 INFO: Running Process MonAgentLauncher.exe found. ID: 1904.
[2026-01-29 23:30:36.000]  [CheckIfMAServiceIsRunByExtension] ErrorCode:0 INFO: The MA process is running based on the m_registry
[2026-01-29 23:30:36.000]  [QueryRegValueDWORD] ErrorCode:0 INFO: Query Registry for Key:SOFTWARE\Microsoft\Windows Azure\CurrentVersion\AzureMonitorAgentExtension\47.4.1.0, Name:AMAMultitenantServiceProcess
[2026-01-29 23:30:36.000]  [QueryRegValueDWORD] ErrorCode:0 ERROR: RegQueryValueExA: failed to query REG_DWORD value, Key:SOFTWARE\Microsoft\Windows Azure\CurrentVersion\AzureMonitorAgentExtension\47.4.1.0, name=AMAMultitenantServiceProcess, error=2, type=0
[2026-01-29 23:30:36.000]  [CheckIfMAServiceIsRunByExtension] ErrorCode:1205 INFO: Unable to read the m_registry for MA process. Assume it is not running.
[2026-01-29 23:30:36.000]  [AggregateHeartbeat] ErrorCode:0 INFO: Configured MA Service is not running on the node.
[2026-01-29 23:30:36.000]  [SetImdsEnvironmentVariable] ErrorCode:0 INFO: Querying IMDS information
[2026-01-29 23:30:36.000]  [SetImdsEnvironmentVariable] ErrorCode:-1 INFO: Preparing to call IMDS. Endpoint: http://169.254.169.254
[2026-01-29 23:30:36.000]  [QueryIMDSEndpoint] ErrorCode:0 INFO: Queried IMDS successfully.
[2026-01-29 23:30:36.000]  [GetValueFromJsonOrDefault] ErrorCode:0 INFO: Read Imds response field with Name:location Value: westus2
[2026-01-29 23:30:36.000]  [GetValueFromJsonOrDefault] ErrorCode:0 INFO: Read Imds response field with Name:name Value: amawin
[2026-01-29 23:30:36.000]  [GetValueFromJsonOrDefault] ErrorCode:0 INFO: Read Imds response field with Name:subscriptionId Value: 351651ce-5feb-4e59-975d-f1f344e2b717
[2026-01-29 23:30:36.000]  [GetValueFromJsonOrDefault] ErrorCode:0 INFO: Read Imds response field with Name:vmId Value: 22afd636-aec1-4782-9055-f85ea283dc20
[2026-01-29 23:30:36.000]  [GetValueFromJsonOrDefault] ErrorCode:0 INFO: Read Imds response field with Name:vmScaleSetName Value: 
[2026-01-29 23:30:36.000]  [GetValueFromJsonOrDefault] ErrorCode:0 INFO: Read Imds response field with Name:resourceGroupName Value: AMAWIN_GROUP
[2026-01-29 23:30:36.000]  [GetValueFromJsonOrDefault] ErrorCode:0 INFO: Read Imds response field with Name:osType Value: Windows
[2026-01-29 23:30:36.000]  [GetValueFromJsonOrDefault] ErrorCode:0 INFO: Read Imds response field with Name:resourceId Value: /subscriptions/351651ce-5feb-4e59-975d-f1f344e2b717/resourceGroups/AMAWIN_GROUP/providers/Microsoft.Compute/virtualMachines/amawin
[2026-01-29 23:30:36.000]  [GetValueFromJsonOrDefault] ErrorCode:0 INFO: Read Imds response field with Name:azEnvironment Value: AzurePublicCloud
[2026-01-29 23:30:36.000]  [SetImdsEnvironmentVariable] ErrorCode:0 INFO: Successfully set Environment variables from Imds
[2026-01-29 23:30:36.000]  [AggregateHeartbeat] ErrorCode:0 INFO: Completed heartbeat aggregation.
[2026-01-29 23:30:36.000]  [WriteHeartbeatToFile] ErrorCode:0 INFO: Sending the heartbeat.
[2026-01-29 23:30:36.000]  [WriteHeartbeatToFile] ErrorCode:0 INFO: Done Sending the heartbeat.
[2026-01-29 23:30:36.000]  [WriteStatusToFile] ErrorCode:0 INFO: Sending the status.
[2026-01-29 23:30:36.000]  [WriteStatusToFile] ErrorCode:0 INFO: Done Sending the status.
[2026-01-29 23:31:06.000]  [WriteHeartbeatToFile] ErrorCode:0 INFO: Sending the heartbeat.
[2026-01-29 23:31:06.000]  [WriteHeartbeatToFile] ErrorCode:0 INFO: Done Sending the heartbeat.
[2026-01-29 23:31:06.000]  [WriteStatusToFile] ErrorCode:0 INFO: Sending the status.
[2026-01-29 23:31:06.000]  [WriteStatusToFile] ErrorCode:0 INFO: Done Sending the status.
[2026-01-29 23:31:36.000]  [FindProcessById] ErrorCode:0 INFO: Attempt to find the process MetricsExtension.Native.exe with ID: 5620.
[2026-01-29 23:31:36.000]  [FindProcessById] ErrorCode:0 INFO: Running Process MetricsExtension.Native.exe found. ID: 5620.
[2026-01-29 23:31:36.000]  [StartMetricsExtension] ErrorCode:0 ERROR: Metrics extension is already running
[2026-01-29 23:31:36.000]  [WriteHeartbeatToFile] ErrorCode:0 INFO: Sending the heartbeat.
[2026-01-29 23:31:36.000]  [WriteHeartbeatToFile] ErrorCode:0 INFO: Done Sending the heartbeat.
[2026-01-29 23:31:36.000]  [WriteStatusToFile] ErrorCode:0 INFO: Sending the status.
[2026-01-29 23:31:36.000]  [WriteStatusToFile] ErrorCode:0 INFO: Done Sending the status.
[2026-01-29 23:32:06.000]  [WriteHeartbeatToFile] ErrorCode:0 INFO: Sending the heartbeat.
[2026-01-29 23:32:06.000]  [WriteHeartbeatToFile] ErrorCode:0 INFO: Done Sending the heartbeat.
[2026-01-29 23:32:06.000]  [WriteStatusToFile] ErrorCode:0 INFO: Sending the status.
[2026-01-29 23:32:06.000]  [WriteStatusToFile] ErrorCode:0 INFO: Done Sending the status.
[2026-01-29 23:32:36.000]  [FindProcessById] ErrorCode:0 INFO: Attempt to find the process MetricsExtension.Native.exe with ID: 5620.
[2026-01-29 23:32:36.000]  [FindProcessById] ErrorCode:0 INFO: Running Process MetricsExtension.Native.exe found. ID: 5620.
[2026-01-29 23:32:36.000]  [StartMetricsExtension] ErrorCode:0 ERROR: Metrics extension is already running
[2026-01-29 23:32:36.000]  [WriteHeartbeatToFile] ErrorCode:0 INFO: Sending the heartbeat.
[2026-01-29 23:32:36.000]  [WriteHeartbeatToFile] ErrorCode:0 INFO: Done Sending the heartbeat.
[2026-01-29 23:32:36.000]  [WriteStatusToFile] ErrorCode:0 INFO: Sending the status.
[2026-01-29 23:32:36.000]  [WriteStatusToFile] ErrorCode:0 INFO: Done Sending the status.
[2026-01-29 23:33:06.000]  [WriteHeartbeatToFile] ErrorCode:0 INFO: Sending the heartbeat.
[2026-01-29 23:33:06.000]  [WriteHeartbeatToFile] ErrorCode:0 INFO: Done Sending the heartbeat.
[2026-01-29 23:33:06.000]  [WriteStatusToFile] ErrorCode:0 INFO: Sending the status.
[2026-01-29 23:33:06.000]  [WriteStatusToFile] ErrorCode:0 INFO: Done Sending the status.
[2026-01-29 23:33:36.000]  [FindProcessById] ErrorCode:0 INFO: Attempt to find the process MetricsExtension.Native.exe with ID: 5620.
[2026-01-29 23:33:36.000]  [FindProcessById] ErrorCode:0 INFO: Running Process MetricsExtension.Native.exe found. ID: 5620.
[2026-01-29 23:33:36.000]  [StartMetricsExtension] ErrorCode:0 ERROR: Metrics extension is already running
[2026-01-29 23:33:36.000]  [WriteHeartbeatToFile] ErrorCode:0 INFO: Sending the heartbeat.
[2026-01-29 23:33:36.000]  [WriteHeartbeatToFile] ErrorCode:0 INFO: Done Sending the heartbeat.
[2026-01-29 23:33:36.000]  [WriteStatusToFile] ErrorCode:0 INFO: Sending the status.
[2026-01-29 23:33:36.000]  [WriteStatusToFile] ErrorCode:0 INFO: Done Sending the status.
[2026-01-29 23:34:06.000]  [WriteHeartbeatToFile] ErrorCode:0 INFO: Sending the heartbeat.
[2026-01-29 23:34:06.000]  [WriteHeartbeatToFile] ErrorCode:0 INFO: Done Sending the heartbeat.
[2026-01-29 23:34:06.000]  [WriteStatusToFile] ErrorCode:0 INFO: Sending the status.
[2026-01-29 23:34:06.000]  [WriteStatusToFile] ErrorCode:0 INFO: Done Sending the status.
[2026-01-29 23:34:36.000]  [FindProcessById] ErrorCode:0 INFO: Attempt to find the process MetricsExtension.Native.exe with ID: 5620.
[2026-01-29 23:34:36.000]  [FindProcessById] ErrorCode:0 INFO: Running Process MetricsExtension.Native.exe found. ID: 5620.
[2026-01-29 23:34:36.000]  [StartMetricsExtension] ErrorCode:0 ERROR: Metrics extension is already running
[2026-01-29 23:34:36.000]  [WriteHeartbeatToFile] ErrorCode:0 INFO: Sending the heartbeat.
[2026-01-29 23:34:36.000]  [WriteHeartbeatToFile] ErrorCode:0 INFO: Done Sending the heartbeat.
[2026-01-29 23:34:36.000]  [WriteStatusToFile] ErrorCode:0 INFO: Sending the status.
[2026-01-29 23:34:36.000]  [WriteStatusToFile] ErrorCode:0 INFO: Done Sending the status.
[2026-01-29 23:35:06.000]  [WriteHeartbeatToFile] ErrorCode:0 INFO: Sending the heartbeat.
[2026-01-29 23:35:06.000]  [WriteHeartbeatToFile] ErrorCode:0 INFO: Done Sending the heartbeat.
[2026-01-29 23:35:06.000]  [WriteStatusToFile] ErrorCode:0 INFO: Sending the status.
[2026-01-29 23:35:06.000]  [WriteStatusToFile] ErrorCode:0 INFO: Done Sending the status.
[2026-01-29 23:35:36.000]  [FindProcessById] ErrorCode:0 INFO: Attempt to find the process MetricsExtension.Native.exe with ID: 5620.
[2026-01-29 23:35:36.000]  [FindProcessById] ErrorCode:0 INFO: Running Process MetricsExtension.Native.exe found. ID: 5620.
[2026-01-29 23:35:36.000]  [StartMetricsExtension] ErrorCode:0 ERROR: Metrics extension is already running
[2026-01-29 23:35:36.000]  [AggregateHeartbeat] ErrorCode:0 INFO: Start heartbeat aggregation.
[2026-01-29 23:35:36.000]  [QueryRegValueDWORD] ErrorCode:0 INFO: Query Registry for Key:SOFTWARE\Microsoft\Windows Azure\CurrentVersion\AzureMonitorAgentExtension\47.4.1.0, Name:MaServiceProcess
[2026-01-29 23:35:36.000]  [QueryRegValueDWORD] ErrorCode:0 INFO: Query Registry for Key:SOFTWARE\Microsoft\Windows Azure\CurrentVersion\AzureMonitorAgentExtension\47.4.1.0, Name:MaServiceProcess, Value:1904
[2026-01-29 23:35:36.000]  [FindProcessById] ErrorCode:0 INFO: Attempt to find the process MonAgentLauncher.exe with ID: 1904.
[2026-01-29 23:35:36.000]  [FindProcessById] ErrorCode:0 INFO: Running Process MonAgentLauncher.exe found. ID: 1904.
[2026-01-29 23:35:36.000]  [CheckIfMAServiceIsRunByExtension] ErrorCode:0 INFO: The MA process is running based on the m_registry
[2026-01-29 23:35:36.000]  [QueryRegValueDWORD] ErrorCode:0 INFO: Query Registry for Key:SOFTWARE\Microsoft\Windows Azure\CurrentVersion\AzureMonitorAgentExtension\47.4.1.0, Name:AMAMultitenantServiceProcess
[2026-01-29 23:35:36.000]  [QueryRegValueDWORD] ErrorCode:0 ERROR: RegQueryValueExA: failed to query REG_DWORD value, Key:SOFTWARE\Microsoft\Windows Azure\CurrentVersion\AzureMonitorAgentExtension\47.4.1.0, name=AMAMultitenantServiceProcess, error=2, type=0
[2026-01-29 23:35:36.000]  [CheckIfMAServiceIsRunByExtension] ErrorCode:1205 INFO: Unable to read the m_registry for MA process. Assume it is not running.
[2026-01-29 23:35:36.000]  [AggregateHeartbeat] ErrorCode:0 INFO: Configured MA Service is not running on the node.
[2026-01-29 23:35:36.000]  [SetImdsEnvironmentVariable] ErrorCode:0 INFO: Querying IMDS information
[2026-01-29 23:35:36.000]  [SetImdsEnvironmentVariable] ErrorCode:-1 INFO: Preparing to call IMDS. Endpoint: http://169.254.169.254
[2026-01-29 23:35:36.000]  [QueryIMDSEndpoint] ErrorCode:0 INFO: Queried IMDS successfully.
[2026-01-29 23:35:36.000]  [GetValueFromJsonOrDefault] ErrorCode:0 INFO: Read Imds response field with Name:location Value: westus2
[2026-01-29 23:35:36.000]  [GetValueFromJsonOrDefault] ErrorCode:0 INFO: Read Imds response field with Name:name Value: amawin
[2026-01-29 23:35:36.000]  [GetValueFromJsonOrDefault] ErrorCode:0 INFO: Read Imds response field with Name:subscriptionId Value: 351651ce-5feb-4e59-975d-f1f344e2b717
[2026-01-29 23:35:36.000]  [GetValueFromJsonOrDefault] ErrorCode:0 INFO: Read Imds response field with Name:vmId Value: 22afd636-aec1-4782-9055-f85ea283dc20
[2026-01-29 23:35:36.000]  [GetValueFromJsonOrDefault] ErrorCode:0 INFO: Read Imds response field with Name:vmScaleSetName Value: 
[2026-01-29 23:35:36.000]  [GetValueFromJsonOrDefault] ErrorCode:0 INFO: Read Imds response field with Name:resourceGroupName Value: AMAWIN_GROUP
[2026-01-29 23:35:36.000]  [GetValueFromJsonOrDefault] ErrorCode:0 INFO: Read Imds response field with Name:osType Value: Windows
[2026-01-29 23:35:36.000]  [GetValueFromJsonOrDefault] ErrorCode:0 INFO: Read Imds response field with Name:resourceId Value: /subscriptions/351651ce-5feb-4e59-975d-f1f344e2b717/resourceGroups/AMAWIN_GROUP/providers/Microsoft.Compute/virtualMachines/amawin
[2026-01-29 23:35:36.000]  [GetValueFromJsonOrDefault] ErrorCode:0 INFO: Read Imds response field with Name:azEnvironment Value: AzurePublicCloud
[2026-01-29 23:35:36.000]  [SetImdsEnvironmentVariable] ErrorCode:0 INFO: Successfully set Environment variables from Imds
[2026-01-29 23:35:36.000]  [AggregateHeartbeat] ErrorCode:0 INFO: Completed heartbeat aggregation.
[2026-01-29 23:35:36.000]  [WriteHeartbeatToFile] ErrorCode:0 INFO: Sending the heartbeat.
[2026-01-29 23:35:36.000]  [WriteHeartbeatToFile] ErrorCode:0 INFO: Done Sending the heartbeat.
[2026-01-29 23:35:36.000]  [WriteStatusToFile] ErrorCode:0 INFO: Sending the status.
[2026-01-29 23:35:36.000]  [WriteStatusToFile] ErrorCode:0 INFO: Done Sending the status.
[2026-01-29 23:36:06.000]  [WriteHeartbeatToFile] ErrorCode:0 INFO: Sending the heartbeat.
[2026-01-29 23:36:06.000]  [WriteHeartbeatToFile] ErrorCode:0 INFO: Done Sending the heartbeat.
[2026-01-29 23:36:06.000]  [WriteStatusToFile] ErrorCode:0 INFO: Sending the status.
[2026-01-29 23:36:06.000]  [WriteStatusToFile] ErrorCode:0 INFO: Done Sending the status.
[2026-01-29 23:36:36.000]  [FindProcessById] ErrorCode:0 INFO: Attempt to find the process MetricsExtension.Native.exe with ID: 5620.
[2026-01-29 23:36:36.000]  [FindProcessById] ErrorCode:0 INFO: Running Process MetricsExtension.Native.exe found. ID: 5620.
[2026-01-29 23:36:36.000]  [StartMetricsExtension] ErrorCode:0 ERROR: Metrics extension is already running
[2026-01-29 23:36:36.000]  [WriteHeartbeatToFile] ErrorCode:0 INFO: Sending the heartbeat.
[2026-01-29 23:36:36.000]  [WriteHeartbeatToFile] ErrorCode:0 INFO: Done Sending the heartbeat.
[2026-01-29 23:36:36.000]  [WriteStatusToFile] ErrorCode:0 INFO: Sending the status.
[2026-01-29 23:36:36.000]  [WriteStatusToFile] ErrorCode:0 INFO: Done Sending the status.
[2026-01-29 23:37:06.000]  [WriteHeartbeatToFile] ErrorCode:0 INFO: Sending the heartbeat.
[2026-01-29 23:37:06.000]  [WriteHeartbeatToFile] ErrorCode:0 INFO: Done Sending the heartbeat.
[2026-01-29 23:37:06.000]  [WriteStatusToFile] ErrorCode:0 INFO: Sending the status.
[2026-01-29 23:37:06.000]  [WriteStatusToFile] ErrorCode:0 INFO: Done Sending the status.
[2026-01-29 23:37:36.000]  [FindProcessById] ErrorCode:0 INFO: Attempt to find the process MetricsExtension.Native.exe with ID: 5620.
[2026-01-29 23:37:36.000]  [FindProcessById] ErrorCode:0 INFO: Running Process MetricsExtension.Native.exe found. ID: 5620.
[2026-01-29 23:37:36.000]  [StartMetricsExtension] ErrorCode:0 ERROR: Metrics extension is already running
[2026-01-29 23:37:36.000]  [WriteHeartbeatToFile] ErrorCode:0 INFO: Sending the heartbeat.
[2026-01-29 23:37:36.000]  [WriteHeartbeatToFile] ErrorCode:0 INFO: Done Sending the heartbeat.
[2026-01-29 23:37:37.000]  [WriteStatusToFile] ErrorCode:0 INFO: Sending the status.
[2026-01-29 23:37:37.000]  [WriteStatusToFile] ErrorCode:0 INFO: Done Sending the status.
[2026-01-29 23:38:06.000]  [WriteHeartbeatToFile] ErrorCode:0 INFO: Sending the heartbeat.
[2026-01-29 23:38:06.000]  [WriteHeartbeatToFile] ErrorCode:0 INFO: Done Sending the heartbeat.
[2026-01-29 23:38:07.000]  [WriteStatusToFile] ErrorCode:0 INFO: Sending the status.
[2026-01-29 23:38:07.000]  [WriteStatusToFile] ErrorCode:0 INFO: Done Sending the status.
[2026-01-29 23:38:36.000]  [FindProcessById] ErrorCode:0 INFO: Attempt to find the process MetricsExtension.Native.exe with ID: 5620.
[2026-01-29 23:38:36.000]  [FindProcessById] ErrorCode:0 INFO: Running Process MetricsExtension.Native.exe found. ID: 5620.
[2026-01-29 23:38:36.000]  [StartMetricsExtension] ErrorCode:0 ERROR: Metrics extension is already running
[2026-01-29 23:38:36.000]  [WriteHeartbeatToFile] ErrorCode:0 INFO: Sending the heartbeat.
[2026-01-29 23:38:36.000]  [WriteHeartbeatToFile] ErrorCode:0 INFO: Done Sending the heartbeat.
[2026-01-29 23:38:37.000]  [WriteStatusToFile] ErrorCode:0 INFO: Sending the status.
[2026-01-29 23:38:37.000]  [WriteStatusToFile] ErrorCode:0 INFO: Done Sending the status.
[2026-01-29 23:39:06.000]  [WriteHeartbeatToFile] ErrorCode:0 INFO: Sending the heartbeat.
[2026-01-29 23:39:06.000]  [WriteHeartbeatToFile] ErrorCode:0 INFO: Done Sending the heartbeat.
[2026-01-29 23:39:07.000]  [WriteStatusToFile] ErrorCode:0 INFO: Sending the status.
[2026-01-29 23:39:07.000]  [WriteStatusToFile] ErrorCode:0 INFO: Done Sending the status.
[2026-01-29 23:39:36.000]  [FindProcessById] ErrorCode:0 INFO: Attempt to find the process MetricsExtension.Native.exe with ID: 5620.
[2026-01-29 23:39:36.000]  [FindProcessById] ErrorCode:0 INFO: Running Process MetricsExtension.Native.exe found. ID: 5620.
[2026-01-29 23:39:36.000]  [StartMetricsExtension] ErrorCode:0 ERROR: Metrics extension is already running
[2026-01-29 23:39:36.000]  [WriteHeartbeatToFile] ErrorCode:0 INFO: Sending the heartbeat.
[2026-01-29 23:39:36.000]  [WriteHeartbeatToFile] ErrorCode:0 INFO: Done Sending the heartbeat.
[2026-01-29 23:39:37.000]  [WriteStatusToFile] ErrorCode:0 INFO: Sending the status.
[2026-01-29 23:39:37.000]  [WriteStatusToFile] ErrorCode:0 INFO: Done Sending the status.
[2026-01-29 23:40:06.000]  [WriteHeartbeatToFile] ErrorCode:0 INFO: Sending the heartbeat.
[2026-01-29 23:40:06.000]  [WriteHeartbeatToFile] ErrorCode:0 INFO: Done Sending the heartbeat.
[2026-01-29 23:40:07.000]  [WriteStatusToFile] ErrorCode:0 INFO: Sending the status.
[2026-01-29 23:40:07.000]  [WriteStatusToFile] ErrorCode:0 INFO: Done Sending the status.
[2026-01-29 23:40:36.000]  [FindProcessById] ErrorCode:0 INFO: Attempt to find the process MetricsExtension.Native.exe with ID: 5620.
[2026-01-29 23:40:36.000]  [FindProcessById] ErrorCode:0 INFO: Running Process MetricsExtension.Native.exe found. ID: 5620.
[2026-01-29 23:40:36.000]  [StartMetricsExtension] ErrorCode:0 ERROR: Metrics extension is already running
[2026-01-29 23:40:36.000]  [AggregateHeartbeat] ErrorCode:0 INFO: Start heartbeat aggregation.
[2026-01-29 23:40:36.000]  [QueryRegValueDWORD] ErrorCode:0 INFO: Query Registry for Key:SOFTWARE\Microsoft\Windows Azure\CurrentVersion\AzureMonitorAgentExtension\47.4.1.0, Name:MaServiceProcess
[2026-01-29 23:40:36.000]  [QueryRegValueDWORD] ErrorCode:0 INFO: Query Registry for Key:SOFTWARE\Microsoft\Windows Azure\CurrentVersion\AzureMonitorAgentExtension\47.4.1.0, Name:MaServiceProcess, Value:1904
[2026-01-29 23:40:36.000]  [FindProcessById] ErrorCode:0 INFO: Attempt to find the process MonAgentLauncher.exe with ID: 1904.
[2026-01-29 23:40:36.000]  [FindProcessById] ErrorCode:0 INFO: Running Process MonAgentLauncher.exe found. ID: 1904.
[2026-01-29 23:40:36.000]  [CheckIfMAServiceIsRunByExtension] ErrorCode:0 INFO: The MA process is running based on the m_registry
[2026-01-29 23:40:36.000]  [QueryRegValueDWORD] ErrorCode:0 INFO: Query Registry for Key:SOFTWARE\Microsoft\Windows Azure\CurrentVersion\AzureMonitorAgentExtension\47.4.1.0, Name:AMAMultitenantServiceProcess
[2026-01-29 23:40:36.000]  [QueryRegValueDWORD] ErrorCode:0 ERROR: RegQueryValueExA: failed to query REG_DWORD value, Key:SOFTWARE\Microsoft\Windows Azure\CurrentVersion\AzureMonitorAgentExtension\47.4.1.0, name=AMAMultitenantServiceProcess, error=2, type=0
[2026-01-29 23:40:36.000]  [CheckIfMAServiceIsRunByExtension] ErrorCode:1205 INFO: Unable to read the m_registry for MA process. Assume it is not running.
[2026-01-29 23:40:36.000]  [AggregateHeartbeat] ErrorCode:0 INFO: Configured MA Service is not running on the node.
[2026-01-29 23:40:36.000]  [SetImdsEnvironmentVariable] ErrorCode:0 INFO: Querying IMDS information
[2026-01-29 23:40:36.000]  [SetImdsEnvironmentVariable] ErrorCode:-1 INFO: Preparing to call IMDS. Endpoint: http://169.254.169.254
[2026-01-29 23:40:36.000]  [QueryIMDSEndpoint] ErrorCode:0 INFO: Queried IMDS successfully.
[2026-01-29 23:40:36.000]  [GetValueFromJsonOrDefault] ErrorCode:0 INFO: Read Imds response field with Name:location Value: westus2
[2026-01-29 23:40:36.000]  [GetValueFromJsonOrDefault] ErrorCode:0 INFO: Read Imds response field with Name:name Value: amawin
[2026-01-29 23:40:36.000]  [GetValueFromJsonOrDefault] ErrorCode:0 INFO: Read Imds response field with Name:subscriptionId Value: 351651ce-5feb-4e59-975d-f1f344e2b717
[2026-01-29 23:40:36.000]  [GetValueFromJsonOrDefault] ErrorCode:0 INFO: Read Imds response field with Name:vmId Value: 22afd636-aec1-4782-9055-f85ea283dc20
[2026-01-29 23:40:36.000]  [GetValueFromJsonOrDefault] ErrorCode:0 INFO: Read Imds response field with Name:vmScaleSetName Value: 
[2026-01-29 23:40:36.000]  [GetValueFromJsonOrDefault] ErrorCode:0 INFO: Read Imds response field with Name:resourceGroupName Value: AMAWIN_GROUP
[2026-01-29 23:40:36.000]  [GetValueFromJsonOrDefault] ErrorCode:0 INFO: Read Imds response field with Name:osType Value: Windows
[2026-01-29 23:40:36.000]  [GetValueFromJsonOrDefault] ErrorCode:0 INFO: Read Imds response field with Name:resourceId Value: /subscriptions/351651ce-5feb-4e59-975d-f1f344e2b717/resourceGroups/AMAWIN_GROUP/providers/Microsoft.Compute/virtualMachines/amawin
[2026-01-29 23:40:36.000]  [GetValueFromJsonOrDefault] ErrorCode:0 INFO: Read Imds response field with Name:azEnvironment Value: AzurePublicCloud
[2026-01-29 23:40:36.000]  [SetImdsEnvironmentVariable] ErrorCode:0 INFO: Successfully set Environment variables from Imds
[2026-01-29 23:40:36.000]  [AggregateHeartbeat] ErrorCode:0 INFO: Completed heartbeat aggregation.
[2026-01-29 23:40:36.000]  [WriteHeartbeatToFile] ErrorCode:0 INFO: Sending the heartbeat.
[2026-01-29 23:40:36.000]  [WriteHeartbeatToFile] ErrorCode:0 INFO: Done Sending the heartbeat.
[2026-01-29 23:40:37.000]  [WriteStatusToFile] ErrorCode:0 INFO: Sending the status.
[2026-01-29 23:40:37.000]  [WriteStatusToFile] ErrorCode:0 INFO: Done Sending the status.
[2026-01-29 23:41:06.000]  [WriteHeartbeatToFile] ErrorCode:0 INFO: Sending the heartbeat.
[2026-01-29 23:41:06.000]  [WriteHeartbeatToFile] ErrorCode:0 INFO: Done Sending the heartbeat.
[2026-01-29 23:41:07.000]  [WriteStatusToFile] ErrorCode:0 INFO: Sending the status.
[2026-01-29 23:41:07.000]  [WriteStatusToFile] ErrorCode:0 INFO: Done Sending the status.
[2026-01-29 23:41:36.000]  [FindProcessById] ErrorCode:0 INFO: Attempt to find the process MetricsExtension.Native.exe with ID: 5620.
[2026-01-29 23:41:36.000]  [FindProcessById] ErrorCode:0 INFO: Running Process MetricsExtension.Native.exe found. ID: 5620.
[2026-01-29 23:41:36.000]  [StartMetricsExtension] ErrorCode:0 ERROR: Metrics extension is already running
[2026-01-29 23:41:36.000]  [WriteHeartbeatToFile] ErrorCode:0 INFO: Sending the heartbeat.
[2026-01-29 23:41:36.000]  [WriteHeartbeatToFile] ErrorCode:0 INFO: Done Sending the heartbeat.
[2026-01-29 23:41:37.000]  [WriteStatusToFile] ErrorCode:0 INFO: Sending the status.
[2026-01-29 23:41:37.000]  [WriteStatusToFile] ErrorCode:0 INFO: Done Sending the status.
[2026-01-29 23:42:06.000]  [WriteHeartbeatToFile] ErrorCode:0 INFO: Sending the heartbeat.
[2026-01-29 23:42:06.000]  [WriteHeartbeatToFile] ErrorCode:0 INFO: Done Sending the heartbeat.
[2026-01-29 23:42:07.000]  [WriteStatusToFile] ErrorCode:0 INFO: Sending the status.
[2026-01-29 23:42:07.000]  [WriteStatusToFile] ErrorCode:0 INFO: Done Sending the status.
[2026-01-29 23:42:36.000]  [FindProcessById] ErrorCode:0 INFO: Attempt to find the process MetricsExtension.Native.exe with ID: 5620.
[2026-01-29 23:42:36.000]  [FindProcessById] ErrorCode:0 INFO: Running Process MetricsExtension.Native.exe found. ID: 5620.
[2026-01-29 23:42:36.000]  [StartMetricsExtension] ErrorCode:0 ERROR: Metrics extension is already running
[2026-01-29 23:42:36.000]  [WriteHeartbeatToFile] ErrorCode:0 INFO: Sending the heartbeat.
[2026-01-29 23:42:36.000]  [WriteHeartbeatToFile] ErrorCode:0 INFO: Done Sending the heartbeat.
[2026-01-29 23:42:37.000]  [WriteStatusToFile] ErrorCode:0 INFO: Sending the status.
[2026-01-29 23:42:37.000]  [WriteStatusToFile] ErrorCode:0 INFO: Done Sending the status.
[2026-01-29 23:43:06.000]  [WriteHeartbeatToFile] ErrorCode:0 INFO: Sending the heartbeat.
[2026-01-29 23:43:06.000]  [WriteHeartbeatToFile] ErrorCode:0 INFO: Done Sending the heartbeat.
[2026-01-29 23:43:07.000]  [WriteStatusToFile] ErrorCode:0 INFO: Sending the status.
[2026-01-29 23:43:07.000]  [WriteStatusToFile] ErrorCode:0 INFO: Done Sending the status.
[2026-01-29 23:43:36.000]  [FindProcessById] ErrorCode:0 INFO: Attempt to find the process MetricsExtension.Native.exe with ID: 5620.
[2026-01-29 23:43:36.000]  [FindProcessById] ErrorCode:0 INFO: Running Process MetricsExtension.Native.exe found. ID: 5620.
[2026-01-29 23:43:36.000]  [StartMetricsExtension] ErrorCode:0 ERROR: Metrics extension is already running
[2026-01-29 23:43:36.000]  [WriteHeartbeatToFile] ErrorCode:0 INFO: Sending the heartbeat.
[2026-01-29 23:43:36.000]  [WriteHeartbeatToFile] ErrorCode:0 INFO: Done Sending the heartbeat.
[2026-01-29 23:43:37.000]  [WriteStatusToFile] ErrorCode:0 INFO: Sending the status.
[2026-01-29 23:43:37.000]  [WriteStatusToFile] ErrorCode:0 INFO: Done Sending the status.
[2026-01-29 23:44:07.000]  [WriteHeartbeatToFile] ErrorCode:0 INFO: Sending the heartbeat.
[2026-01-29 23:44:07.000]  [WriteHeartbeatToFile] ErrorCode:0 INFO: Done Sending the heartbeat.
[2026-01-29 23:44:07.000]  [WriteStatusToFile] ErrorCode:0 INFO: Sending the status.
[2026-01-29 23:44:07.000]  [WriteStatusToFile] ErrorCode:0 INFO: Done Sending the status.
[2026-01-29 23:44:36.000]  [FindProcessById] ErrorCode:0 INFO: Attempt to find the process MetricsExtension.Native.exe with ID: 5620.
[2026-01-29 23:44:36.000]  [FindProcessById] ErrorCode:0 INFO: Running Process MetricsExtension.Native.exe found. ID: 5620.
[2026-01-29 23:44:36.000]  [StartMetricsExtension] ErrorCode:0 ERROR: Metrics extension is already running
[2026-01-29 23:44:37.000]  [WriteHeartbeatToFile] ErrorCode:0 INFO: Sending the heartbeat.
[2026-01-29 23:44:37.000]  [WriteHeartbeatToFile] ErrorCode:0 INFO: Done Sending the heartbeat.
[2026-01-29 23:44:37.000]  [WriteStatusToFile] ErrorCode:0 INFO: Sending the status.
[2026-01-29 23:44:37.000]  [WriteStatusToFile] ErrorCode:0 INFO: Done Sending the status.
[2026-01-29 23:45:07.000]  [WriteHeartbeatToFile] ErrorCode:0 INFO: Sending the heartbeat.
[2026-01-29 23:45:07.000]  [WriteHeartbeatToFile] ErrorCode:0 INFO: Done Sending the heartbeat.
[2026-01-29 23:45:07.000]  [WriteStatusToFile] ErrorCode:0 INFO: Sending the status.
[2026-01-29 23:45:07.000]  [WriteStatusToFile] ErrorCode:0 INFO: Done Sending the status.
[2026-01-29 23:45:36.000]  [FindProcessById] ErrorCode:0 INFO: Attempt to find the process MetricsExtension.Native.exe with ID: 5620.
[2026-01-29 23:45:36.000]  [FindProcessById] ErrorCode:0 INFO: Running Process MetricsExtension.Native.exe found. ID: 5620.
[2026-01-29 23:45:36.000]  [StartMetricsExtension] ErrorCode:0 ERROR: Metrics extension is already running
[2026-01-29 23:45:36.000]  [AggregateHeartbeat] ErrorCode:0 INFO: Start heartbeat aggregation.
[2026-01-29 23:45:36.000]  [QueryRegValueDWORD] ErrorCode:0 INFO: Query Registry for Key:SOFTWARE\Microsoft\Windows Azure\CurrentVersion\AzureMonitorAgentExtension\47.4.1.0, Name:MaServiceProcess
[2026-01-29 23:45:36.000]  [QueryRegValueDWORD] ErrorCode:0 INFO: Query Registry for Key:SOFTWARE\Microsoft\Windows Azure\CurrentVersion\AzureMonitorAgentExtension\47.4.1.0, Name:MaServiceProcess, Value:1904
[2026-01-29 23:45:36.000]  [FindProcessById] ErrorCode:0 INFO: Attempt to find the process MonAgentLauncher.exe with ID: 1904.
[2026-01-29 23:45:36.000]  [FindProcessById] ErrorCode:0 INFO: Running Process MonAgentLauncher.exe found. ID: 1904.
[2026-01-29 23:45:36.000]  [CheckIfMAServiceIsRunByExtension] ErrorCode:0 INFO: The MA process is running based on the m_registry
[2026-01-29 23:45:36.000]  [QueryRegValueDWORD] ErrorCode:0 INFO: Query Registry for Key:SOFTWARE\Microsoft\Windows Azure\CurrentVersion\AzureMonitorAgentExtension\47.4.1.0, Name:AMAMultitenantServiceProcess
[2026-01-29 23:45:36.000]  [QueryRegValueDWORD] ErrorCode:0 ERROR: RegQueryValueExA: failed to query REG_DWORD value, Key:SOFTWARE\Microsoft\Windows Azure\CurrentVersion\AzureMonitorAgentExtension\47.4.1.0, name=AMAMultitenantServiceProcess, error=2, type=0
[2026-01-29 23:45:36.000]  [CheckIfMAServiceIsRunByExtension] ErrorCode:1205 INFO: Unable to read the m_registry for MA process. Assume it is not running.
[2026-01-29 23:45:36.000]  [AggregateHeartbeat] ErrorCode:0 INFO: Configured MA Service is not running on the node.
[2026-01-29 23:45:36.000]  [SetImdsEnvironmentVariable] ErrorCode:0 INFO: Querying IMDS information
[2026-01-29 23:45:36.000]  [SetImdsEnvironmentVariable] ErrorCode:-1 INFO: Preparing to call IMDS. Endpoint: http://169.254.169.254
[2026-01-29 23:45:37.000]  [QueryIMDSEndpoint] ErrorCode:0 INFO: Queried IMDS successfully.
[2026-01-29 23:45:37.000]  [GetValueFromJsonOrDefault] ErrorCode:0 INFO: Read Imds response field with Name:location Value: westus2
[2026-01-29 23:45:37.000]  [GetValueFromJsonOrDefault] ErrorCode:0 INFO: Read Imds response field with Name:name Value: amawin
[2026-01-29 23:45:37.000]  [GetValueFromJsonOrDefault] ErrorCode:0 INFO: Read Imds response field with Name:subscriptionId Value: 351651ce-5feb-4e59-975d-f1f344e2b717
[2026-01-29 23:45:37.000]  [GetValueFromJsonOrDefault] ErrorCode:0 INFO: Read Imds response field with Name:vmId Value: 22afd636-aec1-4782-9055-f85ea283dc20
[2026-01-29 23:45:37.000]  [GetValueFromJsonOrDefault] ErrorCode:0 INFO: Read Imds response field with Name:vmScaleSetName Value: 
[2026-01-29 23:45:37.000]  [GetValueFromJsonOrDefault] ErrorCode:0 INFO: Read Imds response field with Name:resourceGroupName Value: AMAWIN_GROUP
[2026-01-29 23:45:37.000]  [GetValueFromJsonOrDefault] ErrorCode:0 INFO: Read Imds response field with Name:osType Value: Windows
[2026-01-29 23:45:37.000]  [GetValueFromJsonOrDefault] ErrorCode:0 INFO: Read Imds response field with Name:resourceId Value: /subscriptions/351651ce-5feb-4e59-975d-f1f344e2b717/resourceGroups/AMAWIN_GROUP/providers/Microsoft.Compute/virtualMachines/amawin
[2026-01-29 23:45:37.000]  [GetValueFromJsonOrDefault] ErrorCode:0 INFO: Read Imds response field with Name:azEnvironment Value: AzurePublicCloud
[2026-01-29 23:45:37.000]  [SetImdsEnvironmentVariable] ErrorCode:0 INFO: Successfully set Environment variables from Imds
[2026-01-29 23:45:37.000]  [AggregateHeartbeat] ErrorCode:0 INFO: Completed heartbeat aggregation.
[2026-01-29 23:45:37.000]  [WriteHeartbeatToFile] ErrorCode:0 INFO: Sending the heartbeat.
[2026-01-29 23:45:37.000]  [WriteHeartbeatToFile] ErrorCode:0 INFO: Done Sending the heartbeat.
[2026-01-29 23:45:37.000]  [WriteStatusToFile] ErrorCode:0 INFO: Sending the status.
[2026-01-29 23:45:37.000]  [WriteStatusToFile] ErrorCode:0 INFO: Done Sending the status.
[2026-01-29 23:46:07.000]  [WriteHeartbeatToFile] ErrorCode:0 INFO: Sending the heartbeat.
[2026-01-29 23:46:07.000]  [WriteHeartbeatToFile] ErrorCode:0 INFO: Done Sending the heartbeat.
[2026-01-29 23:46:07.000]  [WriteStatusToFile] ErrorCode:0 INFO: Sending the status.
[2026-01-29 23:46:07.000]  [WriteStatusToFile] ErrorCode:0 INFO: Done Sending the status.
[2026-01-29 23:46:37.000]  [FindProcessById] ErrorCode:0 INFO: Attempt to find the process MetricsExtension.Native.exe with ID: 5620.
[2026-01-29 23:46:37.000]  [FindProcessById] ErrorCode:0 INFO: Running Process MetricsExtension.Native.exe found. ID: 5620.
[2026-01-29 23:46:37.000]  [StartMetricsExtension] ErrorCode:0 ERROR: Metrics extension is already running
[2026-01-29 23:46:37.000]  [WriteHeartbeatToFile] ErrorCode:0 INFO: Sending the heartbeat.
[2026-01-29 23:46:37.000]  [WriteHeartbeatToFile] ErrorCode:0 INFO: Done Sending the heartbeat.
[2026-01-29 23:46:37.000]  [WriteStatusToFile] ErrorCode:0 INFO: Sending the status.
[2026-01-29 23:46:37.000]  [WriteStatusToFile] ErrorCode:0 INFO: Done Sending the status.
[2026-01-29 23:47:07.000]  [WriteHeartbeatToFile] ErrorCode:0 INFO: Sending the heartbeat.
[2026-01-29 23:47:07.000]  [WriteHeartbeatToFile] ErrorCode:0 INFO: Done Sending the heartbeat.
[2026-01-29 23:47:07.000]  [WriteStatusToFile] ErrorCode:0 INFO: Sending the status.
[2026-01-29 23:47:07.000]  [WriteStatusToFile] ErrorCode:0 INFO: Done Sending the status.
[2026-01-29 23:47:37.000]  [FindProcessById] ErrorCode:0 INFO: Attempt to find the process MetricsExtension.Native.exe with ID: 5620.
[2026-01-29 23:47:37.000]  [FindProcessById] ErrorCode:0 INFO: Running Process MetricsExtension.Native.exe found. ID: 5620.
[2026-01-29 23:47:37.000]  [StartMetricsExtension] ErrorCode:0 ERROR: Metrics extension is already running
[2026-01-29 23:47:37.000]  [WriteHeartbeatToFile] ErrorCode:0 INFO: Sending the heartbeat.
[2026-01-29 23:47:37.000]  [WriteHeartbeatToFile] ErrorCode:0 INFO: Done Sending the heartbeat.
[2026-01-29 23:47:37.000]  [WriteStatusToFile] ErrorCode:0 INFO: Sending the status.
[2026-01-29 23:47:37.000]  [WriteStatusToFile] ErrorCode:0 INFO: Done Sending the status.
[2026-01-29 23:48:07.000]  [WriteHeartbeatToFile] ErrorCode:0 INFO: Sending the heartbeat.
[2026-01-29 23:48:07.000]  [WriteHeartbeatToFile] ErrorCode:0 INFO: Done Sending the heartbeat.
[2026-01-29 23:48:07.000]  [WriteStatusToFile] ErrorCode:0 INFO: Sending the status.
[2026-01-29 23:48:07.000]  [WriteStatusToFile] ErrorCode:0 INFO: Done Sending the status.
[2026-01-29 23:48:37.000]  [FindProcessById] ErrorCode:0 INFO: Attempt to find the process MetricsExtension.Native.exe with ID: 5620.
[2026-01-29 23:48:37.000]  [FindProcessById] ErrorCode:0 INFO: Running Process MetricsExtension.Native.exe found. ID: 5620.
[2026-01-29 23:48:37.000]  [StartMetricsExtension] ErrorCode:0 ERROR: Metrics extension is already running
[2026-01-29 23:48:37.000]  [WriteHeartbeatToFile] ErrorCode:0 INFO: Sending the heartbeat.
[2026-01-29 23:48:37.000]  [WriteHeartbeatToFile] ErrorCode:0 INFO: Done Sending the heartbeat.
[2026-01-29 23:48:37.000]  [WriteStatusToFile] ErrorCode:0 INFO: Sending the status.
[2026-01-29 23:48:37.000]  [WriteStatusToFile] ErrorCode:0 INFO: Done Sending the status.
[2026-01-29 23:49:07.000]  [WriteHeartbeatToFile] ErrorCode:0 INFO: Sending the heartbeat.
[2026-01-29 23:49:07.000]  [WriteHeartbeatToFile] ErrorCode:0 INFO: Done Sending the heartbeat.
[2026-01-29 23:49:07.000]  [WriteStatusToFile] ErrorCode:0 INFO: Sending the status.
[2026-01-29 23:49:07.000]  [WriteStatusToFile] ErrorCode:0 INFO: Done Sending the status.
[2026-01-29 23:49:37.000]  [FindProcessById] ErrorCode:0 INFO: Attempt to find the process MetricsExtension.Native.exe with ID: 5620.
[2026-01-29 23:49:37.000]  [FindProcessById] ErrorCode:0 INFO: Running Process MetricsExtension.Native.exe found. ID: 5620.
[2026-01-29 23:49:37.000]  [StartMetricsExtension] ErrorCode:0 ERROR: Metrics extension is already running
[2026-01-29 23:49:37.000]  [WriteHeartbeatToFile] ErrorCode:0 INFO: Sending the heartbeat.
[2026-01-29 23:49:37.000]  [WriteHeartbeatToFile] ErrorCode:0 INFO: Done Sending the heartbeat.
[2026-01-29 23:49:37.000]  [WriteStatusToFile] ErrorCode:0 INFO: Sending the status.
[2026-01-29 23:49:37.000]  [WriteStatusToFile] ErrorCode:0 INFO: Done Sending the status.
[2026-01-29 23:50:07.000]  [WriteHeartbeatToFile] ErrorCode:0 INFO: Sending the heartbeat.
[2026-01-29 23:50:07.000]  [WriteHeartbeatToFile] ErrorCode:0 INFO: Done Sending the heartbeat.
[2026-01-29 23:50:07.000]  [WriteStatusToFile] ErrorCode:0 INFO: Sending the status.
[2026-01-29 23:50:07.000]  [WriteStatusToFile] ErrorCode:0 INFO: Done Sending the status.
[2026-01-29 23:50:37.000]  [FindProcessById] ErrorCode:0 INFO: Attempt to find the process MetricsExtension.Native.exe with ID: 5620.
[2026-01-29 23:50:37.000]  [FindProcessById] ErrorCode:0 INFO: Running Process MetricsExtension.Native.exe found. ID: 5620.
[2026-01-29 23:50:37.000]  [StartMetricsExtension] ErrorCode:0 ERROR: Metrics extension is already running
[2026-01-29 23:50:37.000]  [AggregateHeartbeat] ErrorCode:0 INFO: Start heartbeat aggregation.
[2026-01-29 23:50:37.000]  [QueryRegValueDWORD] ErrorCode:0 INFO: Query Registry for Key:SOFTWARE\Microsoft\Windows Azure\CurrentVersion\AzureMonitorAgentExtension\47.4.1.0, Name:MaServiceProcess
[2026-01-29 23:50:37.000]  [QueryRegValueDWORD] ErrorCode:0 INFO: Query Registry for Key:SOFTWARE\Microsoft\Windows Azure\CurrentVersion\AzureMonitorAgentExtension\47.4.1.0, Name:MaServiceProcess, Value:1904
[2026-01-29 23:50:37.000]  [FindProcessById] ErrorCode:0 INFO: Attempt to find the process MonAgentLauncher.exe with ID: 1904.
[2026-01-29 23:50:37.000]  [FindProcessById] ErrorCode:0 INFO: Running Process MonAgentLauncher.exe found. ID: 1904.
[2026-01-29 23:50:37.000]  [CheckIfMAServiceIsRunByExtension] ErrorCode:0 INFO: The MA process is running based on the m_registry
[2026-01-29 23:50:37.000]  [QueryRegValueDWORD] ErrorCode:0 INFO: Query Registry for Key:SOFTWARE\Microsoft\Windows Azure\CurrentVersion\AzureMonitorAgentExtension\47.4.1.0, Name:AMAMultitenantServiceProcess
[2026-01-29 23:50:37.000]  [QueryRegValueDWORD] ErrorCode:0 ERROR: RegQueryValueExA: failed to query REG_DWORD value, Key:SOFTWARE\Microsoft\Windows Azure\CurrentVersion\AzureMonitorAgentExtension\47.4.1.0, name=AMAMultitenantServiceProcess, error=2, type=0
[2026-01-29 23:50:37.000]  [CheckIfMAServiceIsRunByExtension] ErrorCode:1205 INFO: Unable to read the m_registry for MA process. Assume it is not running.
[2026-01-29 23:50:37.000]  [AggregateHeartbeat] ErrorCode:0 INFO: Configured MA Service is not running on the node.
[2026-01-29 23:50:37.000]  [SetImdsEnvironmentVariable] ErrorCode:0 INFO: Querying IMDS information
[2026-01-29 23:50:37.000]  [SetImdsEnvironmentVariable] ErrorCode:-1 INFO: Preparing to call IMDS. Endpoint: http://169.254.169.254
[2026-01-29 23:50:37.000]  [WriteHeartbeatToFile] ErrorCode:0 INFO: Sending the heartbeat.
[2026-01-29 23:50:37.000]  [WriteHeartbeatToFile] ErrorCode:0 INFO: Done Sending the heartbeat.
[2026-01-29 23:50:37.000]  [QueryIMDSEndpoint] ErrorCode:0 INFO: Queried IMDS successfully.
[2026-01-29 23:50:37.000]  [GetValueFromJsonOrDefault] ErrorCode:0 INFO: Read Imds response field with Name:location Value: westus2
[2026-01-29 23:50:37.000]  [GetValueFromJsonOrDefault] ErrorCode:0 INFO: Read Imds response field with Name:name Value: amawin
[2026-01-29 23:50:37.000]  [GetValueFromJsonOrDefault] ErrorCode:0 INFO: Read Imds response field with Name:subscriptionId Value: 351651ce-5feb-4e59-975d-f1f344e2b717
[2026-01-29 23:50:37.000]  [GetValueFromJsonOrDefault] ErrorCode:0 INFO: Read Imds response field with Name:vmId Value: 22afd636-aec1-4782-9055-f85ea283dc20
[2026-01-29 23:50:37.000]  [GetValueFromJsonOrDefault] ErrorCode:0 INFO: Read Imds response field with Name:vmScaleSetName Value: 
[2026-01-29 23:50:37.000]  [GetValueFromJsonOrDefault] ErrorCode:0 INFO: Read Imds response field with Name:resourceGroupName Value: AMAWIN_GROUP
[2026-01-29 23:50:37.000]  [GetValueFromJsonOrDefault] ErrorCode:0 INFO: Read Imds response field with Name:osType Value: Windows
[2026-01-29 23:50:37.000]  [GetValueFromJsonOrDefault] ErrorCode:0 INFO: Read Imds response field with Name:resourceId Value: /subscriptions/351651ce-5feb-4e59-975d-f1f344e2b717/resourceGroups/AMAWIN_GROUP/providers/Microsoft.Compute/virtualMachines/amawin
[2026-01-29 23:50:37.000]  [GetValueFromJsonOrDefault] ErrorCode:0 INFO: Read Imds response field with Name:azEnvironment Value: AzurePublicCloud
[2026-01-29 23:50:37.000]  [SetImdsEnvironmentVariable] ErrorCode:0 INFO: Successfully set Environment variables from Imds
[2026-01-29 23:50:37.000]  [AggregateHeartbeat] ErrorCode:0 INFO: Completed heartbeat aggregation.
[2026-01-29 23:50:37.000]  [WriteStatusToFile] ErrorCode:0 INFO: Sending the status.
[2026-01-29 23:50:37.000]  [WriteStatusToFile] ErrorCode:0 INFO: Done Sending the status.
[2026-01-29 23:51:07.000]  [WriteHeartbeatToFile] ErrorCode:0 INFO: Sending the heartbeat.
[2026-01-29 23:51:07.000]  [WriteHeartbeatToFile] ErrorCode:0 INFO: Done Sending the heartbeat.
[2026-01-29 23:51:07.000]  [WriteStatusToFile] ErrorCode:0 INFO: Sending the status.
[2026-01-29 23:51:07.000]  [WriteStatusToFile] ErrorCode:0 INFO: Done Sending the status.
[2026-01-29 23:51:37.000]  [WriteHeartbeatToFile] ErrorCode:0 INFO: Sending the heartbeat.
[2026-01-29 23:51:37.000]  [FindProcessById] ErrorCode:0 INFO: Attempt to find the process MetricsExtension.Native.exe with ID: 5620.
[2026-01-29 23:51:37.000]  [WriteHeartbeatToFile] ErrorCode:0 INFO: Done Sending the heartbeat.
[2026-01-29 23:51:37.000]  [FindProcessById] ErrorCode:0 INFO: Running Process MetricsExtension.Native.exe found. ID: 5620.
[2026-01-29 23:51:37.000]  [StartMetricsExtension] ErrorCode:0 ERROR: Metrics extension is already running
[2026-01-29 23:51:37.000]  [WriteStatusToFile] ErrorCode:0 INFO: Sending the status.
[2026-01-29 23:51:37.000]  [WriteStatusToFile] ErrorCode:0 INFO: Done Sending the status.
[2026-01-29 23:52:07.000]  [WriteHeartbeatToFile] ErrorCode:0 INFO: Sending the heartbeat.
[2026-01-29 23:52:07.000]  [WriteHeartbeatToFile] ErrorCode:0 INFO: Done Sending the heartbeat.
[2026-01-29 23:52:07.000]  [WriteStatusToFile] ErrorCode:0 INFO: Sending the status.
[2026-01-29 23:52:07.000]  [WriteStatusToFile] ErrorCode:0 INFO: Done Sending the status.
[2026-01-29 23:52:37.000]  [FindProcessById] ErrorCode:0 INFO: Attempt to find the process MetricsExtension.Native.exe with ID: 5620.
[2026-01-29 23:52:37.000]  [FindProcessById] ErrorCode:0 INFO: Running Process MetricsExtension.Native.exe found. ID: 5620.
[2026-01-29 23:52:37.000]  [StartMetricsExtension] ErrorCode:0 ERROR: Metrics extension is already running
[2026-01-29 23:52:37.000]  [WriteHeartbeatToFile] ErrorCode:0 INFO: Sending the heartbeat.
[2026-01-29 23:52:37.000]  [WriteHeartbeatToFile] ErrorCode:0 INFO: Done Sending the heartbeat.
[2026-01-29 23:52:37.000]  [WriteStatusToFile] ErrorCode:0 INFO: Sending the status.
[2026-01-29 23:52:37.000]  [WriteStatusToFile] ErrorCode:0 INFO: Done Sending the status.
[2026-01-29 23:53:07.000]  [WriteHeartbeatToFile] ErrorCode:0 INFO: Sending the heartbeat.
[2026-01-29 23:53:07.000]  [WriteHeartbeatToFile] ErrorCode:0 INFO: Done Sending the heartbeat.
[2026-01-29 23:53:07.000]  [WriteStatusToFile] ErrorCode:0 INFO: Sending the status.
[2026-01-29 23:53:07.000]  [WriteStatusToFile] ErrorCode:0 INFO: Done Sending the status.
[2026-01-29 23:53:37.000]  [FindProcessById] ErrorCode:0 INFO: Attempt to find the process MetricsExtension.Native.exe with ID: 5620.
[2026-01-29 23:53:37.000]  [FindProcessById] ErrorCode:0 INFO: Running Process MetricsExtension.Native.exe found. ID: 5620.
[2026-01-29 23:53:37.000]  [StartMetricsExtension] ErrorCode:0 ERROR: Metrics extension is already running
[2026-01-29 23:53:37.000]  [WriteHeartbeatToFile] ErrorCode:0 INFO: Sending the heartbeat.
[2026-01-29 23:53:37.000]  [WriteHeartbeatToFile] ErrorCode:0 INFO: Done Sending the heartbeat.
[2026-01-29 23:53:37.000]  [WriteStatusToFile] ErrorCode:0 INFO: Sending the status.
[2026-01-29 23:53:37.000]  [WriteStatusToFile] ErrorCode:0 INFO: Done Sending the status.
[2026-01-29 23:54:07.000]  [WriteHeartbeatToFile] ErrorCode:0 INFO: Sending the heartbeat.
[2026-01-29 23:54:07.000]  [WriteHeartbeatToFile] ErrorCode:0 INFO: Done Sending the heartbeat.
[2026-01-29 23:54:07.000]  [WriteStatusToFile] ErrorCode:0 INFO: Sending the status.
[2026-01-29 23:54:07.000]  [WriteStatusToFile] ErrorCode:0 INFO: Done Sending the status.
[2026-01-29 23:54:37.000]  [FindProcessById] ErrorCode:0 INFO: Attempt to find the process MetricsExtension.Native.exe with ID: 5620.
[2026-01-29 23:54:37.000]  [FindProcessById] ErrorCode:0 INFO: Running Process MetricsExtension.Native.exe found. ID: 5620.
[2026-01-29 23:54:37.000]  [StartMetricsExtension] ErrorCode:0 ERROR: Metrics extension is already running
[2026-01-29 23:54:37.000]  [WriteHeartbeatToFile] ErrorCode:0 INFO: Sending the heartbeat.
[2026-01-29 23:54:37.000]  [WriteHeartbeatToFile] ErrorCode:0 INFO: Done Sending the heartbeat.
[2026-01-29 23:54:37.000]  [WriteStatusToFile] ErrorCode:0 INFO: Sending the status.
[2026-01-29 23:54:37.000]  [WriteStatusToFile] ErrorCode:0 INFO: Done Sending the status.
[2026-01-29 23:55:07.000]  [WriteHeartbeatToFile] ErrorCode:0 INFO: Sending the heartbeat.
[2026-01-29 23:55:07.000]  [WriteHeartbeatToFile] ErrorCode:0 INFO: Done Sending the heartbeat.
[2026-01-29 23:55:07.000]  [WriteStatusToFile] ErrorCode:0 INFO: Sending the status.
[2026-01-29 23:55:07.000]  [WriteStatusToFile] ErrorCode:0 INFO: Done Sending the status.
[2026-01-29 23:55:37.000]  [FindProcessById] ErrorCode:0 INFO: Attempt to find the process MetricsExtension.Native.exe with ID: 5620.
[2026-01-29 23:55:37.000]  [FindProcessById] ErrorCode:0 INFO: Running Process MetricsExtension.Native.exe found. ID: 5620.
[2026-01-29 23:55:37.000]  [StartMetricsExtension] ErrorCode:0 ERROR: Metrics extension is already running
[2026-01-29 23:55:37.000]  [AggregateHeartbeat] ErrorCode:0 INFO: Start heartbeat aggregation.
[2026-01-29 23:55:37.000]  [QueryRegValueDWORD] ErrorCode:0 INFO: Query Registry for Key:SOFTWARE\Microsoft\Windows Azure\CurrentVersion\AzureMonitorAgentExtension\47.4.1.0, Name:MaServiceProcess
[2026-01-29 23:55:37.000]  [QueryRegValueDWORD] ErrorCode:0 INFO: Query Registry for Key:SOFTWARE\Microsoft\Windows Azure\CurrentVersion\AzureMonitorAgentExtension\47.4.1.0, Name:MaServiceProcess, Value:1904
[2026-01-29 23:55:37.000]  [FindProcessById] ErrorCode:0 INFO: Attempt to find the process MonAgentLauncher.exe with ID: 1904.
[2026-01-29 23:55:37.000]  [FindProcessById] ErrorCode:0 INFO: Running Process MonAgentLauncher.exe found. ID: 1904.
[2026-01-29 23:55:37.000]  [CheckIfMAServiceIsRunByExtension] ErrorCode:0 INFO: The MA process is running based on the m_registry
[2026-01-29 23:55:37.000]  [QueryRegValueDWORD] ErrorCode:0 INFO: Query Registry for Key:SOFTWARE\Microsoft\Windows Azure\CurrentVersion\AzureMonitorAgentExtension\47.4.1.0, Name:AMAMultitenantServiceProcess
[2026-01-29 23:55:37.000]  [QueryRegValueDWORD] ErrorCode:0 ERROR: RegQueryValueExA: failed to query REG_DWORD value, Key:SOFTWARE\Microsoft\Windows Azure\CurrentVersion\AzureMonitorAgentExtension\47.4.1.0, name=AMAMultitenantServiceProcess, error=2, type=0
[2026-01-29 23:55:37.000]  [CheckIfMAServiceIsRunByExtension] ErrorCode:1205 INFO: Unable to read the m_registry for MA process. Assume it is not running.
[2026-01-29 23:55:37.000]  [AggregateHeartbeat] ErrorCode:0 INFO: Configured MA Service is not running on the node.
[2026-01-29 23:55:37.000]  [SetImdsEnvironmentVariable] ErrorCode:0 INFO: Querying IMDS information
[2026-01-29 23:55:37.000]  [SetImdsEnvironmentVariable] ErrorCode:-1 INFO: Preparing to call IMDS. Endpoint: http://169.254.169.254
[2026-01-29 23:55:37.000]  [QueryIMDSEndpoint] ErrorCode:0 INFO: Queried IMDS successfully.
[2026-01-29 23:55:37.000]  [GetValueFromJsonOrDefault] ErrorCode:0 INFO: Read Imds response field with Name:location Value: westus2
[2026-01-29 23:55:37.000]  [GetValueFromJsonOrDefault] ErrorCode:0 INFO: Read Imds response field with Name:name Value: amawin
[2026-01-29 23:55:37.000]  [GetValueFromJsonOrDefault] ErrorCode:0 INFO: Read Imds response field with Name:subscriptionId Value: 351651ce-5feb-4e59-975d-f1f344e2b717
[2026-01-29 23:55:37.000]  [GetValueFromJsonOrDefault] ErrorCode:0 INFO: Read Imds response field with Name:vmId Value: 22afd636-aec1-4782-9055-f85ea283dc20
[2026-01-29 23:55:37.000]  [GetValueFromJsonOrDefault] ErrorCode:0 INFO: Read Imds response field with Name:vmScaleSetName Value: 
[2026-01-29 23:55:37.000]  [GetValueFromJsonOrDefault] ErrorCode:0 INFO: Read Imds response field with Name:resourceGroupName Value: AMAWIN_GROUP
[2026-01-29 23:55:37.000]  [GetValueFromJsonOrDefault] ErrorCode:0 INFO: Read Imds response field with Name:osType Value: Windows
[2026-01-29 23:55:37.000]  [GetValueFromJsonOrDefault] ErrorCode:0 INFO: Read Imds response field with Name:resourceId Value: /subscriptions/351651ce-5feb-4e59-975d-f1f344e2b717/resourceGroups/AMAWIN_GROUP/providers/Microsoft.Compute/virtualMachines/amawin
[2026-01-29 23:55:37.000]  [GetValueFromJsonOrDefault] ErrorCode:0 INFO: Read Imds response field with Name:azEnvironment Value: AzurePublicCloud
[2026-01-29 23:55:37.000]  [SetImdsEnvironmentVariable] ErrorCode:0 INFO: Successfully set Environment variables from Imds
[2026-01-29 23:55:37.000]  [AggregateHeartbeat] ErrorCode:0 INFO: Completed heartbeat aggregation.
[2026-01-29 23:55:37.000]  [WriteHeartbeatToFile] ErrorCode:0 INFO: Sending the heartbeat.
[2026-01-29 23:55:37.000]  [WriteHeartbeatToFile] ErrorCode:0 INFO: Done Sending the heartbeat.
[2026-01-29 23:55:37.000]  [WriteStatusToFile] ErrorCode:0 INFO: Sending the status.
[2026-01-29 23:55:37.000]  [WriteStatusToFile] ErrorCode:0 INFO: Done Sending the status.
[2026-01-29 23:56:07.000]  [WriteHeartbeatToFile] ErrorCode:0 INFO: Sending the heartbeat.
[2026-01-29 23:56:07.000]  [WriteHeartbeatToFile] ErrorCode:0 INFO: Done Sending the heartbeat.
[2026-01-29 23:56:07.000]  [WriteStatusToFile] ErrorCode:0 INFO: Sending the status.
[2026-01-29 23:56:07.000]  [WriteStatusToFile] ErrorCode:0 INFO: Done Sending the status.
[2026-01-29 23:56:37.000]  [FindProcessById] ErrorCode:0 INFO: Attempt to find the process MetricsExtension.Native.exe with ID: 5620.
[2026-01-29 23:56:37.000]  [FindProcessById] ErrorCode:0 INFO: Running Process MetricsExtension.Native.exe found. ID: 5620.
[2026-01-29 23:56:37.000]  [StartMetricsExtension] ErrorCode:0 ERROR: Metrics extension is already running
[2026-01-29 23:56:37.000]  [WriteHeartbeatToFile] ErrorCode:0 INFO: Sending the heartbeat.
[2026-01-29 23:56:37.000]  [WriteHeartbeatToFile] ErrorCode:0 INFO: Done Sending the heartbeat.
[2026-01-29 23:56:37.000]  [WriteStatusToFile] ErrorCode:0 INFO: Sending the status.
[2026-01-29 23:56:37.000]  [WriteStatusToFile] ErrorCode:0 INFO: Done Sending the status.
[2026-01-29 23:57:07.000]  [WriteHeartbeatToFile] ErrorCode:0 INFO: Sending the heartbeat.
[2026-01-29 23:57:07.000]  [WriteHeartbeatToFile] ErrorCode:0 INFO: Done Sending the heartbeat.
[2026-01-29 23:57:07.000]  [WriteStatusToFile] ErrorCode:0 INFO: Sending the status.
[2026-01-29 23:57:07.000]  [WriteStatusToFile] ErrorCode:0 INFO: Done Sending the status.
[2026-01-29 23:57:37.000]  [FindProcessById] ErrorCode:0 INFO: Attempt to find the process MetricsExtension.Native.exe with ID: 5620.
[2026-01-29 23:57:37.000]  [FindProcessById] ErrorCode:0 INFO: Running Process MetricsExtension.Native.exe found. ID: 5620.
[2026-01-29 23:57:37.000]  [StartMetricsExtension] ErrorCode:0 ERROR: Metrics extension is already running
[2026-01-29 23:57:37.000]  [WriteHeartbeatToFile] ErrorCode:0 INFO: Sending the heartbeat.
[2026-01-29 23:57:37.000]  [WriteHeartbeatToFile] ErrorCode:0 INFO: Done Sending the heartbeat.
[2026-01-29 23:57:37.000]  [WriteStatusToFile] ErrorCode:0 INFO: Sending the status.
[2026-01-29 23:57:37.000]  [WriteStatusToFile] ErrorCode:0 INFO: Done Sending the status.
[2026-01-29 23:58:07.000]  [WriteHeartbeatToFile] ErrorCode:0 INFO: Sending the heartbeat.
[2026-01-29 23:58:07.000]  [WriteHeartbeatToFile] ErrorCode:0 INFO: Done Sending the heartbeat.
[2026-01-29 23:58:07.000]  [WriteStatusToFile] ErrorCode:0 INFO: Sending the status.
[2026-01-29 23:58:07.000]  [WriteStatusToFile] ErrorCode:0 INFO: Done Sending the status.
[2026-01-29 23:58:37.000]  [FindProcessById] ErrorCode:0 INFO: Attempt to find the process MetricsExtension.Native.exe with ID: 5620.
[2026-01-29 23:58:37.000]  [FindProcessById] ErrorCode:0 INFO: Running Process MetricsExtension.Native.exe found. ID: 5620.
[2026-01-29 23:58:37.000]  [StartMetricsExtension] ErrorCode:0 ERROR: Metrics extension is already running
[2026-01-29 23:58:37.000]  [WriteHeartbeatToFile] ErrorCode:0 INFO: Sending the heartbeat.
[2026-01-29 23:58:37.000]  [WriteHeartbeatToFile] ErrorCode:0 INFO: Done Sending the heartbeat.
[2026-01-29 23:58:37.000]  [WriteStatusToFile] ErrorCode:0 INFO: Sending the status.
[2026-01-29 23:58:37.000]  [WriteStatusToFile] ErrorCode:0 INFO: Done Sending the status.
[2026-01-29 23:59:07.000]  [WriteHeartbeatToFile] ErrorCode:0 INFO: Sending the heartbeat.
[2026-01-29 23:59:07.000]  [WriteHeartbeatToFile] ErrorCode:0 INFO: Done Sending the heartbeat.
[2026-01-29 23:59:07.000]  [WriteStatusToFile] ErrorCode:0 INFO: Sending the status.
[2026-01-29 23:59:07.000]  [WriteStatusToFile] ErrorCode:0 INFO: Done Sending the status.
[2026-01-29 23:59:37.000]  [FindProcessById] ErrorCode:0 INFO: Attempt to find the process MetricsExtension.Native.exe with ID: 5620.
[2026-01-29 23:59:37.000]  [FindProcessById] ErrorCode:0 INFO: Running Process MetricsExtension.Native.exe found. ID: 5620.
[2026-01-29 23:59:37.000]  [StartMetricsExtension] ErrorCode:0 ERROR: Metrics extension is already running
[2026-01-29 23:59:37.000]  [WriteHeartbeatToFile] ErrorCode:0 INFO: Sending the heartbeat.
[2026-01-29 23:59:37.000]  [WriteHeartbeatToFile] ErrorCode:0 INFO: Done Sending the heartbeat.
[2026-01-29 23:59:37.000]  [WriteStatusToFile] ErrorCode:0 INFO: Sending the status.
[2026-01-29 23:59:37.000]  [WriteStatusToFile] ErrorCode:0 INFO: Done Sending the status.
[2026-01-30 00:00:07.000]  [WriteHeartbeatToFile] ErrorCode:0 INFO: Sending the heartbeat.
[2026-01-30 00:00:07.000]  [WriteHeartbeatToFile] ErrorCode:0 INFO: Done Sending the heartbeat.
[2026-01-30 00:00:07.000]  [WriteStatusToFile] ErrorCode:0 INFO: Sending the status.
[2026-01-30 00:00:07.000]  [WriteStatusToFile] ErrorCode:0 INFO: Done Sending the status.
[2026-01-30 00:00:37.000]  [FindProcessById] ErrorCode:0 INFO: Attempt to find the process MetricsExtension.Native.exe with ID: 5620.
[2026-01-30 00:00:37.000]  [FindProcessById] ErrorCode:0 INFO: Running Process MetricsExtension.Native.exe found. ID: 5620.
[2026-01-30 00:00:37.000]  [StartMetricsExtension] ErrorCode:0 ERROR: Metrics extension is already running
[2026-01-30 00:00:37.000]  [AggregateHeartbeat] ErrorCode:0 INFO: Start heartbeat aggregation.
[2026-01-30 00:00:37.000]  [QueryRegValueDWORD] ErrorCode:0 INFO: Query Registry for Key:SOFTWARE\Microsoft\Windows Azure\CurrentVersion\AzureMonitorAgentExtension\47.4.1.0, Name:MaServiceProcess
[2026-01-30 00:00:37.000]  [QueryRegValueDWORD] ErrorCode:0 INFO: Query Registry for Key:SOFTWARE\Microsoft\Windows Azure\CurrentVersion\AzureMonitorAgentExtension\47.4.1.0, Name:MaServiceProcess, Value:1904
[2026-01-30 00:00:37.000]  [FindProcessById] ErrorCode:0 INFO: Attempt to find the process MonAgentLauncher.exe with ID: 1904.
[2026-01-30 00:00:37.000]  [FindProcessById] ErrorCode:0 INFO: Running Process MonAgentLauncher.exe found. ID: 1904.
[2026-01-30 00:00:37.000]  [CheckIfMAServiceIsRunByExtension] ErrorCode:0 INFO: The MA process is running based on the m_registry
[2026-01-30 00:00:37.000]  [QueryRegValueDWORD] ErrorCode:0 INFO: Query Registry for Key:SOFTWARE\Microsoft\Windows Azure\CurrentVersion\AzureMonitorAgentExtension\47.4.1.0, Name:AMAMultitenantServiceProcess
[2026-01-30 00:00:37.000]  [QueryRegValueDWORD] ErrorCode:0 ERROR: RegQueryValueExA: failed to query REG_DWORD value, Key:SOFTWARE\Microsoft\Windows Azure\CurrentVersion\AzureMonitorAgentExtension\47.4.1.0, name=AMAMultitenantServiceProcess, error=2, type=0
[2026-01-30 00:00:37.000]  [CheckIfMAServiceIsRunByExtension] ErrorCode:1205 INFO: Unable to read the m_registry for MA process. Assume it is not running.
[2026-01-30 00:00:37.000]  [AggregateHeartbeat] ErrorCode:0 INFO: Configured MA Service is not running on the node.
[2026-01-30 00:00:37.000]  [SetImdsEnvironmentVariable] ErrorCode:0 INFO: Querying IMDS information
[2026-01-30 00:00:37.000]  [SetImdsEnvironmentVariable] ErrorCode:-1 INFO: Preparing to call IMDS. Endpoint: http://169.254.169.254
[2026-01-30 00:00:37.000]  [QueryIMDSEndpoint] ErrorCode:0 INFO: Queried IMDS successfully.
[2026-01-30 00:00:37.000]  [GetValueFromJsonOrDefault] ErrorCode:0 INFO: Read Imds response field with Name:location Value: westus2
[2026-01-30 00:00:37.000]  [GetValueFromJsonOrDefault] ErrorCode:0 INFO: Read Imds response field with Name:name Value: amawin
[2026-01-30 00:00:37.000]  [GetValueFromJsonOrDefault] ErrorCode:0 INFO: Read Imds response field with Name:subscriptionId Value: 351651ce-5feb-4e59-975d-f1f344e2b717
[2026-01-30 00:00:37.000]  [GetValueFromJsonOrDefault] ErrorCode:0 INFO: Read Imds response field with Name:vmId Value: 22afd636-aec1-4782-9055-f85ea283dc20
[2026-01-30 00:00:37.000]  [GetValueFromJsonOrDefault] ErrorCode:0 INFO: Read Imds response field with Name:vmScaleSetName Value: 
[2026-01-30 00:00:37.000]  [GetValueFromJsonOrDefault] ErrorCode:0 INFO: Read Imds response field with Name:resourceGroupName Value: AMAWIN_GROUP
[2026-01-30 00:00:37.000]  [GetValueFromJsonOrDefault] ErrorCode:0 INFO: Read Imds response field with Name:osType Value: Windows
[2026-01-30 00:00:37.000]  [GetValueFromJsonOrDefault] ErrorCode:0 INFO: Read Imds response field with Name:resourceId Value: /subscriptions/351651ce-5feb-4e59-975d-f1f344e2b717/resourceGroups/AMAWIN_GROUP/providers/Microsoft.Compute/virtualMachines/amawin
[2026-01-30 00:00:37.000]  [GetValueFromJsonOrDefault] ErrorCode:0 INFO: Read Imds response field with Name:azEnvironment Value: AzurePublicCloud
[2026-01-30 00:00:37.000]  [SetImdsEnvironmentVariable] ErrorCode:0 INFO: Successfully set Environment variables from Imds
[2026-01-30 00:00:37.000]  [AggregateHeartbeat] ErrorCode:0 INFO: Completed heartbeat aggregation.
[2026-01-30 00:00:37.000]  [WriteHeartbeatToFile] ErrorCode:0 INFO: Sending the heartbeat.
[2026-01-30 00:00:37.000]  [WriteHeartbeatToFile] ErrorCode:0 INFO: Done Sending the heartbeat.
[2026-01-30 00:00:37.000]  [WriteStatusToFile] ErrorCode:0 INFO: Sending the status.
[2026-01-30 00:00:37.000]  [WriteStatusToFile] ErrorCode:0 INFO: Done Sending the status.
[2026-01-30 00:01:07.000]  [WriteHeartbeatToFile] ErrorCode:0 INFO: Sending the heartbeat.
[2026-01-30 00:01:07.000]  [WriteHeartbeatToFile] ErrorCode:0 INFO: Done Sending the heartbeat.
[2026-01-30 00:01:07.000]  [WriteStatusToFile] ErrorCode:0 INFO: Sending the status.
[2026-01-30 00:01:07.000]  [WriteStatusToFile] ErrorCode:0 INFO: Done Sending the status.
[2026-01-30 00:01:37.000]  [FindProcessById] ErrorCode:0 INFO: Attempt to find the process MetricsExtension.Native.exe with ID: 5620.
[2026-01-30 00:01:37.000]  [FindProcessById] ErrorCode:0 INFO: Running Process MetricsExtension.Native.exe found. ID: 5620.
[2026-01-30 00:01:37.000]  [StartMetricsExtension] ErrorCode:0 ERROR: Metrics extension is already running
[2026-01-30 00:01:37.000]  [WriteHeartbeatToFile] ErrorCode:0 INFO: Sending the heartbeat.
[2026-01-30 00:01:37.000]  [WriteHeartbeatToFile] ErrorCode:0 INFO: Done Sending the heartbeat.
[2026-01-30 00:01:37.000]  [WriteStatusToFile] ErrorCode:0 INFO: Sending the status.
[2026-01-30 00:01:37.000]  [WriteStatusToFile] ErrorCode:0 INFO: Done Sending the status.
[2026-01-30 00:02:07.000]  [WriteHeartbeatToFile] ErrorCode:0 INFO: Sending the heartbeat.
[2026-01-30 00:02:07.000]  [WriteHeartbeatToFile] ErrorCode:0 INFO: Done Sending the heartbeat.
[2026-01-30 00:02:07.000]  [WriteStatusToFile] ErrorCode:0 INFO: Sending the status.
[2026-01-30 00:02:07.000]  [WriteStatusToFile] ErrorCode:0 INFO: Done Sending the status.
[2026-01-30 00:02:37.000]  [FindProcessById] ErrorCode:0 INFO: Attempt to find the process MetricsExtension.Native.exe with ID: 5620.
[2026-01-30 00:02:37.000]  [FindProcessById] ErrorCode:0 INFO: Running Process MetricsExtension.Native.exe found. ID: 5620.
[2026-01-30 00:02:37.000]  [StartMetricsExtension] ErrorCode:0 ERROR: Metrics extension is already running
[2026-01-30 00:02:37.000]  [WriteHeartbeatToFile] ErrorCode:0 INFO: Sending the heartbeat.
[2026-01-30 00:02:37.000]  [WriteHeartbeatToFile] ErrorCode:0 INFO: Done Sending the heartbeat.
[2026-01-30 00:02:37.000]  [WriteStatusToFile] ErrorCode:0 INFO: Sending the status.
[2026-01-30 00:02:37.000]  [WriteStatusToFile] ErrorCode:0 INFO: Done Sending the status.
[2026-01-30 00:03:07.000]  [WriteHeartbeatToFile] ErrorCode:0 INFO: Sending the heartbeat.
[2026-01-30 00:03:07.000]  [WriteHeartbeatToFile] ErrorCode:0 INFO: Done Sending the heartbeat.
[2026-01-30 00:03:07.000]  [WriteStatusToFile] ErrorCode:0 INFO: Sending the status.
[2026-01-30 00:03:07.000]  [WriteStatusToFile] ErrorCode:0 INFO: Done Sending the status.
[2026-01-30 00:03:37.000]  [FindProcessById] ErrorCode:0 INFO: Attempt to find the process MetricsExtension.Native.exe with ID: 5620.
[2026-01-30 00:03:37.000]  [FindProcessById] ErrorCode:0 INFO: Running Process MetricsExtension.Native.exe found. ID: 5620.
[2026-01-30 00:03:37.000]  [StartMetricsExtension] ErrorCode:0 ERROR: Metrics extension is already running
[2026-01-30 00:03:37.000]  [WriteHeartbeatToFile] ErrorCode:0 INFO: Sending the heartbeat.
[2026-01-30 00:03:37.000]  [WriteHeartbeatToFile] ErrorCode:0 INFO: Done Sending the heartbeat.
[2026-01-30 00:03:37.000]  [WriteStatusToFile] ErrorCode:0 INFO: Sending the status.
[2026-01-30 00:03:37.000]  [WriteStatusToFile] ErrorCode:0 INFO: Done Sending the status.
[2026-01-30 00:04:07.000]  [WriteHeartbeatToFile] ErrorCode:0 INFO: Sending the heartbeat.
[2026-01-30 00:04:07.000]  [WriteHeartbeatToFile] ErrorCode:0 INFO: Done Sending the heartbeat.
[2026-01-30 00:04:07.000]  [WriteStatusToFile] ErrorCode:0 INFO: Sending the status.
[2026-01-30 00:04:07.000]  [WriteStatusToFile] ErrorCode:0 INFO: Done Sending the status.
[2026-01-30 00:04:37.000]  [FindProcessById] ErrorCode:0 INFO: Attempt to find the process MetricsExtension.Native.exe with ID: 5620.
[2026-01-30 00:04:37.000]  [FindProcessById] ErrorCode:0 INFO: Running Process MetricsExtension.Native.exe found. ID: 5620.
[2026-01-30 00:04:37.000]  [StartMetricsExtension] ErrorCode:0 ERROR: Metrics extension is already running
[2026-01-30 00:04:37.000]  [WriteHeartbeatToFile] ErrorCode:0 INFO: Sending the heartbeat.
[2026-01-30 00:04:37.000]  [WriteHeartbeatToFile] ErrorCode:0 INFO: Done Sending the heartbeat.
[2026-01-30 00:04:37.000]  [WriteStatusToFile] ErrorCode:0 INFO: Sending the status.
[2026-01-30 00:04:37.000]  [WriteStatusToFile] ErrorCode:0 INFO: Done Sending the status.
[2026-01-30 00:05:07.000]  [WriteHeartbeatToFile] ErrorCode:0 INFO: Sending the heartbeat.
[2026-01-30 00:05:07.000]  [WriteHeartbeatToFile] ErrorCode:0 INFO: Done Sending the heartbeat.
[2026-01-30 00:05:07.000]  [WriteStatusToFile] ErrorCode:0 INFO: Sending the status.
[2026-01-30 00:05:07.000]  [WriteStatusToFile] ErrorCode:0 INFO: Done Sending the status.
[2026-01-30 00:05:37.000]  [FindProcessById] ErrorCode:0 INFO: Attempt to find the process MetricsExtension.Native.exe with ID: 5620.
[2026-01-30 00:05:37.000]  [FindProcessById] ErrorCode:0 INFO: Running Process MetricsExtension.Native.exe found. ID: 5620.
[2026-01-30 00:05:37.000]  [StartMetricsExtension] ErrorCode:0 ERROR: Metrics extension is already running
[2026-01-30 00:05:37.000]  [AggregateHeartbeat] ErrorCode:0 INFO: Start heartbeat aggregation.
[2026-01-30 00:05:37.000]  [QueryRegValueDWORD] ErrorCode:0 INFO: Query Registry for Key:SOFTWARE\Microsoft\Windows Azure\CurrentVersion\AzureMonitorAgentExtension\47.4.1.0, Name:MaServiceProcess
[2026-01-30 00:05:37.000]  [QueryRegValueDWORD] ErrorCode:0 INFO: Query Registry for Key:SOFTWARE\Microsoft\Windows Azure\CurrentVersion\AzureMonitorAgentExtension\47.4.1.0, Name:MaServiceProcess, Value:1904
[2026-01-30 00:05:37.000]  [FindProcessById] ErrorCode:0 INFO: Attempt to find the process MonAgentLauncher.exe with ID: 1904.
[2026-01-30 00:05:37.000]  [FindProcessById] ErrorCode:0 INFO: Running Process MonAgentLauncher.exe found. ID: 1904.
[2026-01-30 00:05:37.000]  [CheckIfMAServiceIsRunByExtension] ErrorCode:0 INFO: The MA process is running based on the m_registry
[2026-01-30 00:05:37.000]  [QueryRegValueDWORD] ErrorCode:0 INFO: Query Registry for Key:SOFTWARE\Microsoft\Windows Azure\CurrentVersion\AzureMonitorAgentExtension\47.4.1.0, Name:AMAMultitenantServiceProcess
[2026-01-30 00:05:37.000]  [QueryRegValueDWORD] ErrorCode:0 ERROR: RegQueryValueExA: failed to query REG_DWORD value, Key:SOFTWARE\Microsoft\Windows Azure\CurrentVersion\AzureMonitorAgentExtension\47.4.1.0, name=AMAMultitenantServiceProcess, error=2, type=0
[2026-01-30 00:05:37.000]  [CheckIfMAServiceIsRunByExtension] ErrorCode:1205 INFO: Unable to read the m_registry for MA process. Assume it is not running.
[2026-01-30 00:05:37.000]  [AggregateHeartbeat] ErrorCode:0 INFO: Configured MA Service is not running on the node.
[2026-01-30 00:05:37.000]  [SetImdsEnvironmentVariable] ErrorCode:0 INFO: Querying IMDS information
[2026-01-30 00:05:37.000]  [SetImdsEnvironmentVariable] ErrorCode:-1 INFO: Preparing to call IMDS. Endpoint: http://169.254.169.254
[2026-01-30 00:05:37.000]  [QueryIMDSEndpoint] ErrorCode:0 INFO: Queried IMDS successfully.
[2026-01-30 00:05:37.000]  [GetValueFromJsonOrDefault] ErrorCode:0 INFO: Read Imds response field with Name:location Value: westus2
[2026-01-30 00:05:37.000]  [GetValueFromJsonOrDefault] ErrorCode:0 INFO: Read Imds response field with Name:name Value: amawin
[2026-01-30 00:05:37.000]  [GetValueFromJsonOrDefault] ErrorCode:0 INFO: Read Imds response field with Name:subscriptionId Value: 351651ce-5feb-4e59-975d-f1f344e2b717
[2026-01-30 00:05:37.000]  [GetValueFromJsonOrDefault] ErrorCode:0 INFO: Read Imds response field with Name:vmId Value: 22afd636-aec1-4782-9055-f85ea283dc20
[2026-01-30 00:05:37.000]  [GetValueFromJsonOrDefault] ErrorCode:0 INFO: Read Imds response field with Name:vmScaleSetName Value: 
[2026-01-30 00:05:37.000]  [GetValueFromJsonOrDefault] ErrorCode:0 INFO: Read Imds response field with Name:resourceGroupName Value: AMAWin_group
[2026-01-30 00:05:37.000]  [GetValueFromJsonOrDefault] ErrorCode:0 INFO: Read Imds response field with Name:osType Value: Windows
[2026-01-30 00:05:37.000]  [GetValueFromJsonOrDefault] ErrorCode:0 INFO: Read Imds response field with Name:resourceId Value: /subscriptions/351651ce-5feb-4e59-975d-f1f344e2b717/resourceGroups/AMAWin_group/providers/Microsoft.Compute/virtualMachines/amawin
[2026-01-30 00:05:37.000]  [GetValueFromJsonOrDefault] ErrorCode:0 INFO: Read Imds response field with Name:azEnvironment Value: AzurePublicCloud
[2026-01-30 00:05:37.000]  [SetImdsEnvironmentVariable] ErrorCode:0 INFO: Successfully set Environment variables from Imds
[2026-01-30 00:05:37.000]  [AggregateHeartbeat] ErrorCode:0 INFO: Completed heartbeat aggregation.
[2026-01-30 00:05:37.000]  [WriteHeartbeatToFile] ErrorCode:0 INFO: Sending the heartbeat.
[2026-01-30 00:05:37.000]  [WriteHeartbeatToFile] ErrorCode:0 INFO: Done Sending the heartbeat.
[2026-01-30 00:05:37.000]  [WriteStatusToFile] ErrorCode:0 INFO: Sending the status.
[2026-01-30 00:05:37.000]  [WriteStatusToFile] ErrorCode:0 INFO: Done Sending the status.
[2026-01-30 00:06:07.000]  [WriteHeartbeatToFile] ErrorCode:0 INFO: Sending the heartbeat.
[2026-01-30 00:06:07.000]  [WriteHeartbeatToFile] ErrorCode:0 INFO: Done Sending the heartbeat.
[2026-01-30 00:06:07.000]  [WriteStatusToFile] ErrorCode:0 INFO: Sending the status.
[2026-01-30 00:06:07.000]  [WriteStatusToFile] ErrorCode:0 INFO: Done Sending the status.
[2026-01-30 00:06:37.000]  [FindProcessById] ErrorCode:0 INFO: Attempt to find the process MetricsExtension.Native.exe with ID: 5620.
[2026-01-30 00:06:37.000]  [FindProcessById] ErrorCode:0 INFO: Running Process MetricsExtension.Native.exe found. ID: 5620.
[2026-01-30 00:06:37.000]  [StartMetricsExtension] ErrorCode:0 ERROR: Metrics extension is already running
[2026-01-30 00:06:37.000]  [WriteHeartbeatToFile] ErrorCode:0 INFO: Sending the heartbeat.
[2026-01-30 00:06:37.000]  [WriteHeartbeatToFile] ErrorCode:0 INFO: Done Sending the heartbeat.
[2026-01-30 00:06:37.000]  [WriteStatusToFile] ErrorCode:0 INFO: Sending the status.
[2026-01-30 00:06:37.000]  [WriteStatusToFile] ErrorCode:0 INFO: Done Sending the status.
[2026-01-30 00:07:07.000]  [WriteHeartbeatToFile] ErrorCode:0 INFO: Sending the heartbeat.
[2026-01-30 00:07:07.000]  [WriteHeartbeatToFile] ErrorCode:0 INFO: Done Sending the heartbeat.
[2026-01-30 00:07:07.000]  [WriteStatusToFile] ErrorCode:0 INFO: Sending the status.
[2026-01-30 00:07:07.000]  [WriteStatusToFile] ErrorCode:0 INFO: Done Sending the status.
[2026-01-30 00:07:37.000]  [FindProcessById] ErrorCode:0 INFO: Attempt to find the process MetricsExtension.Native.exe with ID: 5620.
[2026-01-30 00:07:37.000]  [FindProcessById] ErrorCode:0 INFO: Running Process MetricsExtension.Native.exe found. ID: 5620.
[2026-01-30 00:07:37.000]  [StartMetricsExtension] ErrorCode:0 ERROR: Metrics extension is already running
[2026-01-30 00:07:37.000]  [WriteHeartbeatToFile] ErrorCode:0 INFO: Sending the heartbeat.
[2026-01-30 00:07:37.000]  [WriteHeartbeatToFile] ErrorCode:0 INFO: Done Sending the heartbeat.
[2026-01-30 00:07:37.000]  [WriteStatusToFile] ErrorCode:0 INFO: Sending the status.
[2026-01-30 00:07:37.000]  [WriteStatusToFile] ErrorCode:0 INFO: Done Sending the status.
[2026-01-30 00:08:07.000]  [WriteHeartbeatToFile] ErrorCode:0 INFO: Sending the heartbeat.
[2026-01-30 00:08:07.000]  [WriteStatusToFile] ErrorCode:0 INFO: Sending the status.
[2026-01-30 00:08:08.000]  [WriteStatusToFile] ErrorCode:0 INFO: Done Sending the status.
[2026-01-30 00:08:08.000]  [WriteHeartbeatToFile] ErrorCode:0 INFO: Done Sending the heartbeat.
[2026-01-30 00:08:37.000]  [FindProcessById] ErrorCode:0 INFO: Attempt to find the process MetricsExtension.Native.exe with ID: 5620.
[2026-01-30 00:08:37.000]  [FindProcessById] ErrorCode:0 INFO: Running Process MetricsExtension.Native.exe found. ID: 5620.
[2026-01-30 00:08:37.000]  [StartMetricsExtension] ErrorCode:0 ERROR: Metrics extension is already running
[2026-01-30 00:08:38.000]  [WriteHeartbeatToFile] ErrorCode:0 INFO: Sending the heartbeat.
[2026-01-30 00:08:38.000]  [WriteStatusToFile] ErrorCode:0 INFO: Sending the status.
[2026-01-30 00:08:38.000]  [WriteHeartbeatToFile] ErrorCode:0 INFO: Done Sending the heartbeat.
[2026-01-30 00:08:38.000]  [WriteStatusToFile] ErrorCode:0 INFO: Done Sending the status.
[2026-01-30 00:09:08.000]  [WriteHeartbeatToFile] ErrorCode:0 INFO: Sending the heartbeat.
[2026-01-30 00:09:08.000]  [WriteStatusToFile] ErrorCode:0 INFO: Sending the status.
[2026-01-30 00:09:10.000]  [WriteHeartbeatToFile] ErrorCode:0 INFO: Done Sending the heartbeat.
[2026-01-30 00:09:10.000]  [WriteStatusToFile] ErrorCode:0 INFO: Done Sending the status.
[2026-01-30 00:09:37.000]  [FindProcessById] ErrorCode:0 INFO: Attempt to find the process MetricsExtension.Native.exe with ID: 5620.
[2026-01-30 00:09:37.000]  [FindProcessById] ErrorCode:0 INFO: Running Process MetricsExtension.Native.exe found. ID: 5620.
[2026-01-30 00:09:37.000]  [StartMetricsExtension] ErrorCode:0 ERROR: Metrics extension is already running
[2026-01-30 00:09:40.000]  [WriteHeartbeatToFile] ErrorCode:0 INFO: Sending the heartbeat.
[2026-01-30 00:09:40.000]  [WriteStatusToFile] ErrorCode:0 INFO: Sending the status.
[2026-01-30 00:09:40.000]  [WriteHeartbeatToFile] ErrorCode:0 INFO: Done Sending the heartbeat.
[2026-01-30 00:09:40.000]  [WriteStatusToFile] ErrorCode:0 INFO: Done Sending the status.
[2026-01-30 00:10:10.000]  [WriteStatusToFile] ErrorCode:0 INFO: Sending the status.
[2026-01-30 00:10:10.000]  [WriteHeartbeatToFile] ErrorCode:0 INFO: Sending the heartbeat.
[2026-01-30 00:10:10.000]  [WriteStatusToFile] ErrorCode:0 INFO: Done Sending the status.
[2026-01-30 00:10:10.000]  [WriteHeartbeatToFile] ErrorCode:0 INFO: Done Sending the heartbeat.
[2026-01-30 00:10:37.000]  [FindProcessById] ErrorCode:0 INFO: Attempt to find the process MetricsExtension.Native.exe with ID: 5620.
[2026-01-30 00:10:37.000]  [FindProcessById] ErrorCode:0 INFO: Running Process MetricsExtension.Native.exe found. ID: 5620.
[2026-01-30 00:10:37.000]  [StartMetricsExtension] ErrorCode:0 ERROR: Metrics extension is already running
[2026-01-30 00:10:37.000]  [AggregateHeartbeat] ErrorCode:0 INFO: Start heartbeat aggregation.
[2026-01-30 00:10:37.000]  [QueryRegValueDWORD] ErrorCode:0 INFO: Query Registry for Key:SOFTWARE\Microsoft\Windows Azure\CurrentVersion\AzureMonitorAgentExtension\47.4.1.0, Name:MaServiceProcess
[2026-01-30 00:10:37.000]  [QueryRegValueDWORD] ErrorCode:0 INFO: Query Registry for Key:SOFTWARE\Microsoft\Windows Azure\CurrentVersion\AzureMonitorAgentExtension\47.4.1.0, Name:MaServiceProcess, Value:1904
[2026-01-30 00:10:37.000]  [FindProcessById] ErrorCode:0 INFO: Attempt to find the process MonAgentLauncher.exe with ID: 1904.
[2026-01-30 00:10:37.000]  [FindProcessById] ErrorCode:0 INFO: Running Process MonAgentLauncher.exe found. ID: 1904.
[2026-01-30 00:10:37.000]  [CheckIfMAServiceIsRunByExtension] ErrorCode:0 INFO: The MA process is running based on the m_registry
[2026-01-30 00:10:37.000]  [QueryRegValueDWORD] ErrorCode:0 INFO: Query Registry for Key:SOFTWARE\Microsoft\Windows Azure\CurrentVersion\AzureMonitorAgentExtension\47.4.1.0, Name:AMAMultitenantServiceProcess
[2026-01-30 00:10:37.000]  [QueryRegValueDWORD] ErrorCode:0 ERROR: RegQueryValueExA: failed to query REG_DWORD value, Key:SOFTWARE\Microsoft\Windows Azure\CurrentVersion\AzureMonitorAgentExtension\47.4.1.0, name=AMAMultitenantServiceProcess, error=2, type=0
[2026-01-30 00:10:37.000]  [CheckIfMAServiceIsRunByExtension] ErrorCode:1205 INFO: Unable to read the m_registry for MA process. Assume it is not running.
[2026-01-30 00:10:37.000]  [AggregateHeartbeat] ErrorCode:0 INFO: Configured MA Service is not running on the node.
[2026-01-30 00:10:37.000]  [SetImdsEnvironmentVariable] ErrorCode:0 INFO: Querying IMDS information
[2026-01-30 00:10:37.000]  [SetImdsEnvironmentVariable] ErrorCode:-1 INFO: Preparing to call IMDS. Endpoint: http://169.254.169.254
[2026-01-30 00:10:37.000]  [QueryIMDSEndpoint] ErrorCode:0 INFO: Queried IMDS successfully.
[2026-01-30 00:10:37.000]  [GetValueFromJsonOrDefault] ErrorCode:0 INFO: Read Imds response field with Name:location Value: westus2
[2026-01-30 00:10:37.000]  [GetValueFromJsonOrDefault] ErrorCode:0 INFO: Read Imds response field with Name:name Value: amawin
[2026-01-30 00:10:37.000]  [GetValueFromJsonOrDefault] ErrorCode:0 INFO: Read Imds response field with Name:subscriptionId Value: 351651ce-5feb-4e59-975d-f1f344e2b717
[2026-01-30 00:10:37.000]  [GetValueFromJsonOrDefault] ErrorCode:0 INFO: Read Imds response field with Name:vmId Value: 22afd636-aec1-4782-9055-f85ea283dc20
[2026-01-30 00:10:37.000]  [GetValueFromJsonOrDefault] ErrorCode:0 INFO: Read Imds response field with Name:vmScaleSetName Value: 
[2026-01-30 00:10:37.000]  [GetValueFromJsonOrDefault] ErrorCode:0 INFO: Read Imds response field with Name:resourceGroupName Value: AMAWin_group
[2026-01-30 00:10:37.000]  [GetValueFromJsonOrDefault] ErrorCode:0 INFO: Read Imds response field with Name:osType Value: Windows
[2026-01-30 00:10:37.000]  [GetValueFromJsonOrDefault] ErrorCode:0 INFO: Read Imds response field with Name:resourceId Value: /subscriptions/351651ce-5feb-4e59-975d-f1f344e2b717/resourceGroups/AMAWin_group/providers/Microsoft.Compute/virtualMachines/amawin
[2026-01-30 00:10:37.000]  [GetValueFromJsonOrDefault] ErrorCode:0 INFO: Read Imds response field with Name:azEnvironment Value: AzurePublicCloud
[2026-01-30 00:10:37.000]  [SetImdsEnvironmentVariable] ErrorCode:0 INFO: Successfully set Environment variables from Imds
[2026-01-30 00:10:37.000]  [AggregateHeartbeat] ErrorCode:0 INFO: Completed heartbeat aggregation.
[2026-01-30 00:10:42.000]  [WriteStatusToFile] ErrorCode:0 INFO: Sending the status.
[2026-01-30 00:10:42.000]  [WriteHeartbeatToFile] ErrorCode:0 INFO: Sending the heartbeat.
[2026-01-30 00:10:42.000]  [WriteStatusToFile] ErrorCode:0 INFO: Done Sending the status.
[2026-01-30 00:10:42.000]  [WriteHeartbeatToFile] ErrorCode:0 INFO: Done Sending the heartbeat.
[2026-01-30 00:11:12.000]  [WriteHeartbeatToFile] ErrorCode:0 INFO: Sending the heartbeat.
[2026-01-30 00:11:12.000]  [WriteStatusToFile] ErrorCode:0 INFO: Sending the status.
[2026-01-30 00:11:12.000]  [WriteHeartbeatToFile] ErrorCode:0 INFO: Done Sending the heartbeat.
[2026-01-30 00:11:12.000]  [WriteStatusToFile] ErrorCode:0 INFO: Done Sending the status.
[2026-01-30 00:11:37.000]  [FindProcessById] ErrorCode:0 INFO: Attempt to find the process MetricsExtension.Native.exe with ID: 5620.
[2026-01-30 00:11:37.000]  [FindProcessById] ErrorCode:0 INFO: Running Process MetricsExtension.Native.exe found. ID: 5620.
[2026-01-30 00:11:37.000]  [StartMetricsExtension] ErrorCode:0 ERROR: Metrics extension is already running
[2026-01-30 00:11:42.000]  [WriteHeartbeatToFile] ErrorCode:0 INFO: Sending the heartbeat.
[2026-01-30 00:11:42.000]  [WriteStatusToFile] ErrorCode:0 INFO: Sending the status.
[2026-01-30 00:11:42.000]  [WriteStatusToFile] ErrorCode:0 INFO: Done Sending the status.
[2026-01-30 00:11:42.000]  [WriteHeartbeatToFile] ErrorCode:0 INFO: Done Sending the heartbeat.
[2026-01-30 00:12:12.000]  [WriteHeartbeatToFile] ErrorCode:0 INFO: Sending the heartbeat.
[2026-01-30 00:12:12.000]  [WriteStatusToFile] ErrorCode:0 INFO: Sending the status.
[2026-01-30 00:12:12.000]  [WriteHeartbeatToFile] ErrorCode:0 INFO: Done Sending the heartbeat.
[2026-01-30 00:12:12.000]  [WriteStatusToFile] ErrorCode:0 INFO: Done Sending the status.
[2026-01-30 00:12:37.000]  [FindProcessById] ErrorCode:0 INFO: Attempt to find the process MetricsExtension.Native.exe with ID: 5620.
[2026-01-30 00:12:37.000]  [FindProcessById] ErrorCode:0 INFO: Running Process MetricsExtension.Native.exe found. ID: 5620.
[2026-01-30 00:12:37.000]  [StartMetricsExtension] ErrorCode:0 ERROR: Metrics extension is already running
[2026-01-30 00:12:42.000]  [WriteStatusToFile] ErrorCode:0 INFO: Sending the status.
[2026-01-30 00:12:42.000]  [WriteHeartbeatToFile] ErrorCode:0 INFO: Sending the heartbeat.
[2026-01-30 00:12:42.000]  [WriteStatusToFile] ErrorCode:0 INFO: Done Sending the status.
[2026-01-30 00:12:42.000]  [WriteHeartbeatToFile] ErrorCode:0 INFO: Done Sending the heartbeat.
[2026-01-30 00:13:12.000]  [WriteStatusToFile] ErrorCode:0 INFO: Sending the status.
[2026-01-30 00:13:12.000]  [WriteHeartbeatToFile] ErrorCode:0 INFO: Sending the heartbeat.
[2026-01-30 00:13:12.000]  [WriteStatusToFile] ErrorCode:0 INFO: Done Sending the status.
[2026-01-30 00:13:12.000]  [WriteHeartbeatToFile] ErrorCode:0 INFO: Done Sending the heartbeat.
[2026-01-30 00:13:37.000]  [FindProcessById] ErrorCode:0 INFO: Attempt to find the process MetricsExtension.Native.exe with ID: 5620.
[2026-01-30 00:13:37.000]  [FindProcessById] ErrorCode:0 INFO: Running Process MetricsExtension.Native.exe found. ID: 5620.
[2026-01-30 00:13:37.000]  [StartMetricsExtension] ErrorCode:0 ERROR: Metrics extension is already running
[2026-01-30 00:13:42.000]  [WriteHeartbeatToFile] ErrorCode:0 INFO: Sending the heartbeat.
[2026-01-30 00:13:42.000]  [WriteStatusToFile] ErrorCode:0 INFO: Sending the status.
[2026-01-30 00:13:42.000]  [WriteStatusToFile] ErrorCode:0 INFO: Done Sending the status.
[2026-01-30 00:13:42.000]  [WriteHeartbeatToFile] ErrorCode:0 INFO: Done Sending the heartbeat.
[2026-01-30 00:14:12.000]  [WriteHeartbeatToFile] ErrorCode:0 INFO: Sending the heartbeat.
[2026-01-30 00:14:12.000]  [WriteStatusToFile] ErrorCode:0 INFO: Sending the status.
[2026-01-30 00:14:12.000]  [WriteStatusToFile] ErrorCode:0 INFO: Done Sending the status.
[2026-01-30 00:14:12.000]  [WriteHeartbeatToFile] ErrorCode:0 INFO: Done Sending the heartbeat.
[2026-01-30 00:14:37.000]  [FindProcessById] ErrorCode:0 INFO: Attempt to find the process MetricsExtension.Native.exe with ID: 5620.
[2026-01-30 00:14:37.000]  [FindProcessById] ErrorCode:0 INFO: Running Process MetricsExtension.Native.exe found. ID: 5620.
[2026-01-30 00:14:37.000]  [StartMetricsExtension] ErrorCode:0 ERROR: Metrics extension is already running
[2026-01-30 00:14:42.000]  [WriteHeartbeatToFile] ErrorCode:0 INFO: Sending the heartbeat.
[2026-01-30 00:14:42.000]  [WriteStatusToFile] ErrorCode:0 INFO: Sending the status.
[2026-01-30 00:14:42.000]  [WriteStatusToFile] ErrorCode:0 INFO: Done Sending the status.
[2026-01-30 00:14:42.000]  [WriteHeartbeatToFile] ErrorCode:0 INFO: Done Sending the heartbeat.
[2026-01-30 00:15:12.000]  [WriteHeartbeatToFile] ErrorCode:0 INFO: Sending the heartbeat.
[2026-01-30 00:15:12.000]  [WriteStatusToFile] ErrorCode:0 INFO: Sending the status.
[2026-01-30 00:15:12.000]  [WriteHeartbeatToFile] ErrorCode:0 INFO: Done Sending the heartbeat.
[2026-01-30 00:15:12.000]  [WriteStatusToFile] ErrorCode:0 INFO: Done Sending the status.
[2026-01-30 00:15:37.000]  [FindProcessById] ErrorCode:0 INFO: Attempt to find the process MetricsExtension.Native.exe with ID: 5620.
[2026-01-30 00:15:37.000]  [FindProcessById] ErrorCode:0 INFO: Running Process MetricsExtension.Native.exe found. ID: 5620.
[2026-01-30 00:15:37.000]  [StartMetricsExtension] ErrorCode:0 ERROR: Metrics extension is already running
[2026-01-30 00:15:37.000]  [AggregateHeartbeat] ErrorCode:0 INFO: Start heartbeat aggregation.
[2026-01-30 00:15:37.000]  [QueryRegValueDWORD] ErrorCode:0 INFO: Query Registry for Key:SOFTWARE\Microsoft\Windows Azure\CurrentVersion\AzureMonitorAgentExtension\47.4.1.0, Name:MaServiceProcess
[2026-01-30 00:15:37.000]  [QueryRegValueDWORD] ErrorCode:0 INFO: Query Registry for Key:SOFTWARE\Microsoft\Windows Azure\CurrentVersion\AzureMonitorAgentExtension\47.4.1.0, Name:MaServiceProcess, Value:1904
[2026-01-30 00:15:37.000]  [FindProcessById] ErrorCode:0 INFO: Attempt to find the process MonAgentLauncher.exe with ID: 1904.
[2026-01-30 00:15:37.000]  [FindProcessById] ErrorCode:0 INFO: Running Process MonAgentLauncher.exe found. ID: 1904.
[2026-01-30 00:15:37.000]  [CheckIfMAServiceIsRunByExtension] ErrorCode:0 INFO: The MA process is running based on the m_registry
[2026-01-30 00:15:37.000]  [QueryRegValueDWORD] ErrorCode:0 INFO: Query Registry for Key:SOFTWARE\Microsoft\Windows Azure\CurrentVersion\AzureMonitorAgentExtension\47.4.1.0, Name:AMAMultitenantServiceProcess
[2026-01-30 00:15:37.000]  [QueryRegValueDWORD] ErrorCode:0 ERROR: RegQueryValueExA: failed to query REG_DWORD value, Key:SOFTWARE\Microsoft\Windows Azure\CurrentVersion\AzureMonitorAgentExtension\47.4.1.0, name=AMAMultitenantServiceProcess, error=2, type=0
[2026-01-30 00:15:37.000]  [CheckIfMAServiceIsRunByExtension] ErrorCode:1205 INFO: Unable to read the m_registry for MA process. Assume it is not running.
[2026-01-30 00:15:37.000]  [AggregateHeartbeat] ErrorCode:0 INFO: Configured MA Service is not running on the node.
[2026-01-30 00:15:37.000]  [SetImdsEnvironmentVariable] ErrorCode:0 INFO: Querying IMDS information
[2026-01-30 00:15:37.000]  [SetImdsEnvironmentVariable] ErrorCode:-1 INFO: Preparing to call IMDS. Endpoint: http://169.254.169.254
[2026-01-30 00:15:37.000]  [QueryIMDSEndpoint] ErrorCode:0 INFO: Queried IMDS successfully.
[2026-01-30 00:15:37.000]  [GetValueFromJsonOrDefault] ErrorCode:0 INFO: Read Imds response field with Name:location Value: westus2
[2026-01-30 00:15:37.000]  [GetValueFromJsonOrDefault] ErrorCode:0 INFO: Read Imds response field with Name:name Value: amawin
[2026-01-30 00:15:37.000]  [GetValueFromJsonOrDefault] ErrorCode:0 INFO: Read Imds response field with Name:subscriptionId Value: 351651ce-5feb-4e59-975d-f1f344e2b717
[2026-01-30 00:15:37.000]  [GetValueFromJsonOrDefault] ErrorCode:0 INFO: Read Imds response field with Name:vmId Value: 22afd636-aec1-4782-9055-f85ea283dc20
[2026-01-30 00:15:37.000]  [GetValueFromJsonOrDefault] ErrorCode:0 INFO: Read Imds response field with Name:vmScaleSetName Value: 
[2026-01-30 00:15:37.000]  [GetValueFromJsonOrDefault] ErrorCode:0 INFO: Read Imds response field with Name:resourceGroupName Value: AMAWin_group
[2026-01-30 00:15:37.000]  [GetValueFromJsonOrDefault] ErrorCode:0 INFO: Read Imds response field with Name:osType Value: Windows
[2026-01-30 00:15:37.000]  [GetValueFromJsonOrDefault] ErrorCode:0 INFO: Read Imds response field with Name:resourceId Value: /subscriptions/351651ce-5feb-4e59-975d-f1f344e2b717/resourceGroups/AMAWin_group/providers/Microsoft.Compute/virtualMachines/amawin
[2026-01-30 00:15:37.000]  [GetValueFromJsonOrDefault] ErrorCode:0 INFO: Read Imds response field with Name:azEnvironment Value: AzurePublicCloud
[2026-01-30 00:15:37.000]  [SetImdsEnvironmentVariable] ErrorCode:0 INFO: Successfully set Environment variables from Imds
[2026-01-30 00:15:37.000]  [AggregateHeartbeat] ErrorCode:0 INFO: Completed heartbeat aggregation.
[2026-01-30 00:15:42.000]  [WriteStatusToFile] ErrorCode:0 INFO: Sending the status.
[2026-01-30 00:15:42.000]  [WriteHeartbeatToFile] ErrorCode:0 INFO: Sending the heartbeat.
[2026-01-30 00:15:42.000]  [WriteStatusToFile] ErrorCode:0 INFO: Done Sending the status.
[2026-01-30 00:15:42.000]  [WriteHeartbeatToFile] ErrorCode:0 INFO: Done Sending the heartbeat.
[2026-01-30 00:16:12.000]  [WriteHeartbeatToFile] ErrorCode:0 INFO: Sending the heartbeat.
[2026-01-30 00:16:12.000]  [WriteStatusToFile] ErrorCode:0 INFO: Sending the status.
[2026-01-30 00:16:12.000]  [WriteStatusToFile] ErrorCode:0 INFO: Done Sending the status.
[2026-01-30 00:16:12.000]  [WriteHeartbeatToFile] ErrorCode:0 INFO: Done Sending the heartbeat.
[2026-01-30 00:16:37.000]  [FindProcessById] ErrorCode:0 INFO: Attempt to find the process MetricsExtension.Native.exe with ID: 5620.
[2026-01-30 00:16:37.000]  [FindProcessById] ErrorCode:0 INFO: Running Process MetricsExtension.Native.exe found. ID: 5620.
[2026-01-30 00:16:37.000]  [StartMetricsExtension] ErrorCode:0 ERROR: Metrics extension is already running
[2026-01-30 00:16:42.000]  [WriteHeartbeatToFile] ErrorCode:0 INFO: Sending the heartbeat.
[2026-01-30 00:16:42.000]  [WriteStatusToFile] ErrorCode:0 INFO: Sending the status.
[2026-01-30 00:16:42.000]  [WriteHeartbeatToFile] ErrorCode:0 INFO: Done Sending the heartbeat.
[2026-01-30 00:16:42.000]  [WriteStatusToFile] ErrorCode:0 INFO: Done Sending the status.
[2026-01-30 00:17:12.000]  [WriteStatusToFile] ErrorCode:0 INFO: Sending the status.
[2026-01-30 00:17:12.000]  [WriteHeartbeatToFile] ErrorCode:0 INFO: Sending the heartbeat.
[2026-01-30 00:17:12.000]  [WriteStatusToFile] ErrorCode:0 INFO: Done Sending the status.
[2026-01-30 00:17:12.000]  [WriteHeartbeatToFile] ErrorCode:0 INFO: Done Sending the heartbeat.
[2026-01-30 00:17:37.000]  [FindProcessById] ErrorCode:0 INFO: Attempt to find the process MetricsExtension.Native.exe with ID: 5620.
[2026-01-30 00:17:37.000]  [FindProcessById] ErrorCode:0 INFO: Running Process MetricsExtension.Native.exe found. ID: 5620.
[2026-01-30 00:17:37.000]  [StartMetricsExtension] ErrorCode:0 ERROR: Metrics extension is already running
[2026-01-30 00:17:42.000]  [WriteStatusToFile] ErrorCode:0 INFO: Sending the status.
[2026-01-30 00:17:42.000]  [WriteHeartbeatToFile] ErrorCode:0 INFO: Sending the heartbeat.
[2026-01-30 00:17:42.000]  [WriteHeartbeatToFile] ErrorCode:0 INFO: Done Sending the heartbeat.
[2026-01-30 00:17:42.000]  [WriteStatusToFile] ErrorCode:0 INFO: Done Sending the status.
[2026-01-30 00:18:12.000]  [WriteStatusToFile] ErrorCode:0 INFO: Sending the status.
[2026-01-30 00:18:12.000]  [WriteHeartbeatToFile] ErrorCode:0 INFO: Sending the heartbeat.
[2026-01-30 00:18:12.000]  [WriteHeartbeatToFile] ErrorCode:0 INFO: Done Sending the heartbeat.
[2026-01-30 00:18:12.000]  [WriteStatusToFile] ErrorCode:0 INFO: Done Sending the status.
[2026-01-30 00:18:37.000]  [FindProcessById] ErrorCode:0 INFO: Attempt to find the process MetricsExtension.Native.exe with ID: 5620.
[2026-01-30 00:18:37.000]  [FindProcessById] ErrorCode:0 INFO: Running Process MetricsExtension.Native.exe found. ID: 5620.
[2026-01-30 00:18:37.000]  [StartMetricsExtension] ErrorCode:0 ERROR: Metrics extension is already running
[2026-01-30 00:18:42.000]  [WriteStatusToFile] ErrorCode:0 INFO: Sending the status.
[2026-01-30 00:18:42.000]  [WriteHeartbeatToFile] ErrorCode:0 INFO: Sending the heartbeat.
[2026-01-30 00:18:42.000]  [WriteStatusToFile] ErrorCode:0 INFO: Done Sending the status.
[2026-01-30 00:18:42.000]  [WriteHeartbeatToFile] ErrorCode:0 INFO: Done Sending the heartbeat.
[2026-01-30 00:19:12.000]  [WriteStatusToFile] ErrorCode:0 INFO: Sending the status.
[2026-01-30 00:19:12.000]  [WriteHeartbeatToFile] ErrorCode:0 INFO: Sending the heartbeat.
[2026-01-30 00:19:12.000]  [WriteStatusToFile] ErrorCode:0 INFO: Done Sending the status.
[2026-01-30 00:19:12.000]  [WriteHeartbeatToFile] ErrorCode:0 INFO: Done Sending the heartbeat.
[2026-01-30 00:19:37.000]  [FindProcessById] ErrorCode:0 INFO: Attempt to find the process MetricsExtension.Native.exe with ID: 5620.
[2026-01-30 00:19:37.000]  [FindProcessById] ErrorCode:0 INFO: Running Process MetricsExtension.Native.exe found. ID: 5620.
[2026-01-30 00:19:37.000]  [StartMetricsExtension] ErrorCode:0 ERROR: Metrics extension is already running
[2026-01-30 00:19:42.000]  [WriteHeartbeatToFile] ErrorCode:0 INFO: Sending the heartbeat.
[2026-01-30 00:19:42.000]  [WriteStatusToFile] ErrorCode:0 INFO: Sending the status.
[2026-01-30 00:19:42.000]  [WriteStatusToFile] ErrorCode:0 INFO: Done Sending the status.
[2026-01-30 00:19:42.000]  [WriteHeartbeatToFile] ErrorCode:0 INFO: Done Sending the heartbeat.
[2026-01-30 00:20:12.000]  [WriteStatusToFile] ErrorCode:0 INFO: Sending the status.
[2026-01-30 00:20:12.000]  [WriteHeartbeatToFile] ErrorCode:0 INFO: Sending the heartbeat.
[2026-01-30 00:20:12.000]  [WriteHeartbeatToFile] ErrorCode:0 INFO: Done Sending the heartbeat.
[2026-01-30 00:20:12.000]  [WriteStatusToFile] ErrorCode:0 INFO: Done Sending the status.
[2026-01-30 00:20:37.000]  [FindProcessById] ErrorCode:0 INFO: Attempt to find the process MetricsExtension.Native.exe with ID: 5620.
[2026-01-30 00:20:37.000]  [FindProcessById] ErrorCode:0 INFO: Running Process MetricsExtension.Native.exe found. ID: 5620.
[2026-01-30 00:20:37.000]  [StartMetricsExtension] ErrorCode:0 ERROR: Metrics extension is already running
[2026-01-30 00:20:37.000]  [AggregateHeartbeat] ErrorCode:0 INFO: Start heartbeat aggregation.
[2026-01-30 00:20:37.000]  [QueryRegValueDWORD] ErrorCode:0 INFO: Query Registry for Key:SOFTWARE\Microsoft\Windows Azure\CurrentVersion\AzureMonitorAgentExtension\47.4.1.0, Name:MaServiceProcess
[2026-01-30 00:20:37.000]  [QueryRegValueDWORD] ErrorCode:0 INFO: Query Registry for Key:SOFTWARE\Microsoft\Windows Azure\CurrentVersion\AzureMonitorAgentExtension\47.4.1.0, Name:MaServiceProcess, Value:1904
[2026-01-30 00:20:37.000]  [FindProcessById] ErrorCode:0 INFO: Attempt to find the process MonAgentLauncher.exe with ID: 1904.
[2026-01-30 00:20:37.000]  [FindProcessById] ErrorCode:0 INFO: Running Process MonAgentLauncher.exe found. ID: 1904.
[2026-01-30 00:20:37.000]  [CheckIfMAServiceIsRunByExtension] ErrorCode:0 INFO: The MA process is running based on the m_registry
[2026-01-30 00:20:37.000]  [QueryRegValueDWORD] ErrorCode:0 INFO: Query Registry for Key:SOFTWARE\Microsoft\Windows Azure\CurrentVersion\AzureMonitorAgentExtension\47.4.1.0, Name:AMAMultitenantServiceProcess
[2026-01-30 00:20:37.000]  [QueryRegValueDWORD] ErrorCode:0 ERROR: RegQueryValueExA: failed to query REG_DWORD value, Key:SOFTWARE\Microsoft\Windows Azure\CurrentVersion\AzureMonitorAgentExtension\47.4.1.0, name=AMAMultitenantServiceProcess, error=2, type=0
[2026-01-30 00:20:37.000]  [CheckIfMAServiceIsRunByExtension] ErrorCode:1205 INFO: Unable to read the m_registry for MA process. Assume it is not running.
[2026-01-30 00:20:37.000]  [AggregateHeartbeat] ErrorCode:0 INFO: Configured MA Service is not running on the node.
[2026-01-30 00:20:37.000]  [SetImdsEnvironmentVariable] ErrorCode:0 INFO: Querying IMDS information
[2026-01-30 00:20:37.000]  [SetImdsEnvironmentVariable] ErrorCode:-1 INFO: Preparing to call IMDS. Endpoint: http://169.254.169.254
[2026-01-30 00:20:37.000]  [QueryIMDSEndpoint] ErrorCode:0 INFO: Queried IMDS successfully.
[2026-01-30 00:20:37.000]  [GetValueFromJsonOrDefault] ErrorCode:0 INFO: Read Imds response field with Name:location Value: westus2
[2026-01-30 00:20:37.000]  [GetValueFromJsonOrDefault] ErrorCode:0 INFO: Read Imds response field with Name:name Value: amawin
[2026-01-30 00:20:37.000]  [GetValueFromJsonOrDefault] ErrorCode:0 INFO: Read Imds response field with Name:subscriptionId Value: 351651ce-5feb-4e59-975d-f1f344e2b717
[2026-01-30 00:20:37.000]  [GetValueFromJsonOrDefault] ErrorCode:0 INFO: Read Imds response field with Name:vmId Value: 22afd636-aec1-4782-9055-f85ea283dc20
[2026-01-30 00:20:37.000]  [GetValueFromJsonOrDefault] ErrorCode:0 INFO: Read Imds response field with Name:vmScaleSetName Value: 
[2026-01-30 00:20:37.000]  [GetValueFromJsonOrDefault] ErrorCode:0 INFO: Read Imds response field with Name:resourceGroupName Value: AMAWin_group
[2026-01-30 00:20:37.000]  [GetValueFromJsonOrDefault] ErrorCode:0 INFO: Read Imds response field with Name:osType Value: Windows
[2026-01-30 00:20:37.000]  [GetValueFromJsonOrDefault] ErrorCode:0 INFO: Read Imds response field with Name:resourceId Value: /subscriptions/351651ce-5feb-4e59-975d-f1f344e2b717/resourceGroups/AMAWin_group/providers/Microsoft.Compute/virtualMachines/amawin
[2026-01-30 00:20:37.000]  [GetValueFromJsonOrDefault] ErrorCode:0 INFO: Read Imds response field with Name:azEnvironment Value: AzurePublicCloud
[2026-01-30 00:20:37.000]  [SetImdsEnvironmentVariable] ErrorCode:0 INFO: Successfully set Environment variables from Imds
[2026-01-30 00:20:37.000]  [AggregateHeartbeat] ErrorCode:0 INFO: Completed heartbeat aggregation.
[2026-01-30 00:20:42.000]  [WriteStatusToFile] ErrorCode:0 INFO: Sending the status.
[2026-01-30 00:20:42.000]  [WriteHeartbeatToFile] ErrorCode:0 INFO: Sending the heartbeat.
[2026-01-30 00:20:43.000]  [WriteStatusToFile] ErrorCode:0 INFO: Done Sending the status.
[2026-01-30 00:20:43.000]  [WriteHeartbeatToFile] ErrorCode:0 INFO: Done Sending the heartbeat.
[2026-01-30 00:21:13.000]  [WriteHeartbeatToFile] ErrorCode:0 INFO: Sending the heartbeat.
[2026-01-30 00:21:13.000]  [WriteStatusToFile] ErrorCode:0 INFO: Sending the status.
[2026-01-30 00:21:13.000]  [WriteStatusToFile] ErrorCode:0 INFO: Done Sending the status.
[2026-01-30 00:21:13.000]  [WriteHeartbeatToFile] ErrorCode:0 INFO: Done Sending the heartbeat.
[2026-01-30 00:21:37.000]  [FindProcessById] ErrorCode:0 INFO: Attempt to find the process MetricsExtension.Native.exe with ID: 5620.
[2026-01-30 00:21:37.000]  [FindProcessById] ErrorCode:0 INFO: Running Process MetricsExtension.Native.exe found. ID: 5620.
[2026-01-30 00:21:37.000]  [StartMetricsExtension] ErrorCode:0 ERROR: Metrics extension is already running
[2026-01-30 00:21:43.000]  [WriteHeartbeatToFile] ErrorCode:0 INFO: Sending the heartbeat.
[2026-01-30 00:21:43.000]  [WriteStatusToFile] ErrorCode:0 INFO: Sending the status.
[2026-01-30 00:21:43.000]  [WriteHeartbeatToFile] ErrorCode:0 INFO: Done Sending the heartbeat.
[2026-01-30 00:21:43.000]  [WriteStatusToFile] ErrorCode:0 INFO: Done Sending the status.
[2026-01-30 00:22:13.000]  [WriteHeartbeatToFile] ErrorCode:0 INFO: Sending the heartbeat.
[2026-01-30 00:22:13.000]  [WriteStatusToFile] ErrorCode:0 INFO: Sending the status.
[2026-01-30 00:22:13.000]  [WriteStatusToFile] ErrorCode:0 INFO: Done Sending the status.
[2026-01-30 00:22:13.000]  [WriteHeartbeatToFile] ErrorCode:0 INFO: Done Sending the heartbeat.
[2026-01-30 00:22:37.000]  [FindProcessById] ErrorCode:0 INFO: Attempt to find the process MetricsExtension.Native.exe with ID: 5620.
[2026-01-30 00:22:37.000]  [FindProcessById] ErrorCode:0 INFO: Running Process MetricsExtension.Native.exe found. ID: 5620.
[2026-01-30 00:22:37.000]  [StartMetricsExtension] ErrorCode:0 ERROR: Metrics extension is already running
[2026-01-30 00:22:43.000]  [WriteHeartbeatToFile] ErrorCode:0 INFO: Sending the heartbeat.
[2026-01-30 00:22:43.000]  [WriteStatusToFile] ErrorCode:0 INFO: Sending the status.
[2026-01-30 00:22:43.000]  [WriteStatusToFile] ErrorCode:0 INFO: Done Sending the status.
[2026-01-30 00:22:43.000]  [WriteHeartbeatToFile] ErrorCode:0 INFO: Done Sending the heartbeat.
[2026-01-30 00:23:13.000]  [WriteHeartbeatToFile] ErrorCode:0 INFO: Sending the heartbeat.
[2026-01-30 00:23:13.000]  [WriteStatusToFile] ErrorCode:0 INFO: Sending the status.
[2026-01-30 00:23:13.000]  [WriteHeartbeatToFile] ErrorCode:0 INFO: Done Sending the heartbeat.
[2026-01-30 00:23:13.000]  [WriteStatusToFile] ErrorCode:0 INFO: Done Sending the status.
[2026-01-30 00:23:37.000]  [FindProcessById] ErrorCode:0 INFO: Attempt to find the process MetricsExtension.Native.exe with ID: 5620.
[2026-01-30 00:23:37.000]  [FindProcessById] ErrorCode:0 INFO: Running Process MetricsExtension.Native.exe found. ID: 5620.
[2026-01-30 00:23:37.000]  [StartMetricsExtension] ErrorCode:0 ERROR: Metrics extension is already running
[2026-01-30 00:23:43.000]  [WriteHeartbeatToFile] ErrorCode:0 INFO: Sending the heartbeat.
[2026-01-30 00:23:43.000]  [WriteStatusToFile] ErrorCode:0 INFO: Sending the status.
[2026-01-30 00:23:43.000]  [WriteHeartbeatToFile] ErrorCode:0 INFO: Done Sending the heartbeat.
[2026-01-30 00:23:43.000]  [WriteStatusToFile] ErrorCode:0 INFO: Done Sending the status.
[2026-01-30 00:24:13.000]  [WriteHeartbeatToFile] ErrorCode:0 INFO: Sending the heartbeat.
[2026-01-30 00:24:13.000]  [WriteStatusToFile] ErrorCode:0 INFO: Sending the status.
[2026-01-30 00:24:13.000]  [WriteStatusToFile] ErrorCode:0 INFO: Done Sending the status.
[2026-01-30 00:24:13.000]  [WriteHeartbeatToFile] ErrorCode:0 INFO: Done Sending the heartbeat.
[2026-01-30 00:24:37.000]  [FindProcessById] ErrorCode:0 INFO: Attempt to find the process MetricsExtension.Native.exe with ID: 5620.
[2026-01-30 00:24:37.000]  [FindProcessById] ErrorCode:0 INFO: Running Process MetricsExtension.Native.exe found. ID: 5620.
[2026-01-30 00:24:37.000]  [StartMetricsExtension] ErrorCode:0 ERROR: Metrics extension is already running
[2026-01-30 00:24:43.000]  [WriteStatusToFile] ErrorCode:0 INFO: Sending the status.
[2026-01-30 00:24:43.000]  [WriteHeartbeatToFile] ErrorCode:0 INFO: Sending the heartbeat.
[2026-01-30 00:24:43.000]  [WriteHeartbeatToFile] ErrorCode:0 INFO: Done Sending the heartbeat.
[2026-01-30 00:24:43.000]  [WriteStatusToFile] ErrorCode:0 INFO: Done Sending the status.
[2026-01-30 00:25:13.000]  [WriteStatusToFile] ErrorCode:0 INFO: Sending the status.
[2026-01-30 00:25:13.000]  [WriteHeartbeatToFile] ErrorCode:0 INFO: Sending the heartbeat.
[2026-01-30 00:25:13.000]  [WriteHeartbeatToFile] ErrorCode:0 INFO: Done Sending the heartbeat.
[2026-01-30 00:25:13.000]  [WriteStatusToFile] ErrorCode:0 INFO: Done Sending the status.
[2026-01-30 00:25:37.000]  [FindProcessById] ErrorCode:0 INFO: Attempt to find the process MetricsExtension.Native.exe with ID: 5620.
[2026-01-30 00:25:37.000]  [FindProcessById] ErrorCode:0 INFO: Running Process MetricsExtension.Native.exe found. ID: 5620.
[2026-01-30 00:25:37.000]  [StartMetricsExtension] ErrorCode:0 ERROR: Metrics extension is already running
[2026-01-30 00:25:37.000]  [AggregateHeartbeat] ErrorCode:0 INFO: Start heartbeat aggregation.
[2026-01-30 00:25:37.000]  [QueryRegValueDWORD] ErrorCode:0 INFO: Query Registry for Key:SOFTWARE\Microsoft\Windows Azure\CurrentVersion\AzureMonitorAgentExtension\47.4.1.0, Name:MaServiceProcess
[2026-01-30 00:25:37.000]  [QueryRegValueDWORD] ErrorCode:0 INFO: Query Registry for Key:SOFTWARE\Microsoft\Windows Azure\CurrentVersion\AzureMonitorAgentExtension\47.4.1.0, Name:MaServiceProcess, Value:1904
[2026-01-30 00:25:37.000]  [FindProcessById] ErrorCode:0 INFO: Attempt to find the process MonAgentLauncher.exe with ID: 1904.
[2026-01-30 00:25:37.000]  [FindProcessById] ErrorCode:0 INFO: Running Process MonAgentLauncher.exe found. ID: 1904.
[2026-01-30 00:25:37.000]  [CheckIfMAServiceIsRunByExtension] ErrorCode:0 INFO: The MA process is running based on the m_registry
[2026-01-30 00:25:37.000]  [QueryRegValueDWORD] ErrorCode:0 INFO: Query Registry for Key:SOFTWARE\Microsoft\Windows Azure\CurrentVersion\AzureMonitorAgentExtension\47.4.1.0, Name:AMAMultitenantServiceProcess
[2026-01-30 00:25:37.000]  [QueryRegValueDWORD] ErrorCode:0 ERROR: RegQueryValueExA: failed to query REG_DWORD value, Key:SOFTWARE\Microsoft\Windows Azure\CurrentVersion\AzureMonitorAgentExtension\47.4.1.0, name=AMAMultitenantServiceProcess, error=2, type=0
[2026-01-30 00:25:37.000]  [CheckIfMAServiceIsRunByExtension] ErrorCode:1205 INFO: Unable to read the m_registry for MA process. Assume it is not running.
[2026-01-30 00:25:37.000]  [AggregateHeartbeat] ErrorCode:0 INFO: Configured MA Service is not running on the node.
[2026-01-30 00:25:37.000]  [SetImdsEnvironmentVariable] ErrorCode:0 INFO: Querying IMDS information
[2026-01-30 00:25:37.000]  [SetImdsEnvironmentVariable] ErrorCode:-1 INFO: Preparing to call IMDS. Endpoint: http://169.254.169.254
[2026-01-30 00:25:37.000]  [QueryIMDSEndpoint] ErrorCode:0 INFO: Queried IMDS successfully.
[2026-01-30 00:25:37.000]  [GetValueFromJsonOrDefault] ErrorCode:0 INFO: Read Imds response field with Name:location Value: westus2
[2026-01-30 00:25:37.000]  [GetValueFromJsonOrDefault] ErrorCode:0 INFO: Read Imds response field with Name:name Value: amawin
[2026-01-30 00:25:37.000]  [GetValueFromJsonOrDefault] ErrorCode:0 INFO: Read Imds response field with Name:subscriptionId Value: 351651ce-5feb-4e59-975d-f1f344e2b717
[2026-01-30 00:25:37.000]  [GetValueFromJsonOrDefault] ErrorCode:0 INFO: Read Imds response field with Name:vmId Value: 22afd636-aec1-4782-9055-f85ea283dc20
[2026-01-30 00:25:37.000]  [GetValueFromJsonOrDefault] ErrorCode:0 INFO: Read Imds response field with Name:vmScaleSetName Value: 
[2026-01-30 00:25:37.000]  [GetValueFromJsonOrDefault] ErrorCode:0 INFO: Read Imds response field with Name:resourceGroupName Value: AMAWin_group
[2026-01-30 00:25:37.000]  [GetValueFromJsonOrDefault] ErrorCode:0 INFO: Read Imds response field with Name:osType Value: Windows
[2026-01-30 00:25:37.000]  [GetValueFromJsonOrDefault] ErrorCode:0 INFO: Read Imds response field with Name:resourceId Value: /subscriptions/351651ce-5feb-4e59-975d-f1f344e2b717/resourceGroups/AMAWin_group/providers/Microsoft.Compute/virtualMachines/amawin
[2026-01-30 00:25:37.000]  [GetValueFromJsonOrDefault] ErrorCode:0 INFO: Read Imds response field with Name:azEnvironment Value: AzurePublicCloud
[2026-01-30 00:25:37.000]  [SetImdsEnvironmentVariable] ErrorCode:0 INFO: Successfully set Environment variables from Imds
[2026-01-30 00:25:37.000]  [AggregateHeartbeat] ErrorCode:0 INFO: Completed heartbeat aggregation.
[2026-01-30 00:25:43.000]  [WriteHeartbeatToFile] ErrorCode:0 INFO: Sending the heartbeat.
[2026-01-30 00:25:43.000]  [WriteStatusToFile] ErrorCode:0 INFO: Sending the status.
[2026-01-30 00:25:43.000]  [WriteHeartbeatToFile] ErrorCode:0 INFO: Done Sending the heartbeat.
[2026-01-30 00:25:43.000]  [WriteStatusToFile] ErrorCode:0 INFO: Done Sending the status.
[2026-01-30 00:26:13.000]  [WriteStatusToFile] ErrorCode:0 INFO: Sending the status.
[2026-01-30 00:26:13.000]  [WriteHeartbeatToFile] ErrorCode:0 INFO: Sending the heartbeat.
[2026-01-30 00:26:13.000]  [WriteHeartbeatToFile] ErrorCode:0 INFO: Done Sending the heartbeat.
[2026-01-30 00:26:13.000]  [WriteStatusToFile] ErrorCode:0 INFO: Done Sending the status.
[2026-01-30 00:26:37.000]  [FindProcessById] ErrorCode:0 INFO: Attempt to find the process MetricsExtension.Native.exe with ID: 5620.
[2026-01-30 00:26:37.000]  [FindProcessById] ErrorCode:0 INFO: Running Process MetricsExtension.Native.exe found. ID: 5620.
[2026-01-30 00:26:37.000]  [StartMetricsExtension] ErrorCode:0 ERROR: Metrics extension is already running
[2026-01-30 00:26:43.000]  [WriteStatusToFile] ErrorCode:0 INFO: Sending the status.
[2026-01-30 00:26:43.000]  [WriteHeartbeatToFile] ErrorCode:0 INFO: Sending the heartbeat.
[2026-01-30 00:26:43.000]  [WriteStatusToFile] ErrorCode:0 INFO: Done Sending the status.
[2026-01-30 00:26:43.000]  [WriteHeartbeatToFile] ErrorCode:0 INFO: Done Sending the heartbeat.
[2026-01-30 00:27:13.000]  [WriteHeartbeatToFile] ErrorCode:0 INFO: Sending the heartbeat.
[2026-01-30 00:27:13.000]  [WriteStatusToFile] ErrorCode:0 INFO: Sending the status.
[2026-01-30 00:27:13.000]  [WriteHeartbeatToFile] ErrorCode:0 INFO: Done Sending the heartbeat.
[2026-01-30 00:27:13.000]  [WriteStatusToFile] ErrorCode:0 INFO: Done Sending the status.
[2026-01-30 00:27:37.000]  [FindProcessById] ErrorCode:0 INFO: Attempt to find the process MetricsExtension.Native.exe with ID: 5620.
[2026-01-30 00:27:37.000]  [FindProcessById] ErrorCode:0 INFO: Running Process MetricsExtension.Native.exe found. ID: 5620.
[2026-01-30 00:27:37.000]  [StartMetricsExtension] ErrorCode:0 ERROR: Metrics extension is already running
[2026-01-30 00:27:43.000]  [WriteStatusToFile] ErrorCode:0 INFO: Sending the status.
[2026-01-30 00:27:43.000]  [WriteHeartbeatToFile] ErrorCode:0 INFO: Sending the heartbeat.
[2026-01-30 00:27:43.000]  [WriteHeartbeatToFile] ErrorCode:0 INFO: Done Sending the heartbeat.
[2026-01-30 00:27:43.000]  [WriteStatusToFile] ErrorCode:0 INFO: Done Sending the status.
[2026-01-30 00:28:13.000]  [WriteHeartbeatToFile] ErrorCode:0 INFO: Sending the heartbeat.
[2026-01-30 00:28:13.000]  [WriteStatusToFile] ErrorCode:0 INFO: Sending the status.
[2026-01-30 00:28:13.000]  [WriteStatusToFile] ErrorCode:0 INFO: Done Sending the status.
[2026-01-30 00:28:13.000]  [WriteHeartbeatToFile] ErrorCode:0 INFO: Done Sending the heartbeat.
[2026-01-30 00:28:37.000]  [FindProcessById] ErrorCode:0 INFO: Attempt to find the process MetricsExtension.Native.exe with ID: 5620.
[2026-01-30 00:28:37.000]  [FindProcessById] ErrorCode:0 INFO: Running Process MetricsExtension.Native.exe found. ID: 5620.
[2026-01-30 00:28:37.000]  [StartMetricsExtension] ErrorCode:0 ERROR: Metrics extension is already running
[2026-01-30 00:28:43.000]  [WriteHeartbeatToFile] ErrorCode:0 INFO: Sending the heartbeat.
[2026-01-30 00:28:43.000]  [WriteStatusToFile] ErrorCode:0 INFO: Sending the status.
[2026-01-30 00:28:43.000]  [WriteHeartbeatToFile] ErrorCode:0 INFO: Done Sending the heartbeat.
[2026-01-30 00:28:43.000]  [WriteStatusToFile] ErrorCode:0 INFO: Done Sending the status.
[2026-01-30 00:29:13.000]  [WriteHeartbeatToFile] ErrorCode:0 INFO: Sending the heartbeat.
[2026-01-30 00:29:13.000]  [WriteStatusToFile] ErrorCode:0 INFO: Sending the status.
[2026-01-30 00:29:13.000]  [WriteStatusToFile] ErrorCode:0 INFO: Done Sending the status.
[2026-01-30 00:29:13.000]  [WriteHeartbeatToFile] ErrorCode:0 INFO: Done Sending the heartbeat.
[2026-01-30 00:29:37.000]  [FindProcessById] ErrorCode:0 INFO: Attempt to find the process MetricsExtension.Native.exe with ID: 5620.
[2026-01-30 00:29:37.000]  [FindProcessById] ErrorCode:0 INFO: Running Process MetricsExtension.Native.exe found. ID: 5620.
[2026-01-30 00:29:37.000]  [StartMetricsExtension] ErrorCode:0 ERROR: Metrics extension is already running
[2026-01-30 00:29:43.000]  [WriteHeartbeatToFile] ErrorCode:0 INFO: Sending the heartbeat.
[2026-01-30 00:29:43.000]  [WriteStatusToFile] ErrorCode:0 INFO: Sending the status.
[2026-01-30 00:29:43.000]  [WriteStatusToFile] ErrorCode:0 INFO: Done Sending the status.
[2026-01-30 00:29:43.000]  [WriteHeartbeatToFile] ErrorCode:0 INFO: Done Sending the heartbeat.
[2026-01-30 00:30:13.000]  [WriteHeartbeatToFile] ErrorCode:0 INFO: Sending the heartbeat.
[2026-01-30 00:30:13.000]  [WriteStatusToFile] ErrorCode:0 INFO: Sending the status.
[2026-01-30 00:30:13.000]  [WriteStatusToFile] ErrorCode:0 INFO: Done Sending the status.
[2026-01-30 00:30:13.000]  [WriteHeartbeatToFile] ErrorCode:0 INFO: Done Sending the heartbeat.
[2026-01-30 00:30:37.000]  [FindProcessById] ErrorCode:0 INFO: Attempt to find the process MetricsExtension.Native.exe with ID: 5620.
[2026-01-30 00:30:37.000]  [FindProcessById] ErrorCode:0 INFO: Running Process MetricsExtension.Native.exe found. ID: 5620.
[2026-01-30 00:30:37.000]  [StartMetricsExtension] ErrorCode:0 ERROR: Metrics extension is already running
[2026-01-30 00:30:37.000]  [AggregateHeartbeat] ErrorCode:0 INFO: Start heartbeat aggregation.
[2026-01-30 00:30:37.000]  [QueryRegValueDWORD] ErrorCode:0 INFO: Query Registry for Key:SOFTWARE\Microsoft\Windows Azure\CurrentVersion\AzureMonitorAgentExtension\47.4.1.0, Name:MaServiceProcess
[2026-01-30 00:30:37.000]  [QueryRegValueDWORD] ErrorCode:0 INFO: Query Registry for Key:SOFTWARE\Microsoft\Windows Azure\CurrentVersion\AzureMonitorAgentExtension\47.4.1.0, Name:MaServiceProcess, Value:1904
[2026-01-30 00:30:37.000]  [FindProcessById] ErrorCode:0 INFO: Attempt to find the process MonAgentLauncher.exe with ID: 1904.
[2026-01-30 00:30:37.000]  [FindProcessById] ErrorCode:0 INFO: Running Process MonAgentLauncher.exe found. ID: 1904.
[2026-01-30 00:30:37.000]  [CheckIfMAServiceIsRunByExtension] ErrorCode:0 INFO: The MA process is running based on the m_registry
[2026-01-30 00:30:37.000]  [QueryRegValueDWORD] ErrorCode:0 INFO: Query Registry for Key:SOFTWARE\Microsoft\Windows Azure\CurrentVersion\AzureMonitorAgentExtension\47.4.1.0, Name:AMAMultitenantServiceProcess
[2026-01-30 00:30:37.000]  [QueryRegValueDWORD] ErrorCode:0 ERROR: RegQueryValueExA: failed to query REG_DWORD value, Key:SOFTWARE\Microsoft\Windows Azure\CurrentVersion\AzureMonitorAgentExtension\47.4.1.0, name=AMAMultitenantServiceProcess, error=2, type=0
[2026-01-30 00:30:37.000]  [CheckIfMAServiceIsRunByExtension] ErrorCode:1205 INFO: Unable to read the m_registry for MA process. Assume it is not running.
[2026-01-30 00:30:37.000]  [AggregateHeartbeat] ErrorCode:0 INFO: Configured MA Service is not running on the node.
[2026-01-30 00:30:37.000]  [SetImdsEnvironmentVariable] ErrorCode:0 INFO: Querying IMDS information
[2026-01-30 00:30:37.000]  [SetImdsEnvironmentVariable] ErrorCode:-1 INFO: Preparing to call IMDS. Endpoint: http://169.254.169.254
[2026-01-30 00:30:37.000]  [QueryIMDSEndpoint] ErrorCode:0 INFO: Queried IMDS successfully.
[2026-01-30 00:30:37.000]  [GetValueFromJsonOrDefault] ErrorCode:0 INFO: Read Imds response field with Name:location Value: westus2
[2026-01-30 00:30:37.000]  [GetValueFromJsonOrDefault] ErrorCode:0 INFO: Read Imds response field with Name:name Value: amawin
[2026-01-30 00:30:37.000]  [GetValueFromJsonOrDefault] ErrorCode:0 INFO: Read Imds response field with Name:subscriptionId Value: 351651ce-5feb-4e59-975d-f1f344e2b717
[2026-01-30 00:30:37.000]  [GetValueFromJsonOrDefault] ErrorCode:0 INFO: Read Imds response field with Name:vmId Value: 22afd636-aec1-4782-9055-f85ea283dc20
[2026-01-30 00:30:37.000]  [GetValueFromJsonOrDefault] ErrorCode:0 INFO: Read Imds response field with Name:vmScaleSetName Value: 
[2026-01-30 00:30:37.000]  [GetValueFromJsonOrDefault] ErrorCode:0 INFO: Read Imds response field with Name:resourceGroupName Value: AMAWin_group
[2026-01-30 00:30:37.000]  [GetValueFromJsonOrDefault] ErrorCode:0 INFO: Read Imds response field with Name:osType Value: Windows
[2026-01-30 00:30:37.000]  [GetValueFromJsonOrDefault] ErrorCode:0 INFO: Read Imds response field with Name:resourceId Value: /subscriptions/351651ce-5feb-4e59-975d-f1f344e2b717/resourceGroups/AMAWin_group/providers/Microsoft.Compute/virtualMachines/amawin
[2026-01-30 00:30:37.000]  [GetValueFromJsonOrDefault] ErrorCode:0 INFO: Read Imds response field with Name:azEnvironment Value: AzurePublicCloud
[2026-01-30 00:30:37.000]  [SetImdsEnvironmentVariable] ErrorCode:0 INFO: Successfully set Environment variables from Imds
[2026-01-30 00:30:37.000]  [AggregateHeartbeat] ErrorCode:0 INFO: Completed heartbeat aggregation.
[2026-01-30 00:30:43.000]  [WriteHeartbeatToFile] ErrorCode:0 INFO: Sending the heartbeat.
[2026-01-30 00:30:43.000]  [WriteStatusToFile] ErrorCode:0 INFO: Sending the status.
[2026-01-30 00:30:43.000]  [WriteHeartbeatToFile] ErrorCode:0 INFO: Done Sending the heartbeat.
[2026-01-30 00:30:43.000]  [WriteStatusToFile] ErrorCode:0 INFO: Done Sending the status.
