[2026-02-21 00:30:10.000]  [ExtensionConfiguration] ErrorCode:0 INFO: Initializing ExtensionConfiguration
[2026-02-21 00:30:10.000]  [FindConfigSequenceNumber] ErrorCode:1110 WARN: Unable to read ConfigSequenceNumber environment variable for extension, 0
[2026-02-21 00:30:10.000]  [FindLatestSettingsFileNumber] ErrorCode:0 INFO: Looking in folder C:\Packages\Plugins\Microsoft.Azure.Monitor.AzureMonitorWindowsAgent\1.39.0.0\RuntimeSettings
[2026-02-21 00:30:10.000]  [FindLatestSettingsFileNumber] ErrorCode:0 WARN: No config file found. Assuming 0
[2026-02-21 00:30:10.000]  [FindLatestSettingsFileNumber] ErrorCode:0 INFO: Config File:0
[2026-02-21 00:30:10.000]  [ParseExtensionSettingsJson] ErrorCode:0 WARN: extension settings file C:\Packages\Plugins\Microsoft.Azure.Monitor.AzureMonitorWindowsAgent\1.39.0.0\RuntimeSettings\0.settings does not exist
[2026-02-21 00:30:10.000]  [StatusReporting] ErrorCode:0 INFO: Status file :C:\Packages\Plugins\Microsoft.Azure.Monitor.AzureMonitorWindowsAgent\1.39.0.0\Status\0.status
[2026-02-21 00:30:10.000]  [HeartbeatReporting] ErrorCode:0 INFO: HeartBeat file :C:\Packages\Plugins\Microsoft.Azure.Monitor.AzureMonitorWindowsAgent\1.39.0.0\Status\HeartBeat.Json
[2026-02-21 00:30:10.000]  [QueryRegValueString] ErrorCode:0 INFO: Query Registry for Key:SOFTWARE\Microsoft\Windows Azure, Name:VMType
[2026-02-21 00:30:10.000]  [QueryRegValueString] ErrorCode:0 INFO: Query Registry for Key:SOFTWARE\Microsoft\Windows Azure, Name:VMType, Value:IAAS
[2026-02-21 00:30:10.000]  [StatusAggregator] ErrorCode:0 INFO: StatusAggregator getting initialized
[2026-02-21 00:30:10.000]  [StatusAggregator] ErrorCode:0 INFO: Completed Setting the event for status aggregator thread
[2026-02-21 00:30:10.000]  [HeartbeatAggregator] ErrorCode:0 INFO: Heartbeat aggregator getting initialized
[2026-02-21 00:30:10.000]  [HeartbeatAggregator] ErrorCode:0 INFO: Completed Setting the event for heartbeat aggregator thread
[2026-02-21 00:30:10.000]  [ParseHealthMonitorCommand] ErrorCode:0 INFO: ShutdownEventName:Global\AMA-HealthMonitor-ShutdownEvent MaResetSignal:AzureMonitorAgent-ResetEvent Operation:enable
[2026-02-21 00:30:10.000]  [StartSendingStatus] ErrorCode:0 INFO: Start the thread for sending constant Status
[2026-02-21 00:30:10.000]  [StartSendingStatus] ErrorCode:0 INFO: Started the thread for sending constant Status
[2026-02-21 00:30:10.000]  [StartSendingHeartbeat] ErrorCode:0 INFO: Start the thread for sending constant heartbeat
[2026-02-21 00:30:10.000]  [StartSendingHeartbeat] ErrorCode:0 INFO: Started the thread for sending constant heartbeat
[2026-02-21 00:30:10.000]  [StartAggregatingHeartbeat] ErrorCode:0 INFO: Start the thread for sending constant heartbeat aggregation
[2026-02-21 00:30:10.000]  [StartAggregatingHeartbeat] ErrorCode:0 INFO: Started the thread for sending constant heartbeat aggregation
[2026-02-21 00:31:10.000]  [WriteHeartbeatToFile] ErrorCode:0 INFO: Sending the heartbeat.
[2026-02-21 00:31:10.000]  [WriteStatusToFile] ErrorCode:0 INFO: Sending the status.
[2026-02-21 00:31:10.000]  [WriteHeartbeatToFile] ErrorCode:0 INFO: Done Sending the heartbeat.
[2026-02-21 00:31:10.000]  [WriteStatusToFile] ErrorCode:0 INFO: Done Sending the status.
[2026-02-21 00:31:10.000]  [StartMetricsExtension] ErrorCode:0 INFO: MetricsExtension launch arguments: -stopEvent AMA-MetricsExtension-ShutdownEvent -diagnosticsProvider 9e225de0-0ebc-11f1-8b39-002248784a84 -TokenSource AMCS -ExecutionPriorityLevel 0 -OperationEnvironment AMA-Windows/1.39.0.0 -ManagedIdentity sai -Input etw,otlp_grpc -OtlpGrpcHost 127.0.0.1 -ConfigOverrides {\"enableInternalMetricsGigQosTarget\":false}
[2026-02-21 00:31:10.000]  [StartProcess] ErrorCode:0 INFO: Starting the command: Monitoring\Agent\Extensions\MetricsExtension\MetricsExtension.Native.exe -stopEvent AMA-MetricsExtension-ShutdownEvent -diagnosticsProvider 9e225de0-0ebc-11f1-8b39-002248784a84 -TokenSource AMCS -ExecutionPriorityLevel 0 -OperationEnvironment AMA-Windows/1.39.0.0 -ManagedIdentity sai -Input etw,otlp_grpc -OtlpGrpcHost 127.0.0.1 -ConfigOverrides {\"enableInternalMetricsGigQosTarget\":false}.
[2026-02-21 00:31:10.000]  [StartMetricsExtension] ErrorCode:0 INFO: Metrics extension started successfully
[2026-02-21 00:31:10.000]  [StartMetricsExtension] ErrorCode:0 INFO: Job object created or opened for metrics extension
[2026-02-21 00:31:10.000]  [StartMetricsExtension] ErrorCode:0 INFO: Job object limits set successfully for metrics extension.
[2026-02-21 00:31:10.000]  [AggregateHeartbeat] ErrorCode:0 INFO: Start heartbeat aggregation.
[2026-02-21 00:31:10.000]  [QueryRegValueDWORD] ErrorCode:0 INFO: Query Registry for Key:SOFTWARE\Microsoft\Windows Azure\CurrentVersion\AzureMonitorAgentExtension\47.4.1.0, Name:MaServiceProcess
[2026-02-21 00:31:10.000]  [QueryRegValueDWORD] ErrorCode:0 INFO: Query Registry for Key:SOFTWARE\Microsoft\Windows Azure\CurrentVersion\AzureMonitorAgentExtension\47.4.1.0, Name:MaServiceProcess, Value:3012
[2026-02-21 00:31:10.000]  [FindProcessById] ErrorCode:0 INFO: Attempt to find the process MonAgentLauncher.exe with ID: 3012.
[2026-02-21 00:31:10.000]  [FindProcessById] ErrorCode:0 INFO: No Running Process MonAgentLauncher.exe found. ID: 3012.
[2026-02-21 00:31:10.000]  [CheckIfMAServiceIsRunByExtension] ErrorCode:1301 INFO: The MA process is not running based on the m_registry
[2026-02-21 00:31:10.000]  [QueryRegValueDWORD] ErrorCode:0 INFO: Query Registry for Key:SOFTWARE\Microsoft\Windows Azure\CurrentVersion\AzureMonitorAgentExtension\47.4.1.0, Name:AMAMultitenantServiceProcess
[2026-02-21 00:31:10.000]  [QueryRegValueDWORD] ErrorCode:0 ERROR: RegQueryValueExA: failed to query REG_DWORD value, Key:SOFTWARE\Microsoft\Windows Azure\CurrentVersion\AzureMonitorAgentExtension\47.4.1.0, name=AMAMultitenantServiceProcess, error=2, type=0
[2026-02-21 00:31:10.000]  [CheckIfMAServiceIsRunByExtension] ErrorCode:1205 INFO: Unable to read the m_registry for MA process. Assume it is not running.
[2026-02-21 00:31:10.000]  [CheckIfMAServiceIsRunByCustomer] ErrorCode:0 INFO: MA Serivce is not run by customer.
[2026-02-21 00:31:10.000]  [AggregateHeartbeat] ErrorCode:0 INFO: Configured MA Service is not running on the node.
[2026-02-21 00:31:10.000]  [SetImdsEnvironmentVariable] ErrorCode:0 INFO: Querying IMDS information
[2026-02-21 00:31:10.000]  [SetImdsEnvironmentVariable] ErrorCode:-1 INFO: Preparing to call IMDS. Endpoint: http://169.254.169.254
[2026-02-21 00:31:10.000]  [QueryIMDSEndpoint] ErrorCode:0 INFO: Queried IMDS successfully.
[2026-02-21 00:31:10.000]  [GetValueFromJsonOrDefault] ErrorCode:0 INFO: Read Imds response field with Name:location Value: westus2
[2026-02-21 00:31:10.000]  [GetValueFromJsonOrDefault] ErrorCode:0 INFO: Read Imds response field with Name:name Value: amawin
[2026-02-21 00:31:10.000]  [GetValueFromJsonOrDefault] ErrorCode:0 INFO: Read Imds response field with Name:subscriptionId Value: 351651ce-5feb-4e59-975d-f1f344e2b717
[2026-02-21 00:31:10.000]  [GetValueFromJsonOrDefault] ErrorCode:0 INFO: Read Imds response field with Name:vmId Value: 22afd636-aec1-4782-9055-f85ea283dc20
[2026-02-21 00:31:10.000]  [GetValueFromJsonOrDefault] ErrorCode:0 INFO: Read Imds response field with Name:vmScaleSetName Value: 
[2026-02-21 00:31:10.000]  [GetValueFromJsonOrDefault] ErrorCode:0 INFO: Read Imds response field with Name:resourceGroupName Value: AMAWin_group
[2026-02-21 00:31:10.000]  [GetValueFromJsonOrDefault] ErrorCode:0 INFO: Read Imds response field with Name:osType Value: Windows
[2026-02-21 00:31:10.000]  [GetValueFromJsonOrDefault] ErrorCode:0 INFO: Read Imds response field with Name:resourceId Value: /subscriptions/351651ce-5feb-4e59-975d-f1f344e2b717/resourceGroups/AMAWin_group/providers/Microsoft.Compute/virtualMachines/amawin
[2026-02-21 00:31:10.000]  [GetValueFromJsonOrDefault] ErrorCode:0 INFO: Read Imds response field with Name:azEnvironment Value: AzurePublicCloud
[2026-02-21 00:31:10.000]  [SetImdsEnvironmentVariable] ErrorCode:0 INFO: Successfully set Environment variables from Imds
[2026-02-21 00:31:10.000]  [StartAzureMA] ErrorCode:0 INFO: Starting agent with MCS:Monitoring\Agent\MonAgentLauncher.exe  -useenv -ShutDownEvent AzureMonitorAgentExtension-ShutdownEventName -TotalShutDownEvent AzureMonitorAgentExtension-TotalShutdownEventName -StartEvent AzureMonitorAgentExtension-StartAgentEventName -StopEvent AzureMonitorAgentExtension-StopAgentEventName
[2026-02-21 00:31:10.000]  [SetSecurityAttributesOnDir] ErrorCode:0 INFO: Explicit ACE is already set by user. Skipping setting security info.
[2026-02-21 00:31:10.000]  [ValidateDataStorePersistence] ErrorCode:0 INFO: Validating persistence key for the data store at path: C:\WindowsAzure\Resources\AMADataStore.amawin\.persistencekey.
[2026-02-21 00:31:10.000]  [ValidateDataStorePersistence] ErrorCode:0 INFO: Key file exist in data store
[2026-02-21 00:31:10.000]  [ValidateDataStorePersistence] ErrorCode:0 INFO: The key file's real path: \\?\C:\WindowsAzure\Resources\AMADataStore.amawin\.persistencekey.
[2026-02-21 00:31:10.000]  [DoesRegValueExist] ErrorCode:0 INFO: Query Registry for Key:SOFTWARE\Microsoft\AzureMonitorAgent\Secrets, Name:PersistenceKeyCreated
[2026-02-21 00:31:10.000]  [ValidateDataStorePersistence] ErrorCode:0 INFO: The registry value  exist
[2026-02-21 00:31:10.000]  [SetRegSecurityDescriptorOnSubKey] ErrorCode:0 INFO: Setting security descriptor for registry key: SOFTWARE\Microsoft\AzureMonitorAgent\Secrets
[2026-02-21 00:31:10.000]  [ValidateDataStorePersistence] ErrorCode:0 INFO: Validating persistence key in file and registry.
[2026-02-21 00:31:10.000]  [ValidateDataStorePersistence] ErrorCode:0 INFO: Validated persistence key in file. Launching AMA.
[2026-02-21 00:31:10.000]  [StartAzureMA] ErrorCode:0 INFO: Successfully validated datastore persistence C:\WindowsAzure\Resources\AMADataStore.amawin\
[2026-02-21 00:31:10.000]  [StartHealthMonitor] ErrorCode:0 ERROR: Environment variable MA_RoleEnvironment_VmScaleSetName not found.
[2026-02-21 00:31:10.000]  [AddAgentVersionToEnvVars] ErrorCode:0 INFO: Agent version=[1.39.0.0]
[2026-02-21 00:31:10.000]  [AddSystemUuidToEnvVars] ErrorCode:0 INFO: Env Var: 22AFD636-AEC1-4782-9055-F85EA283DC20
[2026-02-21 00:31:10.000]  [AddSmBiosAssestTagToEnvVars] ErrorCode:0 INFO: Env Var: 7783-7084-3265-9085-8269-3286-77
[2026-02-21 00:31:10.000]  [AddLargeEventsEnableEnvironmentVariable] ErrorCode:0 INFO: LargeEvents feature Enabled.
[2026-02-21 00:31:10.000]  [AddMeDiagProviderIdToEnvVars] ErrorCode:0 INFO: Successfully added ME diagnostics provider id: AmaMeDiagnosticProvider=9e225de0-0ebc-11f1-8b39-002248784a84
[2026-02-21 00:31:10.000]  [StartAzureMA] ErrorCode:0 INFO: MCS endpoints, regional=[MCS_REGIONAL_ENDPOINT=https://westus2.handler.control.monitor.azure.com], global=[MCS_GLOBAL_ENDPOINT=https://global.handler.control.monitor.azure.com], resource=[MCS_AZURE_RESOURCE_ENDPOINT=https://monitor.azure.com/]
[2026-02-21 00:31:10.000]  [GetArcProxyAddress] ErrorCode:0 INFO: expandedArcAgentConfigFilePath: C:\ProgramData\AzureConnectedMachineAgent\Config\localconfig.json
[2026-02-21 00:31:10.000]  [GetArcProxyAddress] ErrorCode:0 INFO: Arc agent config file does not exist.
[2026-02-21 00:31:10.000]  [StartProcess] ErrorCode:0 INFO: Starting the command: Monitoring\Agent\MonAgentLauncher.exe -useenv -ShutDownEvent AzureMonitorAgentExtension-ShutdownEventName -TotalShutDownEvent AzureMonitorAgentExtension-TotalShutdownEventName -StartEvent AzureMonitorAgentExtension-StartAgentEventName -StopEvent AzureMonitorAgentExtension-StopAgentEventName.
[2026-02-21 00:31:10.000]  [SetRegValueDWORD] ErrorCode:0 INFO: Set Registry for Key:SOFTWARE\Microsoft\Windows Azure\CurrentVersion\AzureMonitorAgentExtension\47.4.1.0, Name:MaServiceProcess, Value:2228
[2026-02-21 00:31:10.000]  [SetRegValueDWORD] ErrorCode:0 INFO: Set Registry for Key:SOFTWARE\Microsoft\Windows Azure\CurrentVersion\AzureMonitorAgentExtension\47.4.1.0, Name:MaServiceProcess, Value:2228
[2026-02-21 00:31:10.000]  [AggregateHeartbeat] ErrorCode:0 INFO: Completed heartbeat aggregation.
[2026-02-21 00:31:40.000]  [WriteHeartbeatToFile] ErrorCode:0 INFO: Sending the heartbeat.
[2026-02-21 00:31:40.000]  [WriteStatusToFile] ErrorCode:0 INFO: Sending the status.
[2026-02-21 00:31:40.000]  [WriteHeartbeatToFile] ErrorCode:0 INFO: Done Sending the heartbeat.
[2026-02-21 00:31:40.000]  [WriteStatusToFile] ErrorCode:0 INFO: Done Sending the status.
[2026-02-21 00:32:10.000]  [WriteStatusToFile] ErrorCode:0 INFO: Sending the status.
[2026-02-21 00:32:10.000]  [WriteHeartbeatToFile] ErrorCode:0 INFO: Sending the heartbeat.
[2026-02-21 00:32:10.000]  [WriteStatusToFile] ErrorCode:0 INFO: Done Sending the status.
[2026-02-21 00:32:10.000]  [WriteHeartbeatToFile] ErrorCode:0 INFO: Done Sending the heartbeat.
[2026-02-21 00:32:10.000]  [FindProcessById] ErrorCode:0 INFO: Attempt to find the process MetricsExtension.Native.exe with ID: 5392.
[2026-02-21 00:32:10.000]  [FindProcessById] ErrorCode:0 INFO: Running Process MetricsExtension.Native.exe found. ID: 5392.
[2026-02-21 00:32:10.000]  [StartMetricsExtension] ErrorCode:0 ERROR: Metrics extension is already running
[2026-02-21 00:32:40.000]  [WriteStatusToFile] ErrorCode:0 INFO: Sending the status.
[2026-02-21 00:32:40.000]  [WriteHeartbeatToFile] ErrorCode:0 INFO: Sending the heartbeat.
[2026-02-21 00:32:40.000]  [WriteStatusToFile] ErrorCode:0 INFO: Done Sending the status.
[2026-02-21 00:32:40.000]  [WriteHeartbeatToFile] ErrorCode:0 INFO: Done Sending the heartbeat.
[2026-02-21 00:33:10.000]  [WriteStatusToFile] ErrorCode:0 INFO: Sending the status.
[2026-02-21 00:33:10.000]  [WriteHeartbeatToFile] ErrorCode:0 INFO: Sending the heartbeat.
[2026-02-21 00:33:10.000]  [WriteStatusToFile] ErrorCode:0 INFO: Done Sending the status.
[2026-02-21 00:33:10.000]  [WriteHeartbeatToFile] ErrorCode:0 INFO: Done Sending the heartbeat.
[2026-02-21 00:33:10.000]  [FindProcessById] ErrorCode:0 INFO: Attempt to find the process MetricsExtension.Native.exe with ID: 5392.
[2026-02-21 00:33:10.000]  [FindProcessById] ErrorCode:0 INFO: Running Process MetricsExtension.Native.exe found. ID: 5392.
[2026-02-21 00:33:10.000]  [StartMetricsExtension] ErrorCode:0 ERROR: Metrics extension is already running
[2026-02-21 00:33:40.000]  [WriteHeartbeatToFile] ErrorCode:0 INFO: Sending the heartbeat.
[2026-02-21 00:33:40.000]  [WriteStatusToFile] ErrorCode:0 INFO: Sending the status.
[2026-02-21 00:33:40.000]  [WriteStatusToFile] ErrorCode:0 INFO: Done Sending the status.
[2026-02-21 00:33:40.000]  [WriteHeartbeatToFile] ErrorCode:0 INFO: Done Sending the heartbeat.
[2026-02-21 00:34:10.000]  [WriteHeartbeatToFile] ErrorCode:0 INFO: Sending the heartbeat.
[2026-02-21 00:34:10.000]  [WriteStatusToFile] ErrorCode:0 INFO: Sending the status.
[2026-02-21 00:34:10.000]  [WriteStatusToFile] ErrorCode:0 INFO: Done Sending the status.
[2026-02-21 00:34:10.000]  [WriteHeartbeatToFile] ErrorCode:0 INFO: Done Sending the heartbeat.
[2026-02-21 00:34:10.000]  [FindProcessById] ErrorCode:0 INFO: Attempt to find the process MetricsExtension.Native.exe with ID: 5392.
[2026-02-21 00:34:10.000]  [FindProcessById] ErrorCode:0 INFO: Running Process MetricsExtension.Native.exe found. ID: 5392.
[2026-02-21 00:34:10.000]  [StartMetricsExtension] ErrorCode:0 ERROR: Metrics extension is already running
[2026-02-21 00:34:40.000]  [WriteHeartbeatToFile] ErrorCode:0 INFO: Sending the heartbeat.
[2026-02-21 00:34:40.000]  [WriteStatusToFile] ErrorCode:0 INFO: Sending the status.
[2026-02-21 00:34:40.000]  [WriteStatusToFile] ErrorCode:0 INFO: Done Sending the status.
[2026-02-21 00:34:40.000]  [WriteHeartbeatToFile] ErrorCode:0 INFO: Done Sending the heartbeat.
[2026-02-21 00:35:10.000]  [WriteStatusToFile] ErrorCode:0 INFO: Sending the status.
[2026-02-21 00:35:10.000]  [WriteHeartbeatToFile] ErrorCode:0 INFO: Sending the heartbeat.
[2026-02-21 00:35:10.000]  [WriteStatusToFile] ErrorCode:0 INFO: Done Sending the status.
[2026-02-21 00:35:10.000]  [WriteHeartbeatToFile] ErrorCode:0 INFO: Done Sending the heartbeat.
[2026-02-21 00:35:10.000]  [FindProcessById] ErrorCode:0 INFO: Attempt to find the process MetricsExtension.Native.exe with ID: 5392.
[2026-02-21 00:35:10.000]  [FindProcessById] ErrorCode:0 INFO: Running Process MetricsExtension.Native.exe found. ID: 5392.
[2026-02-21 00:35:10.000]  [StartMetricsExtension] ErrorCode:0 ERROR: Metrics extension is already running
[2026-02-21 00:35:40.000]  [WriteHeartbeatToFile] ErrorCode:0 INFO: Sending the heartbeat.
[2026-02-21 00:35:40.000]  [WriteStatusToFile] ErrorCode:0 INFO: Sending the status.
[2026-02-21 00:35:40.000]  [WriteHeartbeatToFile] ErrorCode:0 INFO: Done Sending the heartbeat.
[2026-02-21 00:35:40.000]  [WriteStatusToFile] ErrorCode:0 INFO: Done Sending the status.
[2026-02-21 00:36:10.000]  [WriteStatusToFile] ErrorCode:0 INFO: Sending the status.
[2026-02-21 00:36:10.000]  [WriteHeartbeatToFile] ErrorCode:0 INFO: Sending the heartbeat.
[2026-02-21 00:36:10.000]  [WriteStatusToFile] ErrorCode:0 INFO: Done Sending the status.
[2026-02-21 00:36:10.000]  [WriteHeartbeatToFile] ErrorCode:0 INFO: Done Sending the heartbeat.
[2026-02-21 00:36:10.000]  [FindProcessById] ErrorCode:0 INFO: Attempt to find the process MetricsExtension.Native.exe with ID: 5392.
[2026-02-21 00:36:10.000]  [FindProcessById] ErrorCode:0 INFO: Running Process MetricsExtension.Native.exe found. ID: 5392.
[2026-02-21 00:36:10.000]  [StartMetricsExtension] ErrorCode:0 ERROR: Metrics extension is already running
[2026-02-21 00:36:10.000]  [AggregateHeartbeat] ErrorCode:0 INFO: Start heartbeat aggregation.
[2026-02-21 00:36:10.000]  [QueryRegValueDWORD] ErrorCode:0 INFO: Query Registry for Key:SOFTWARE\Microsoft\Windows Azure\CurrentVersion\AzureMonitorAgentExtension\47.4.1.0, Name:MaServiceProcess
[2026-02-21 00:36:10.000]  [QueryRegValueDWORD] ErrorCode:0 INFO: Query Registry for Key:SOFTWARE\Microsoft\Windows Azure\CurrentVersion\AzureMonitorAgentExtension\47.4.1.0, Name:MaServiceProcess, Value:2228
[2026-02-21 00:36:10.000]  [FindProcessById] ErrorCode:0 INFO: Attempt to find the process MonAgentLauncher.exe with ID: 2228.
[2026-02-21 00:36:10.000]  [FindProcessById] ErrorCode:0 INFO: Running Process MonAgentLauncher.exe found. ID: 2228.
[2026-02-21 00:36:10.000]  [CheckIfMAServiceIsRunByExtension] ErrorCode:0 INFO: The MA process is running based on the m_registry
[2026-02-21 00:36:10.000]  [QueryRegValueDWORD] ErrorCode:0 INFO: Query Registry for Key:SOFTWARE\Microsoft\Windows Azure\CurrentVersion\AzureMonitorAgentExtension\47.4.1.0, Name:AMAMultitenantServiceProcess
[2026-02-21 00:36:10.000]  [QueryRegValueDWORD] ErrorCode:0 ERROR: RegQueryValueExA: failed to query REG_DWORD value, Key:SOFTWARE\Microsoft\Windows Azure\CurrentVersion\AzureMonitorAgentExtension\47.4.1.0, name=AMAMultitenantServiceProcess, error=2, type=0
[2026-02-21 00:36:10.000]  [CheckIfMAServiceIsRunByExtension] ErrorCode:1205 INFO: Unable to read the m_registry for MA process. Assume it is not running.
[2026-02-21 00:36:10.000]  [AggregateHeartbeat] ErrorCode:0 INFO: Configured MA Service is not running on the node.
[2026-02-21 00:36:10.000]  [SetImdsEnvironmentVariable] ErrorCode:0 INFO: Querying IMDS information
[2026-02-21 00:36:10.000]  [SetImdsEnvironmentVariable] ErrorCode:-1 INFO: Preparing to call IMDS. Endpoint: http://169.254.169.254
[2026-02-21 00:36:10.000]  [QueryIMDSEndpoint] ErrorCode:0 INFO: Queried IMDS successfully.
[2026-02-21 00:36:10.000]  [GetValueFromJsonOrDefault] ErrorCode:0 INFO: Read Imds response field with Name:location Value: westus2
[2026-02-21 00:36:10.000]  [GetValueFromJsonOrDefault] ErrorCode:0 INFO: Read Imds response field with Name:name Value: amawin
[2026-02-21 00:36:10.000]  [GetValueFromJsonOrDefault] ErrorCode:0 INFO: Read Imds response field with Name:subscriptionId Value: 351651ce-5feb-4e59-975d-f1f344e2b717
[2026-02-21 00:36:10.000]  [GetValueFromJsonOrDefault] ErrorCode:0 INFO: Read Imds response field with Name:vmId Value: 22afd636-aec1-4782-9055-f85ea283dc20
[2026-02-21 00:36:10.000]  [GetValueFromJsonOrDefault] ErrorCode:0 INFO: Read Imds response field with Name:vmScaleSetName Value: 
[2026-02-21 00:36:10.000]  [GetValueFromJsonOrDefault] ErrorCode:0 INFO: Read Imds response field with Name:resourceGroupName Value: AMAWin_group
[2026-02-21 00:36:10.000]  [GetValueFromJsonOrDefault] ErrorCode:0 INFO: Read Imds response field with Name:osType Value: Windows
[2026-02-21 00:36:10.000]  [GetValueFromJsonOrDefault] ErrorCode:0 INFO: Read Imds response field with Name:resourceId Value: /subscriptions/351651ce-5feb-4e59-975d-f1f344e2b717/resourceGroups/AMAWin_group/providers/Microsoft.Compute/virtualMachines/amawin
[2026-02-21 00:36:10.000]  [GetValueFromJsonOrDefault] ErrorCode:0 INFO: Read Imds response field with Name:azEnvironment Value: AzurePublicCloud
[2026-02-21 00:36:10.000]  [SetImdsEnvironmentVariable] ErrorCode:0 INFO: Successfully set Environment variables from Imds
[2026-02-21 00:36:10.000]  [AggregateHeartbeat] ErrorCode:0 INFO: Completed heartbeat aggregation.
[2026-02-21 00:36:40.000]  [WriteHeartbeatToFile] ErrorCode:0 INFO: Sending the heartbeat.
[2026-02-21 00:36:40.000]  [WriteStatusToFile] ErrorCode:0 INFO: Sending the status.
[2026-02-21 00:36:40.000]  [WriteStatusToFile] ErrorCode:0 INFO: Done Sending the status.
[2026-02-21 00:36:40.000]  [WriteHeartbeatToFile] ErrorCode:0 INFO: Done Sending the heartbeat.
[2026-02-21 00:37:10.000]  [WriteHeartbeatToFile] ErrorCode:0 INFO: Sending the heartbeat.
[2026-02-21 00:37:10.000]  [WriteStatusToFile] ErrorCode:0 INFO: Sending the status.
[2026-02-21 00:37:10.000]  [WriteHeartbeatToFile] ErrorCode:0 INFO: Done Sending the heartbeat.
[2026-02-21 00:37:10.000]  [WriteStatusToFile] ErrorCode:0 INFO: Done Sending the status.
[2026-02-21 00:37:10.000]  [FindProcessById] ErrorCode:0 INFO: Attempt to find the process MetricsExtension.Native.exe with ID: 5392.
[2026-02-21 00:37:10.000]  [FindProcessById] ErrorCode:0 INFO: Running Process MetricsExtension.Native.exe found. ID: 5392.
[2026-02-21 00:37:10.000]  [StartMetricsExtension] ErrorCode:0 ERROR: Metrics extension is already running
[2026-02-21 00:37:40.000]  [WriteHeartbeatToFile] ErrorCode:0 INFO: Sending the heartbeat.
[2026-02-21 00:37:40.000]  [WriteStatusToFile] ErrorCode:0 INFO: Sending the status.
[2026-02-21 00:37:40.000]  [WriteHeartbeatToFile] ErrorCode:0 INFO: Done Sending the heartbeat.
[2026-02-21 00:37:40.000]  [WriteStatusToFile] ErrorCode:0 INFO: Done Sending the status.
[2026-02-21 00:38:10.000]  [WriteStatusToFile] ErrorCode:0 INFO: Sending the status.
[2026-02-21 00:38:10.000]  [WriteHeartbeatToFile] ErrorCode:0 INFO: Sending the heartbeat.
[2026-02-21 00:38:10.000]  [WriteHeartbeatToFile] ErrorCode:0 INFO: Done Sending the heartbeat.
[2026-02-21 00:38:10.000]  [WriteStatusToFile] ErrorCode:0 INFO: Done Sending the status.
[2026-02-21 00:38:10.000]  [FindProcessById] ErrorCode:0 INFO: Attempt to find the process MetricsExtension.Native.exe with ID: 5392.
[2026-02-21 00:38:10.000]  [FindProcessById] ErrorCode:0 INFO: Running Process MetricsExtension.Native.exe found. ID: 5392.
[2026-02-21 00:38:10.000]  [StartMetricsExtension] ErrorCode:0 ERROR: Metrics extension is already running
[2026-02-21 00:38:40.000]  [WriteHeartbeatToFile] ErrorCode:0 INFO: Sending the heartbeat.
[2026-02-21 00:38:40.000]  [WriteStatusToFile] ErrorCode:0 INFO: Sending the status.
[2026-02-21 00:38:40.000]  [WriteHeartbeatToFile] ErrorCode:0 INFO: Done Sending the heartbeat.
[2026-02-21 00:38:40.000]  [WriteStatusToFile] ErrorCode:0 INFO: Done Sending the status.
[2026-02-21 00:39:10.000]  [WriteHeartbeatToFile] ErrorCode:0 INFO: Sending the heartbeat.
[2026-02-21 00:39:10.000]  [WriteStatusToFile] ErrorCode:0 INFO: Sending the status.
[2026-02-21 00:39:10.000]  [WriteStatusToFile] ErrorCode:0 INFO: Done Sending the status.
[2026-02-21 00:39:10.000]  [WriteHeartbeatToFile] ErrorCode:0 INFO: Done Sending the heartbeat.
[2026-02-21 00:39:10.000]  [FindProcessById] ErrorCode:0 INFO: Attempt to find the process MetricsExtension.Native.exe with ID: 5392.
[2026-02-21 00:39:10.000]  [FindProcessById] ErrorCode:0 INFO: Running Process MetricsExtension.Native.exe found. ID: 5392.
[2026-02-21 00:39:10.000]  [StartMetricsExtension] ErrorCode:0 ERROR: Metrics extension is already running
[2026-02-21 00:39:40.000]  [WriteHeartbeatToFile] ErrorCode:0 INFO: Sending the heartbeat.
[2026-02-21 00:39:40.000]  [WriteStatusToFile] ErrorCode:0 INFO: Sending the status.
[2026-02-21 00:39:40.000]  [WriteHeartbeatToFile] ErrorCode:0 INFO: Done Sending the heartbeat.
[2026-02-21 00:39:40.000]  [WriteStatusToFile] ErrorCode:0 INFO: Done Sending the status.
[2026-02-21 00:40:10.000]  [WriteStatusToFile] ErrorCode:0 INFO: Sending the status.
[2026-02-21 00:40:10.000]  [WriteHeartbeatToFile] ErrorCode:0 INFO: Sending the heartbeat.
[2026-02-21 00:40:10.000]  [WriteStatusToFile] ErrorCode:0 INFO: Done Sending the status.
[2026-02-21 00:40:10.000]  [WriteHeartbeatToFile] ErrorCode:0 INFO: Done Sending the heartbeat.
[2026-02-21 00:40:10.000]  [FindProcessById] ErrorCode:0 INFO: Attempt to find the process MetricsExtension.Native.exe with ID: 5392.
[2026-02-21 00:40:10.000]  [FindProcessById] ErrorCode:0 INFO: Running Process MetricsExtension.Native.exe found. ID: 5392.
[2026-02-21 00:40:10.000]  [StartMetricsExtension] ErrorCode:0 ERROR: Metrics extension is already running
[2026-02-21 00:40:40.000]  [WriteHeartbeatToFile] ErrorCode:0 INFO: Sending the heartbeat.
[2026-02-21 00:40:40.000]  [WriteStatusToFile] ErrorCode:0 INFO: Sending the status.
[2026-02-21 00:40:40.000]  [WriteStatusToFile] ErrorCode:0 INFO: Done Sending the status.
[2026-02-21 00:40:40.000]  [WriteHeartbeatToFile] ErrorCode:0 INFO: Done Sending the heartbeat.
[2026-02-21 00:41:10.000]  [WriteHeartbeatToFile] ErrorCode:0 INFO: Sending the heartbeat.
[2026-02-21 00:41:10.000]  [WriteStatusToFile] ErrorCode:0 INFO: Sending the status.
[2026-02-21 00:41:10.000]  [WriteHeartbeatToFile] ErrorCode:0 INFO: Done Sending the heartbeat.
[2026-02-21 00:41:10.000]  [WriteStatusToFile] ErrorCode:0 INFO: Done Sending the status.
[2026-02-21 00:41:10.000]  [FindProcessById] ErrorCode:0 INFO: Attempt to find the process MetricsExtension.Native.exe with ID: 5392.
[2026-02-21 00:41:10.000]  [FindProcessById] ErrorCode:0 INFO: Running Process MetricsExtension.Native.exe found. ID: 5392.
[2026-02-21 00:41:10.000]  [StartMetricsExtension] ErrorCode:0 ERROR: Metrics extension is already running
[2026-02-21 00:41:10.000]  [AggregateHeartbeat] ErrorCode:0 INFO: Start heartbeat aggregation.
[2026-02-21 00:41:10.000]  [QueryRegValueDWORD] ErrorCode:0 INFO: Query Registry for Key:SOFTWARE\Microsoft\Windows Azure\CurrentVersion\AzureMonitorAgentExtension\47.4.1.0, Name:MaServiceProcess
[2026-02-21 00:41:10.000]  [QueryRegValueDWORD] ErrorCode:0 INFO: Query Registry for Key:SOFTWARE\Microsoft\Windows Azure\CurrentVersion\AzureMonitorAgentExtension\47.4.1.0, Name:MaServiceProcess, Value:2228
[2026-02-21 00:41:10.000]  [FindProcessById] ErrorCode:0 INFO: Attempt to find the process MonAgentLauncher.exe with ID: 2228.
[2026-02-21 00:41:10.000]  [FindProcessById] ErrorCode:0 INFO: Running Process MonAgentLauncher.exe found. ID: 2228.
[2026-02-21 00:41:10.000]  [CheckIfMAServiceIsRunByExtension] ErrorCode:0 INFO: The MA process is running based on the m_registry
[2026-02-21 00:41:10.000]  [QueryRegValueDWORD] ErrorCode:0 INFO: Query Registry for Key:SOFTWARE\Microsoft\Windows Azure\CurrentVersion\AzureMonitorAgentExtension\47.4.1.0, Name:AMAMultitenantServiceProcess
[2026-02-21 00:41:10.000]  [QueryRegValueDWORD] ErrorCode:0 ERROR: RegQueryValueExA: failed to query REG_DWORD value, Key:SOFTWARE\Microsoft\Windows Azure\CurrentVersion\AzureMonitorAgentExtension\47.4.1.0, name=AMAMultitenantServiceProcess, error=2, type=0
[2026-02-21 00:41:10.000]  [CheckIfMAServiceIsRunByExtension] ErrorCode:1205 INFO: Unable to read the m_registry for MA process. Assume it is not running.
[2026-02-21 00:41:10.000]  [AggregateHeartbeat] ErrorCode:0 INFO: Configured MA Service is not running on the node.
[2026-02-21 00:41:10.000]  [SetImdsEnvironmentVariable] ErrorCode:0 INFO: Querying IMDS information
[2026-02-21 00:41:10.000]  [SetImdsEnvironmentVariable] ErrorCode:-1 INFO: Preparing to call IMDS. Endpoint: http://169.254.169.254
[2026-02-21 00:41:11.000]  [QueryIMDSEndpoint] ErrorCode:0 INFO: Queried IMDS successfully.
[2026-02-21 00:41:11.000]  [GetValueFromJsonOrDefault] ErrorCode:0 INFO: Read Imds response field with Name:location Value: westus2
[2026-02-21 00:41:11.000]  [GetValueFromJsonOrDefault] ErrorCode:0 INFO: Read Imds response field with Name:name Value: amawin
[2026-02-21 00:41:11.000]  [GetValueFromJsonOrDefault] ErrorCode:0 INFO: Read Imds response field with Name:subscriptionId Value: 351651ce-5feb-4e59-975d-f1f344e2b717
[2026-02-21 00:41:11.000]  [GetValueFromJsonOrDefault] ErrorCode:0 INFO: Read Imds response field with Name:vmId Value: 22afd636-aec1-4782-9055-f85ea283dc20
[2026-02-21 00:41:11.000]  [GetValueFromJsonOrDefault] ErrorCode:0 INFO: Read Imds response field with Name:vmScaleSetName Value: 
[2026-02-21 00:41:11.000]  [GetValueFromJsonOrDefault] ErrorCode:0 INFO: Read Imds response field with Name:resourceGroupName Value: AMAWin_group
[2026-02-21 00:41:11.000]  [GetValueFromJsonOrDefault] ErrorCode:0 INFO: Read Imds response field with Name:osType Value: Windows
[2026-02-21 00:41:11.000]  [GetValueFromJsonOrDefault] ErrorCode:0 INFO: Read Imds response field with Name:resourceId Value: /subscriptions/351651ce-5feb-4e59-975d-f1f344e2b717/resourceGroups/AMAWin_group/providers/Microsoft.Compute/virtualMachines/amawin
[2026-02-21 00:41:11.000]  [GetValueFromJsonOrDefault] ErrorCode:0 INFO: Read Imds response field with Name:azEnvironment Value: AzurePublicCloud
[2026-02-21 00:41:11.000]  [SetImdsEnvironmentVariable] ErrorCode:0 INFO: Successfully set Environment variables from Imds
[2026-02-21 00:41:11.000]  [AggregateHeartbeat] ErrorCode:0 INFO: Completed heartbeat aggregation.
[2026-02-21 00:41:40.000]  [WriteHeartbeatToFile] ErrorCode:0 INFO: Sending the heartbeat.
[2026-02-21 00:41:40.000]  [WriteStatusToFile] ErrorCode:0 INFO: Sending the status.
[2026-02-21 00:41:40.000]  [WriteHeartbeatToFile] ErrorCode:0 INFO: Done Sending the heartbeat.
[2026-02-21 00:41:40.000]  [WriteStatusToFile] ErrorCode:0 INFO: Done Sending the status.
[2026-02-21 00:42:10.000]  [WriteHeartbeatToFile] ErrorCode:0 INFO: Sending the heartbeat.
[2026-02-21 00:42:10.000]  [WriteStatusToFile] ErrorCode:0 INFO: Sending the status.
[2026-02-21 00:42:10.000]  [WriteHeartbeatToFile] ErrorCode:0 INFO: Done Sending the heartbeat.
[2026-02-21 00:42:10.000]  [WriteStatusToFile] ErrorCode:0 INFO: Done Sending the status.
[2026-02-21 00:42:11.000]  [FindProcessById] ErrorCode:0 INFO: Attempt to find the process MetricsExtension.Native.exe with ID: 5392.
[2026-02-21 00:42:11.000]  [FindProcessById] ErrorCode:0 INFO: Running Process MetricsExtension.Native.exe found. ID: 5392.
[2026-02-21 00:42:11.000]  [StartMetricsExtension] ErrorCode:0 ERROR: Metrics extension is already running
[2026-02-21 00:42:40.000]  [WriteHeartbeatToFile] ErrorCode:0 INFO: Sending the heartbeat.
[2026-02-21 00:42:40.000]  [WriteStatusToFile] ErrorCode:0 INFO: Sending the status.
[2026-02-21 00:42:40.000]  [WriteStatusToFile] ErrorCode:0 INFO: Done Sending the status.
[2026-02-21 00:42:40.000]  [WriteHeartbeatToFile] ErrorCode:0 INFO: Done Sending the heartbeat.
[2026-02-21 00:43:10.000]  [WriteStatusToFile] ErrorCode:0 INFO: Sending the status.
[2026-02-21 00:43:10.000]  [WriteHeartbeatToFile] ErrorCode:0 INFO: Sending the heartbeat.
[2026-02-21 00:43:10.000]  [WriteStatusToFile] ErrorCode:0 INFO: Done Sending the status.
[2026-02-21 00:43:10.000]  [WriteHeartbeatToFile] ErrorCode:0 INFO: Done Sending the heartbeat.
[2026-02-21 00:43:11.000]  [FindProcessById] ErrorCode:0 INFO: Attempt to find the process MetricsExtension.Native.exe with ID: 5392.
[2026-02-21 00:43:11.000]  [FindProcessById] ErrorCode:0 INFO: Running Process MetricsExtension.Native.exe found. ID: 5392.
[2026-02-21 00:43:11.000]  [StartMetricsExtension] ErrorCode:0 ERROR: Metrics extension is already running
[2026-02-21 00:43:40.000]  [WriteHeartbeatToFile] ErrorCode:0 INFO: Sending the heartbeat.
[2026-02-21 00:43:40.000]  [WriteStatusToFile] ErrorCode:0 INFO: Sending the status.
[2026-02-21 00:43:40.000]  [WriteHeartbeatToFile] ErrorCode:0 INFO: Done Sending the heartbeat.
[2026-02-21 00:43:40.000]  [WriteStatusToFile] ErrorCode:0 INFO: Done Sending the status.
[2026-02-21 00:44:10.000]  [WriteHeartbeatToFile] ErrorCode:0 INFO: Sending the heartbeat.
[2026-02-21 00:44:10.000]  [WriteStatusToFile] ErrorCode:0 INFO: Sending the status.
[2026-02-21 00:44:10.000]  [WriteHeartbeatToFile] ErrorCode:0 INFO: Done Sending the heartbeat.
[2026-02-21 00:44:10.000]  [WriteStatusToFile] ErrorCode:0 INFO: Done Sending the status.
[2026-02-21 00:44:11.000]  [FindProcessById] ErrorCode:0 INFO: Attempt to find the process MetricsExtension.Native.exe with ID: 5392.
[2026-02-21 00:44:11.000]  [FindProcessById] ErrorCode:0 INFO: Running Process MetricsExtension.Native.exe found. ID: 5392.
[2026-02-21 00:44:11.000]  [StartMetricsExtension] ErrorCode:0 ERROR: Metrics extension is already running
[2026-02-21 00:44:40.000]  [WriteStatusToFile] ErrorCode:0 INFO: Sending the status.
[2026-02-21 00:44:40.000]  [WriteHeartbeatToFile] ErrorCode:0 INFO: Sending the heartbeat.
[2026-02-21 00:44:40.000]  [WriteStatusToFile] ErrorCode:0 INFO: Done Sending the status.
[2026-02-21 00:44:40.000]  [WriteHeartbeatToFile] ErrorCode:0 INFO: Done Sending the heartbeat.
[2026-02-21 00:45:10.000]  [WriteStatusToFile] ErrorCode:0 INFO: Sending the status.
[2026-02-21 00:45:10.000]  [WriteHeartbeatToFile] ErrorCode:0 INFO: Sending the heartbeat.
[2026-02-21 00:45:10.000]  [WriteStatusToFile] ErrorCode:0 INFO: Done Sending the status.
[2026-02-21 00:45:10.000]  [WriteHeartbeatToFile] ErrorCode:0 INFO: Done Sending the heartbeat.
[2026-02-21 00:45:11.000]  [FindProcessById] ErrorCode:0 INFO: Attempt to find the process MetricsExtension.Native.exe with ID: 5392.
[2026-02-21 00:45:11.000]  [FindProcessById] ErrorCode:0 INFO: Running Process MetricsExtension.Native.exe found. ID: 5392.
[2026-02-21 00:45:11.000]  [StartMetricsExtension] ErrorCode:0 ERROR: Metrics extension is already running
[2026-02-21 00:45:40.000]  [WriteHeartbeatToFile] ErrorCode:0 INFO: Sending the heartbeat.
[2026-02-21 00:45:40.000]  [WriteStatusToFile] ErrorCode:0 INFO: Sending the status.
[2026-02-21 00:45:40.000]  [WriteStatusToFile] ErrorCode:0 INFO: Done Sending the status.
[2026-02-21 00:45:40.000]  [WriteHeartbeatToFile] ErrorCode:0 INFO: Done Sending the heartbeat.
[2026-02-21 00:46:10.000]  [WriteStatusToFile] ErrorCode:0 INFO: Sending the status.
[2026-02-21 00:46:10.000]  [WriteHeartbeatToFile] ErrorCode:0 INFO: Sending the heartbeat.
[2026-02-21 00:46:10.000]  [WriteStatusToFile] ErrorCode:0 INFO: Done Sending the status.
[2026-02-21 00:46:10.000]  [WriteHeartbeatToFile] ErrorCode:0 INFO: Done Sending the heartbeat.
[2026-02-21 00:46:11.000]  [FindProcessById] ErrorCode:0 INFO: Attempt to find the process MetricsExtension.Native.exe with ID: 5392.
[2026-02-21 00:46:11.000]  [FindProcessById] ErrorCode:0 INFO: Running Process MetricsExtension.Native.exe found. ID: 5392.
[2026-02-21 00:46:11.000]  [StartMetricsExtension] ErrorCode:0 ERROR: Metrics extension is already running
[2026-02-21 00:46:11.000]  [AggregateHeartbeat] ErrorCode:0 INFO: Start heartbeat aggregation.
[2026-02-21 00:46:11.000]  [QueryRegValueDWORD] ErrorCode:0 INFO: Query Registry for Key:SOFTWARE\Microsoft\Windows Azure\CurrentVersion\AzureMonitorAgentExtension\47.4.1.0, Name:MaServiceProcess
[2026-02-21 00:46:11.000]  [QueryRegValueDWORD] ErrorCode:0 INFO: Query Registry for Key:SOFTWARE\Microsoft\Windows Azure\CurrentVersion\AzureMonitorAgentExtension\47.4.1.0, Name:MaServiceProcess, Value:2228
[2026-02-21 00:46:11.000]  [FindProcessById] ErrorCode:0 INFO: Attempt to find the process MonAgentLauncher.exe with ID: 2228.
[2026-02-21 00:46:11.000]  [FindProcessById] ErrorCode:0 INFO: Running Process MonAgentLauncher.exe found. ID: 2228.
[2026-02-21 00:46:11.000]  [CheckIfMAServiceIsRunByExtension] ErrorCode:0 INFO: The MA process is running based on the m_registry
[2026-02-21 00:46:11.000]  [QueryRegValueDWORD] ErrorCode:0 INFO: Query Registry for Key:SOFTWARE\Microsoft\Windows Azure\CurrentVersion\AzureMonitorAgentExtension\47.4.1.0, Name:AMAMultitenantServiceProcess
[2026-02-21 00:46:11.000]  [QueryRegValueDWORD] ErrorCode:0 ERROR: RegQueryValueExA: failed to query REG_DWORD value, Key:SOFTWARE\Microsoft\Windows Azure\CurrentVersion\AzureMonitorAgentExtension\47.4.1.0, name=AMAMultitenantServiceProcess, error=2, type=0
[2026-02-21 00:46:11.000]  [CheckIfMAServiceIsRunByExtension] ErrorCode:1205 INFO: Unable to read the m_registry for MA process. Assume it is not running.
[2026-02-21 00:46:11.000]  [AggregateHeartbeat] ErrorCode:0 INFO: Configured MA Service is not running on the node.
[2026-02-21 00:46:11.000]  [SetImdsEnvironmentVariable] ErrorCode:0 INFO: Querying IMDS information
[2026-02-21 00:46:11.000]  [SetImdsEnvironmentVariable] ErrorCode:-1 INFO: Preparing to call IMDS. Endpoint: http://169.254.169.254
[2026-02-21 00:46:11.000]  [QueryIMDSEndpoint] ErrorCode:0 INFO: Queried IMDS successfully.
[2026-02-21 00:46:11.000]  [GetValueFromJsonOrDefault] ErrorCode:0 INFO: Read Imds response field with Name:location Value: westus2
[2026-02-21 00:46:11.000]  [GetValueFromJsonOrDefault] ErrorCode:0 INFO: Read Imds response field with Name:name Value: amawin
[2026-02-21 00:46:11.000]  [GetValueFromJsonOrDefault] ErrorCode:0 INFO: Read Imds response field with Name:subscriptionId Value: 351651ce-5feb-4e59-975d-f1f344e2b717
[2026-02-21 00:46:11.000]  [GetValueFromJsonOrDefault] ErrorCode:0 INFO: Read Imds response field with Name:vmId Value: 22afd636-aec1-4782-9055-f85ea283dc20
[2026-02-21 00:46:11.000]  [GetValueFromJsonOrDefault] ErrorCode:0 INFO: Read Imds response field with Name:vmScaleSetName Value: 
[2026-02-21 00:46:11.000]  [GetValueFromJsonOrDefault] ErrorCode:0 INFO: Read Imds response field with Name:resourceGroupName Value: AMAWin_group
[2026-02-21 00:46:11.000]  [GetValueFromJsonOrDefault] ErrorCode:0 INFO: Read Imds response field with Name:osType Value: Windows
[2026-02-21 00:46:11.000]  [GetValueFromJsonOrDefault] ErrorCode:0 INFO: Read Imds response field with Name:resourceId Value: /subscriptions/351651ce-5feb-4e59-975d-f1f344e2b717/resourceGroups/AMAWin_group/providers/Microsoft.Compute/virtualMachines/amawin
[2026-02-21 00:46:11.000]  [GetValueFromJsonOrDefault] ErrorCode:0 INFO: Read Imds response field with Name:azEnvironment Value: AzurePublicCloud
[2026-02-21 00:46:11.000]  [SetImdsEnvironmentVariable] ErrorCode:0 INFO: Successfully set Environment variables from Imds
[2026-02-21 00:46:11.000]  [AggregateHeartbeat] ErrorCode:0 INFO: Completed heartbeat aggregation.
[2026-02-21 00:46:40.000]  [WriteHeartbeatToFile] ErrorCode:0 INFO: Sending the heartbeat.
[2026-02-21 00:46:40.000]  [WriteStatusToFile] ErrorCode:0 INFO: Sending the status.
[2026-02-21 00:46:40.000]  [WriteHeartbeatToFile] ErrorCode:0 INFO: Done Sending the heartbeat.
[2026-02-21 00:46:40.000]  [WriteStatusToFile] ErrorCode:0 INFO: Done Sending the status.
[2026-02-21 00:47:10.000]  [WriteHeartbeatToFile] ErrorCode:0 INFO: Sending the heartbeat.
[2026-02-21 00:47:10.000]  [WriteStatusToFile] ErrorCode:0 INFO: Sending the status.
[2026-02-21 00:47:10.000]  [WriteStatusToFile] ErrorCode:0 INFO: Done Sending the status.
[2026-02-21 00:47:10.000]  [WriteHeartbeatToFile] ErrorCode:0 INFO: Done Sending the heartbeat.
[2026-02-21 00:47:11.000]  [FindProcessById] ErrorCode:0 INFO: Attempt to find the process MetricsExtension.Native.exe with ID: 5392.
[2026-02-21 00:47:11.000]  [FindProcessById] ErrorCode:0 INFO: Running Process MetricsExtension.Native.exe found. ID: 5392.
[2026-02-21 00:47:11.000]  [StartMetricsExtension] ErrorCode:0 ERROR: Metrics extension is already running
[2026-02-21 00:47:40.000]  [WriteHeartbeatToFile] ErrorCode:0 INFO: Sending the heartbeat.
[2026-02-21 00:47:40.000]  [WriteStatusToFile] ErrorCode:0 INFO: Sending the status.
[2026-02-21 00:47:40.000]  [WriteStatusToFile] ErrorCode:0 INFO: Done Sending the status.
[2026-02-21 00:47:40.000]  [WriteHeartbeatToFile] ErrorCode:0 INFO: Done Sending the heartbeat.
[2026-02-21 00:48:10.000]  [WriteStatusToFile] ErrorCode:0 INFO: Sending the status.
[2026-02-21 00:48:10.000]  [WriteHeartbeatToFile] ErrorCode:0 INFO: Sending the heartbeat.
[2026-02-21 00:48:10.000]  [WriteStatusToFile] ErrorCode:0 INFO: Done Sending the status.
[2026-02-21 00:48:10.000]  [WriteHeartbeatToFile] ErrorCode:0 INFO: Done Sending the heartbeat.
[2026-02-21 00:48:11.000]  [FindProcessById] ErrorCode:0 INFO: Attempt to find the process MetricsExtension.Native.exe with ID: 5392.
[2026-02-21 00:48:11.000]  [FindProcessById] ErrorCode:0 INFO: Running Process MetricsExtension.Native.exe found. ID: 5392.
[2026-02-21 00:48:11.000]  [StartMetricsExtension] ErrorCode:0 ERROR: Metrics extension is already running
[2026-02-21 00:48:40.000]  [WriteStatusToFile] ErrorCode:0 INFO: Sending the status.
[2026-02-21 00:48:40.000]  [WriteHeartbeatToFile] ErrorCode:0 INFO: Sending the heartbeat.
[2026-02-21 00:48:40.000]  [WriteStatusToFile] ErrorCode:0 INFO: Done Sending the status.
[2026-02-21 00:48:40.000]  [WriteHeartbeatToFile] ErrorCode:0 INFO: Done Sending the heartbeat.
[2026-02-21 00:49:10.000]  [WriteStatusToFile] ErrorCode:0 INFO: Sending the status.
[2026-02-21 00:49:10.000]  [WriteHeartbeatToFile] ErrorCode:0 INFO: Sending the heartbeat.
[2026-02-21 00:49:10.000]  [WriteStatusToFile] ErrorCode:0 INFO: Done Sending the status.
[2026-02-21 00:49:10.000]  [WriteHeartbeatToFile] ErrorCode:0 INFO: Done Sending the heartbeat.
[2026-02-21 00:49:11.000]  [FindProcessById] ErrorCode:0 INFO: Attempt to find the process MetricsExtension.Native.exe with ID: 5392.
[2026-02-21 00:49:11.000]  [FindProcessById] ErrorCode:0 INFO: Running Process MetricsExtension.Native.exe found. ID: 5392.
[2026-02-21 00:49:11.000]  [StartMetricsExtension] ErrorCode:0 ERROR: Metrics extension is already running
[2026-02-21 00:49:40.000]  [WriteStatusToFile] ErrorCode:0 INFO: Sending the status.
[2026-02-21 00:49:40.000]  [WriteHeartbeatToFile] ErrorCode:0 INFO: Sending the heartbeat.
[2026-02-21 00:49:40.000]  [WriteStatusToFile] ErrorCode:0 INFO: Done Sending the status.
[2026-02-21 00:49:40.000]  [WriteHeartbeatToFile] ErrorCode:0 INFO: Done Sending the heartbeat.
[2026-02-21 00:50:10.000]  [WriteStatusToFile] ErrorCode:0 INFO: Sending the status.
[2026-02-21 00:50:10.000]  [WriteHeartbeatToFile] ErrorCode:0 INFO: Sending the heartbeat.
[2026-02-21 00:50:10.000]  [WriteStatusToFile] ErrorCode:0 INFO: Done Sending the status.
[2026-02-21 00:50:10.000]  [WriteHeartbeatToFile] ErrorCode:0 INFO: Done Sending the heartbeat.
[2026-02-21 00:50:11.000]  [FindProcessById] ErrorCode:0 INFO: Attempt to find the process MetricsExtension.Native.exe with ID: 5392.
[2026-02-21 00:50:11.000]  [FindProcessById] ErrorCode:0 INFO: Running Process MetricsExtension.Native.exe found. ID: 5392.
[2026-02-21 00:50:11.000]  [StartMetricsExtension] ErrorCode:0 ERROR: Metrics extension is already running
[2026-02-21 00:50:40.000]  [WriteStatusToFile] ErrorCode:0 INFO: Sending the status.
[2026-02-21 00:50:40.000]  [WriteHeartbeatToFile] ErrorCode:0 INFO: Sending the heartbeat.
[2026-02-21 00:50:40.000]  [WriteStatusToFile] ErrorCode:0 INFO: Done Sending the status.
[2026-02-21 00:50:40.000]  [WriteHeartbeatToFile] ErrorCode:0 INFO: Done Sending the heartbeat.
[2026-02-21 00:51:10.000]  [WriteStatusToFile] ErrorCode:0 INFO: Sending the status.
[2026-02-21 00:51:10.000]  [WriteHeartbeatToFile] ErrorCode:0 INFO: Sending the heartbeat.
[2026-02-21 00:51:10.000]  [WriteStatusToFile] ErrorCode:0 INFO: Done Sending the status.
[2026-02-21 00:51:10.000]  [WriteHeartbeatToFile] ErrorCode:0 INFO: Done Sending the heartbeat.
[2026-02-21 00:51:11.000]  [FindProcessById] ErrorCode:0 INFO: Attempt to find the process MetricsExtension.Native.exe with ID: 5392.
[2026-02-21 00:51:11.000]  [FindProcessById] ErrorCode:0 INFO: Running Process MetricsExtension.Native.exe found. ID: 5392.
[2026-02-21 00:51:11.000]  [StartMetricsExtension] ErrorCode:0 ERROR: Metrics extension is already running
[2026-02-21 00:51:11.000]  [AggregateHeartbeat] ErrorCode:0 INFO: Start heartbeat aggregation.
[2026-02-21 00:51:11.000]  [QueryRegValueDWORD] ErrorCode:0 INFO: Query Registry for Key:SOFTWARE\Microsoft\Windows Azure\CurrentVersion\AzureMonitorAgentExtension\47.4.1.0, Name:MaServiceProcess
[2026-02-21 00:51:11.000]  [QueryRegValueDWORD] ErrorCode:0 INFO: Query Registry for Key:SOFTWARE\Microsoft\Windows Azure\CurrentVersion\AzureMonitorAgentExtension\47.4.1.0, Name:MaServiceProcess, Value:2228
[2026-02-21 00:51:11.000]  [FindProcessById] ErrorCode:0 INFO: Attempt to find the process MonAgentLauncher.exe with ID: 2228.
[2026-02-21 00:51:11.000]  [FindProcessById] ErrorCode:0 INFO: Running Process MonAgentLauncher.exe found. ID: 2228.
[2026-02-21 00:51:11.000]  [CheckIfMAServiceIsRunByExtension] ErrorCode:0 INFO: The MA process is running based on the m_registry
[2026-02-21 00:51:11.000]  [QueryRegValueDWORD] ErrorCode:0 INFO: Query Registry for Key:SOFTWARE\Microsoft\Windows Azure\CurrentVersion\AzureMonitorAgentExtension\47.4.1.0, Name:AMAMultitenantServiceProcess
[2026-02-21 00:51:11.000]  [QueryRegValueDWORD] ErrorCode:0 ERROR: RegQueryValueExA: failed to query REG_DWORD value, Key:SOFTWARE\Microsoft\Windows Azure\CurrentVersion\AzureMonitorAgentExtension\47.4.1.0, name=AMAMultitenantServiceProcess, error=2, type=0
[2026-02-21 00:51:11.000]  [CheckIfMAServiceIsRunByExtension] ErrorCode:1205 INFO: Unable to read the m_registry for MA process. Assume it is not running.
[2026-02-21 00:51:11.000]  [AggregateHeartbeat] ErrorCode:0 INFO: Configured MA Service is not running on the node.
[2026-02-21 00:51:11.000]  [SetImdsEnvironmentVariable] ErrorCode:0 INFO: Querying IMDS information
[2026-02-21 00:51:11.000]  [SetImdsEnvironmentVariable] ErrorCode:-1 INFO: Preparing to call IMDS. Endpoint: http://169.254.169.254
[2026-02-21 00:51:11.000]  [QueryIMDSEndpoint] ErrorCode:0 INFO: Queried IMDS successfully.
[2026-02-21 00:51:11.000]  [GetValueFromJsonOrDefault] ErrorCode:0 INFO: Read Imds response field with Name:location Value: westus2
[2026-02-21 00:51:11.000]  [GetValueFromJsonOrDefault] ErrorCode:0 INFO: Read Imds response field with Name:name Value: amawin
[2026-02-21 00:51:11.000]  [GetValueFromJsonOrDefault] ErrorCode:0 INFO: Read Imds response field with Name:subscriptionId Value: 351651ce-5feb-4e59-975d-f1f344e2b717
[2026-02-21 00:51:11.000]  [GetValueFromJsonOrDefault] ErrorCode:0 INFO: Read Imds response field with Name:vmId Value: 22afd636-aec1-4782-9055-f85ea283dc20
[2026-02-21 00:51:11.000]  [GetValueFromJsonOrDefault] ErrorCode:0 INFO: Read Imds response field with Name:vmScaleSetName Value: 
[2026-02-21 00:51:11.000]  [GetValueFromJsonOrDefault] ErrorCode:0 INFO: Read Imds response field with Name:resourceGroupName Value: AMAWin_group
[2026-02-21 00:51:11.000]  [GetValueFromJsonOrDefault] ErrorCode:0 INFO: Read Imds response field with Name:osType Value: Windows
[2026-02-21 00:51:11.000]  [GetValueFromJsonOrDefault] ErrorCode:0 INFO: Read Imds response field with Name:resourceId Value: /subscriptions/351651ce-5feb-4e59-975d-f1f344e2b717/resourceGroups/AMAWin_group/providers/Microsoft.Compute/virtualMachines/amawin
[2026-02-21 00:51:11.000]  [GetValueFromJsonOrDefault] ErrorCode:0 INFO: Read Imds response field with Name:azEnvironment Value: AzurePublicCloud
[2026-02-21 00:51:11.000]  [SetImdsEnvironmentVariable] ErrorCode:0 INFO: Successfully set Environment variables from Imds
[2026-02-21 00:51:11.000]  [AggregateHeartbeat] ErrorCode:0 INFO: Completed heartbeat aggregation.
[2026-02-21 00:51:40.000]  [WriteStatusToFile] ErrorCode:0 INFO: Sending the status.
[2026-02-21 00:51:40.000]  [WriteHeartbeatToFile] ErrorCode:0 INFO: Sending the heartbeat.
[2026-02-21 00:51:40.000]  [WriteStatusToFile] ErrorCode:0 INFO: Done Sending the status.
[2026-02-21 00:51:40.000]  [WriteHeartbeatToFile] ErrorCode:0 INFO: Done Sending the heartbeat.
[2026-02-21 00:52:10.000]  [WriteStatusToFile] ErrorCode:0 INFO: Sending the status.
[2026-02-21 00:52:10.000]  [WriteHeartbeatToFile] ErrorCode:0 INFO: Sending the heartbeat.
[2026-02-21 00:52:10.000]  [WriteStatusToFile] ErrorCode:0 INFO: Done Sending the status.
[2026-02-21 00:52:10.000]  [WriteHeartbeatToFile] ErrorCode:0 INFO: Done Sending the heartbeat.
[2026-02-21 00:52:11.000]  [FindProcessById] ErrorCode:0 INFO: Attempt to find the process MetricsExtension.Native.exe with ID: 5392.
[2026-02-21 00:52:11.000]  [FindProcessById] ErrorCode:0 INFO: Running Process MetricsExtension.Native.exe found. ID: 5392.
[2026-02-21 00:52:11.000]  [StartMetricsExtension] ErrorCode:0 ERROR: Metrics extension is already running
[2026-02-21 00:52:40.000]  [WriteStatusToFile] ErrorCode:0 INFO: Sending the status.
[2026-02-21 00:52:40.000]  [WriteHeartbeatToFile] ErrorCode:0 INFO: Sending the heartbeat.
[2026-02-21 00:52:40.000]  [WriteHeartbeatToFile] ErrorCode:0 INFO: Done Sending the heartbeat.
[2026-02-21 00:52:40.000]  [WriteStatusToFile] ErrorCode:0 INFO: Done Sending the status.
[2026-02-21 00:53:10.000]  [WriteStatusToFile] ErrorCode:0 INFO: Sending the status.
[2026-02-21 00:53:10.000]  [WriteHeartbeatToFile] ErrorCode:0 INFO: Sending the heartbeat.
[2026-02-21 00:53:10.000]  [WriteStatusToFile] ErrorCode:0 INFO: Done Sending the status.
[2026-02-21 00:53:10.000]  [WriteHeartbeatToFile] ErrorCode:0 INFO: Done Sending the heartbeat.
[2026-02-21 00:53:11.000]  [FindProcessById] ErrorCode:0 INFO: Attempt to find the process MetricsExtension.Native.exe with ID: 5392.
[2026-02-21 00:53:11.000]  [FindProcessById] ErrorCode:0 INFO: Running Process MetricsExtension.Native.exe found. ID: 5392.
[2026-02-21 00:53:11.000]  [StartMetricsExtension] ErrorCode:0 ERROR: Metrics extension is already running
[2026-02-21 00:53:40.000]  [WriteHeartbeatToFile] ErrorCode:0 INFO: Sending the heartbeat.
[2026-02-21 00:53:40.000]  [WriteStatusToFile] ErrorCode:0 INFO: Sending the status.
[2026-02-21 00:53:40.000]  [WriteHeartbeatToFile] ErrorCode:0 INFO: Done Sending the heartbeat.
[2026-02-21 00:53:40.000]  [WriteStatusToFile] ErrorCode:0 INFO: Done Sending the status.
[2026-02-21 00:54:11.000]  [WriteHeartbeatToFile] ErrorCode:0 INFO: Sending the heartbeat.
[2026-02-21 00:54:11.000]  [WriteStatusToFile] ErrorCode:0 INFO: Sending the status.
[2026-02-21 00:54:11.000]  [WriteStatusToFile] ErrorCode:0 INFO: Done Sending the status.
[2026-02-21 00:54:11.000]  [WriteHeartbeatToFile] ErrorCode:0 INFO: Done Sending the heartbeat.
[2026-02-21 00:54:11.000]  [FindProcessById] ErrorCode:0 INFO: Attempt to find the process MetricsExtension.Native.exe with ID: 5392.
[2026-02-21 00:54:11.000]  [FindProcessById] ErrorCode:0 INFO: Running Process MetricsExtension.Native.exe found. ID: 5392.
[2026-02-21 00:54:11.000]  [StartMetricsExtension] ErrorCode:0 ERROR: Metrics extension is already running
[2026-02-21 00:54:41.000]  [WriteHeartbeatToFile] ErrorCode:0 INFO: Sending the heartbeat.
[2026-02-21 00:54:41.000]  [WriteStatusToFile] ErrorCode:0 INFO: Sending the status.
[2026-02-21 00:54:41.000]  [WriteHeartbeatToFile] ErrorCode:0 INFO: Done Sending the heartbeat.
[2026-02-21 00:54:41.000]  [WriteStatusToFile] ErrorCode:0 INFO: Done Sending the status.
[2026-02-21 00:55:11.000]  [WriteHeartbeatToFile] ErrorCode:0 INFO: Sending the heartbeat.
[2026-02-21 00:55:11.000]  [WriteStatusToFile] ErrorCode:0 INFO: Sending the status.
[2026-02-21 00:55:11.000]  [WriteStatusToFile] ErrorCode:0 INFO: Done Sending the status.
[2026-02-21 00:55:11.000]  [WriteHeartbeatToFile] ErrorCode:0 INFO: Done Sending the heartbeat.
[2026-02-21 00:55:11.000]  [FindProcessById] ErrorCode:0 INFO: Attempt to find the process MetricsExtension.Native.exe with ID: 5392.
[2026-02-21 00:55:11.000]  [FindProcessById] ErrorCode:0 INFO: Running Process MetricsExtension.Native.exe found. ID: 5392.
[2026-02-21 00:55:11.000]  [StartMetricsExtension] ErrorCode:0 ERROR: Metrics extension is already running
[2026-02-21 00:55:41.000]  [WriteHeartbeatToFile] ErrorCode:0 INFO: Sending the heartbeat.
[2026-02-21 00:55:41.000]  [WriteStatusToFile] ErrorCode:0 INFO: Sending the status.
[2026-02-21 00:55:41.000]  [WriteHeartbeatToFile] ErrorCode:0 INFO: Done Sending the heartbeat.
[2026-02-21 00:55:41.000]  [WriteStatusToFile] ErrorCode:0 INFO: Done Sending the status.
[2026-02-21 00:56:11.000]  [WriteStatusToFile] ErrorCode:0 INFO: Sending the status.
[2026-02-21 00:56:11.000]  [WriteHeartbeatToFile] ErrorCode:0 INFO: Sending the heartbeat.
[2026-02-21 00:56:11.000]  [WriteHeartbeatToFile] ErrorCode:0 INFO: Done Sending the heartbeat.
[2026-02-21 00:56:11.000]  [WriteStatusToFile] ErrorCode:0 INFO: Done Sending the status.
[2026-02-21 00:56:11.000]  [FindProcessById] ErrorCode:0 INFO: Attempt to find the process MetricsExtension.Native.exe with ID: 5392.
[2026-02-21 00:56:11.000]  [FindProcessById] ErrorCode:0 INFO: Running Process MetricsExtension.Native.exe found. ID: 5392.
[2026-02-21 00:56:11.000]  [StartMetricsExtension] ErrorCode:0 ERROR: Metrics extension is already running
[2026-02-21 00:56:11.000]  [AggregateHeartbeat] ErrorCode:0 INFO: Start heartbeat aggregation.
[2026-02-21 00:56:11.000]  [QueryRegValueDWORD] ErrorCode:0 INFO: Query Registry for Key:SOFTWARE\Microsoft\Windows Azure\CurrentVersion\AzureMonitorAgentExtension\47.4.1.0, Name:MaServiceProcess
[2026-02-21 00:56:11.000]  [QueryRegValueDWORD] ErrorCode:0 INFO: Query Registry for Key:SOFTWARE\Microsoft\Windows Azure\CurrentVersion\AzureMonitorAgentExtension\47.4.1.0, Name:MaServiceProcess, Value:2228
[2026-02-21 00:56:11.000]  [FindProcessById] ErrorCode:0 INFO: Attempt to find the process MonAgentLauncher.exe with ID: 2228.
[2026-02-21 00:56:11.000]  [FindProcessById] ErrorCode:0 INFO: Running Process MonAgentLauncher.exe found. ID: 2228.
[2026-02-21 00:56:11.000]  [CheckIfMAServiceIsRunByExtension] ErrorCode:0 INFO: The MA process is running based on the m_registry
[2026-02-21 00:56:11.000]  [QueryRegValueDWORD] ErrorCode:0 INFO: Query Registry for Key:SOFTWARE\Microsoft\Windows Azure\CurrentVersion\AzureMonitorAgentExtension\47.4.1.0, Name:AMAMultitenantServiceProcess
[2026-02-21 00:56:11.000]  [QueryRegValueDWORD] ErrorCode:0 ERROR: RegQueryValueExA: failed to query REG_DWORD value, Key:SOFTWARE\Microsoft\Windows Azure\CurrentVersion\AzureMonitorAgentExtension\47.4.1.0, name=AMAMultitenantServiceProcess, error=2, type=0
[2026-02-21 00:56:11.000]  [CheckIfMAServiceIsRunByExtension] ErrorCode:1205 INFO: Unable to read the m_registry for MA process. Assume it is not running.
[2026-02-21 00:56:11.000]  [AggregateHeartbeat] ErrorCode:0 INFO: Configured MA Service is not running on the node.
[2026-02-21 00:56:11.000]  [SetImdsEnvironmentVariable] ErrorCode:0 INFO: Querying IMDS information
[2026-02-21 00:56:11.000]  [SetImdsEnvironmentVariable] ErrorCode:-1 INFO: Preparing to call IMDS. Endpoint: http://169.254.169.254
[2026-02-21 00:56:11.000]  [QueryIMDSEndpoint] ErrorCode:0 INFO: Queried IMDS successfully.
[2026-02-21 00:56:11.000]  [GetValueFromJsonOrDefault] ErrorCode:0 INFO: Read Imds response field with Name:location Value: westus2
[2026-02-21 00:56:11.000]  [GetValueFromJsonOrDefault] ErrorCode:0 INFO: Read Imds response field with Name:name Value: amawin
[2026-02-21 00:56:11.000]  [GetValueFromJsonOrDefault] ErrorCode:0 INFO: Read Imds response field with Name:subscriptionId Value: 351651ce-5feb-4e59-975d-f1f344e2b717
[2026-02-21 00:56:11.000]  [GetValueFromJsonOrDefault] ErrorCode:0 INFO: Read Imds response field with Name:vmId Value: 22afd636-aec1-4782-9055-f85ea283dc20
[2026-02-21 00:56:11.000]  [GetValueFromJsonOrDefault] ErrorCode:0 INFO: Read Imds response field with Name:vmScaleSetName Value: 
[2026-02-21 00:56:11.000]  [GetValueFromJsonOrDefault] ErrorCode:0 INFO: Read Imds response field with Name:resourceGroupName Value: AMAWin_group
[2026-02-21 00:56:11.000]  [GetValueFromJsonOrDefault] ErrorCode:0 INFO: Read Imds response field with Name:osType Value: Windows
[2026-02-21 00:56:11.000]  [GetValueFromJsonOrDefault] ErrorCode:0 INFO: Read Imds response field with Name:resourceId Value: /subscriptions/351651ce-5feb-4e59-975d-f1f344e2b717/resourceGroups/AMAWin_group/providers/Microsoft.Compute/virtualMachines/amawin
[2026-02-21 00:56:11.000]  [GetValueFromJsonOrDefault] ErrorCode:0 INFO: Read Imds response field with Name:azEnvironment Value: AzurePublicCloud
[2026-02-21 00:56:11.000]  [SetImdsEnvironmentVariable] ErrorCode:0 INFO: Successfully set Environment variables from Imds
[2026-02-21 00:56:11.000]  [AggregateHeartbeat] ErrorCode:0 INFO: Completed heartbeat aggregation.
[2026-02-21 00:56:41.000]  [WriteHeartbeatToFile] ErrorCode:0 INFO: Sending the heartbeat.
[2026-02-21 00:56:41.000]  [WriteStatusToFile] ErrorCode:0 INFO: Sending the status.
[2026-02-21 00:56:41.000]  [WriteHeartbeatToFile] ErrorCode:0 INFO: Done Sending the heartbeat.
[2026-02-21 00:56:41.000]  [WriteStatusToFile] ErrorCode:0 INFO: Done Sending the status.
[2026-02-21 00:57:11.000]  [WriteHeartbeatToFile] ErrorCode:0 INFO: Sending the heartbeat.
[2026-02-21 00:57:11.000]  [WriteStatusToFile] ErrorCode:0 INFO: Sending the status.
[2026-02-21 00:57:11.000]  [WriteHeartbeatToFile] ErrorCode:0 INFO: Done Sending the heartbeat.
[2026-02-21 00:57:11.000]  [WriteStatusToFile] ErrorCode:0 INFO: Done Sending the status.
[2026-02-21 00:57:11.000]  [FindProcessById] ErrorCode:0 INFO: Attempt to find the process MetricsExtension.Native.exe with ID: 5392.
[2026-02-21 00:57:11.000]  [FindProcessById] ErrorCode:0 INFO: Running Process MetricsExtension.Native.exe found. ID: 5392.
[2026-02-21 00:57:11.000]  [StartMetricsExtension] ErrorCode:0 ERROR: Metrics extension is already running
[2026-02-21 00:57:41.000]  [WriteStatusToFile] ErrorCode:0 INFO: Sending the status.
[2026-02-21 00:57:41.000]  [WriteHeartbeatToFile] ErrorCode:0 INFO: Sending the heartbeat.
[2026-02-21 00:57:41.000]  [WriteStatusToFile] ErrorCode:0 INFO: Done Sending the status.
[2026-02-21 00:57:41.000]  [WriteHeartbeatToFile] ErrorCode:0 INFO: Done Sending the heartbeat.
[2026-02-21 00:58:11.000]  [WriteHeartbeatToFile] ErrorCode:0 INFO: Sending the heartbeat.
[2026-02-21 00:58:11.000]  [WriteStatusToFile] ErrorCode:0 INFO: Sending the status.
[2026-02-21 00:58:11.000]  [WriteHeartbeatToFile] ErrorCode:0 INFO: Done Sending the heartbeat.
[2026-02-21 00:58:11.000]  [WriteStatusToFile] ErrorCode:0 INFO: Done Sending the status.
[2026-02-21 00:58:11.000]  [FindProcessById] ErrorCode:0 INFO: Attempt to find the process MetricsExtension.Native.exe with ID: 5392.
[2026-02-21 00:58:11.000]  [FindProcessById] ErrorCode:0 INFO: Running Process MetricsExtension.Native.exe found. ID: 5392.
[2026-02-21 00:58:11.000]  [StartMetricsExtension] ErrorCode:0 ERROR: Metrics extension is already running
[2026-02-21 00:58:41.000]  [WriteHeartbeatToFile] ErrorCode:0 INFO: Sending the heartbeat.
[2026-02-21 00:58:41.000]  [WriteStatusToFile] ErrorCode:0 INFO: Sending the status.
[2026-02-21 00:58:41.000]  [WriteHeartbeatToFile] ErrorCode:0 INFO: Done Sending the heartbeat.
[2026-02-21 00:58:41.000]  [WriteStatusToFile] ErrorCode:0 INFO: Done Sending the status.
[2026-02-21 00:59:11.000]  [WriteHeartbeatToFile] ErrorCode:0 INFO: Sending the heartbeat.
[2026-02-21 00:59:11.000]  [WriteStatusToFile] ErrorCode:0 INFO: Sending the status.
[2026-02-21 00:59:11.000]  [WriteStatusToFile] ErrorCode:0 INFO: Done Sending the status.
[2026-02-21 00:59:11.000]  [WriteHeartbeatToFile] ErrorCode:0 INFO: Done Sending the heartbeat.
[2026-02-21 00:59:11.000]  [FindProcessById] ErrorCode:0 INFO: Attempt to find the process MetricsExtension.Native.exe with ID: 5392.
[2026-02-21 00:59:11.000]  [FindProcessById] ErrorCode:0 INFO: Running Process MetricsExtension.Native.exe found. ID: 5392.
[2026-02-21 00:59:11.000]  [StartMetricsExtension] ErrorCode:0 ERROR: Metrics extension is already running
[2026-02-21 00:59:41.000]  [WriteHeartbeatToFile] ErrorCode:0 INFO: Sending the heartbeat.
[2026-02-21 00:59:41.000]  [WriteStatusToFile] ErrorCode:0 INFO: Sending the status.
[2026-02-21 00:59:41.000]  [WriteStatusToFile] ErrorCode:0 INFO: Done Sending the status.
[2026-02-21 00:59:41.000]  [WriteHeartbeatToFile] ErrorCode:0 INFO: Done Sending the heartbeat.
[2026-02-21 01:00:11.000]  [WriteHeartbeatToFile] ErrorCode:0 INFO: Sending the heartbeat.
[2026-02-21 01:00:11.000]  [WriteStatusToFile] ErrorCode:0 INFO: Sending the status.
[2026-02-21 01:00:11.000]  [WriteHeartbeatToFile] ErrorCode:0 INFO: Done Sending the heartbeat.
[2026-02-21 01:00:11.000]  [WriteStatusToFile] ErrorCode:0 INFO: Done Sending the status.
[2026-02-21 01:00:11.000]  [FindProcessById] ErrorCode:0 INFO: Attempt to find the process MetricsExtension.Native.exe with ID: 5392.
[2026-02-21 01:00:11.000]  [FindProcessById] ErrorCode:0 INFO: Running Process MetricsExtension.Native.exe found. ID: 5392.
[2026-02-21 01:00:11.000]  [StartMetricsExtension] ErrorCode:0 ERROR: Metrics extension is already running
[2026-02-21 01:00:41.000]  [WriteHeartbeatToFile] ErrorCode:0 INFO: Sending the heartbeat.
[2026-02-21 01:00:41.000]  [WriteStatusToFile] ErrorCode:0 INFO: Sending the status.
[2026-02-21 01:00:41.000]  [WriteHeartbeatToFile] ErrorCode:0 INFO: Done Sending the heartbeat.
[2026-02-21 01:00:41.000]  [WriteStatusToFile] ErrorCode:0 INFO: Done Sending the status.
[2026-02-21 01:01:11.000]  [WriteHeartbeatToFile] ErrorCode:0 INFO: Sending the heartbeat.
[2026-02-21 01:01:11.000]  [WriteStatusToFile] ErrorCode:0 INFO: Sending the status.
[2026-02-21 01:01:11.000]  [WriteHeartbeatToFile] ErrorCode:0 INFO: Done Sending the heartbeat.
[2026-02-21 01:01:11.000]  [WriteStatusToFile] ErrorCode:0 INFO: Done Sending the status.
[2026-02-21 01:01:11.000]  [FindProcessById] ErrorCode:0 INFO: Attempt to find the process MetricsExtension.Native.exe with ID: 5392.
[2026-02-21 01:01:11.000]  [FindProcessById] ErrorCode:0 INFO: Running Process MetricsExtension.Native.exe found. ID: 5392.
[2026-02-21 01:01:11.000]  [StartMetricsExtension] ErrorCode:0 ERROR: Metrics extension is already running
[2026-02-21 01:01:11.000]  [AggregateHeartbeat] ErrorCode:0 INFO: Start heartbeat aggregation.
[2026-02-21 01:01:11.000]  [QueryRegValueDWORD] ErrorCode:0 INFO: Query Registry for Key:SOFTWARE\Microsoft\Windows Azure\CurrentVersion\AzureMonitorAgentExtension\47.4.1.0, Name:MaServiceProcess
[2026-02-21 01:01:11.000]  [QueryRegValueDWORD] ErrorCode:0 INFO: Query Registry for Key:SOFTWARE\Microsoft\Windows Azure\CurrentVersion\AzureMonitorAgentExtension\47.4.1.0, Name:MaServiceProcess, Value:2228
[2026-02-21 01:01:11.000]  [FindProcessById] ErrorCode:0 INFO: Attempt to find the process MonAgentLauncher.exe with ID: 2228.
[2026-02-21 01:01:11.000]  [FindProcessById] ErrorCode:0 INFO: Running Process MonAgentLauncher.exe found. ID: 2228.
[2026-02-21 01:01:11.000]  [CheckIfMAServiceIsRunByExtension] ErrorCode:0 INFO: The MA process is running based on the m_registry
[2026-02-21 01:01:11.000]  [QueryRegValueDWORD] ErrorCode:0 INFO: Query Registry for Key:SOFTWARE\Microsoft\Windows Azure\CurrentVersion\AzureMonitorAgentExtension\47.4.1.0, Name:AMAMultitenantServiceProcess
[2026-02-21 01:01:11.000]  [QueryRegValueDWORD] ErrorCode:0 ERROR: RegQueryValueExA: failed to query REG_DWORD value, Key:SOFTWARE\Microsoft\Windows Azure\CurrentVersion\AzureMonitorAgentExtension\47.4.1.0, name=AMAMultitenantServiceProcess, error=2, type=0
[2026-02-21 01:01:11.000]  [CheckIfMAServiceIsRunByExtension] ErrorCode:1205 INFO: Unable to read the m_registry for MA process. Assume it is not running.
[2026-02-21 01:01:11.000]  [AggregateHeartbeat] ErrorCode:0 INFO: Configured MA Service is not running on the node.
[2026-02-21 01:01:11.000]  [SetImdsEnvironmentVariable] ErrorCode:0 INFO: Querying IMDS information
[2026-02-21 01:01:11.000]  [SetImdsEnvironmentVariable] ErrorCode:-1 INFO: Preparing to call IMDS. Endpoint: http://169.254.169.254
[2026-02-21 01:01:11.000]  [QueryIMDSEndpoint] ErrorCode:0 INFO: Queried IMDS successfully.
[2026-02-21 01:01:11.000]  [GetValueFromJsonOrDefault] ErrorCode:0 INFO: Read Imds response field with Name:location Value: westus2
[2026-02-21 01:01:11.000]  [GetValueFromJsonOrDefault] ErrorCode:0 INFO: Read Imds response field with Name:name Value: amawin
[2026-02-21 01:01:11.000]  [GetValueFromJsonOrDefault] ErrorCode:0 INFO: Read Imds response field with Name:subscriptionId Value: 351651ce-5feb-4e59-975d-f1f344e2b717
[2026-02-21 01:01:11.000]  [GetValueFromJsonOrDefault] ErrorCode:0 INFO: Read Imds response field with Name:vmId Value: 22afd636-aec1-4782-9055-f85ea283dc20
[2026-02-21 01:01:11.000]  [GetValueFromJsonOrDefault] ErrorCode:0 INFO: Read Imds response field with Name:vmScaleSetName Value: 
[2026-02-21 01:01:11.000]  [GetValueFromJsonOrDefault] ErrorCode:0 INFO: Read Imds response field with Name:resourceGroupName Value: AMAWin_group
[2026-02-21 01:01:11.000]  [GetValueFromJsonOrDefault] ErrorCode:0 INFO: Read Imds response field with Name:osType Value: Windows
[2026-02-21 01:01:11.000]  [GetValueFromJsonOrDefault] ErrorCode:0 INFO: Read Imds response field with Name:resourceId Value: /subscriptions/351651ce-5feb-4e59-975d-f1f344e2b717/resourceGroups/AMAWin_group/providers/Microsoft.Compute/virtualMachines/amawin
[2026-02-21 01:01:11.000]  [GetValueFromJsonOrDefault] ErrorCode:0 INFO: Read Imds response field with Name:azEnvironment Value: AzurePublicCloud
[2026-02-21 01:01:11.000]  [SetImdsEnvironmentVariable] ErrorCode:0 INFO: Successfully set Environment variables from Imds
[2026-02-21 01:01:11.000]  [AggregateHeartbeat] ErrorCode:0 INFO: Completed heartbeat aggregation.
[2026-02-21 01:01:41.000]  [WriteHeartbeatToFile] ErrorCode:0 INFO: Sending the heartbeat.
[2026-02-21 01:01:41.000]  [WriteStatusToFile] ErrorCode:0 INFO: Sending the status.
[2026-02-21 01:01:41.000]  [WriteStatusToFile] ErrorCode:0 INFO: Done Sending the status.
[2026-02-21 01:01:41.000]  [WriteHeartbeatToFile] ErrorCode:0 INFO: Done Sending the heartbeat.
[2026-02-21 01:02:11.000]  [WriteHeartbeatToFile] ErrorCode:0 INFO: Sending the heartbeat.
[2026-02-21 01:02:11.000]  [WriteStatusToFile] ErrorCode:0 INFO: Sending the status.
[2026-02-21 01:02:11.000]  [WriteStatusToFile] ErrorCode:0 INFO: Done Sending the status.
[2026-02-21 01:02:11.000]  [WriteHeartbeatToFile] ErrorCode:0 INFO: Done Sending the heartbeat.
[2026-02-21 01:02:11.000]  [FindProcessById] ErrorCode:0 INFO: Attempt to find the process MetricsExtension.Native.exe with ID: 5392.
[2026-02-21 01:02:11.000]  [FindProcessById] ErrorCode:0 INFO: Running Process MetricsExtension.Native.exe found. ID: 5392.
[2026-02-21 01:02:11.000]  [StartMetricsExtension] ErrorCode:0 ERROR: Metrics extension is already running
[2026-02-21 01:02:41.000]  [WriteHeartbeatToFile] ErrorCode:0 INFO: Sending the heartbeat.
[2026-02-21 01:02:41.000]  [WriteStatusToFile] ErrorCode:0 INFO: Sending the status.
[2026-02-21 01:02:41.000]  [WriteHeartbeatToFile] ErrorCode:0 INFO: Done Sending the heartbeat.
[2026-02-21 01:02:41.000]  [WriteStatusToFile] ErrorCode:0 INFO: Done Sending the status.
[2026-02-21 01:03:11.000]  [WriteStatusToFile] ErrorCode:0 INFO: Sending the status.
[2026-02-21 01:03:11.000]  [WriteHeartbeatToFile] ErrorCode:0 INFO: Sending the heartbeat.
[2026-02-21 01:03:11.000]  [WriteStatusToFile] ErrorCode:0 INFO: Done Sending the status.
[2026-02-21 01:03:11.000]  [WriteHeartbeatToFile] ErrorCode:0 INFO: Done Sending the heartbeat.
[2026-02-21 01:03:11.000]  [FindProcessById] ErrorCode:0 INFO: Attempt to find the process MetricsExtension.Native.exe with ID: 5392.
[2026-02-21 01:03:11.000]  [FindProcessById] ErrorCode:0 INFO: Running Process MetricsExtension.Native.exe found. ID: 5392.
[2026-02-21 01:03:11.000]  [StartMetricsExtension] ErrorCode:0 ERROR: Metrics extension is already running
[2026-02-21 01:03:41.000]  [WriteStatusToFile] ErrorCode:0 INFO: Sending the status.
[2026-02-21 01:03:41.000]  [WriteHeartbeatToFile] ErrorCode:0 INFO: Sending the heartbeat.
[2026-02-21 01:03:41.000]  [WriteStatusToFile] ErrorCode:0 INFO: Done Sending the status.
[2026-02-21 01:03:41.000]  [WriteHeartbeatToFile] ErrorCode:0 INFO: Done Sending the heartbeat.
[2026-02-21 01:04:11.000]  [WriteStatusToFile] ErrorCode:0 INFO: Sending the status.
[2026-02-21 01:04:11.000]  [WriteHeartbeatToFile] ErrorCode:0 INFO: Sending the heartbeat.
[2026-02-21 01:04:11.000]  [WriteHeartbeatToFile] ErrorCode:0 INFO: Done Sending the heartbeat.
[2026-02-21 01:04:11.000]  [WriteStatusToFile] ErrorCode:0 INFO: Done Sending the status.
[2026-02-21 01:04:11.000]  [FindProcessById] ErrorCode:0 INFO: Attempt to find the process MetricsExtension.Native.exe with ID: 5392.
[2026-02-21 01:04:11.000]  [FindProcessById] ErrorCode:0 INFO: Running Process MetricsExtension.Native.exe found. ID: 5392.
[2026-02-21 01:04:11.000]  [StartMetricsExtension] ErrorCode:0 ERROR: Metrics extension is already running
[2026-02-21 01:04:41.000]  [WriteStatusToFile] ErrorCode:0 INFO: Sending the status.
[2026-02-21 01:04:41.000]  [WriteHeartbeatToFile] ErrorCode:0 INFO: Sending the heartbeat.
[2026-02-21 01:04:41.000]  [WriteStatusToFile] ErrorCode:0 INFO: Done Sending the status.
[2026-02-21 01:04:41.000]  [WriteHeartbeatToFile] ErrorCode:0 INFO: Done Sending the heartbeat.
[2026-02-21 01:05:11.000]  [WriteStatusToFile] ErrorCode:0 INFO: Sending the status.
[2026-02-21 01:05:11.000]  [WriteHeartbeatToFile] ErrorCode:0 INFO: Sending the heartbeat.
[2026-02-21 01:05:11.000]  [WriteHeartbeatToFile] ErrorCode:0 INFO: Done Sending the heartbeat.
[2026-02-21 01:05:11.000]  [WriteStatusToFile] ErrorCode:0 INFO: Done Sending the status.
[2026-02-21 01:05:11.000]  [FindProcessById] ErrorCode:0 INFO: Attempt to find the process MetricsExtension.Native.exe with ID: 5392.
[2026-02-21 01:05:11.000]  [FindProcessById] ErrorCode:0 INFO: Running Process MetricsExtension.Native.exe found. ID: 5392.
[2026-02-21 01:05:11.000]  [StartMetricsExtension] ErrorCode:0 ERROR: Metrics extension is already running
[2026-02-21 01:05:41.000]  [WriteStatusToFile] ErrorCode:0 INFO: Sending the status.
[2026-02-21 01:05:41.000]  [WriteHeartbeatToFile] ErrorCode:0 INFO: Sending the heartbeat.
[2026-02-21 01:05:41.000]  [WriteStatusToFile] ErrorCode:0 INFO: Done Sending the status.
[2026-02-21 01:05:41.000]  [WriteHeartbeatToFile] ErrorCode:0 INFO: Done Sending the heartbeat.
[2026-02-21 01:06:11.000]  [WriteHeartbeatToFile] ErrorCode:0 INFO: Sending the heartbeat.
[2026-02-21 01:06:11.000]  [WriteStatusToFile] ErrorCode:0 INFO: Sending the status.
[2026-02-21 01:06:11.000]  [WriteStatusToFile] ErrorCode:0 INFO: Done Sending the status.
[2026-02-21 01:06:11.000]  [WriteHeartbeatToFile] ErrorCode:0 INFO: Done Sending the heartbeat.
[2026-02-21 01:06:11.000]  [FindProcessById] ErrorCode:0 INFO: Attempt to find the process MetricsExtension.Native.exe with ID: 5392.
[2026-02-21 01:06:11.000]  [FindProcessById] ErrorCode:0 INFO: Running Process MetricsExtension.Native.exe found. ID: 5392.
[2026-02-21 01:06:11.000]  [StartMetricsExtension] ErrorCode:0 ERROR: Metrics extension is already running
[2026-02-21 01:06:11.000]  [AggregateHeartbeat] ErrorCode:0 INFO: Start heartbeat aggregation.
[2026-02-21 01:06:11.000]  [QueryRegValueDWORD] ErrorCode:0 INFO: Query Registry for Key:SOFTWARE\Microsoft\Windows Azure\CurrentVersion\AzureMonitorAgentExtension\47.4.1.0, Name:MaServiceProcess
[2026-02-21 01:06:11.000]  [QueryRegValueDWORD] ErrorCode:0 INFO: Query Registry for Key:SOFTWARE\Microsoft\Windows Azure\CurrentVersion\AzureMonitorAgentExtension\47.4.1.0, Name:MaServiceProcess, Value:2228
[2026-02-21 01:06:11.000]  [FindProcessById] ErrorCode:0 INFO: Attempt to find the process MonAgentLauncher.exe with ID: 2228.
[2026-02-21 01:06:11.000]  [FindProcessById] ErrorCode:0 INFO: Running Process MonAgentLauncher.exe found. ID: 2228.
[2026-02-21 01:06:11.000]  [CheckIfMAServiceIsRunByExtension] ErrorCode:0 INFO: The MA process is running based on the m_registry
[2026-02-21 01:06:11.000]  [QueryRegValueDWORD] ErrorCode:0 INFO: Query Registry for Key:SOFTWARE\Microsoft\Windows Azure\CurrentVersion\AzureMonitorAgentExtension\47.4.1.0, Name:AMAMultitenantServiceProcess
[2026-02-21 01:06:11.000]  [QueryRegValueDWORD] ErrorCode:0 ERROR: RegQueryValueExA: failed to query REG_DWORD value, Key:SOFTWARE\Microsoft\Windows Azure\CurrentVersion\AzureMonitorAgentExtension\47.4.1.0, name=AMAMultitenantServiceProcess, error=2, type=0
[2026-02-21 01:06:11.000]  [CheckIfMAServiceIsRunByExtension] ErrorCode:1205 INFO: Unable to read the m_registry for MA process. Assume it is not running.
[2026-02-21 01:06:11.000]  [AggregateHeartbeat] ErrorCode:0 INFO: Configured MA Service is not running on the node.
[2026-02-21 01:06:11.000]  [SetImdsEnvironmentVariable] ErrorCode:0 INFO: Querying IMDS information
[2026-02-21 01:06:11.000]  [SetImdsEnvironmentVariable] ErrorCode:-1 INFO: Preparing to call IMDS. Endpoint: http://169.254.169.254
[2026-02-21 01:06:11.000]  [QueryIMDSEndpoint] ErrorCode:0 INFO: Queried IMDS successfully.
[2026-02-21 01:06:11.000]  [GetValueFromJsonOrDefault] ErrorCode:0 INFO: Read Imds response field with Name:location Value: westus2
[2026-02-21 01:06:11.000]  [GetValueFromJsonOrDefault] ErrorCode:0 INFO: Read Imds response field with Name:name Value: amawin
[2026-02-21 01:06:11.000]  [GetValueFromJsonOrDefault] ErrorCode:0 INFO: Read Imds response field with Name:subscriptionId Value: 351651ce-5feb-4e59-975d-f1f344e2b717
[2026-02-21 01:06:11.000]  [GetValueFromJsonOrDefault] ErrorCode:0 INFO: Read Imds response field with Name:vmId Value: 22afd636-aec1-4782-9055-f85ea283dc20
[2026-02-21 01:06:11.000]  [GetValueFromJsonOrDefault] ErrorCode:0 INFO: Read Imds response field with Name:vmScaleSetName Value: 
[2026-02-21 01:06:11.000]  [GetValueFromJsonOrDefault] ErrorCode:0 INFO: Read Imds response field with Name:resourceGroupName Value: AMAWin_group
[2026-02-21 01:06:11.000]  [GetValueFromJsonOrDefault] ErrorCode:0 INFO: Read Imds response field with Name:osType Value: Windows
[2026-02-21 01:06:11.000]  [GetValueFromJsonOrDefault] ErrorCode:0 INFO: Read Imds response field with Name:resourceId Value: /subscriptions/351651ce-5feb-4e59-975d-f1f344e2b717/resourceGroups/AMAWin_group/providers/Microsoft.Compute/virtualMachines/amawin
[2026-02-21 01:06:11.000]  [GetValueFromJsonOrDefault] ErrorCode:0 INFO: Read Imds response field with Name:azEnvironment Value: AzurePublicCloud
[2026-02-21 01:06:11.000]  [SetImdsEnvironmentVariable] ErrorCode:0 INFO: Successfully set Environment variables from Imds
[2026-02-21 01:06:11.000]  [AggregateHeartbeat] ErrorCode:0 INFO: Completed heartbeat aggregation.
[2026-02-21 01:06:41.000]  [WriteStatusToFile] ErrorCode:0 INFO: Sending the status.
[2026-02-21 01:06:41.000]  [WriteHeartbeatToFile] ErrorCode:0 INFO: Sending the heartbeat.
[2026-02-21 01:06:41.000]  [WriteStatusToFile] ErrorCode:0 INFO: Done Sending the status.
[2026-02-21 01:06:41.000]  [WriteHeartbeatToFile] ErrorCode:0 INFO: Done Sending the heartbeat.
[2026-02-21 01:07:11.000]  [WriteHeartbeatToFile] ErrorCode:0 INFO: Sending the heartbeat.
[2026-02-21 01:07:11.000]  [WriteStatusToFile] ErrorCode:0 INFO: Sending the status.
[2026-02-21 01:07:11.000]  [WriteStatusToFile] ErrorCode:0 INFO: Done Sending the status.
[2026-02-21 01:07:11.000]  [WriteHeartbeatToFile] ErrorCode:0 INFO: Done Sending the heartbeat.
[2026-02-21 01:07:11.000]  [FindProcessById] ErrorCode:0 INFO: Attempt to find the process MetricsExtension.Native.exe with ID: 5392.
[2026-02-21 01:07:11.000]  [FindProcessById] ErrorCode:0 INFO: Running Process MetricsExtension.Native.exe found. ID: 5392.
[2026-02-21 01:07:11.000]  [StartMetricsExtension] ErrorCode:0 ERROR: Metrics extension is already running
[2026-02-21 01:07:41.000]  [WriteStatusToFile] ErrorCode:0 INFO: Sending the status.
[2026-02-21 01:07:41.000]  [WriteHeartbeatToFile] ErrorCode:0 INFO: Sending the heartbeat.
[2026-02-21 01:07:41.000]  [WriteHeartbeatToFile] ErrorCode:0 INFO: Done Sending the heartbeat.
[2026-02-21 01:07:41.000]  [WriteStatusToFile] ErrorCode:0 INFO: Done Sending the status.
[2026-02-21 01:08:11.000]  [WriteHeartbeatToFile] ErrorCode:0 INFO: Sending the heartbeat.
[2026-02-21 01:08:11.000]  [WriteStatusToFile] ErrorCode:0 INFO: Sending the status.
[2026-02-21 01:08:11.000]  [WriteStatusToFile] ErrorCode:0 INFO: Done Sending the status.
[2026-02-21 01:08:11.000]  [WriteHeartbeatToFile] ErrorCode:0 INFO: Done Sending the heartbeat.
[2026-02-21 01:08:11.000]  [FindProcessById] ErrorCode:0 INFO: Attempt to find the process MetricsExtension.Native.exe with ID: 5392.
[2026-02-21 01:08:11.000]  [FindProcessById] ErrorCode:0 INFO: Running Process MetricsExtension.Native.exe found. ID: 5392.
[2026-02-21 01:08:11.000]  [StartMetricsExtension] ErrorCode:0 ERROR: Metrics extension is already running
[2026-02-21 01:08:41.000]  [WriteHeartbeatToFile] ErrorCode:0 INFO: Sending the heartbeat.
[2026-02-21 01:08:41.000]  [WriteStatusToFile] ErrorCode:0 INFO: Sending the status.
[2026-02-21 01:08:41.000]  [WriteHeartbeatToFile] ErrorCode:0 INFO: Done Sending the heartbeat.
[2026-02-21 01:08:41.000]  [WriteStatusToFile] ErrorCode:0 INFO: Done Sending the status.
[2026-02-21 01:09:11.000]  [WriteStatusToFile] ErrorCode:0 INFO: Sending the status.
[2026-02-21 01:09:11.000]  [WriteHeartbeatToFile] ErrorCode:0 INFO: Sending the heartbeat.
[2026-02-21 01:09:11.000]  [WriteStatusToFile] ErrorCode:0 INFO: Done Sending the status.
[2026-02-21 01:09:11.000]  [WriteHeartbeatToFile] ErrorCode:0 INFO: Done Sending the heartbeat.
[2026-02-21 01:09:11.000]  [FindProcessById] ErrorCode:0 INFO: Attempt to find the process MetricsExtension.Native.exe with ID: 5392.
[2026-02-21 01:09:11.000]  [FindProcessById] ErrorCode:0 INFO: Running Process MetricsExtension.Native.exe found. ID: 5392.
[2026-02-21 01:09:11.000]  [StartMetricsExtension] ErrorCode:0 ERROR: Metrics extension is already running
[2026-02-21 01:09:41.000]  [WriteHeartbeatToFile] ErrorCode:0 INFO: Sending the heartbeat.
[2026-02-21 01:09:41.000]  [WriteStatusToFile] ErrorCode:0 INFO: Sending the status.
[2026-02-21 01:09:41.000]  [WriteStatusToFile] ErrorCode:0 INFO: Done Sending the status.
[2026-02-21 01:09:41.000]  [WriteHeartbeatToFile] ErrorCode:0 INFO: Done Sending the heartbeat.
[2026-02-21 01:10:11.000]  [WriteHeartbeatToFile] ErrorCode:0 INFO: Sending the heartbeat.
[2026-02-21 01:10:11.000]  [WriteStatusToFile] ErrorCode:0 INFO: Sending the status.
[2026-02-21 01:10:11.000]  [WriteStatusToFile] ErrorCode:0 INFO: Done Sending the status.
[2026-02-21 01:10:11.000]  [WriteHeartbeatToFile] ErrorCode:0 INFO: Done Sending the heartbeat.
[2026-02-21 01:10:11.000]  [FindProcessById] ErrorCode:0 INFO: Attempt to find the process MetricsExtension.Native.exe with ID: 5392.
[2026-02-21 01:10:11.000]  [FindProcessById] ErrorCode:0 INFO: Running Process MetricsExtension.Native.exe found. ID: 5392.
[2026-02-21 01:10:11.000]  [StartMetricsExtension] ErrorCode:0 ERROR: Metrics extension is already running
[2026-02-21 01:10:41.000]  [WriteHeartbeatToFile] ErrorCode:0 INFO: Sending the heartbeat.
[2026-02-21 01:10:41.000]  [WriteStatusToFile] ErrorCode:0 INFO: Sending the status.
[2026-02-21 01:10:41.000]  [WriteHeartbeatToFile] ErrorCode:0 INFO: Done Sending the heartbeat.
[2026-02-21 01:10:41.000]  [WriteStatusToFile] ErrorCode:0 INFO: Done Sending the status.
[2026-02-21 01:11:11.000]  [WriteStatusToFile] ErrorCode:0 INFO: Sending the status.
[2026-02-21 01:11:11.000]  [WriteHeartbeatToFile] ErrorCode:0 INFO: Sending the heartbeat.
[2026-02-21 01:11:11.000]  [WriteStatusToFile] ErrorCode:0 INFO: Done Sending the status.
[2026-02-21 01:11:11.000]  [WriteHeartbeatToFile] ErrorCode:0 INFO: Done Sending the heartbeat.
[2026-02-21 01:11:11.000]  [FindProcessById] ErrorCode:0 INFO: Attempt to find the process MetricsExtension.Native.exe with ID: 5392.
[2026-02-21 01:11:11.000]  [FindProcessById] ErrorCode:0 INFO: Running Process MetricsExtension.Native.exe found. ID: 5392.
[2026-02-21 01:11:11.000]  [StartMetricsExtension] ErrorCode:0 ERROR: Metrics extension is already running
[2026-02-21 01:11:11.000]  [AggregateHeartbeat] ErrorCode:0 INFO: Start heartbeat aggregation.
[2026-02-21 01:11:11.000]  [QueryRegValueDWORD] ErrorCode:0 INFO: Query Registry for Key:SOFTWARE\Microsoft\Windows Azure\CurrentVersion\AzureMonitorAgentExtension\47.4.1.0, Name:MaServiceProcess
[2026-02-21 01:11:11.000]  [QueryRegValueDWORD] ErrorCode:0 INFO: Query Registry for Key:SOFTWARE\Microsoft\Windows Azure\CurrentVersion\AzureMonitorAgentExtension\47.4.1.0, Name:MaServiceProcess, Value:2228
[2026-02-21 01:11:11.000]  [FindProcessById] ErrorCode:0 INFO: Attempt to find the process MonAgentLauncher.exe with ID: 2228.
[2026-02-21 01:11:11.000]  [FindProcessById] ErrorCode:0 INFO: Running Process MonAgentLauncher.exe found. ID: 2228.
[2026-02-21 01:11:11.000]  [CheckIfMAServiceIsRunByExtension] ErrorCode:0 INFO: The MA process is running based on the m_registry
[2026-02-21 01:11:11.000]  [QueryRegValueDWORD] ErrorCode:0 INFO: Query Registry for Key:SOFTWARE\Microsoft\Windows Azure\CurrentVersion\AzureMonitorAgentExtension\47.4.1.0, Name:AMAMultitenantServiceProcess
[2026-02-21 01:11:11.000]  [QueryRegValueDWORD] ErrorCode:0 ERROR: RegQueryValueExA: failed to query REG_DWORD value, Key:SOFTWARE\Microsoft\Windows Azure\CurrentVersion\AzureMonitorAgentExtension\47.4.1.0, name=AMAMultitenantServiceProcess, error=2, type=0
[2026-02-21 01:11:11.000]  [CheckIfMAServiceIsRunByExtension] ErrorCode:1205 INFO: Unable to read the m_registry for MA process. Assume it is not running.
[2026-02-21 01:11:11.000]  [AggregateHeartbeat] ErrorCode:0 INFO: Configured MA Service is not running on the node.
[2026-02-21 01:11:11.000]  [SetImdsEnvironmentVariable] ErrorCode:0 INFO: Querying IMDS information
[2026-02-21 01:11:11.000]  [SetImdsEnvironmentVariable] ErrorCode:-1 INFO: Preparing to call IMDS. Endpoint: http://169.254.169.254
[2026-02-21 01:11:11.000]  [QueryIMDSEndpoint] ErrorCode:0 INFO: Queried IMDS successfully.
[2026-02-21 01:11:11.000]  [GetValueFromJsonOrDefault] ErrorCode:0 INFO: Read Imds response field with Name:location Value: westus2
[2026-02-21 01:11:11.000]  [GetValueFromJsonOrDefault] ErrorCode:0 INFO: Read Imds response field with Name:name Value: amawin
[2026-02-21 01:11:11.000]  [GetValueFromJsonOrDefault] ErrorCode:0 INFO: Read Imds response field with Name:subscriptionId Value: 351651ce-5feb-4e59-975d-f1f344e2b717
[2026-02-21 01:11:11.000]  [GetValueFromJsonOrDefault] ErrorCode:0 INFO: Read Imds response field with Name:vmId Value: 22afd636-aec1-4782-9055-f85ea283dc20
[2026-02-21 01:11:11.000]  [GetValueFromJsonOrDefault] ErrorCode:0 INFO: Read Imds response field with Name:vmScaleSetName Value: 
[2026-02-21 01:11:11.000]  [GetValueFromJsonOrDefault] ErrorCode:0 INFO: Read Imds response field with Name:resourceGroupName Value: AMAWin_group
[2026-02-21 01:11:11.000]  [GetValueFromJsonOrDefault] ErrorCode:0 INFO: Read Imds response field with Name:osType Value: Windows
[2026-02-21 01:11:11.000]  [GetValueFromJsonOrDefault] ErrorCode:0 INFO: Read Imds response field with Name:resourceId Value: /subscriptions/351651ce-5feb-4e59-975d-f1f344e2b717/resourceGroups/AMAWin_group/providers/Microsoft.Compute/virtualMachines/amawin
[2026-02-21 01:11:11.000]  [GetValueFromJsonOrDefault] ErrorCode:0 INFO: Read Imds response field with Name:azEnvironment Value: AzurePublicCloud
[2026-02-21 01:11:11.000]  [SetImdsEnvironmentVariable] ErrorCode:0 INFO: Successfully set Environment variables from Imds
[2026-02-21 01:11:11.000]  [AggregateHeartbeat] ErrorCode:0 INFO: Completed heartbeat aggregation.
[2026-02-21 01:11:41.000]  [WriteStatusToFile] ErrorCode:0 INFO: Sending the status.
[2026-02-21 01:11:41.000]  [WriteHeartbeatToFile] ErrorCode:0 INFO: Sending the heartbeat.
[2026-02-21 01:11:41.000]  [WriteHeartbeatToFile] ErrorCode:0 INFO: Done Sending the heartbeat.
[2026-02-21 01:11:41.000]  [WriteStatusToFile] ErrorCode:0 INFO: Done Sending the status.
[2026-02-21 01:12:11.000]  [WriteHeartbeatToFile] ErrorCode:0 INFO: Sending the heartbeat.
[2026-02-21 01:12:11.000]  [WriteStatusToFile] ErrorCode:0 INFO: Sending the status.
[2026-02-21 01:12:11.000]  [WriteHeartbeatToFile] ErrorCode:0 INFO: Done Sending the heartbeat.
[2026-02-21 01:12:11.000]  [WriteStatusToFile] ErrorCode:0 INFO: Done Sending the status.
[2026-02-21 01:12:11.000]  [FindProcessById] ErrorCode:0 INFO: Attempt to find the process MetricsExtension.Native.exe with ID: 5392.
[2026-02-21 01:12:11.000]  [FindProcessById] ErrorCode:0 INFO: Running Process MetricsExtension.Native.exe found. ID: 5392.
[2026-02-21 01:12:11.000]  [StartMetricsExtension] ErrorCode:0 ERROR: Metrics extension is already running
[2026-02-21 01:12:41.000]  [WriteStatusToFile] ErrorCode:0 INFO: Sending the status.
[2026-02-21 01:12:41.000]  [WriteHeartbeatToFile] ErrorCode:0 INFO: Sending the heartbeat.
[2026-02-21 01:12:41.000]  [WriteHeartbeatToFile] ErrorCode:0 INFO: Done Sending the heartbeat.
[2026-02-21 01:12:41.000]  [WriteStatusToFile] ErrorCode:0 INFO: Done Sending the status.
[2026-02-21 01:13:11.000]  [WriteHeartbeatToFile] ErrorCode:0 INFO: Sending the heartbeat.
[2026-02-21 01:13:11.000]  [WriteStatusToFile] ErrorCode:0 INFO: Sending the status.
[2026-02-21 01:13:11.000]  [WriteHeartbeatToFile] ErrorCode:0 INFO: Done Sending the heartbeat.
[2026-02-21 01:13:11.000]  [WriteStatusToFile] ErrorCode:0 INFO: Done Sending the status.
[2026-02-21 01:13:11.000]  [FindProcessById] ErrorCode:0 INFO: Attempt to find the process MetricsExtension.Native.exe with ID: 5392.
[2026-02-21 01:13:11.000]  [FindProcessById] ErrorCode:0 INFO: Running Process MetricsExtension.Native.exe found. ID: 5392.
[2026-02-21 01:13:11.000]  [StartMetricsExtension] ErrorCode:0 ERROR: Metrics extension is already running
[2026-02-21 01:13:41.000]  [WriteStatusToFile] ErrorCode:0 INFO: Sending the status.
[2026-02-21 01:13:41.000]  [WriteHeartbeatToFile] ErrorCode:0 INFO: Sending the heartbeat.
[2026-02-21 01:13:41.000]  [WriteStatusToFile] ErrorCode:0 INFO: Done Sending the status.
[2026-02-21 01:13:41.000]  [WriteHeartbeatToFile] ErrorCode:0 INFO: Done Sending the heartbeat.
[2026-02-21 01:14:11.000]  [WriteHeartbeatToFile] ErrorCode:0 INFO: Sending the heartbeat.
[2026-02-21 01:14:11.000]  [WriteStatusToFile] ErrorCode:0 INFO: Sending the status.
[2026-02-21 01:14:11.000]  [WriteStatusToFile] ErrorCode:0 INFO: Done Sending the status.
[2026-02-21 01:14:11.000]  [WriteHeartbeatToFile] ErrorCode:0 INFO: Done Sending the heartbeat.
[2026-02-21 01:14:11.000]  [FindProcessById] ErrorCode:0 INFO: Attempt to find the process MetricsExtension.Native.exe with ID: 5392.
[2026-02-21 01:14:11.000]  [FindProcessById] ErrorCode:0 INFO: Running Process MetricsExtension.Native.exe found. ID: 5392.
[2026-02-21 01:14:11.000]  [StartMetricsExtension] ErrorCode:0 ERROR: Metrics extension is already running
[2026-02-21 01:14:41.000]  [WriteHeartbeatToFile] ErrorCode:0 INFO: Sending the heartbeat.
[2026-02-21 01:14:41.000]  [WriteStatusToFile] ErrorCode:0 INFO: Sending the status.
[2026-02-21 01:14:41.000]  [WriteHeartbeatToFile] ErrorCode:0 INFO: Done Sending the heartbeat.
[2026-02-21 01:14:41.000]  [WriteStatusToFile] ErrorCode:0 INFO: Done Sending the status.
[2026-02-21 01:15:11.000]  [WriteStatusToFile] ErrorCode:0 INFO: Sending the status.
[2026-02-21 01:15:11.000]  [WriteHeartbeatToFile] ErrorCode:0 INFO: Sending the heartbeat.
[2026-02-21 01:15:11.000]  [WriteStatusToFile] ErrorCode:0 INFO: Done Sending the status.
[2026-02-21 01:15:11.000]  [WriteHeartbeatToFile] ErrorCode:0 INFO: Done Sending the heartbeat.
[2026-02-21 01:15:11.000]  [FindProcessById] ErrorCode:0 INFO: Attempt to find the process MetricsExtension.Native.exe with ID: 5392.
[2026-02-21 01:15:11.000]  [FindProcessById] ErrorCode:0 INFO: Running Process MetricsExtension.Native.exe found. ID: 5392.
[2026-02-21 01:15:11.000]  [StartMetricsExtension] ErrorCode:0 ERROR: Metrics extension is already running
[2026-02-21 01:15:41.000]  [WriteStatusToFile] ErrorCode:0 INFO: Sending the status.
[2026-02-21 01:15:41.000]  [WriteHeartbeatToFile] ErrorCode:0 INFO: Sending the heartbeat.
[2026-02-21 01:15:41.000]  [WriteStatusToFile] ErrorCode:0 INFO: Done Sending the status.
[2026-02-21 01:15:41.000]  [WriteHeartbeatToFile] ErrorCode:0 INFO: Done Sending the heartbeat.
[2026-02-21 01:16:11.000]  [WriteHeartbeatToFile] ErrorCode:0 INFO: Sending the heartbeat.
[2026-02-21 01:16:11.000]  [WriteStatusToFile] ErrorCode:0 INFO: Sending the status.
[2026-02-21 01:16:11.000]  [WriteHeartbeatToFile] ErrorCode:0 INFO: Done Sending the heartbeat.
[2026-02-21 01:16:11.000]  [WriteStatusToFile] ErrorCode:0 INFO: Done Sending the status.
[2026-02-21 01:16:11.000]  [FindProcessById] ErrorCode:0 INFO: Attempt to find the process MetricsExtension.Native.exe with ID: 5392.
[2026-02-21 01:16:11.000]  [FindProcessById] ErrorCode:0 INFO: Running Process MetricsExtension.Native.exe found. ID: 5392.
[2026-02-21 01:16:11.000]  [StartMetricsExtension] ErrorCode:0 ERROR: Metrics extension is already running
[2026-02-21 01:16:11.000]  [AggregateHeartbeat] ErrorCode:0 INFO: Start heartbeat aggregation.
[2026-02-21 01:16:11.000]  [QueryRegValueDWORD] ErrorCode:0 INFO: Query Registry for Key:SOFTWARE\Microsoft\Windows Azure\CurrentVersion\AzureMonitorAgentExtension\47.4.1.0, Name:MaServiceProcess
[2026-02-21 01:16:11.000]  [QueryRegValueDWORD] ErrorCode:0 INFO: Query Registry for Key:SOFTWARE\Microsoft\Windows Azure\CurrentVersion\AzureMonitorAgentExtension\47.4.1.0, Name:MaServiceProcess, Value:2228
[2026-02-21 01:16:11.000]  [FindProcessById] ErrorCode:0 INFO: Attempt to find the process MonAgentLauncher.exe with ID: 2228.
[2026-02-21 01:16:11.000]  [FindProcessById] ErrorCode:0 INFO: Running Process MonAgentLauncher.exe found. ID: 2228.
[2026-02-21 01:16:11.000]  [CheckIfMAServiceIsRunByExtension] ErrorCode:0 INFO: The MA process is running based on the m_registry
[2026-02-21 01:16:11.000]  [QueryRegValueDWORD] ErrorCode:0 INFO: Query Registry for Key:SOFTWARE\Microsoft\Windows Azure\CurrentVersion\AzureMonitorAgentExtension\47.4.1.0, Name:AMAMultitenantServiceProcess
[2026-02-21 01:16:11.000]  [QueryRegValueDWORD] ErrorCode:0 ERROR: RegQueryValueExA: failed to query REG_DWORD value, Key:SOFTWARE\Microsoft\Windows Azure\CurrentVersion\AzureMonitorAgentExtension\47.4.1.0, name=AMAMultitenantServiceProcess, error=2, type=0
[2026-02-21 01:16:11.000]  [CheckIfMAServiceIsRunByExtension] ErrorCode:1205 INFO: Unable to read the m_registry for MA process. Assume it is not running.
[2026-02-21 01:16:11.000]  [AggregateHeartbeat] ErrorCode:0 INFO: Configured MA Service is not running on the node.
[2026-02-21 01:16:11.000]  [SetImdsEnvironmentVariable] ErrorCode:0 INFO: Querying IMDS information
[2026-02-21 01:16:11.000]  [SetImdsEnvironmentVariable] ErrorCode:-1 INFO: Preparing to call IMDS. Endpoint: http://169.254.169.254
[2026-02-21 01:16:11.000]  [QueryIMDSEndpoint] ErrorCode:0 INFO: Queried IMDS successfully.
[2026-02-21 01:16:11.000]  [GetValueFromJsonOrDefault] ErrorCode:0 INFO: Read Imds response field with Name:location Value: westus2
[2026-02-21 01:16:11.000]  [GetValueFromJsonOrDefault] ErrorCode:0 INFO: Read Imds response field with Name:name Value: amawin
[2026-02-21 01:16:11.000]  [GetValueFromJsonOrDefault] ErrorCode:0 INFO: Read Imds response field with Name:subscriptionId Value: 351651ce-5feb-4e59-975d-f1f344e2b717
[2026-02-21 01:16:11.000]  [GetValueFromJsonOrDefault] ErrorCode:0 INFO: Read Imds response field with Name:vmId Value: 22afd636-aec1-4782-9055-f85ea283dc20
[2026-02-21 01:16:11.000]  [GetValueFromJsonOrDefault] ErrorCode:0 INFO: Read Imds response field with Name:vmScaleSetName Value: 
[2026-02-21 01:16:11.000]  [GetValueFromJsonOrDefault] ErrorCode:0 INFO: Read Imds response field with Name:resourceGroupName Value: AMAWin_group
[2026-02-21 01:16:11.000]  [GetValueFromJsonOrDefault] ErrorCode:0 INFO: Read Imds response field with Name:osType Value: Windows
[2026-02-21 01:16:11.000]  [GetValueFromJsonOrDefault] ErrorCode:0 INFO: Read Imds response field with Name:resourceId Value: /subscriptions/351651ce-5feb-4e59-975d-f1f344e2b717/resourceGroups/AMAWin_group/providers/Microsoft.Compute/virtualMachines/amawin
[2026-02-21 01:16:11.000]  [GetValueFromJsonOrDefault] ErrorCode:0 INFO: Read Imds response field with Name:azEnvironment Value: AzurePublicCloud
[2026-02-21 01:16:11.000]  [SetImdsEnvironmentVariable] ErrorCode:0 INFO: Successfully set Environment variables from Imds
[2026-02-21 01:16:11.000]  [AggregateHeartbeat] ErrorCode:0 INFO: Completed heartbeat aggregation.
[2026-02-21 01:16:41.000]  [WriteHeartbeatToFile] ErrorCode:0 INFO: Sending the heartbeat.
[2026-02-21 01:16:41.000]  [WriteStatusToFile] ErrorCode:0 INFO: Sending the status.
[2026-02-21 01:16:41.000]  [WriteHeartbeatToFile] ErrorCode:0 INFO: Done Sending the heartbeat.
[2026-02-21 01:16:41.000]  [WriteStatusToFile] ErrorCode:0 INFO: Done Sending the status.
[2026-02-21 01:17:11.000]  [WriteHeartbeatToFile] ErrorCode:0 INFO: Sending the heartbeat.
[2026-02-21 01:17:11.000]  [WriteStatusToFile] ErrorCode:0 INFO: Sending the status.
[2026-02-21 01:17:11.000]  [WriteStatusToFile] ErrorCode:0 INFO: Done Sending the status.
[2026-02-21 01:17:11.000]  [WriteHeartbeatToFile] ErrorCode:0 INFO: Done Sending the heartbeat.
[2026-02-21 01:17:11.000]  [FindProcessById] ErrorCode:0 INFO: Attempt to find the process MetricsExtension.Native.exe with ID: 5392.
[2026-02-21 01:17:11.000]  [FindProcessById] ErrorCode:0 INFO: Running Process MetricsExtension.Native.exe found. ID: 5392.
[2026-02-21 01:17:11.000]  [StartMetricsExtension] ErrorCode:0 ERROR: Metrics extension is already running
[2026-02-21 01:17:41.000]  [WriteStatusToFile] ErrorCode:0 INFO: Sending the status.
[2026-02-21 01:17:41.000]  [WriteHeartbeatToFile] ErrorCode:0 INFO: Sending the heartbeat.
[2026-02-21 01:17:41.000]  [WriteStatusToFile] ErrorCode:0 INFO: Done Sending the status.
[2026-02-21 01:17:41.000]  [WriteHeartbeatToFile] ErrorCode:0 INFO: Done Sending the heartbeat.
[2026-02-21 01:18:11.000]  [WriteHeartbeatToFile] ErrorCode:0 INFO: Sending the heartbeat.
[2026-02-21 01:18:11.000]  [WriteStatusToFile] ErrorCode:0 INFO: Sending the status.
[2026-02-21 01:18:11.000]  [WriteHeartbeatToFile] ErrorCode:0 INFO: Done Sending the heartbeat.
[2026-02-21 01:18:11.000]  [WriteStatusToFile] ErrorCode:0 INFO: Done Sending the status.
[2026-02-21 01:18:11.000]  [FindProcessById] ErrorCode:0 INFO: Attempt to find the process MetricsExtension.Native.exe with ID: 5392.
[2026-02-21 01:18:11.000]  [FindProcessById] ErrorCode:0 INFO: Running Process MetricsExtension.Native.exe found. ID: 5392.
[2026-02-21 01:18:11.000]  [StartMetricsExtension] ErrorCode:0 ERROR: Metrics extension is already running
[2026-02-21 01:18:41.000]  [WriteStatusToFile] ErrorCode:0 INFO: Sending the status.
[2026-02-21 01:18:41.000]  [WriteHeartbeatToFile] ErrorCode:0 INFO: Sending the heartbeat.
[2026-02-21 01:18:41.000]  [WriteStatusToFile] ErrorCode:0 INFO: Done Sending the status.
[2026-02-21 01:18:41.000]  [WriteHeartbeatToFile] ErrorCode:0 INFO: Done Sending the heartbeat.
[2026-02-21 01:19:11.000]  [WriteStatusToFile] ErrorCode:0 INFO: Sending the status.
[2026-02-21 01:19:11.000]  [WriteHeartbeatToFile] ErrorCode:0 INFO: Sending the heartbeat.
[2026-02-21 01:19:11.000]  [WriteStatusToFile] ErrorCode:0 INFO: Done Sending the status.
[2026-02-21 01:19:11.000]  [WriteHeartbeatToFile] ErrorCode:0 INFO: Done Sending the heartbeat.
[2026-02-21 01:19:11.000]  [FindProcessById] ErrorCode:0 INFO: Attempt to find the process MetricsExtension.Native.exe with ID: 5392.
[2026-02-21 01:19:11.000]  [FindProcessById] ErrorCode:0 INFO: Running Process MetricsExtension.Native.exe found. ID: 5392.
[2026-02-21 01:19:11.000]  [StartMetricsExtension] ErrorCode:0 ERROR: Metrics extension is already running
[2026-02-21 01:19:41.000]  [WriteStatusToFile] ErrorCode:0 INFO: Sending the status.
[2026-02-21 01:19:41.000]  [WriteHeartbeatToFile] ErrorCode:0 INFO: Sending the heartbeat.
[2026-02-21 01:19:41.000]  [WriteHeartbeatToFile] ErrorCode:0 INFO: Done Sending the heartbeat.
[2026-02-21 01:19:41.000]  [WriteStatusToFile] ErrorCode:0 INFO: Done Sending the status.
[2026-02-21 01:20:11.000]  [WriteStatusToFile] ErrorCode:0 INFO: Sending the status.
[2026-02-21 01:20:11.000]  [WriteHeartbeatToFile] ErrorCode:0 INFO: Sending the heartbeat.
[2026-02-21 01:20:11.000]  [WriteHeartbeatToFile] ErrorCode:0 INFO: Done Sending the heartbeat.
[2026-02-21 01:20:11.000]  [WriteStatusToFile] ErrorCode:0 INFO: Done Sending the status.
[2026-02-21 01:20:11.000]  [FindProcessById] ErrorCode:0 INFO: Attempt to find the process MetricsExtension.Native.exe with ID: 5392.
[2026-02-21 01:20:11.000]  [FindProcessById] ErrorCode:0 INFO: Running Process MetricsExtension.Native.exe found. ID: 5392.
[2026-02-21 01:20:11.000]  [StartMetricsExtension] ErrorCode:0 ERROR: Metrics extension is already running
[2026-02-21 01:20:41.000]  [WriteStatusToFile] ErrorCode:0 INFO: Sending the status.
[2026-02-21 01:20:41.000]  [WriteHeartbeatToFile] ErrorCode:0 INFO: Sending the heartbeat.
[2026-02-21 01:20:41.000]  [WriteStatusToFile] ErrorCode:0 INFO: Done Sending the status.
[2026-02-21 01:20:41.000]  [WriteHeartbeatToFile] ErrorCode:0 INFO: Done Sending the heartbeat.
[2026-02-21 01:21:11.000]  [WriteStatusToFile] ErrorCode:0 INFO: Sending the status.
[2026-02-21 01:21:11.000]  [WriteHeartbeatToFile] ErrorCode:0 INFO: Sending the heartbeat.
[2026-02-21 01:21:11.000]  [WriteStatusToFile] ErrorCode:0 INFO: Done Sending the status.
[2026-02-21 01:21:11.000]  [WriteHeartbeatToFile] ErrorCode:0 INFO: Done Sending the heartbeat.
[2026-02-21 01:21:11.000]  [FindProcessById] ErrorCode:0 INFO: Attempt to find the process MetricsExtension.Native.exe with ID: 5392.
[2026-02-21 01:21:11.000]  [FindProcessById] ErrorCode:0 INFO: Running Process MetricsExtension.Native.exe found. ID: 5392.
[2026-02-21 01:21:11.000]  [StartMetricsExtension] ErrorCode:0 ERROR: Metrics extension is already running
[2026-02-21 01:21:11.000]  [AggregateHeartbeat] ErrorCode:0 INFO: Start heartbeat aggregation.
[2026-02-21 01:21:11.000]  [QueryRegValueDWORD] ErrorCode:0 INFO: Query Registry for Key:SOFTWARE\Microsoft\Windows Azure\CurrentVersion\AzureMonitorAgentExtension\47.4.1.0, Name:MaServiceProcess
[2026-02-21 01:21:11.000]  [QueryRegValueDWORD] ErrorCode:0 INFO: Query Registry for Key:SOFTWARE\Microsoft\Windows Azure\CurrentVersion\AzureMonitorAgentExtension\47.4.1.0, Name:MaServiceProcess, Value:2228
[2026-02-21 01:21:11.000]  [FindProcessById] ErrorCode:0 INFO: Attempt to find the process MonAgentLauncher.exe with ID: 2228.
[2026-02-21 01:21:11.000]  [FindProcessById] ErrorCode:0 INFO: Running Process MonAgentLauncher.exe found. ID: 2228.
[2026-02-21 01:21:11.000]  [CheckIfMAServiceIsRunByExtension] ErrorCode:0 INFO: The MA process is running based on the m_registry
[2026-02-21 01:21:11.000]  [QueryRegValueDWORD] ErrorCode:0 INFO: Query Registry for Key:SOFTWARE\Microsoft\Windows Azure\CurrentVersion\AzureMonitorAgentExtension\47.4.1.0, Name:AMAMultitenantServiceProcess
[2026-02-21 01:21:11.000]  [QueryRegValueDWORD] ErrorCode:0 ERROR: RegQueryValueExA: failed to query REG_DWORD value, Key:SOFTWARE\Microsoft\Windows Azure\CurrentVersion\AzureMonitorAgentExtension\47.4.1.0, name=AMAMultitenantServiceProcess, error=2, type=0
[2026-02-21 01:21:11.000]  [CheckIfMAServiceIsRunByExtension] ErrorCode:1205 INFO: Unable to read the m_registry for MA process. Assume it is not running.
[2026-02-21 01:21:11.000]  [AggregateHeartbeat] ErrorCode:0 INFO: Configured MA Service is not running on the node.
[2026-02-21 01:21:11.000]  [SetImdsEnvironmentVariable] ErrorCode:0 INFO: Querying IMDS information
[2026-02-21 01:21:11.000]  [SetImdsEnvironmentVariable] ErrorCode:-1 INFO: Preparing to call IMDS. Endpoint: http://169.254.169.254
[2026-02-21 01:21:11.000]  [QueryIMDSEndpoint] ErrorCode:0 INFO: Queried IMDS successfully.
[2026-02-21 01:21:11.000]  [GetValueFromJsonOrDefault] ErrorCode:0 INFO: Read Imds response field with Name:location Value: westus2
[2026-02-21 01:21:11.000]  [GetValueFromJsonOrDefault] ErrorCode:0 INFO: Read Imds response field with Name:name Value: amawin
[2026-02-21 01:21:11.000]  [GetValueFromJsonOrDefault] ErrorCode:0 INFO: Read Imds response field with Name:subscriptionId Value: 351651ce-5feb-4e59-975d-f1f344e2b717
[2026-02-21 01:21:11.000]  [GetValueFromJsonOrDefault] ErrorCode:0 INFO: Read Imds response field with Name:vmId Value: 22afd636-aec1-4782-9055-f85ea283dc20
[2026-02-21 01:21:11.000]  [GetValueFromJsonOrDefault] ErrorCode:0 INFO: Read Imds response field with Name:vmScaleSetName Value: 
[2026-02-21 01:21:11.000]  [GetValueFromJsonOrDefault] ErrorCode:0 INFO: Read Imds response field with Name:resourceGroupName Value: AMAWin_group
[2026-02-21 01:21:11.000]  [GetValueFromJsonOrDefault] ErrorCode:0 INFO: Read Imds response field with Name:osType Value: Windows
[2026-02-21 01:21:11.000]  [GetValueFromJsonOrDefault] ErrorCode:0 INFO: Read Imds response field with Name:resourceId Value: /subscriptions/351651ce-5feb-4e59-975d-f1f344e2b717/resourceGroups/AMAWin_group/providers/Microsoft.Compute/virtualMachines/amawin
[2026-02-21 01:21:11.000]  [GetValueFromJsonOrDefault] ErrorCode:0 INFO: Read Imds response field with Name:azEnvironment Value: AzurePublicCloud
[2026-02-21 01:21:11.000]  [SetImdsEnvironmentVariable] ErrorCode:0 INFO: Successfully set Environment variables from Imds
[2026-02-21 01:21:11.000]  [AggregateHeartbeat] ErrorCode:0 INFO: Completed heartbeat aggregation.
[2026-02-21 01:21:41.000]  [WriteStatusToFile] ErrorCode:0 INFO: Sending the status.
[2026-02-21 01:21:41.000]  [WriteHeartbeatToFile] ErrorCode:0 INFO: Sending the heartbeat.
[2026-02-21 01:21:41.000]  [WriteHeartbeatToFile] ErrorCode:0 INFO: Done Sending the heartbeat.
[2026-02-21 01:21:41.000]  [WriteStatusToFile] ErrorCode:0 INFO: Done Sending the status.
[2026-02-21 01:22:11.000]  [WriteStatusToFile] ErrorCode:0 INFO: Sending the status.
[2026-02-21 01:22:11.000]  [WriteHeartbeatToFile] ErrorCode:0 INFO: Sending the heartbeat.
[2026-02-21 01:22:11.000]  [WriteStatusToFile] ErrorCode:0 INFO: Done Sending the status.
[2026-02-21 01:22:11.000]  [WriteHeartbeatToFile] ErrorCode:0 INFO: Done Sending the heartbeat.
[2026-02-21 01:22:11.000]  [FindProcessById] ErrorCode:0 INFO: Attempt to find the process MetricsExtension.Native.exe with ID: 5392.
[2026-02-21 01:22:11.000]  [FindProcessById] ErrorCode:0 INFO: Running Process MetricsExtension.Native.exe found. ID: 5392.
[2026-02-21 01:22:11.000]  [StartMetricsExtension] ErrorCode:0 ERROR: Metrics extension is already running
[2026-02-21 01:22:41.000]  [WriteHeartbeatToFile] ErrorCode:0 INFO: Sending the heartbeat.
[2026-02-21 01:22:41.000]  [WriteStatusToFile] ErrorCode:0 INFO: Sending the status.
[2026-02-21 01:22:41.000]  [WriteStatusToFile] ErrorCode:0 INFO: Done Sending the status.
[2026-02-21 01:22:41.000]  [WriteHeartbeatToFile] ErrorCode:0 INFO: Done Sending the heartbeat.
[2026-02-21 01:23:11.000]  [WriteStatusToFile] ErrorCode:0 INFO: Sending the status.
[2026-02-21 01:23:11.000]  [WriteHeartbeatToFile] ErrorCode:0 INFO: Sending the heartbeat.
[2026-02-21 01:23:11.000]  [WriteStatusToFile] ErrorCode:0 INFO: Done Sending the status.
[2026-02-21 01:23:11.000]  [WriteHeartbeatToFile] ErrorCode:0 INFO: Done Sending the heartbeat.
[2026-02-21 01:23:11.000]  [FindProcessById] ErrorCode:0 INFO: Attempt to find the process MetricsExtension.Native.exe with ID: 5392.
[2026-02-21 01:23:11.000]  [FindProcessById] ErrorCode:0 INFO: Running Process MetricsExtension.Native.exe found. ID: 5392.
[2026-02-21 01:23:11.000]  [StartMetricsExtension] ErrorCode:0 ERROR: Metrics extension is already running
[2026-02-21 01:23:41.000]  [WriteStatusToFile] ErrorCode:0 INFO: Sending the status.
[2026-02-21 01:23:41.000]  [WriteHeartbeatToFile] ErrorCode:0 INFO: Sending the heartbeat.
[2026-02-21 01:23:41.000]  [WriteHeartbeatToFile] ErrorCode:0 INFO: Done Sending the heartbeat.
[2026-02-21 01:23:41.000]  [WriteStatusToFile] ErrorCode:0 INFO: Done Sending the status.
[2026-02-21 01:24:11.000]  [WriteHeartbeatToFile] ErrorCode:0 INFO: Sending the heartbeat.
[2026-02-21 01:24:11.000]  [WriteStatusToFile] ErrorCode:0 INFO: Sending the status.
[2026-02-21 01:24:11.000]  [WriteHeartbeatToFile] ErrorCode:0 INFO: Done Sending the heartbeat.
[2026-02-21 01:24:11.000]  [WriteStatusToFile] ErrorCode:0 INFO: Done Sending the status.
[2026-02-21 01:24:12.000]  [FindProcessById] ErrorCode:0 INFO: Attempt to find the process MetricsExtension.Native.exe with ID: 5392.
[2026-02-21 01:24:12.000]  [FindProcessById] ErrorCode:0 INFO: Running Process MetricsExtension.Native.exe found. ID: 5392.
[2026-02-21 01:24:12.000]  [StartMetricsExtension] ErrorCode:0 ERROR: Metrics extension is already running
[2026-02-21 01:24:41.000]  [WriteHeartbeatToFile] ErrorCode:0 INFO: Sending the heartbeat.
[2026-02-21 01:24:41.000]  [WriteStatusToFile] ErrorCode:0 INFO: Sending the status.
[2026-02-21 01:24:41.000]  [WriteHeartbeatToFile] ErrorCode:0 INFO: Done Sending the heartbeat.
[2026-02-21 01:24:41.000]  [WriteStatusToFile] ErrorCode:0 INFO: Done Sending the status.
[2026-02-21 01:25:11.000]  [WriteStatusToFile] ErrorCode:0 INFO: Sending the status.
[2026-02-21 01:25:11.000]  [WriteHeartbeatToFile] ErrorCode:0 INFO: Sending the heartbeat.
[2026-02-21 01:25:11.000]  [WriteStatusToFile] ErrorCode:0 INFO: Done Sending the status.
[2026-02-21 01:25:11.000]  [WriteHeartbeatToFile] ErrorCode:0 INFO: Done Sending the heartbeat.
[2026-02-21 01:25:12.000]  [FindProcessById] ErrorCode:0 INFO: Attempt to find the process MetricsExtension.Native.exe with ID: 5392.
[2026-02-21 01:25:12.000]  [FindProcessById] ErrorCode:0 INFO: Running Process MetricsExtension.Native.exe found. ID: 5392.
[2026-02-21 01:25:12.000]  [StartMetricsExtension] ErrorCode:0 ERROR: Metrics extension is already running
[2026-02-21 01:25:41.000]  [WriteHeartbeatToFile] ErrorCode:0 INFO: Sending the heartbeat.
[2026-02-21 01:25:41.000]  [WriteStatusToFile] ErrorCode:0 INFO: Sending the status.
[2026-02-21 01:25:41.000]  [WriteStatusToFile] ErrorCode:0 INFO: Done Sending the status.
[2026-02-21 01:25:41.000]  [WriteHeartbeatToFile] ErrorCode:0 INFO: Done Sending the heartbeat.
[2026-02-21 01:26:11.000]  [WriteHeartbeatToFile] ErrorCode:0 INFO: Sending the heartbeat.
[2026-02-21 01:26:11.000]  [WriteStatusToFile] ErrorCode:0 INFO: Sending the status.
[2026-02-21 01:26:11.000]  [WriteHeartbeatToFile] ErrorCode:0 INFO: Done Sending the heartbeat.
[2026-02-21 01:26:11.000]  [WriteStatusToFile] ErrorCode:0 INFO: Done Sending the status.
[2026-02-21 01:26:12.000]  [FindProcessById] ErrorCode:0 INFO: Attempt to find the process MetricsExtension.Native.exe with ID: 5392.
[2026-02-21 01:26:12.000]  [FindProcessById] ErrorCode:0 INFO: Running Process MetricsExtension.Native.exe found. ID: 5392.
[2026-02-21 01:26:12.000]  [StartMetricsExtension] ErrorCode:0 ERROR: Metrics extension is already running
[2026-02-21 01:26:12.000]  [AggregateHeartbeat] ErrorCode:0 INFO: Start heartbeat aggregation.
[2026-02-21 01:26:12.000]  [QueryRegValueDWORD] ErrorCode:0 INFO: Query Registry for Key:SOFTWARE\Microsoft\Windows Azure\CurrentVersion\AzureMonitorAgentExtension\47.4.1.0, Name:MaServiceProcess
[2026-02-21 01:26:12.000]  [QueryRegValueDWORD] ErrorCode:0 INFO: Query Registry for Key:SOFTWARE\Microsoft\Windows Azure\CurrentVersion\AzureMonitorAgentExtension\47.4.1.0, Name:MaServiceProcess, Value:2228
[2026-02-21 01:26:12.000]  [FindProcessById] ErrorCode:0 INFO: Attempt to find the process MonAgentLauncher.exe with ID: 2228.
[2026-02-21 01:26:12.000]  [FindProcessById] ErrorCode:0 INFO: Running Process MonAgentLauncher.exe found. ID: 2228.
[2026-02-21 01:26:12.000]  [CheckIfMAServiceIsRunByExtension] ErrorCode:0 INFO: The MA process is running based on the m_registry
[2026-02-21 01:26:12.000]  [QueryRegValueDWORD] ErrorCode:0 INFO: Query Registry for Key:SOFTWARE\Microsoft\Windows Azure\CurrentVersion\AzureMonitorAgentExtension\47.4.1.0, Name:AMAMultitenantServiceProcess
[2026-02-21 01:26:12.000]  [QueryRegValueDWORD] ErrorCode:0 ERROR: RegQueryValueExA: failed to query REG_DWORD value, Key:SOFTWARE\Microsoft\Windows Azure\CurrentVersion\AzureMonitorAgentExtension\47.4.1.0, name=AMAMultitenantServiceProcess, error=2, type=0
[2026-02-21 01:26:12.000]  [CheckIfMAServiceIsRunByExtension] ErrorCode:1205 INFO: Unable to read the m_registry for MA process. Assume it is not running.
[2026-02-21 01:26:12.000]  [AggregateHeartbeat] ErrorCode:0 INFO: Configured MA Service is not running on the node.
[2026-02-21 01:26:12.000]  [SetImdsEnvironmentVariable] ErrorCode:0 INFO: Querying IMDS information
[2026-02-21 01:26:12.000]  [SetImdsEnvironmentVariable] ErrorCode:-1 INFO: Preparing to call IMDS. Endpoint: http://169.254.169.254
[2026-02-21 01:26:12.000]  [QueryIMDSEndpoint] ErrorCode:0 INFO: Queried IMDS successfully.
[2026-02-21 01:26:12.000]  [GetValueFromJsonOrDefault] ErrorCode:0 INFO: Read Imds response field with Name:location Value: westus2
[2026-02-21 01:26:12.000]  [GetValueFromJsonOrDefault] ErrorCode:0 INFO: Read Imds response field with Name:name Value: amawin
[2026-02-21 01:26:12.000]  [GetValueFromJsonOrDefault] ErrorCode:0 INFO: Read Imds response field with Name:subscriptionId Value: 351651ce-5feb-4e59-975d-f1f344e2b717
[2026-02-21 01:26:12.000]  [GetValueFromJsonOrDefault] ErrorCode:0 INFO: Read Imds response field with Name:vmId Value: 22afd636-aec1-4782-9055-f85ea283dc20
[2026-02-21 01:26:12.000]  [GetValueFromJsonOrDefault] ErrorCode:0 INFO: Read Imds response field with Name:vmScaleSetName Value: 
[2026-02-21 01:26:12.000]  [GetValueFromJsonOrDefault] ErrorCode:0 INFO: Read Imds response field with Name:resourceGroupName Value: AMAWin_group
[2026-02-21 01:26:12.000]  [GetValueFromJsonOrDefault] ErrorCode:0 INFO: Read Imds response field with Name:osType Value: Windows
[2026-02-21 01:26:12.000]  [GetValueFromJsonOrDefault] ErrorCode:0 INFO: Read Imds response field with Name:resourceId Value: /subscriptions/351651ce-5feb-4e59-975d-f1f344e2b717/resourceGroups/AMAWin_group/providers/Microsoft.Compute/virtualMachines/amawin
[2026-02-21 01:26:12.000]  [GetValueFromJsonOrDefault] ErrorCode:0 INFO: Read Imds response field with Name:azEnvironment Value: AzurePublicCloud
[2026-02-21 01:26:12.000]  [SetImdsEnvironmentVariable] ErrorCode:0 INFO: Successfully set Environment variables from Imds
[2026-02-21 01:26:12.000]  [AggregateHeartbeat] ErrorCode:0 INFO: Completed heartbeat aggregation.
[2026-02-21 01:26:41.000]  [WriteHeartbeatToFile] ErrorCode:0 INFO: Sending the heartbeat.
[2026-02-21 01:26:41.000]  [WriteStatusToFile] ErrorCode:0 INFO: Sending the status.
[2026-02-21 01:26:41.000]  [WriteHeartbeatToFile] ErrorCode:0 INFO: Done Sending the heartbeat.
[2026-02-21 01:26:41.000]  [WriteStatusToFile] ErrorCode:0 INFO: Done Sending the status.
[2026-02-21 01:27:11.000]  [WriteHeartbeatToFile] ErrorCode:0 INFO: Sending the heartbeat.
[2026-02-21 01:27:11.000]  [WriteStatusToFile] ErrorCode:0 INFO: Sending the status.
[2026-02-21 01:27:11.000]  [WriteHeartbeatToFile] ErrorCode:0 INFO: Done Sending the heartbeat.
[2026-02-21 01:27:11.000]  [WriteStatusToFile] ErrorCode:0 INFO: Done Sending the status.
[2026-02-21 01:27:12.000]  [FindProcessById] ErrorCode:0 INFO: Attempt to find the process MetricsExtension.Native.exe with ID: 5392.
[2026-02-21 01:27:12.000]  [FindProcessById] ErrorCode:0 INFO: Running Process MetricsExtension.Native.exe found. ID: 5392.
[2026-02-21 01:27:12.000]  [StartMetricsExtension] ErrorCode:0 ERROR: Metrics extension is already running
[2026-02-21 01:27:41.000]  [WriteStatusToFile] ErrorCode:0 INFO: Sending the status.
[2026-02-21 01:27:41.000]  [WriteHeartbeatToFile] ErrorCode:0 INFO: Sending the heartbeat.
[2026-02-21 01:27:41.000]  [WriteHeartbeatToFile] ErrorCode:0 INFO: Done Sending the heartbeat.
[2026-02-21 01:27:41.000]  [WriteStatusToFile] ErrorCode:0 INFO: Done Sending the status.
[2026-02-21 01:28:11.000]  [WriteStatusToFile] ErrorCode:0 INFO: Sending the status.
[2026-02-21 01:28:11.000]  [WriteHeartbeatToFile] ErrorCode:0 INFO: Sending the heartbeat.
[2026-02-21 01:28:11.000]  [WriteStatusToFile] ErrorCode:0 INFO: Done Sending the status.
[2026-02-21 01:28:11.000]  [WriteHeartbeatToFile] ErrorCode:0 INFO: Done Sending the heartbeat.
[2026-02-21 01:28:12.000]  [FindProcessById] ErrorCode:0 INFO: Attempt to find the process MetricsExtension.Native.exe with ID: 5392.
[2026-02-21 01:28:12.000]  [FindProcessById] ErrorCode:0 INFO: Running Process MetricsExtension.Native.exe found. ID: 5392.
[2026-02-21 01:28:12.000]  [StartMetricsExtension] ErrorCode:0 ERROR: Metrics extension is already running
[2026-02-21 01:28:41.000]  [WriteStatusToFile] ErrorCode:0 INFO: Sending the status.
[2026-02-21 01:28:41.000]  [WriteHeartbeatToFile] ErrorCode:0 INFO: Sending the heartbeat.
[2026-02-21 01:28:41.000]  [WriteHeartbeatToFile] ErrorCode:0 INFO: Done Sending the heartbeat.
[2026-02-21 01:28:41.000]  [WriteStatusToFile] ErrorCode:0 INFO: Done Sending the status.
[2026-02-21 01:29:11.000]  [WriteStatusToFile] ErrorCode:0 INFO: Sending the status.
[2026-02-21 01:29:11.000]  [WriteHeartbeatToFile] ErrorCode:0 INFO: Sending the heartbeat.
[2026-02-21 01:29:11.000]  [WriteStatusToFile] ErrorCode:0 INFO: Done Sending the status.
[2026-02-21 01:29:11.000]  [WriteHeartbeatToFile] ErrorCode:0 INFO: Done Sending the heartbeat.
[2026-02-21 01:29:12.000]  [FindProcessById] ErrorCode:0 INFO: Attempt to find the process MetricsExtension.Native.exe with ID: 5392.
[2026-02-21 01:29:12.000]  [FindProcessById] ErrorCode:0 INFO: Running Process MetricsExtension.Native.exe found. ID: 5392.
[2026-02-21 01:29:12.000]  [StartMetricsExtension] ErrorCode:0 ERROR: Metrics extension is already running
[2026-02-21 01:29:41.000]  [WriteStatusToFile] ErrorCode:0 INFO: Sending the status.
[2026-02-21 01:29:41.000]  [WriteHeartbeatToFile] ErrorCode:0 INFO: Sending the heartbeat.
[2026-02-21 01:29:41.000]  [WriteStatusToFile] ErrorCode:0 INFO: Done Sending the status.
[2026-02-21 01:29:41.000]  [WriteHeartbeatToFile] ErrorCode:0 INFO: Done Sending the heartbeat.
[2026-02-21 01:30:11.000]  [WriteStatusToFile] ErrorCode:0 INFO: Sending the status.
[2026-02-21 01:30:11.000]  [WriteHeartbeatToFile] ErrorCode:0 INFO: Sending the heartbeat.
[2026-02-21 01:30:11.000]  [WriteHeartbeatToFile] ErrorCode:0 INFO: Done Sending the heartbeat.
[2026-02-21 01:30:11.000]  [WriteStatusToFile] ErrorCode:0 INFO: Done Sending the status.
[2026-02-21 01:30:12.000]  [FindProcessById] ErrorCode:0 INFO: Attempt to find the process MetricsExtension.Native.exe with ID: 5392.
[2026-02-21 01:30:12.000]  [FindProcessById] ErrorCode:0 INFO: Running Process MetricsExtension.Native.exe found. ID: 5392.
[2026-02-21 01:30:12.000]  [StartMetricsExtension] ErrorCode:0 ERROR: Metrics extension is already running
[2026-02-21 01:30:41.000]  [WriteHeartbeatToFile] ErrorCode:0 INFO: Sending the heartbeat.
[2026-02-21 01:30:41.000]  [WriteStatusToFile] ErrorCode:0 INFO: Sending the status.
[2026-02-21 01:30:41.000]  [WriteStatusToFile] ErrorCode:0 INFO: Done Sending the status.
[2026-02-21 01:30:41.000]  [WriteHeartbeatToFile] ErrorCode:0 INFO: Done Sending the heartbeat.
[2026-02-21 01:31:11.000]  [WriteStatusToFile] ErrorCode:0 INFO: Sending the status.
[2026-02-21 01:31:11.000]  [WriteHeartbeatToFile] ErrorCode:0 INFO: Sending the heartbeat.
[2026-02-21 01:31:11.000]  [WriteHeartbeatToFile] ErrorCode:0 INFO: Done Sending the heartbeat.
[2026-02-21 01:31:11.000]  [WriteStatusToFile] ErrorCode:0 INFO: Done Sending the status.
[2026-02-21 01:31:12.000]  [FindProcessById] ErrorCode:0 INFO: Attempt to find the process MetricsExtension.Native.exe with ID: 5392.
[2026-02-21 01:31:12.000]  [FindProcessById] ErrorCode:0 INFO: Running Process MetricsExtension.Native.exe found. ID: 5392.
[2026-02-21 01:31:12.000]  [StartMetricsExtension] ErrorCode:0 ERROR: Metrics extension is already running
[2026-02-21 01:31:12.000]  [AggregateHeartbeat] ErrorCode:0 INFO: Start heartbeat aggregation.
[2026-02-21 01:31:12.000]  [QueryRegValueDWORD] ErrorCode:0 INFO: Query Registry for Key:SOFTWARE\Microsoft\Windows Azure\CurrentVersion\AzureMonitorAgentExtension\47.4.1.0, Name:MaServiceProcess
[2026-02-21 01:31:12.000]  [QueryRegValueDWORD] ErrorCode:0 INFO: Query Registry for Key:SOFTWARE\Microsoft\Windows Azure\CurrentVersion\AzureMonitorAgentExtension\47.4.1.0, Name:MaServiceProcess, Value:2228
[2026-02-21 01:31:12.000]  [FindProcessById] ErrorCode:0 INFO: Attempt to find the process MonAgentLauncher.exe with ID: 2228.
[2026-02-21 01:31:12.000]  [FindProcessById] ErrorCode:0 INFO: Running Process MonAgentLauncher.exe found. ID: 2228.
[2026-02-21 01:31:12.000]  [CheckIfMAServiceIsRunByExtension] ErrorCode:0 INFO: The MA process is running based on the m_registry
[2026-02-21 01:31:12.000]  [QueryRegValueDWORD] ErrorCode:0 INFO: Query Registry for Key:SOFTWARE\Microsoft\Windows Azure\CurrentVersion\AzureMonitorAgentExtension\47.4.1.0, Name:AMAMultitenantServiceProcess
[2026-02-21 01:31:12.000]  [QueryRegValueDWORD] ErrorCode:0 ERROR: RegQueryValueExA: failed to query REG_DWORD value, Key:SOFTWARE\Microsoft\Windows Azure\CurrentVersion\AzureMonitorAgentExtension\47.4.1.0, name=AMAMultitenantServiceProcess, error=2, type=0
[2026-02-21 01:31:12.000]  [CheckIfMAServiceIsRunByExtension] ErrorCode:1205 INFO: Unable to read the m_registry for MA process. Assume it is not running.
[2026-02-21 01:31:12.000]  [AggregateHeartbeat] ErrorCode:0 INFO: Configured MA Service is not running on the node.
[2026-02-21 01:31:12.000]  [SetImdsEnvironmentVariable] ErrorCode:0 INFO: Querying IMDS information
[2026-02-21 01:31:12.000]  [SetImdsEnvironmentVariable] ErrorCode:-1 INFO: Preparing to call IMDS. Endpoint: http://169.254.169.254
[2026-02-21 01:31:12.000]  [QueryIMDSEndpoint] ErrorCode:0 INFO: Queried IMDS successfully.
[2026-02-21 01:31:12.000]  [GetValueFromJsonOrDefault] ErrorCode:0 INFO: Read Imds response field with Name:location Value: westus2
[2026-02-21 01:31:12.000]  [GetValueFromJsonOrDefault] ErrorCode:0 INFO: Read Imds response field with Name:name Value: amawin
[2026-02-21 01:31:12.000]  [GetValueFromJsonOrDefault] ErrorCode:0 INFO: Read Imds response field with Name:subscriptionId Value: 351651ce-5feb-4e59-975d-f1f344e2b717
[2026-02-21 01:31:12.000]  [GetValueFromJsonOrDefault] ErrorCode:0 INFO: Read Imds response field with Name:vmId Value: 22afd636-aec1-4782-9055-f85ea283dc20
[2026-02-21 01:31:12.000]  [GetValueFromJsonOrDefault] ErrorCode:0 INFO: Read Imds response field with Name:vmScaleSetName Value: 
[2026-02-21 01:31:12.000]  [GetValueFromJsonOrDefault] ErrorCode:0 INFO: Read Imds response field with Name:resourceGroupName Value: AMAWin_group
[2026-02-21 01:31:12.000]  [GetValueFromJsonOrDefault] ErrorCode:0 INFO: Read Imds response field with Name:osType Value: Windows
[2026-02-21 01:31:12.000]  [GetValueFromJsonOrDefault] ErrorCode:0 INFO: Read Imds response field with Name:resourceId Value: /subscriptions/351651ce-5feb-4e59-975d-f1f344e2b717/resourceGroups/AMAWin_group/providers/Microsoft.Compute/virtualMachines/amawin
[2026-02-21 01:31:12.000]  [GetValueFromJsonOrDefault] ErrorCode:0 INFO: Read Imds response field with Name:azEnvironment Value: AzurePublicCloud
[2026-02-21 01:31:12.000]  [SetImdsEnvironmentVariable] ErrorCode:0 INFO: Successfully set Environment variables from Imds
[2026-02-21 01:31:12.000]  [AggregateHeartbeat] ErrorCode:0 INFO: Completed heartbeat aggregation.
[2026-02-21 01:31:41.000]  [WriteHeartbeatToFile] ErrorCode:0 INFO: Sending the heartbeat.
[2026-02-21 01:31:41.000]  [WriteStatusToFile] ErrorCode:0 INFO: Sending the status.
[2026-02-21 01:31:41.000]  [WriteHeartbeatToFile] ErrorCode:0 INFO: Done Sending the heartbeat.
[2026-02-21 01:31:41.000]  [WriteStatusToFile] ErrorCode:0 INFO: Done Sending the status.
[2026-02-21 01:32:11.000]  [WriteStatusToFile] ErrorCode:0 INFO: Sending the status.
[2026-02-21 01:32:11.000]  [WriteHeartbeatToFile] ErrorCode:0 INFO: Sending the heartbeat.
[2026-02-21 01:32:11.000]  [WriteHeartbeatToFile] ErrorCode:0 INFO: Done Sending the heartbeat.
[2026-02-21 01:32:11.000]  [WriteStatusToFile] ErrorCode:0 INFO: Done Sending the status.
[2026-02-21 01:32:12.000]  [FindProcessById] ErrorCode:0 INFO: Attempt to find the process MetricsExtension.Native.exe with ID: 5392.
[2026-02-21 01:32:12.000]  [FindProcessById] ErrorCode:0 INFO: Running Process MetricsExtension.Native.exe found. ID: 5392.
[2026-02-21 01:32:12.000]  [StartMetricsExtension] ErrorCode:0 ERROR: Metrics extension is already running
[2026-02-21 01:32:41.000]  [WriteStatusToFile] ErrorCode:0 INFO: Sending the status.
[2026-02-21 01:32:41.000]  [WriteHeartbeatToFile] ErrorCode:0 INFO: Sending the heartbeat.
[2026-02-21 01:32:41.000]  [WriteStatusToFile] ErrorCode:0 INFO: Done Sending the status.
[2026-02-21 01:32:41.000]  [WriteHeartbeatToFile] ErrorCode:0 INFO: Done Sending the heartbeat.
[2026-02-21 01:33:11.000]  [WriteHeartbeatToFile] ErrorCode:0 INFO: Sending the heartbeat.
[2026-02-21 01:33:11.000]  [WriteStatusToFile] ErrorCode:0 INFO: Sending the status.
[2026-02-21 01:33:11.000]  [WriteHeartbeatToFile] ErrorCode:0 INFO: Done Sending the heartbeat.
[2026-02-21 01:33:11.000]  [WriteStatusToFile] ErrorCode:0 INFO: Done Sending the status.
[2026-02-21 01:33:12.000]  [FindProcessById] ErrorCode:0 INFO: Attempt to find the process MetricsExtension.Native.exe with ID: 5392.
[2026-02-21 01:33:12.000]  [FindProcessById] ErrorCode:0 INFO: Running Process MetricsExtension.Native.exe found. ID: 5392.
[2026-02-21 01:33:12.000]  [StartMetricsExtension] ErrorCode:0 ERROR: Metrics extension is already running
[2026-02-21 01:33:42.000]  [WriteHeartbeatToFile] ErrorCode:0 INFO: Sending the heartbeat.
[2026-02-21 01:33:42.000]  [WriteStatusToFile] ErrorCode:0 INFO: Sending the status.
[2026-02-21 01:33:42.000]  [WriteHeartbeatToFile] ErrorCode:0 INFO: Done Sending the heartbeat.
[2026-02-21 01:33:42.000]  [WriteStatusToFile] ErrorCode:0 INFO: Done Sending the status.
[2026-02-21 01:34:12.000]  [WriteStatusToFile] ErrorCode:0 INFO: Sending the status.
[2026-02-21 01:34:12.000]  [WriteHeartbeatToFile] ErrorCode:0 INFO: Sending the heartbeat.
[2026-02-21 01:34:12.000]  [WriteStatusToFile] ErrorCode:0 INFO: Done Sending the status.
[2026-02-21 01:34:12.000]  [WriteHeartbeatToFile] ErrorCode:0 INFO: Done Sending the heartbeat.
[2026-02-21 01:34:12.000]  [FindProcessById] ErrorCode:0 INFO: Attempt to find the process MetricsExtension.Native.exe with ID: 5392.
[2026-02-21 01:34:12.000]  [FindProcessById] ErrorCode:0 INFO: Running Process MetricsExtension.Native.exe found. ID: 5392.
[2026-02-21 01:34:12.000]  [StartMetricsExtension] ErrorCode:0 ERROR: Metrics extension is already running
[2026-02-21 01:34:42.000]  [WriteStatusToFile] ErrorCode:0 INFO: Sending the status.
[2026-02-21 01:34:42.000]  [WriteHeartbeatToFile] ErrorCode:0 INFO: Sending the heartbeat.
[2026-02-21 01:34:42.000]  [WriteHeartbeatToFile] ErrorCode:0 INFO: Done Sending the heartbeat.
[2026-02-21 01:34:42.000]  [WriteStatusToFile] ErrorCode:0 INFO: Done Sending the status.
[2026-02-21 01:35:12.000]  [WriteStatusToFile] ErrorCode:0 INFO: Sending the status.
[2026-02-21 01:35:12.000]  [WriteHeartbeatToFile] ErrorCode:0 INFO: Sending the heartbeat.
[2026-02-21 01:35:12.000]  [WriteHeartbeatToFile] ErrorCode:0 INFO: Done Sending the heartbeat.
[2026-02-21 01:35:12.000]  [WriteStatusToFile] ErrorCode:0 INFO: Done Sending the status.
[2026-02-21 01:35:12.000]  [FindProcessById] ErrorCode:0 INFO: Attempt to find the process MetricsExtension.Native.exe with ID: 5392.
[2026-02-21 01:35:12.000]  [FindProcessById] ErrorCode:0 INFO: Running Process MetricsExtension.Native.exe found. ID: 5392.
[2026-02-21 01:35:12.000]  [StartMetricsExtension] ErrorCode:0 ERROR: Metrics extension is already running
[2026-02-21 01:35:42.000]  [WriteHeartbeatToFile] ErrorCode:0 INFO: Sending the heartbeat.
[2026-02-21 01:35:42.000]  [WriteStatusToFile] ErrorCode:0 INFO: Sending the status.
[2026-02-21 01:35:42.000]  [WriteStatusToFile] ErrorCode:0 INFO: Done Sending the status.
[2026-02-21 01:35:42.000]  [WriteHeartbeatToFile] ErrorCode:0 INFO: Done Sending the heartbeat.
[2026-02-21 01:36:12.000]  [WriteStatusToFile] ErrorCode:0 INFO: Sending the status.
[2026-02-21 01:36:12.000]  [WriteHeartbeatToFile] ErrorCode:0 INFO: Sending the heartbeat.
[2026-02-21 01:36:12.000]  [WriteStatusToFile] ErrorCode:0 INFO: Done Sending the status.
[2026-02-21 01:36:12.000]  [WriteHeartbeatToFile] ErrorCode:0 INFO: Done Sending the heartbeat.
[2026-02-21 01:36:12.000]  [FindProcessById] ErrorCode:0 INFO: Attempt to find the process MetricsExtension.Native.exe with ID: 5392.
[2026-02-21 01:36:12.000]  [FindProcessById] ErrorCode:0 INFO: Running Process MetricsExtension.Native.exe found. ID: 5392.
[2026-02-21 01:36:12.000]  [StartMetricsExtension] ErrorCode:0 ERROR: Metrics extension is already running
[2026-02-21 01:36:12.000]  [AggregateHeartbeat] ErrorCode:0 INFO: Start heartbeat aggregation.
[2026-02-21 01:36:12.000]  [QueryRegValueDWORD] ErrorCode:0 INFO: Query Registry for Key:SOFTWARE\Microsoft\Windows Azure\CurrentVersion\AzureMonitorAgentExtension\47.4.1.0, Name:MaServiceProcess
[2026-02-21 01:36:12.000]  [QueryRegValueDWORD] ErrorCode:0 INFO: Query Registry for Key:SOFTWARE\Microsoft\Windows Azure\CurrentVersion\AzureMonitorAgentExtension\47.4.1.0, Name:MaServiceProcess, Value:2228
[2026-02-21 01:36:12.000]  [FindProcessById] ErrorCode:0 INFO: Attempt to find the process MonAgentLauncher.exe with ID: 2228.
[2026-02-21 01:36:12.000]  [FindProcessById] ErrorCode:0 INFO: Running Process MonAgentLauncher.exe found. ID: 2228.
[2026-02-21 01:36:12.000]  [CheckIfMAServiceIsRunByExtension] ErrorCode:0 INFO: The MA process is running based on the m_registry
[2026-02-21 01:36:12.000]  [QueryRegValueDWORD] ErrorCode:0 INFO: Query Registry for Key:SOFTWARE\Microsoft\Windows Azure\CurrentVersion\AzureMonitorAgentExtension\47.4.1.0, Name:AMAMultitenantServiceProcess
[2026-02-21 01:36:12.000]  [QueryRegValueDWORD] ErrorCode:0 ERROR: RegQueryValueExA: failed to query REG_DWORD value, Key:SOFTWARE\Microsoft\Windows Azure\CurrentVersion\AzureMonitorAgentExtension\47.4.1.0, name=AMAMultitenantServiceProcess, error=2, type=0
[2026-02-21 01:36:12.000]  [CheckIfMAServiceIsRunByExtension] ErrorCode:1205 INFO: Unable to read the m_registry for MA process. Assume it is not running.
[2026-02-21 01:36:12.000]  [AggregateHeartbeat] ErrorCode:0 INFO: Configured MA Service is not running on the node.
[2026-02-21 01:36:12.000]  [SetImdsEnvironmentVariable] ErrorCode:0 INFO: Querying IMDS information
[2026-02-21 01:36:12.000]  [SetImdsEnvironmentVariable] ErrorCode:-1 INFO: Preparing to call IMDS. Endpoint: http://169.254.169.254
[2026-02-21 01:36:12.000]  [QueryIMDSEndpoint] ErrorCode:0 INFO: Queried IMDS successfully.
[2026-02-21 01:36:12.000]  [GetValueFromJsonOrDefault] ErrorCode:0 INFO: Read Imds response field with Name:location Value: westus2
[2026-02-21 01:36:12.000]  [GetValueFromJsonOrDefault] ErrorCode:0 INFO: Read Imds response field with Name:name Value: amawin
[2026-02-21 01:36:12.000]  [GetValueFromJsonOrDefault] ErrorCode:0 INFO: Read Imds response field with Name:subscriptionId Value: 351651ce-5feb-4e59-975d-f1f344e2b717
[2026-02-21 01:36:12.000]  [GetValueFromJsonOrDefault] ErrorCode:0 INFO: Read Imds response field with Name:vmId Value: 22afd636-aec1-4782-9055-f85ea283dc20
[2026-02-21 01:36:12.000]  [GetValueFromJsonOrDefault] ErrorCode:0 INFO: Read Imds response field with Name:vmScaleSetName Value: 
[2026-02-21 01:36:12.000]  [GetValueFromJsonOrDefault] ErrorCode:0 INFO: Read Imds response field with Name:resourceGroupName Value: AMAWin_group
[2026-02-21 01:36:12.000]  [GetValueFromJsonOrDefault] ErrorCode:0 INFO: Read Imds response field with Name:osType Value: Windows
[2026-02-21 01:36:12.000]  [GetValueFromJsonOrDefault] ErrorCode:0 INFO: Read Imds response field with Name:resourceId Value: /subscriptions/351651ce-5feb-4e59-975d-f1f344e2b717/resourceGroups/AMAWin_group/providers/Microsoft.Compute/virtualMachines/amawin
[2026-02-21 01:36:12.000]  [GetValueFromJsonOrDefault] ErrorCode:0 INFO: Read Imds response field with Name:azEnvironment Value: AzurePublicCloud
[2026-02-21 01:36:12.000]  [SetImdsEnvironmentVariable] ErrorCode:0 INFO: Successfully set Environment variables from Imds
[2026-02-21 01:36:12.000]  [AggregateHeartbeat] ErrorCode:0 INFO: Completed heartbeat aggregation.
[2026-02-21 01:36:42.000]  [WriteStatusToFile] ErrorCode:0 INFO: Sending the status.
[2026-02-21 01:36:42.000]  [WriteHeartbeatToFile] ErrorCode:0 INFO: Sending the heartbeat.
[2026-02-21 01:36:42.000]  [WriteStatusToFile] ErrorCode:0 INFO: Done Sending the status.
[2026-02-21 01:36:42.000]  [WriteHeartbeatToFile] ErrorCode:0 INFO: Done Sending the heartbeat.
[2026-02-21 01:37:12.000]  [WriteHeartbeatToFile] ErrorCode:0 INFO: Sending the heartbeat.
[2026-02-21 01:37:12.000]  [WriteStatusToFile] ErrorCode:0 INFO: Sending the status.
[2026-02-21 01:37:12.000]  [WriteHeartbeatToFile] ErrorCode:0 INFO: Done Sending the heartbeat.
[2026-02-21 01:37:12.000]  [WriteStatusToFile] ErrorCode:0 INFO: Done Sending the status.
[2026-02-21 01:37:12.000]  [FindProcessById] ErrorCode:0 INFO: Attempt to find the process MetricsExtension.Native.exe with ID: 5392.
[2026-02-21 01:37:12.000]  [FindProcessById] ErrorCode:0 INFO: Running Process MetricsExtension.Native.exe found. ID: 5392.
[2026-02-21 01:37:12.000]  [StartMetricsExtension] ErrorCode:0 ERROR: Metrics extension is already running
[2026-02-21 01:37:42.000]  [WriteStatusToFile] ErrorCode:0 INFO: Sending the status.
[2026-02-21 01:37:42.000]  [WriteHeartbeatToFile] ErrorCode:0 INFO: Sending the heartbeat.
[2026-02-21 01:37:42.000]  [WriteStatusToFile] ErrorCode:0 INFO: Done Sending the status.
[2026-02-21 01:37:42.000]  [WriteHeartbeatToFile] ErrorCode:0 INFO: Done Sending the heartbeat.
[2026-02-21 01:38:12.000]  [WriteHeartbeatToFile] ErrorCode:0 INFO: Sending the heartbeat.
[2026-02-21 01:38:12.000]  [WriteStatusToFile] ErrorCode:0 INFO: Sending the status.
[2026-02-21 01:38:12.000]  [WriteHeartbeatToFile] ErrorCode:0 INFO: Done Sending the heartbeat.
[2026-02-21 01:38:12.000]  [WriteStatusToFile] ErrorCode:0 INFO: Done Sending the status.
[2026-02-21 01:38:12.000]  [FindProcessById] ErrorCode:0 INFO: Attempt to find the process MetricsExtension.Native.exe with ID: 5392.
[2026-02-21 01:38:12.000]  [FindProcessById] ErrorCode:0 INFO: Running Process MetricsExtension.Native.exe found. ID: 5392.
[2026-02-21 01:38:12.000]  [StartMetricsExtension] ErrorCode:0 ERROR: Metrics extension is already running
[2026-02-21 01:38:42.000]  [WriteStatusToFile] ErrorCode:0 INFO: Sending the status.
[2026-02-21 01:38:42.000]  [WriteHeartbeatToFile] ErrorCode:0 INFO: Sending the heartbeat.
[2026-02-21 01:38:42.000]  [WriteStatusToFile] ErrorCode:0 INFO: Done Sending the status.
[2026-02-21 01:38:42.000]  [WriteHeartbeatToFile] ErrorCode:0 INFO: Done Sending the heartbeat.
[2026-02-21 01:39:12.000]  [WriteHeartbeatToFile] ErrorCode:0 INFO: Sending the heartbeat.
[2026-02-21 01:39:12.000]  [WriteStatusToFile] ErrorCode:0 INFO: Sending the status.
[2026-02-21 01:39:12.000]  [WriteHeartbeatToFile] ErrorCode:0 INFO: Done Sending the heartbeat.
[2026-02-21 01:39:12.000]  [WriteStatusToFile] ErrorCode:0 INFO: Done Sending the status.
[2026-02-21 01:39:12.000]  [FindProcessById] ErrorCode:0 INFO: Attempt to find the process MetricsExtension.Native.exe with ID: 5392.
[2026-02-21 01:39:12.000]  [FindProcessById] ErrorCode:0 INFO: Running Process MetricsExtension.Native.exe found. ID: 5392.
[2026-02-21 01:39:12.000]  [StartMetricsExtension] ErrorCode:0 ERROR: Metrics extension is already running
[2026-02-21 01:39:42.000]  [WriteHeartbeatToFile] ErrorCode:0 INFO: Sending the heartbeat.
[2026-02-21 01:39:42.000]  [WriteStatusToFile] ErrorCode:0 INFO: Sending the status.
[2026-02-21 01:39:42.000]  [WriteHeartbeatToFile] ErrorCode:0 INFO: Done Sending the heartbeat.
[2026-02-21 01:39:42.000]  [WriteStatusToFile] ErrorCode:0 INFO: Done Sending the status.
[2026-02-21 01:40:12.000]  [WriteStatusToFile] ErrorCode:0 INFO: Sending the status.
[2026-02-21 01:40:12.000]  [WriteHeartbeatToFile] ErrorCode:0 INFO: Sending the heartbeat.
[2026-02-21 01:40:12.000]  [WriteStatusToFile] ErrorCode:0 INFO: Done Sending the status.
[2026-02-21 01:40:12.000]  [WriteHeartbeatToFile] ErrorCode:0 INFO: Done Sending the heartbeat.
[2026-02-21 01:40:12.000]  [FindProcessById] ErrorCode:0 INFO: Attempt to find the process MetricsExtension.Native.exe with ID: 5392.
[2026-02-21 01:40:12.000]  [FindProcessById] ErrorCode:0 INFO: Running Process MetricsExtension.Native.exe found. ID: 5392.
[2026-02-21 01:40:12.000]  [StartMetricsExtension] ErrorCode:0 ERROR: Metrics extension is already running
[2026-02-21 01:40:42.000]  [WriteHeartbeatToFile] ErrorCode:0 INFO: Sending the heartbeat.
[2026-02-21 01:40:42.000]  [WriteStatusToFile] ErrorCode:0 INFO: Sending the status.
[2026-02-21 01:40:42.000]  [WriteHeartbeatToFile] ErrorCode:0 INFO: Done Sending the heartbeat.
[2026-02-21 01:40:42.000]  [WriteStatusToFile] ErrorCode:0 INFO: Done Sending the status.
[2026-02-21 01:41:12.000]  [WriteHeartbeatToFile] ErrorCode:0 INFO: Sending the heartbeat.
[2026-02-21 01:41:12.000]  [WriteStatusToFile] ErrorCode:0 INFO: Sending the status.
[2026-02-21 01:41:12.000]  [WriteHeartbeatToFile] ErrorCode:0 INFO: Done Sending the heartbeat.
[2026-02-21 01:41:12.000]  [WriteStatusToFile] ErrorCode:0 INFO: Done Sending the status.
[2026-02-21 01:41:12.000]  [FindProcessById] ErrorCode:0 INFO: Attempt to find the process MetricsExtension.Native.exe with ID: 5392.
[2026-02-21 01:41:12.000]  [FindProcessById] ErrorCode:0 INFO: Running Process MetricsExtension.Native.exe found. ID: 5392.
[2026-02-21 01:41:12.000]  [StartMetricsExtension] ErrorCode:0 ERROR: Metrics extension is already running
[2026-02-21 01:41:12.000]  [AggregateHeartbeat] ErrorCode:0 INFO: Start heartbeat aggregation.
[2026-02-21 01:41:12.000]  [QueryRegValueDWORD] ErrorCode:0 INFO: Query Registry for Key:SOFTWARE\Microsoft\Windows Azure\CurrentVersion\AzureMonitorAgentExtension\47.4.1.0, Name:MaServiceProcess
[2026-02-21 01:41:12.000]  [QueryRegValueDWORD] ErrorCode:0 INFO: Query Registry for Key:SOFTWARE\Microsoft\Windows Azure\CurrentVersion\AzureMonitorAgentExtension\47.4.1.0, Name:MaServiceProcess, Value:2228
[2026-02-21 01:41:12.000]  [FindProcessById] ErrorCode:0 INFO: Attempt to find the process MonAgentLauncher.exe with ID: 2228.
[2026-02-21 01:41:12.000]  [FindProcessById] ErrorCode:0 INFO: Running Process MonAgentLauncher.exe found. ID: 2228.
[2026-02-21 01:41:12.000]  [CheckIfMAServiceIsRunByExtension] ErrorCode:0 INFO: The MA process is running based on the m_registry
[2026-02-21 01:41:12.000]  [QueryRegValueDWORD] ErrorCode:0 INFO: Query Registry for Key:SOFTWARE\Microsoft\Windows Azure\CurrentVersion\AzureMonitorAgentExtension\47.4.1.0, Name:AMAMultitenantServiceProcess
[2026-02-21 01:41:12.000]  [QueryRegValueDWORD] ErrorCode:0 ERROR: RegQueryValueExA: failed to query REG_DWORD value, Key:SOFTWARE\Microsoft\Windows Azure\CurrentVersion\AzureMonitorAgentExtension\47.4.1.0, name=AMAMultitenantServiceProcess, error=2, type=0
[2026-02-21 01:41:12.000]  [CheckIfMAServiceIsRunByExtension] ErrorCode:1205 INFO: Unable to read the m_registry for MA process. Assume it is not running.
[2026-02-21 01:41:12.000]  [AggregateHeartbeat] ErrorCode:0 INFO: Configured MA Service is not running on the node.
[2026-02-21 01:41:12.000]  [SetImdsEnvironmentVariable] ErrorCode:0 INFO: Querying IMDS information
[2026-02-21 01:41:12.000]  [SetImdsEnvironmentVariable] ErrorCode:-1 INFO: Preparing to call IMDS. Endpoint: http://169.254.169.254
[2026-02-21 01:41:12.000]  [QueryIMDSEndpoint] ErrorCode:0 INFO: Queried IMDS successfully.
[2026-02-21 01:41:12.000]  [GetValueFromJsonOrDefault] ErrorCode:0 INFO: Read Imds response field with Name:location Value: westus2
[2026-02-21 01:41:12.000]  [GetValueFromJsonOrDefault] ErrorCode:0 INFO: Read Imds response field with Name:name Value: amawin
[2026-02-21 01:41:12.000]  [GetValueFromJsonOrDefault] ErrorCode:0 INFO: Read Imds response field with Name:subscriptionId Value: 351651ce-5feb-4e59-975d-f1f344e2b717
[2026-02-21 01:41:12.000]  [GetValueFromJsonOrDefault] ErrorCode:0 INFO: Read Imds response field with Name:vmId Value: 22afd636-aec1-4782-9055-f85ea283dc20
[2026-02-21 01:41:12.000]  [GetValueFromJsonOrDefault] ErrorCode:0 INFO: Read Imds response field with Name:vmScaleSetName Value: 
[2026-02-21 01:41:12.000]  [GetValueFromJsonOrDefault] ErrorCode:0 INFO: Read Imds response field with Name:resourceGroupName Value: AMAWin_group
[2026-02-21 01:41:12.000]  [GetValueFromJsonOrDefault] ErrorCode:0 INFO: Read Imds response field with Name:osType Value: Windows
[2026-02-21 01:41:12.000]  [GetValueFromJsonOrDefault] ErrorCode:0 INFO: Read Imds response field with Name:resourceId Value: /subscriptions/351651ce-5feb-4e59-975d-f1f344e2b717/resourceGroups/AMAWin_group/providers/Microsoft.Compute/virtualMachines/amawin
[2026-02-21 01:41:12.000]  [GetValueFromJsonOrDefault] ErrorCode:0 INFO: Read Imds response field with Name:azEnvironment Value: AzurePublicCloud
[2026-02-21 01:41:12.000]  [SetImdsEnvironmentVariable] ErrorCode:0 INFO: Successfully set Environment variables from Imds
[2026-02-21 01:41:12.000]  [AggregateHeartbeat] ErrorCode:0 INFO: Completed heartbeat aggregation.
[2026-02-21 01:41:42.000]  [WriteHeartbeatToFile] ErrorCode:0 INFO: Sending the heartbeat.
[2026-02-21 01:41:42.000]  [WriteStatusToFile] ErrorCode:0 INFO: Sending the status.
[2026-02-21 01:41:42.000]  [WriteHeartbeatToFile] ErrorCode:0 INFO: Done Sending the heartbeat.
[2026-02-21 01:41:42.000]  [WriteStatusToFile] ErrorCode:0 INFO: Done Sending the status.
[2026-02-21 01:42:12.000]  [WriteHeartbeatToFile] ErrorCode:0 INFO: Sending the heartbeat.
[2026-02-21 01:42:12.000]  [WriteStatusToFile] ErrorCode:0 INFO: Sending the status.
[2026-02-21 01:42:12.000]  [WriteHeartbeatToFile] ErrorCode:0 INFO: Done Sending the heartbeat.
[2026-02-21 01:42:12.000]  [WriteStatusToFile] ErrorCode:0 INFO: Done Sending the status.
[2026-02-21 01:42:12.000]  [FindProcessById] ErrorCode:0 INFO: Attempt to find the process MetricsExtension.Native.exe with ID: 5392.
[2026-02-21 01:42:12.000]  [FindProcessById] ErrorCode:0 INFO: Running Process MetricsExtension.Native.exe found. ID: 5392.
[2026-02-21 01:42:12.000]  [StartMetricsExtension] ErrorCode:0 ERROR: Metrics extension is already running
[2026-02-21 01:42:42.000]  [WriteStatusToFile] ErrorCode:0 INFO: Sending the status.
[2026-02-21 01:42:42.000]  [WriteHeartbeatToFile] ErrorCode:0 INFO: Sending the heartbeat.
[2026-02-21 01:42:42.000]  [WriteStatusToFile] ErrorCode:0 INFO: Done Sending the status.
[2026-02-21 01:42:42.000]  [WriteHeartbeatToFile] ErrorCode:0 INFO: Done Sending the heartbeat.
[2026-02-21 01:43:12.000]  [WriteStatusToFile] ErrorCode:0 INFO: Sending the status.
[2026-02-21 01:43:12.000]  [WriteHeartbeatToFile] ErrorCode:0 INFO: Sending the heartbeat.
[2026-02-21 01:43:12.000]  [WriteHeartbeatToFile] ErrorCode:0 INFO: Done Sending the heartbeat.
[2026-02-21 01:43:12.000]  [WriteStatusToFile] ErrorCode:0 INFO: Done Sending the status.
[2026-02-21 01:43:12.000]  [FindProcessById] ErrorCode:0 INFO: Attempt to find the process MetricsExtension.Native.exe with ID: 5392.
[2026-02-21 01:43:12.000]  [FindProcessById] ErrorCode:0 INFO: Running Process MetricsExtension.Native.exe found. ID: 5392.
[2026-02-21 01:43:12.000]  [StartMetricsExtension] ErrorCode:0 ERROR: Metrics extension is already running
[2026-02-21 01:43:42.000]  [WriteStatusToFile] ErrorCode:0 INFO: Sending the status.
[2026-02-21 01:43:42.000]  [WriteHeartbeatToFile] ErrorCode:0 INFO: Sending the heartbeat.
[2026-02-21 01:43:42.000]  [WriteStatusToFile] ErrorCode:0 INFO: Done Sending the status.
[2026-02-21 01:43:42.000]  [WriteHeartbeatToFile] ErrorCode:0 INFO: Done Sending the heartbeat.
[2026-02-21 01:44:12.000]  [WriteStatusToFile] ErrorCode:0 INFO: Sending the status.
[2026-02-21 01:44:12.000]  [WriteHeartbeatToFile] ErrorCode:0 INFO: Sending the heartbeat.
[2026-02-21 01:44:12.000]  [WriteStatusToFile] ErrorCode:0 INFO: Done Sending the status.
[2026-02-21 01:44:12.000]  [WriteHeartbeatToFile] ErrorCode:0 INFO: Done Sending the heartbeat.
[2026-02-21 01:44:12.000]  [FindProcessById] ErrorCode:0 INFO: Attempt to find the process MetricsExtension.Native.exe with ID: 5392.
[2026-02-21 01:44:12.000]  [FindProcessById] ErrorCode:0 INFO: Running Process MetricsExtension.Native.exe found. ID: 5392.
[2026-02-21 01:44:12.000]  [StartMetricsExtension] ErrorCode:0 ERROR: Metrics extension is already running
[2026-02-21 01:44:42.000]  [WriteHeartbeatToFile] ErrorCode:0 INFO: Sending the heartbeat.
[2026-02-21 01:44:42.000]  [WriteStatusToFile] ErrorCode:0 INFO: Sending the status.
[2026-02-21 01:44:42.000]  [WriteHeartbeatToFile] ErrorCode:0 INFO: Done Sending the heartbeat.
[2026-02-21 01:44:42.000]  [WriteStatusToFile] ErrorCode:0 INFO: Done Sending the status.
[2026-02-21 01:45:12.000]  [WriteHeartbeatToFile] ErrorCode:0 INFO: Sending the heartbeat.
[2026-02-21 01:45:12.000]  [WriteStatusToFile] ErrorCode:0 INFO: Sending the status.
[2026-02-21 01:45:12.000]  [WriteHeartbeatToFile] ErrorCode:0 INFO: Done Sending the heartbeat.
[2026-02-21 01:45:12.000]  [WriteStatusToFile] ErrorCode:0 INFO: Done Sending the status.
[2026-02-21 01:45:12.000]  [FindProcessById] ErrorCode:0 INFO: Attempt to find the process MetricsExtension.Native.exe with ID: 5392.
[2026-02-21 01:45:12.000]  [FindProcessById] ErrorCode:0 INFO: Running Process MetricsExtension.Native.exe found. ID: 5392.
[2026-02-21 01:45:12.000]  [StartMetricsExtension] ErrorCode:0 ERROR: Metrics extension is already running
[2026-02-21 01:45:42.000]  [WriteHeartbeatToFile] ErrorCode:0 INFO: Sending the heartbeat.
[2026-02-21 01:45:42.000]  [WriteStatusToFile] ErrorCode:0 INFO: Sending the status.
[2026-02-21 01:45:42.000]  [WriteStatusToFile] ErrorCode:0 INFO: Done Sending the status.
[2026-02-21 01:45:42.000]  [WriteHeartbeatToFile] ErrorCode:0 INFO: Done Sending the heartbeat.
[2026-02-21 01:46:12.000]  [WriteStatusToFile] ErrorCode:0 INFO: Sending the status.
[2026-02-21 01:46:12.000]  [WriteHeartbeatToFile] ErrorCode:0 INFO: Sending the heartbeat.
[2026-02-21 01:46:12.000]  [WriteStatusToFile] ErrorCode:0 INFO: Done Sending the status.
[2026-02-21 01:46:12.000]  [WriteHeartbeatToFile] ErrorCode:0 INFO: Done Sending the heartbeat.
[2026-02-21 01:46:12.000]  [FindProcessById] ErrorCode:0 INFO: Attempt to find the process MetricsExtension.Native.exe with ID: 5392.
[2026-02-21 01:46:12.000]  [FindProcessById] ErrorCode:0 INFO: Running Process MetricsExtension.Native.exe found. ID: 5392.
[2026-02-21 01:46:12.000]  [StartMetricsExtension] ErrorCode:0 ERROR: Metrics extension is already running
[2026-02-21 01:46:12.000]  [AggregateHeartbeat] ErrorCode:0 INFO: Start heartbeat aggregation.
[2026-02-21 01:46:12.000]  [QueryRegValueDWORD] ErrorCode:0 INFO: Query Registry for Key:SOFTWARE\Microsoft\Windows Azure\CurrentVersion\AzureMonitorAgentExtension\47.4.1.0, Name:MaServiceProcess
[2026-02-21 01:46:12.000]  [QueryRegValueDWORD] ErrorCode:0 INFO: Query Registry for Key:SOFTWARE\Microsoft\Windows Azure\CurrentVersion\AzureMonitorAgentExtension\47.4.1.0, Name:MaServiceProcess, Value:2228
[2026-02-21 01:46:12.000]  [FindProcessById] ErrorCode:0 INFO: Attempt to find the process MonAgentLauncher.exe with ID: 2228.
[2026-02-21 01:46:12.000]  [FindProcessById] ErrorCode:0 INFO: Running Process MonAgentLauncher.exe found. ID: 2228.
[2026-02-21 01:46:12.000]  [CheckIfMAServiceIsRunByExtension] ErrorCode:0 INFO: The MA process is running based on the m_registry
[2026-02-21 01:46:12.000]  [QueryRegValueDWORD] ErrorCode:0 INFO: Query Registry for Key:SOFTWARE\Microsoft\Windows Azure\CurrentVersion\AzureMonitorAgentExtension\47.4.1.0, Name:AMAMultitenantServiceProcess
[2026-02-21 01:46:12.000]  [QueryRegValueDWORD] ErrorCode:0 ERROR: RegQueryValueExA: failed to query REG_DWORD value, Key:SOFTWARE\Microsoft\Windows Azure\CurrentVersion\AzureMonitorAgentExtension\47.4.1.0, name=AMAMultitenantServiceProcess, error=2, type=0
[2026-02-21 01:46:12.000]  [CheckIfMAServiceIsRunByExtension] ErrorCode:1205 INFO: Unable to read the m_registry for MA process. Assume it is not running.
[2026-02-21 01:46:12.000]  [AggregateHeartbeat] ErrorCode:0 INFO: Configured MA Service is not running on the node.
[2026-02-21 01:46:12.000]  [SetImdsEnvironmentVariable] ErrorCode:0 INFO: Querying IMDS information
[2026-02-21 01:46:12.000]  [SetImdsEnvironmentVariable] ErrorCode:-1 INFO: Preparing to call IMDS. Endpoint: http://169.254.169.254
[2026-02-21 01:46:12.000]  [QueryIMDSEndpoint] ErrorCode:0 INFO: Queried IMDS successfully.
[2026-02-21 01:46:12.000]  [GetValueFromJsonOrDefault] ErrorCode:0 INFO: Read Imds response field with Name:location Value: westus2
[2026-02-21 01:46:12.000]  [GetValueFromJsonOrDefault] ErrorCode:0 INFO: Read Imds response field with Name:name Value: amawin
[2026-02-21 01:46:12.000]  [GetValueFromJsonOrDefault] ErrorCode:0 INFO: Read Imds response field with Name:subscriptionId Value: 351651ce-5feb-4e59-975d-f1f344e2b717
[2026-02-21 01:46:12.000]  [GetValueFromJsonOrDefault] ErrorCode:0 INFO: Read Imds response field with Name:vmId Value: 22afd636-aec1-4782-9055-f85ea283dc20
[2026-02-21 01:46:12.000]  [GetValueFromJsonOrDefault] ErrorCode:0 INFO: Read Imds response field with Name:vmScaleSetName Value: 
[2026-02-21 01:46:12.000]  [GetValueFromJsonOrDefault] ErrorCode:0 INFO: Read Imds response field with Name:resourceGroupName Value: AMAWin_group
[2026-02-21 01:46:12.000]  [GetValueFromJsonOrDefault] ErrorCode:0 INFO: Read Imds response field with Name:osType Value: Windows
[2026-02-21 01:46:12.000]  [GetValueFromJsonOrDefault] ErrorCode:0 INFO: Read Imds response field with Name:resourceId Value: /subscriptions/351651ce-5feb-4e59-975d-f1f344e2b717/resourceGroups/AMAWin_group/providers/Microsoft.Compute/virtualMachines/amawin
[2026-02-21 01:46:12.000]  [GetValueFromJsonOrDefault] ErrorCode:0 INFO: Read Imds response field with Name:azEnvironment Value: AzurePublicCloud
[2026-02-21 01:46:12.000]  [SetImdsEnvironmentVariable] ErrorCode:0 INFO: Successfully set Environment variables from Imds
[2026-02-21 01:46:12.000]  [AggregateHeartbeat] ErrorCode:0 INFO: Completed heartbeat aggregation.
[2026-02-21 01:46:42.000]  [WriteStatusToFile] ErrorCode:0 INFO: Sending the status.
[2026-02-21 01:46:42.000]  [WriteHeartbeatToFile] ErrorCode:0 INFO: Sending the heartbeat.
[2026-02-21 01:46:42.000]  [WriteStatusToFile] ErrorCode:0 INFO: Done Sending the status.
[2026-02-21 01:46:42.000]  [WriteHeartbeatToFile] ErrorCode:0 INFO: Done Sending the heartbeat.
[2026-02-21 01:47:12.000]  [WriteHeartbeatToFile] ErrorCode:0 INFO: Sending the heartbeat.
[2026-02-21 01:47:12.000]  [WriteStatusToFile] ErrorCode:0 INFO: Sending the status.
[2026-02-21 01:47:12.000]  [WriteHeartbeatToFile] ErrorCode:0 INFO: Done Sending the heartbeat.
[2026-02-21 01:47:12.000]  [WriteStatusToFile] ErrorCode:0 INFO: Done Sending the status.
[2026-02-21 01:47:12.000]  [FindProcessById] ErrorCode:0 INFO: Attempt to find the process MetricsExtension.Native.exe with ID: 5392.
[2026-02-21 01:47:12.000]  [FindProcessById] ErrorCode:0 INFO: Running Process MetricsExtension.Native.exe found. ID: 5392.
[2026-02-21 01:47:12.000]  [StartMetricsExtension] ErrorCode:0 ERROR: Metrics extension is already running
[2026-02-21 01:47:42.000]  [WriteStatusToFile] ErrorCode:0 INFO: Sending the status.
[2026-02-21 01:47:42.000]  [WriteHeartbeatToFile] ErrorCode:0 INFO: Sending the heartbeat.
[2026-02-21 01:47:42.000]  [WriteStatusToFile] ErrorCode:0 INFO: Done Sending the status.
[2026-02-21 01:47:42.000]  [WriteHeartbeatToFile] ErrorCode:0 INFO: Done Sending the heartbeat.
[2026-02-21 01:48:12.000]  [WriteHeartbeatToFile] ErrorCode:0 INFO: Sending the heartbeat.
[2026-02-21 01:48:12.000]  [WriteStatusToFile] ErrorCode:0 INFO: Sending the status.
[2026-02-21 01:48:12.000]  [WriteHeartbeatToFile] ErrorCode:0 INFO: Done Sending the heartbeat.
[2026-02-21 01:48:12.000]  [WriteStatusToFile] ErrorCode:0 INFO: Done Sending the status.
[2026-02-21 01:48:12.000]  [FindProcessById] ErrorCode:0 INFO: Attempt to find the process MetricsExtension.Native.exe with ID: 5392.
[2026-02-21 01:48:12.000]  [FindProcessById] ErrorCode:0 INFO: Running Process MetricsExtension.Native.exe found. ID: 5392.
[2026-02-21 01:48:12.000]  [StartMetricsExtension] ErrorCode:0 ERROR: Metrics extension is already running
[2026-02-21 01:48:42.000]  [WriteStatusToFile] ErrorCode:0 INFO: Sending the status.
[2026-02-21 01:48:42.000]  [WriteHeartbeatToFile] ErrorCode:0 INFO: Sending the heartbeat.
[2026-02-21 01:48:42.000]  [WriteStatusToFile] ErrorCode:0 INFO: Done Sending the status.
[2026-02-21 01:48:42.000]  [WriteHeartbeatToFile] ErrorCode:0 INFO: Done Sending the heartbeat.
[2026-02-21 01:49:12.000]  [WriteStatusToFile] ErrorCode:0 INFO: Sending the status.
[2026-02-21 01:49:12.000]  [WriteHeartbeatToFile] ErrorCode:0 INFO: Sending the heartbeat.
[2026-02-21 01:49:12.000]  [WriteHeartbeatToFile] ErrorCode:0 INFO: Done Sending the heartbeat.
[2026-02-21 01:49:12.000]  [WriteStatusToFile] ErrorCode:0 INFO: Done Sending the status.
[2026-02-21 01:49:12.000]  [FindProcessById] ErrorCode:0 INFO: Attempt to find the process MetricsExtension.Native.exe with ID: 5392.
[2026-02-21 01:49:12.000]  [FindProcessById] ErrorCode:0 INFO: Running Process MetricsExtension.Native.exe found. ID: 5392.
[2026-02-21 01:49:12.000]  [StartMetricsExtension] ErrorCode:0 ERROR: Metrics extension is already running
[2026-02-21 01:49:42.000]  [WriteHeartbeatToFile] ErrorCode:0 INFO: Sending the heartbeat.
[2026-02-21 01:49:42.000]  [WriteStatusToFile] ErrorCode:0 INFO: Sending the status.
[2026-02-21 01:49:42.000]  [WriteHeartbeatToFile] ErrorCode:0 INFO: Done Sending the heartbeat.
[2026-02-21 01:49:42.000]  [WriteStatusToFile] ErrorCode:0 INFO: Done Sending the status.
[2026-02-21 01:50:12.000]  [WriteHeartbeatToFile] ErrorCode:0 INFO: Sending the heartbeat.
[2026-02-21 01:50:12.000]  [WriteStatusToFile] ErrorCode:0 INFO: Sending the status.
[2026-02-21 01:50:12.000]  [WriteHeartbeatToFile] ErrorCode:0 INFO: Done Sending the heartbeat.
[2026-02-21 01:50:12.000]  [WriteStatusToFile] ErrorCode:0 INFO: Done Sending the status.
[2026-02-21 01:50:12.000]  [FindProcessById] ErrorCode:0 INFO: Attempt to find the process MetricsExtension.Native.exe with ID: 5392.
[2026-02-21 01:50:12.000]  [FindProcessById] ErrorCode:0 INFO: Running Process MetricsExtension.Native.exe found. ID: 5392.
[2026-02-21 01:50:12.000]  [StartMetricsExtension] ErrorCode:0 ERROR: Metrics extension is already running
[2026-02-21 01:50:42.000]  [WriteStatusToFile] ErrorCode:0 INFO: Sending the status.
[2026-02-21 01:50:42.000]  [WriteHeartbeatToFile] ErrorCode:0 INFO: Sending the heartbeat.
[2026-02-21 01:50:42.000]  [WriteHeartbeatToFile] ErrorCode:0 INFO: Done Sending the heartbeat.
[2026-02-21 01:50:42.000]  [WriteStatusToFile] ErrorCode:0 INFO: Done Sending the status.
[2026-02-21 01:51:12.000]  [WriteStatusToFile] ErrorCode:0 INFO: Sending the status.
[2026-02-21 01:51:12.000]  [WriteHeartbeatToFile] ErrorCode:0 INFO: Sending the heartbeat.
[2026-02-21 01:51:12.000]  [WriteStatusToFile] ErrorCode:0 INFO: Done Sending the status.
[2026-02-21 01:51:12.000]  [WriteHeartbeatToFile] ErrorCode:0 INFO: Done Sending the heartbeat.
[2026-02-21 01:51:12.000]  [FindProcessById] ErrorCode:0 INFO: Attempt to find the process MetricsExtension.Native.exe with ID: 5392.
[2026-02-21 01:51:12.000]  [FindProcessById] ErrorCode:0 INFO: Running Process MetricsExtension.Native.exe found. ID: 5392.
[2026-02-21 01:51:12.000]  [StartMetricsExtension] ErrorCode:0 ERROR: Metrics extension is already running
[2026-02-21 01:51:12.000]  [AggregateHeartbeat] ErrorCode:0 INFO: Start heartbeat aggregation.
[2026-02-21 01:51:12.000]  [QueryRegValueDWORD] ErrorCode:0 INFO: Query Registry for Key:SOFTWARE\Microsoft\Windows Azure\CurrentVersion\AzureMonitorAgentExtension\47.4.1.0, Name:MaServiceProcess
[2026-02-21 01:51:12.000]  [QueryRegValueDWORD] ErrorCode:0 INFO: Query Registry for Key:SOFTWARE\Microsoft\Windows Azure\CurrentVersion\AzureMonitorAgentExtension\47.4.1.0, Name:MaServiceProcess, Value:2228
[2026-02-21 01:51:12.000]  [FindProcessById] ErrorCode:0 INFO: Attempt to find the process MonAgentLauncher.exe with ID: 2228.
[2026-02-21 01:51:12.000]  [FindProcessById] ErrorCode:0 INFO: Running Process MonAgentLauncher.exe found. ID: 2228.
[2026-02-21 01:51:12.000]  [CheckIfMAServiceIsRunByExtension] ErrorCode:0 INFO: The MA process is running based on the m_registry
[2026-02-21 01:51:12.000]  [QueryRegValueDWORD] ErrorCode:0 INFO: Query Registry for Key:SOFTWARE\Microsoft\Windows Azure\CurrentVersion\AzureMonitorAgentExtension\47.4.1.0, Name:AMAMultitenantServiceProcess
[2026-02-21 01:51:12.000]  [QueryRegValueDWORD] ErrorCode:0 ERROR: RegQueryValueExA: failed to query REG_DWORD value, Key:SOFTWARE\Microsoft\Windows Azure\CurrentVersion\AzureMonitorAgentExtension\47.4.1.0, name=AMAMultitenantServiceProcess, error=2, type=0
[2026-02-21 01:51:12.000]  [CheckIfMAServiceIsRunByExtension] ErrorCode:1205 INFO: Unable to read the m_registry for MA process. Assume it is not running.
[2026-02-21 01:51:12.000]  [AggregateHeartbeat] ErrorCode:0 INFO: Configured MA Service is not running on the node.
[2026-02-21 01:51:12.000]  [SetImdsEnvironmentVariable] ErrorCode:0 INFO: Querying IMDS information
[2026-02-21 01:51:12.000]  [SetImdsEnvironmentVariable] ErrorCode:-1 INFO: Preparing to call IMDS. Endpoint: http://169.254.169.254
[2026-02-21 01:51:12.000]  [QueryIMDSEndpoint] ErrorCode:0 INFO: Queried IMDS successfully.
[2026-02-21 01:51:12.000]  [GetValueFromJsonOrDefault] ErrorCode:0 INFO: Read Imds response field with Name:location Value: westus2
[2026-02-21 01:51:12.000]  [GetValueFromJsonOrDefault] ErrorCode:0 INFO: Read Imds response field with Name:name Value: amawin
[2026-02-21 01:51:12.000]  [GetValueFromJsonOrDefault] ErrorCode:0 INFO: Read Imds response field with Name:subscriptionId Value: 351651ce-5feb-4e59-975d-f1f344e2b717
[2026-02-21 01:51:12.000]  [GetValueFromJsonOrDefault] ErrorCode:0 INFO: Read Imds response field with Name:vmId Value: 22afd636-aec1-4782-9055-f85ea283dc20
[2026-02-21 01:51:12.000]  [GetValueFromJsonOrDefault] ErrorCode:0 INFO: Read Imds response field with Name:vmScaleSetName Value: 
[2026-02-21 01:51:12.000]  [GetValueFromJsonOrDefault] ErrorCode:0 INFO: Read Imds response field with Name:resourceGroupName Value: AMAWin_group
[2026-02-21 01:51:12.000]  [GetValueFromJsonOrDefault] ErrorCode:0 INFO: Read Imds response field with Name:osType Value: Windows
[2026-02-21 01:51:12.000]  [GetValueFromJsonOrDefault] ErrorCode:0 INFO: Read Imds response field with Name:resourceId Value: /subscriptions/351651ce-5feb-4e59-975d-f1f344e2b717/resourceGroups/AMAWin_group/providers/Microsoft.Compute/virtualMachines/amawin
[2026-02-21 01:51:12.000]  [GetValueFromJsonOrDefault] ErrorCode:0 INFO: Read Imds response field with Name:azEnvironment Value: AzurePublicCloud
[2026-02-21 01:51:12.000]  [SetImdsEnvironmentVariable] ErrorCode:0 INFO: Successfully set Environment variables from Imds
[2026-02-21 01:51:12.000]  [AggregateHeartbeat] ErrorCode:0 INFO: Completed heartbeat aggregation.
[2026-02-21 01:51:42.000]  [WriteHeartbeatToFile] ErrorCode:0 INFO: Sending the heartbeat.
[2026-02-21 01:51:42.000]  [WriteStatusToFile] ErrorCode:0 INFO: Sending the status.
[2026-02-21 01:51:42.000]  [WriteHeartbeatToFile] ErrorCode:0 INFO: Done Sending the heartbeat.
[2026-02-21 01:51:42.000]  [WriteStatusToFile] ErrorCode:0 INFO: Done Sending the status.
[2026-02-21 01:52:12.000]  [WriteHeartbeatToFile] ErrorCode:0 INFO: Sending the heartbeat.
[2026-02-21 01:52:12.000]  [WriteStatusToFile] ErrorCode:0 INFO: Sending the status.
[2026-02-21 01:52:12.000]  [WriteHeartbeatToFile] ErrorCode:0 INFO: Done Sending the heartbeat.
[2026-02-21 01:52:12.000]  [WriteStatusToFile] ErrorCode:0 INFO: Done Sending the status.
[2026-02-21 01:52:12.000]  [FindProcessById] ErrorCode:0 INFO: Attempt to find the process MetricsExtension.Native.exe with ID: 5392.
[2026-02-21 01:52:12.000]  [FindProcessById] ErrorCode:0 INFO: Running Process MetricsExtension.Native.exe found. ID: 5392.
[2026-02-21 01:52:12.000]  [StartMetricsExtension] ErrorCode:0 ERROR: Metrics extension is already running
[2026-02-21 01:52:42.000]  [WriteStatusToFile] ErrorCode:0 INFO: Sending the status.
[2026-02-21 01:52:42.000]  [WriteHeartbeatToFile] ErrorCode:0 INFO: Sending the heartbeat.
[2026-02-21 01:52:42.000]  [WriteStatusToFile] ErrorCode:0 INFO: Done Sending the status.
[2026-02-21 01:52:42.000]  [WriteHeartbeatToFile] ErrorCode:0 INFO: Done Sending the heartbeat.
[2026-02-21 01:53:12.000]  [WriteStatusToFile] ErrorCode:0 INFO: Sending the status.
[2026-02-21 01:53:12.000]  [WriteHeartbeatToFile] ErrorCode:0 INFO: Sending the heartbeat.
[2026-02-21 01:53:12.000]  [WriteStatusToFile] ErrorCode:0 INFO: Done Sending the status.
[2026-02-21 01:53:12.000]  [WriteHeartbeatToFile] ErrorCode:0 INFO: Done Sending the heartbeat.
[2026-02-21 01:53:12.000]  [FindProcessById] ErrorCode:0 INFO: Attempt to find the process MetricsExtension.Native.exe with ID: 5392.
[2026-02-21 01:53:12.000]  [FindProcessById] ErrorCode:0 INFO: Running Process MetricsExtension.Native.exe found. ID: 5392.
[2026-02-21 01:53:12.000]  [StartMetricsExtension] ErrorCode:0 ERROR: Metrics extension is already running
[2026-02-21 01:53:42.000]  [WriteHeartbeatToFile] ErrorCode:0 INFO: Sending the heartbeat.
[2026-02-21 01:53:42.000]  [WriteStatusToFile] ErrorCode:0 INFO: Sending the status.
[2026-02-21 01:53:42.000]  [WriteHeartbeatToFile] ErrorCode:0 INFO: Done Sending the heartbeat.
[2026-02-21 01:53:42.000]  [WriteStatusToFile] ErrorCode:0 INFO: Done Sending the status.
[2026-02-21 01:54:12.000]  [WriteHeartbeatToFile] ErrorCode:0 INFO: Sending the heartbeat.
[2026-02-21 01:54:12.000]  [WriteStatusToFile] ErrorCode:0 INFO: Sending the status.
[2026-02-21 01:54:12.000]  [WriteStatusToFile] ErrorCode:0 INFO: Done Sending the status.
[2026-02-21 01:54:12.000]  [WriteHeartbeatToFile] ErrorCode:0 INFO: Done Sending the heartbeat.
[2026-02-21 01:54:12.000]  [FindProcessById] ErrorCode:0 INFO: Attempt to find the process MetricsExtension.Native.exe with ID: 5392.
[2026-02-21 01:54:12.000]  [FindProcessById] ErrorCode:0 INFO: Running Process MetricsExtension.Native.exe found. ID: 5392.
[2026-02-21 01:54:12.000]  [StartMetricsExtension] ErrorCode:0 ERROR: Metrics extension is already running
[2026-02-21 01:54:42.000]  [WriteStatusToFile] ErrorCode:0 INFO: Sending the status.
[2026-02-21 01:54:42.000]  [WriteHeartbeatToFile] ErrorCode:0 INFO: Sending the heartbeat.
[2026-02-21 01:54:42.000]  [WriteHeartbeatToFile] ErrorCode:0 INFO: Done Sending the heartbeat.
[2026-02-21 01:54:42.000]  [WriteStatusToFile] ErrorCode:0 INFO: Done Sending the status.
[2026-02-21 01:55:12.000]  [WriteHeartbeatToFile] ErrorCode:0 INFO: Sending the heartbeat.
[2026-02-21 01:55:12.000]  [WriteStatusToFile] ErrorCode:0 INFO: Sending the status.
[2026-02-21 01:55:12.000]  [WriteStatusToFile] ErrorCode:0 INFO: Done Sending the status.
[2026-02-21 01:55:12.000]  [WriteHeartbeatToFile] ErrorCode:0 INFO: Done Sending the heartbeat.
[2026-02-21 01:55:12.000]  [FindProcessById] ErrorCode:0 INFO: Attempt to find the process MetricsExtension.Native.exe with ID: 5392.
[2026-02-21 01:55:12.000]  [FindProcessById] ErrorCode:0 INFO: Running Process MetricsExtension.Native.exe found. ID: 5392.
[2026-02-21 01:55:12.000]  [StartMetricsExtension] ErrorCode:0 ERROR: Metrics extension is already running
[2026-02-21 01:55:42.000]  [WriteHeartbeatToFile] ErrorCode:0 INFO: Sending the heartbeat.
[2026-02-21 01:55:42.000]  [WriteStatusToFile] ErrorCode:0 INFO: Sending the status.
[2026-02-21 01:55:42.000]  [WriteStatusToFile] ErrorCode:0 INFO: Done Sending the status.
[2026-02-21 01:55:42.000]  [WriteHeartbeatToFile] ErrorCode:0 INFO: Done Sending the heartbeat.
[2026-02-21 01:56:12.000]  [WriteHeartbeatToFile] ErrorCode:0 INFO: Sending the heartbeat.
[2026-02-21 01:56:12.000]  [WriteStatusToFile] ErrorCode:0 INFO: Sending the status.
[2026-02-21 01:56:12.000]  [WriteStatusToFile] ErrorCode:0 INFO: Done Sending the status.
[2026-02-21 01:56:12.000]  [WriteHeartbeatToFile] ErrorCode:0 INFO: Done Sending the heartbeat.
[2026-02-21 01:56:12.000]  [FindProcessById] ErrorCode:0 INFO: Attempt to find the process MetricsExtension.Native.exe with ID: 5392.
[2026-02-21 01:56:12.000]  [FindProcessById] ErrorCode:0 INFO: Running Process MetricsExtension.Native.exe found. ID: 5392.
[2026-02-21 01:56:12.000]  [StartMetricsExtension] ErrorCode:0 ERROR: Metrics extension is already running
[2026-02-21 01:56:12.000]  [AggregateHeartbeat] ErrorCode:0 INFO: Start heartbeat aggregation.
[2026-02-21 01:56:12.000]  [QueryRegValueDWORD] ErrorCode:0 INFO: Query Registry for Key:SOFTWARE\Microsoft\Windows Azure\CurrentVersion\AzureMonitorAgentExtension\47.4.1.0, Name:MaServiceProcess
[2026-02-21 01:56:12.000]  [QueryRegValueDWORD] ErrorCode:0 INFO: Query Registry for Key:SOFTWARE\Microsoft\Windows Azure\CurrentVersion\AzureMonitorAgentExtension\47.4.1.0, Name:MaServiceProcess, Value:2228
[2026-02-21 01:56:12.000]  [FindProcessById] ErrorCode:0 INFO: Attempt to find the process MonAgentLauncher.exe with ID: 2228.
[2026-02-21 01:56:12.000]  [FindProcessById] ErrorCode:0 INFO: Running Process MonAgentLauncher.exe found. ID: 2228.
[2026-02-21 01:56:12.000]  [CheckIfMAServiceIsRunByExtension] ErrorCode:0 INFO: The MA process is running based on the m_registry
[2026-02-21 01:56:12.000]  [QueryRegValueDWORD] ErrorCode:0 INFO: Query Registry for Key:SOFTWARE\Microsoft\Windows Azure\CurrentVersion\AzureMonitorAgentExtension\47.4.1.0, Name:AMAMultitenantServiceProcess
[2026-02-21 01:56:12.000]  [QueryRegValueDWORD] ErrorCode:0 ERROR: RegQueryValueExA: failed to query REG_DWORD value, Key:SOFTWARE\Microsoft\Windows Azure\CurrentVersion\AzureMonitorAgentExtension\47.4.1.0, name=AMAMultitenantServiceProcess, error=2, type=0
[2026-02-21 01:56:12.000]  [CheckIfMAServiceIsRunByExtension] ErrorCode:1205 INFO: Unable to read the m_registry for MA process. Assume it is not running.
[2026-02-21 01:56:12.000]  [AggregateHeartbeat] ErrorCode:0 INFO: Configured MA Service is not running on the node.
[2026-02-21 01:56:12.000]  [SetImdsEnvironmentVariable] ErrorCode:0 INFO: Querying IMDS information
[2026-02-21 01:56:12.000]  [SetImdsEnvironmentVariable] ErrorCode:-1 INFO: Preparing to call IMDS. Endpoint: http://169.254.169.254
[2026-02-21 01:56:12.000]  [QueryIMDSEndpoint] ErrorCode:0 INFO: Queried IMDS successfully.
[2026-02-21 01:56:12.000]  [GetValueFromJsonOrDefault] ErrorCode:0 INFO: Read Imds response field with Name:location Value: westus2
[2026-02-21 01:56:12.000]  [GetValueFromJsonOrDefault] ErrorCode:0 INFO: Read Imds response field with Name:name Value: amawin
[2026-02-21 01:56:12.000]  [GetValueFromJsonOrDefault] ErrorCode:0 INFO: Read Imds response field with Name:subscriptionId Value: 351651ce-5feb-4e59-975d-f1f344e2b717
[2026-02-21 01:56:12.000]  [GetValueFromJsonOrDefault] ErrorCode:0 INFO: Read Imds response field with Name:vmId Value: 22afd636-aec1-4782-9055-f85ea283dc20
[2026-02-21 01:56:12.000]  [GetValueFromJsonOrDefault] ErrorCode:0 INFO: Read Imds response field with Name:vmScaleSetName Value: 
[2026-02-21 01:56:12.000]  [GetValueFromJsonOrDefault] ErrorCode:0 INFO: Read Imds response field with Name:resourceGroupName Value: AMAWin_group
[2026-02-21 01:56:12.000]  [GetValueFromJsonOrDefault] ErrorCode:0 INFO: Read Imds response field with Name:osType Value: Windows
[2026-02-21 01:56:12.000]  [GetValueFromJsonOrDefault] ErrorCode:0 INFO: Read Imds response field with Name:resourceId Value: /subscriptions/351651ce-5feb-4e59-975d-f1f344e2b717/resourceGroups/AMAWin_group/providers/Microsoft.Compute/virtualMachines/amawin
[2026-02-21 01:56:12.000]  [GetValueFromJsonOrDefault] ErrorCode:0 INFO: Read Imds response field with Name:azEnvironment Value: AzurePublicCloud
[2026-02-21 01:56:12.000]  [SetImdsEnvironmentVariable] ErrorCode:0 INFO: Successfully set Environment variables from Imds
[2026-02-21 01:56:12.000]  [AggregateHeartbeat] ErrorCode:0 INFO: Completed heartbeat aggregation.
[2026-02-21 01:56:42.000]  [WriteHeartbeatToFile] ErrorCode:0 INFO: Sending the heartbeat.
[2026-02-21 01:56:42.000]  [WriteStatusToFile] ErrorCode:0 INFO: Sending the status.
[2026-02-21 01:56:42.000]  [WriteHeartbeatToFile] ErrorCode:0 INFO: Done Sending the heartbeat.
[2026-02-21 01:56:42.000]  [WriteStatusToFile] ErrorCode:0 INFO: Done Sending the status.
[2026-02-21 01:57:12.000]  [WriteHeartbeatToFile] ErrorCode:0 INFO: Sending the heartbeat.
[2026-02-21 01:57:12.000]  [WriteStatusToFile] ErrorCode:0 INFO: Sending the status.
[2026-02-21 01:57:12.000]  [WriteStatusToFile] ErrorCode:0 INFO: Done Sending the status.
[2026-02-21 01:57:12.000]  [WriteHeartbeatToFile] ErrorCode:0 INFO: Done Sending the heartbeat.
[2026-02-21 01:57:12.000]  [FindProcessById] ErrorCode:0 INFO: Attempt to find the process MetricsExtension.Native.exe with ID: 5392.
[2026-02-21 01:57:12.000]  [FindProcessById] ErrorCode:0 INFO: Running Process MetricsExtension.Native.exe found. ID: 5392.
[2026-02-21 01:57:12.000]  [StartMetricsExtension] ErrorCode:0 ERROR: Metrics extension is already running
[2026-02-21 01:57:42.000]  [WriteHeartbeatToFile] ErrorCode:0 INFO: Sending the heartbeat.
[2026-02-21 01:57:42.000]  [WriteStatusToFile] ErrorCode:0 INFO: Sending the status.
[2026-02-21 01:57:42.000]  [WriteStatusToFile] ErrorCode:0 INFO: Done Sending the status.
[2026-02-21 01:57:42.000]  [WriteHeartbeatToFile] ErrorCode:0 INFO: Done Sending the heartbeat.
[2026-02-21 01:58:12.000]  [WriteHeartbeatToFile] ErrorCode:0 INFO: Sending the heartbeat.
[2026-02-21 01:58:12.000]  [WriteStatusToFile] ErrorCode:0 INFO: Sending the status.
[2026-02-21 01:58:12.000]  [WriteHeartbeatToFile] ErrorCode:0 INFO: Done Sending the heartbeat.
[2026-02-21 01:58:12.000]  [WriteStatusToFile] ErrorCode:0 INFO: Done Sending the status.
[2026-02-21 01:58:12.000]  [FindProcessById] ErrorCode:0 INFO: Attempt to find the process MetricsExtension.Native.exe with ID: 5392.
[2026-02-21 01:58:12.000]  [FindProcessById] ErrorCode:0 INFO: Running Process MetricsExtension.Native.exe found. ID: 5392.
[2026-02-21 01:58:12.000]  [StartMetricsExtension] ErrorCode:0 ERROR: Metrics extension is already running
[2026-02-21 01:58:42.000]  [WriteStatusToFile] ErrorCode:0 INFO: Sending the status.
[2026-02-21 01:58:42.000]  [WriteHeartbeatToFile] ErrorCode:0 INFO: Sending the heartbeat.
[2026-02-21 01:58:42.000]  [WriteStatusToFile] ErrorCode:0 INFO: Done Sending the status.
[2026-02-21 01:58:42.000]  [WriteHeartbeatToFile] ErrorCode:0 INFO: Done Sending the heartbeat.
[2026-02-21 01:59:12.000]  [WriteHeartbeatToFile] ErrorCode:0 INFO: Sending the heartbeat.
[2026-02-21 01:59:12.000]  [WriteStatusToFile] ErrorCode:0 INFO: Sending the status.
[2026-02-21 01:59:12.000]  [WriteHeartbeatToFile] ErrorCode:0 INFO: Done Sending the heartbeat.
[2026-02-21 01:59:12.000]  [WriteStatusToFile] ErrorCode:0 INFO: Done Sending the status.
[2026-02-21 01:59:12.000]  [FindProcessById] ErrorCode:0 INFO: Attempt to find the process MetricsExtension.Native.exe with ID: 5392.
[2026-02-21 01:59:12.000]  [FindProcessById] ErrorCode:0 INFO: Running Process MetricsExtension.Native.exe found. ID: 5392.
[2026-02-21 01:59:12.000]  [StartMetricsExtension] ErrorCode:0 ERROR: Metrics extension is already running
[2026-02-21 01:59:42.000]  [WriteStatusToFile] ErrorCode:0 INFO: Sending the status.
[2026-02-21 01:59:42.000]  [WriteHeartbeatToFile] ErrorCode:0 INFO: Sending the heartbeat.
[2026-02-21 01:59:42.000]  [WriteStatusToFile] ErrorCode:0 INFO: Done Sending the status.
[2026-02-21 01:59:42.000]  [WriteHeartbeatToFile] ErrorCode:0 INFO: Done Sending the heartbeat.
[2026-02-21 02:00:12.000]  [WriteHeartbeatToFile] ErrorCode:0 INFO: Sending the heartbeat.
[2026-02-21 02:00:12.000]  [WriteStatusToFile] ErrorCode:0 INFO: Sending the status.
[2026-02-21 02:00:12.000]  [WriteHeartbeatToFile] ErrorCode:0 INFO: Done Sending the heartbeat.
[2026-02-21 02:00:12.000]  [WriteStatusToFile] ErrorCode:0 INFO: Done Sending the status.
[2026-02-21 02:00:12.000]  [FindProcessById] ErrorCode:0 INFO: Attempt to find the process MetricsExtension.Native.exe with ID: 5392.
[2026-02-21 02:00:12.000]  [FindProcessById] ErrorCode:0 INFO: Running Process MetricsExtension.Native.exe found. ID: 5392.
[2026-02-21 02:00:12.000]  [StartMetricsExtension] ErrorCode:0 ERROR: Metrics extension is already running
[2026-02-21 02:00:42.000]  [WriteHeartbeatToFile] ErrorCode:0 INFO: Sending the heartbeat.
[2026-02-21 02:00:42.000]  [WriteStatusToFile] ErrorCode:0 INFO: Sending the status.
[2026-02-21 02:00:42.000]  [WriteHeartbeatToFile] ErrorCode:0 INFO: Done Sending the heartbeat.
[2026-02-21 02:00:42.000]  [WriteStatusToFile] ErrorCode:0 INFO: Done Sending the status.
[2026-02-21 02:01:12.000]  [WriteHeartbeatToFile] ErrorCode:0 INFO: Sending the heartbeat.
[2026-02-21 02:01:12.000]  [WriteStatusToFile] ErrorCode:0 INFO: Sending the status.
[2026-02-21 02:01:12.000]  [WriteStatusToFile] ErrorCode:0 INFO: Done Sending the status.
[2026-02-21 02:01:12.000]  [WriteHeartbeatToFile] ErrorCode:0 INFO: Done Sending the heartbeat.
[2026-02-21 02:01:12.000]  [FindProcessById] ErrorCode:0 INFO: Attempt to find the process MetricsExtension.Native.exe with ID: 5392.
[2026-02-21 02:01:12.000]  [FindProcessById] ErrorCode:0 INFO: Running Process MetricsExtension.Native.exe found. ID: 5392.
[2026-02-21 02:01:12.000]  [StartMetricsExtension] ErrorCode:0 ERROR: Metrics extension is already running
[2026-02-21 02:01:12.000]  [AggregateHeartbeat] ErrorCode:0 INFO: Start heartbeat aggregation.
[2026-02-21 02:01:12.000]  [QueryRegValueDWORD] ErrorCode:0 INFO: Query Registry for Key:SOFTWARE\Microsoft\Windows Azure\CurrentVersion\AzureMonitorAgentExtension\47.4.1.0, Name:MaServiceProcess
[2026-02-21 02:01:12.000]  [QueryRegValueDWORD] ErrorCode:0 INFO: Query Registry for Key:SOFTWARE\Microsoft\Windows Azure\CurrentVersion\AzureMonitorAgentExtension\47.4.1.0, Name:MaServiceProcess, Value:2228
[2026-02-21 02:01:12.000]  [FindProcessById] ErrorCode:0 INFO: Attempt to find the process MonAgentLauncher.exe with ID: 2228.
[2026-02-21 02:01:12.000]  [FindProcessById] ErrorCode:0 INFO: Running Process MonAgentLauncher.exe found. ID: 2228.
[2026-02-21 02:01:12.000]  [CheckIfMAServiceIsRunByExtension] ErrorCode:0 INFO: The MA process is running based on the m_registry
[2026-02-21 02:01:12.000]  [QueryRegValueDWORD] ErrorCode:0 INFO: Query Registry for Key:SOFTWARE\Microsoft\Windows Azure\CurrentVersion\AzureMonitorAgentExtension\47.4.1.0, Name:AMAMultitenantServiceProcess
[2026-02-21 02:01:12.000]  [QueryRegValueDWORD] ErrorCode:0 ERROR: RegQueryValueExA: failed to query REG_DWORD value, Key:SOFTWARE\Microsoft\Windows Azure\CurrentVersion\AzureMonitorAgentExtension\47.4.1.0, name=AMAMultitenantServiceProcess, error=2, type=0
[2026-02-21 02:01:12.000]  [CheckIfMAServiceIsRunByExtension] ErrorCode:1205 INFO: Unable to read the m_registry for MA process. Assume it is not running.
[2026-02-21 02:01:12.000]  [AggregateHeartbeat] ErrorCode:0 INFO: Configured MA Service is not running on the node.
[2026-02-21 02:01:12.000]  [SetImdsEnvironmentVariable] ErrorCode:0 INFO: Querying IMDS information
[2026-02-21 02:01:12.000]  [SetImdsEnvironmentVariable] ErrorCode:-1 INFO: Preparing to call IMDS. Endpoint: http://169.254.169.254
[2026-02-21 02:01:12.000]  [QueryIMDSEndpoint] ErrorCode:0 INFO: Queried IMDS successfully.
[2026-02-21 02:01:12.000]  [GetValueFromJsonOrDefault] ErrorCode:0 INFO: Read Imds response field with Name:location Value: westus2
[2026-02-21 02:01:12.000]  [GetValueFromJsonOrDefault] ErrorCode:0 INFO: Read Imds response field with Name:name Value: amawin
[2026-02-21 02:01:12.000]  [GetValueFromJsonOrDefault] ErrorCode:0 INFO: Read Imds response field with Name:subscriptionId Value: 351651ce-5feb-4e59-975d-f1f344e2b717
[2026-02-21 02:01:12.000]  [GetValueFromJsonOrDefault] ErrorCode:0 INFO: Read Imds response field with Name:vmId Value: 22afd636-aec1-4782-9055-f85ea283dc20
[2026-02-21 02:01:12.000]  [GetValueFromJsonOrDefault] ErrorCode:0 INFO: Read Imds response field with Name:vmScaleSetName Value: 
[2026-02-21 02:01:12.000]  [GetValueFromJsonOrDefault] ErrorCode:0 INFO: Read Imds response field with Name:resourceGroupName Value: AMAWin_group
[2026-02-21 02:01:12.000]  [GetValueFromJsonOrDefault] ErrorCode:0 INFO: Read Imds response field with Name:osType Value: Windows
[2026-02-21 02:01:12.000]  [GetValueFromJsonOrDefault] ErrorCode:0 INFO: Read Imds response field with Name:resourceId Value: /subscriptions/351651ce-5feb-4e59-975d-f1f344e2b717/resourceGroups/AMAWin_group/providers/Microsoft.Compute/virtualMachines/amawin
[2026-02-21 02:01:12.000]  [GetValueFromJsonOrDefault] ErrorCode:0 INFO: Read Imds response field with Name:azEnvironment Value: AzurePublicCloud
[2026-02-21 02:01:12.000]  [SetImdsEnvironmentVariable] ErrorCode:0 INFO: Successfully set Environment variables from Imds
[2026-02-21 02:01:12.000]  [AggregateHeartbeat] ErrorCode:0 INFO: Completed heartbeat aggregation.
[2026-02-21 02:01:42.000]  [WriteHeartbeatToFile] ErrorCode:0 INFO: Sending the heartbeat.
[2026-02-21 02:01:42.000]  [WriteStatusToFile] ErrorCode:0 INFO: Sending the status.
[2026-02-21 02:01:42.000]  [WriteStatusToFile] ErrorCode:0 INFO: Done Sending the status.
[2026-02-21 02:01:42.000]  [WriteHeartbeatToFile] ErrorCode:0 INFO: Done Sending the heartbeat.
[2026-02-21 02:02:12.000]  [WriteStatusToFile] ErrorCode:0 INFO: Sending the status.
[2026-02-21 02:02:12.000]  [WriteHeartbeatToFile] ErrorCode:0 INFO: Sending the heartbeat.
[2026-02-21 02:02:12.000]  [WriteStatusToFile] ErrorCode:0 INFO: Done Sending the status.
[2026-02-21 02:02:12.000]  [WriteHeartbeatToFile] ErrorCode:0 INFO: Done Sending the heartbeat.
[2026-02-21 02:02:12.000]  [FindProcessById] ErrorCode:0 INFO: Attempt to find the process MetricsExtension.Native.exe with ID: 5392.
[2026-02-21 02:02:12.000]  [FindProcessById] ErrorCode:0 INFO: Running Process MetricsExtension.Native.exe found. ID: 5392.
[2026-02-21 02:02:12.000]  [StartMetricsExtension] ErrorCode:0 ERROR: Metrics extension is already running
[2026-02-21 02:02:42.000]  [WriteStatusToFile] ErrorCode:0 INFO: Sending the status.
[2026-02-21 02:02:42.000]  [WriteHeartbeatToFile] ErrorCode:0 INFO: Sending the heartbeat.
[2026-02-21 02:02:42.000]  [WriteStatusToFile] ErrorCode:0 INFO: Done Sending the status.
[2026-02-21 02:02:42.000]  [WriteHeartbeatToFile] ErrorCode:0 INFO: Done Sending the heartbeat.
[2026-02-21 02:03:12.000]  [WriteHeartbeatToFile] ErrorCode:0 INFO: Sending the heartbeat.
[2026-02-21 02:03:12.000]  [WriteStatusToFile] ErrorCode:0 INFO: Sending the status.
[2026-02-21 02:03:12.000]  [WriteHeartbeatToFile] ErrorCode:0 INFO: Done Sending the heartbeat.
[2026-02-21 02:03:12.000]  [WriteStatusToFile] ErrorCode:0 INFO: Done Sending the status.
[2026-02-21 02:03:12.000]  [FindProcessById] ErrorCode:0 INFO: Attempt to find the process MetricsExtension.Native.exe with ID: 5392.
[2026-02-21 02:03:12.000]  [FindProcessById] ErrorCode:0 INFO: Running Process MetricsExtension.Native.exe found. ID: 5392.
[2026-02-21 02:03:12.000]  [StartMetricsExtension] ErrorCode:0 ERROR: Metrics extension is already running
[2026-02-21 02:03:42.000]  [WriteStatusToFile] ErrorCode:0 INFO: Sending the status.
[2026-02-21 02:03:42.000]  [WriteHeartbeatToFile] ErrorCode:0 INFO: Sending the heartbeat.
[2026-02-21 02:03:42.000]  [WriteStatusToFile] ErrorCode:0 INFO: Done Sending the status.
[2026-02-21 02:03:42.000]  [WriteHeartbeatToFile] ErrorCode:0 INFO: Done Sending the heartbeat.
[2026-02-21 02:04:12.000]  [WriteHeartbeatToFile] ErrorCode:0 INFO: Sending the heartbeat.
[2026-02-21 02:04:12.000]  [WriteStatusToFile] ErrorCode:0 INFO: Sending the status.
[2026-02-21 02:04:12.000]  [WriteStatusToFile] ErrorCode:0 INFO: Done Sending the status.
[2026-02-21 02:04:12.000]  [WriteHeartbeatToFile] ErrorCode:0 INFO: Done Sending the heartbeat.
[2026-02-21 02:04:12.000]  [FindProcessById] ErrorCode:0 INFO: Attempt to find the process MetricsExtension.Native.exe with ID: 5392.
[2026-02-21 02:04:12.000]  [FindProcessById] ErrorCode:0 INFO: Running Process MetricsExtension.Native.exe found. ID: 5392.
[2026-02-21 02:04:12.000]  [StartMetricsExtension] ErrorCode:0 ERROR: Metrics extension is already running
[2026-02-21 02:04:42.000]  [WriteStatusToFile] ErrorCode:0 INFO: Sending the status.
[2026-02-21 02:04:42.000]  [WriteHeartbeatToFile] ErrorCode:0 INFO: Sending the heartbeat.
[2026-02-21 02:04:42.000]  [WriteStatusToFile] ErrorCode:0 INFO: Done Sending the status.
[2026-02-21 02:04:42.000]  [WriteHeartbeatToFile] ErrorCode:0 INFO: Done Sending the heartbeat.
[2026-02-21 02:05:12.000]  [WriteHeartbeatToFile] ErrorCode:0 INFO: Sending the heartbeat.
[2026-02-21 02:05:12.000]  [WriteStatusToFile] ErrorCode:0 INFO: Sending the status.
[2026-02-21 02:05:12.000]  [WriteHeartbeatToFile] ErrorCode:0 INFO: Done Sending the heartbeat.
[2026-02-21 02:05:12.000]  [WriteStatusToFile] ErrorCode:0 INFO: Done Sending the status.
[2026-02-21 02:05:12.000]  [FindProcessById] ErrorCode:0 INFO: Attempt to find the process MetricsExtension.Native.exe with ID: 5392.
[2026-02-21 02:05:12.000]  [FindProcessById] ErrorCode:0 INFO: Running Process MetricsExtension.Native.exe found. ID: 5392.
[2026-02-21 02:05:12.000]  [StartMetricsExtension] ErrorCode:0 ERROR: Metrics extension is already running
[2026-02-21 02:05:42.000]  [WriteStatusToFile] ErrorCode:0 INFO: Sending the status.
[2026-02-21 02:05:42.000]  [WriteHeartbeatToFile] ErrorCode:0 INFO: Sending the heartbeat.
[2026-02-21 02:05:42.000]  [WriteStatusToFile] ErrorCode:0 INFO: Done Sending the status.
[2026-02-21 02:05:42.000]  [WriteHeartbeatToFile] ErrorCode:0 INFO: Done Sending the heartbeat.
[2026-02-21 02:06:12.000]  [WriteStatusToFile] ErrorCode:0 INFO: Sending the status.
[2026-02-21 02:06:12.000]  [WriteHeartbeatToFile] ErrorCode:0 INFO: Sending the heartbeat.
[2026-02-21 02:06:12.000]  [WriteStatusToFile] ErrorCode:0 INFO: Done Sending the status.
[2026-02-21 02:06:12.000]  [WriteHeartbeatToFile] ErrorCode:0 INFO: Done Sending the heartbeat.
[2026-02-21 02:06:12.000]  [FindProcessById] ErrorCode:0 INFO: Attempt to find the process MetricsExtension.Native.exe with ID: 5392.
[2026-02-21 02:06:12.000]  [FindProcessById] ErrorCode:0 INFO: Running Process MetricsExtension.Native.exe found. ID: 5392.
[2026-02-21 02:06:12.000]  [StartMetricsExtension] ErrorCode:0 ERROR: Metrics extension is already running
[2026-02-21 02:06:12.000]  [AggregateHeartbeat] ErrorCode:0 INFO: Start heartbeat aggregation.
[2026-02-21 02:06:12.000]  [QueryRegValueDWORD] ErrorCode:0 INFO: Query Registry for Key:SOFTWARE\Microsoft\Windows Azure\CurrentVersion\AzureMonitorAgentExtension\47.4.1.0, Name:MaServiceProcess
[2026-02-21 02:06:12.000]  [QueryRegValueDWORD] ErrorCode:0 INFO: Query Registry for Key:SOFTWARE\Microsoft\Windows Azure\CurrentVersion\AzureMonitorAgentExtension\47.4.1.0, Name:MaServiceProcess, Value:2228
[2026-02-21 02:06:12.000]  [FindProcessById] ErrorCode:0 INFO: Attempt to find the process MonAgentLauncher.exe with ID: 2228.
[2026-02-21 02:06:12.000]  [FindProcessById] ErrorCode:0 INFO: Running Process MonAgentLauncher.exe found. ID: 2228.
[2026-02-21 02:06:12.000]  [CheckIfMAServiceIsRunByExtension] ErrorCode:0 INFO: The MA process is running based on the m_registry
[2026-02-21 02:06:12.000]  [QueryRegValueDWORD] ErrorCode:0 INFO: Query Registry for Key:SOFTWARE\Microsoft\Windows Azure\CurrentVersion\AzureMonitorAgentExtension\47.4.1.0, Name:AMAMultitenantServiceProcess
[2026-02-21 02:06:12.000]  [QueryRegValueDWORD] ErrorCode:0 ERROR: RegQueryValueExA: failed to query REG_DWORD value, Key:SOFTWARE\Microsoft\Windows Azure\CurrentVersion\AzureMonitorAgentExtension\47.4.1.0, name=AMAMultitenantServiceProcess, error=2, type=0
[2026-02-21 02:06:12.000]  [CheckIfMAServiceIsRunByExtension] ErrorCode:1205 INFO: Unable to read the m_registry for MA process. Assume it is not running.
[2026-02-21 02:06:12.000]  [AggregateHeartbeat] ErrorCode:0 INFO: Configured MA Service is not running on the node.
[2026-02-21 02:06:12.000]  [SetImdsEnvironmentVariable] ErrorCode:0 INFO: Querying IMDS information
[2026-02-21 02:06:12.000]  [SetImdsEnvironmentVariable] ErrorCode:-1 INFO: Preparing to call IMDS. Endpoint: http://169.254.169.254
[2026-02-21 02:06:12.000]  [QueryIMDSEndpoint] ErrorCode:0 INFO: Queried IMDS successfully.
[2026-02-21 02:06:12.000]  [GetValueFromJsonOrDefault] ErrorCode:0 INFO: Read Imds response field with Name:location Value: westus2
[2026-02-21 02:06:12.000]  [GetValueFromJsonOrDefault] ErrorCode:0 INFO: Read Imds response field with Name:name Value: amawin
[2026-02-21 02:06:12.000]  [GetValueFromJsonOrDefault] ErrorCode:0 INFO: Read Imds response field with Name:subscriptionId Value: 351651ce-5feb-4e59-975d-f1f344e2b717
[2026-02-21 02:06:12.000]  [GetValueFromJsonOrDefault] ErrorCode:0 INFO: Read Imds response field with Name:vmId Value: 22afd636-aec1-4782-9055-f85ea283dc20
[2026-02-21 02:06:12.000]  [GetValueFromJsonOrDefault] ErrorCode:0 INFO: Read Imds response field with Name:vmScaleSetName Value: 
[2026-02-21 02:06:12.000]  [GetValueFromJsonOrDefault] ErrorCode:0 INFO: Read Imds response field with Name:resourceGroupName Value: AMAWin_group
[2026-02-21 02:06:12.000]  [GetValueFromJsonOrDefault] ErrorCode:0 INFO: Read Imds response field with Name:osType Value: Windows
[2026-02-21 02:06:12.000]  [GetValueFromJsonOrDefault] ErrorCode:0 INFO: Read Imds response field with Name:resourceId Value: /subscriptions/351651ce-5feb-4e59-975d-f1f344e2b717/resourceGroups/AMAWin_group/providers/Microsoft.Compute/virtualMachines/amawin
[2026-02-21 02:06:12.000]  [GetValueFromJsonOrDefault] ErrorCode:0 INFO: Read Imds response field with Name:azEnvironment Value: AzurePublicCloud
[2026-02-21 02:06:12.000]  [SetImdsEnvironmentVariable] ErrorCode:0 INFO: Successfully set Environment variables from Imds
[2026-02-21 02:06:12.000]  [AggregateHeartbeat] ErrorCode:0 INFO: Completed heartbeat aggregation.
[2026-02-21 02:06:42.000]  [WriteHeartbeatToFile] ErrorCode:0 INFO: Sending the heartbeat.
[2026-02-21 02:06:42.000]  [WriteStatusToFile] ErrorCode:0 INFO: Sending the status.
[2026-02-21 02:06:42.000]  [WriteHeartbeatToFile] ErrorCode:0 INFO: Done Sending the heartbeat.
[2026-02-21 02:06:42.000]  [WriteStatusToFile] ErrorCode:0 INFO: Done Sending the status.
[2026-02-21 02:07:12.000]  [WriteHeartbeatToFile] ErrorCode:0 INFO: Sending the heartbeat.
[2026-02-21 02:07:12.000]  [WriteStatusToFile] ErrorCode:0 INFO: Sending the status.
[2026-02-21 02:07:12.000]  [WriteHeartbeatToFile] ErrorCode:0 INFO: Done Sending the heartbeat.
[2026-02-21 02:07:12.000]  [WriteStatusToFile] ErrorCode:0 INFO: Done Sending the status.
[2026-02-21 02:07:12.000]  [FindProcessById] ErrorCode:0 INFO: Attempt to find the process MetricsExtension.Native.exe with ID: 5392.
[2026-02-21 02:07:12.000]  [FindProcessById] ErrorCode:0 INFO: Running Process MetricsExtension.Native.exe found. ID: 5392.
[2026-02-21 02:07:12.000]  [StartMetricsExtension] ErrorCode:0 ERROR: Metrics extension is already running
[2026-02-21 02:07:42.000]  [WriteStatusToFile] ErrorCode:0 INFO: Sending the status.
[2026-02-21 02:07:42.000]  [WriteHeartbeatToFile] ErrorCode:0 INFO: Sending the heartbeat.
[2026-02-21 02:07:42.000]  [WriteHeartbeatToFile] ErrorCode:0 INFO: Done Sending the heartbeat.
[2026-02-21 02:07:42.000]  [WriteStatusToFile] ErrorCode:0 INFO: Done Sending the status.
[2026-02-21 02:08:12.000]  [WriteStatusToFile] ErrorCode:0 INFO: Sending the status.
[2026-02-21 02:08:12.000]  [WriteHeartbeatToFile] ErrorCode:0 INFO: Sending the heartbeat.
[2026-02-21 02:08:12.000]  [WriteStatusToFile] ErrorCode:0 INFO: Done Sending the status.
[2026-02-21 02:08:12.000]  [WriteHeartbeatToFile] ErrorCode:0 INFO: Done Sending the heartbeat.
[2026-02-21 02:08:13.000]  [FindProcessById] ErrorCode:0 INFO: Attempt to find the process MetricsExtension.Native.exe with ID: 5392.
[2026-02-21 02:08:13.000]  [FindProcessById] ErrorCode:0 INFO: Running Process MetricsExtension.Native.exe found. ID: 5392.
[2026-02-21 02:08:13.000]  [StartMetricsExtension] ErrorCode:0 ERROR: Metrics extension is already running
[2026-02-21 02:08:42.000]  [WriteStatusToFile] ErrorCode:0 INFO: Sending the status.
[2026-02-21 02:08:42.000]  [WriteHeartbeatToFile] ErrorCode:0 INFO: Sending the heartbeat.
[2026-02-21 02:08:42.000]  [WriteStatusToFile] ErrorCode:0 INFO: Done Sending the status.
[2026-02-21 02:08:42.000]  [WriteHeartbeatToFile] ErrorCode:0 INFO: Done Sending the heartbeat.
[2026-02-21 02:09:12.000]  [WriteHeartbeatToFile] ErrorCode:0 INFO: Sending the heartbeat.
[2026-02-21 02:09:12.000]  [WriteStatusToFile] ErrorCode:0 INFO: Sending the status.
[2026-02-21 02:09:12.000]  [WriteHeartbeatToFile] ErrorCode:0 INFO: Done Sending the heartbeat.
[2026-02-21 02:09:12.000]  [WriteStatusToFile] ErrorCode:0 INFO: Done Sending the status.
[2026-02-21 02:09:13.000]  [FindProcessById] ErrorCode:0 INFO: Attempt to find the process MetricsExtension.Native.exe with ID: 5392.
[2026-02-21 02:09:13.000]  [FindProcessById] ErrorCode:0 INFO: Running Process MetricsExtension.Native.exe found. ID: 5392.
[2026-02-21 02:09:13.000]  [StartMetricsExtension] ErrorCode:0 ERROR: Metrics extension is already running
[2026-02-21 02:09:42.000]  [WriteStatusToFile] ErrorCode:0 INFO: Sending the status.
[2026-02-21 02:09:42.000]  [WriteHeartbeatToFile] ErrorCode:0 INFO: Sending the heartbeat.
[2026-02-21 02:09:42.000]  [WriteStatusToFile] ErrorCode:0 INFO: Done Sending the status.
[2026-02-21 02:09:42.000]  [WriteHeartbeatToFile] ErrorCode:0 INFO: Done Sending the heartbeat.
[2026-02-21 02:10:12.000]  [WriteHeartbeatToFile] ErrorCode:0 INFO: Sending the heartbeat.
[2026-02-21 02:10:12.000]  [WriteStatusToFile] ErrorCode:0 INFO: Sending the status.
[2026-02-21 02:10:12.000]  [WriteHeartbeatToFile] ErrorCode:0 INFO: Done Sending the heartbeat.
[2026-02-21 02:10:12.000]  [WriteStatusToFile] ErrorCode:0 INFO: Done Sending the status.
[2026-02-21 02:10:13.000]  [FindProcessById] ErrorCode:0 INFO: Attempt to find the process MetricsExtension.Native.exe with ID: 5392.
[2026-02-21 02:10:13.000]  [FindProcessById] ErrorCode:0 INFO: Running Process MetricsExtension.Native.exe found. ID: 5392.
[2026-02-21 02:10:13.000]  [StartMetricsExtension] ErrorCode:0 ERROR: Metrics extension is already running
[2026-02-21 02:10:42.000]  [WriteHeartbeatToFile] ErrorCode:0 INFO: Sending the heartbeat.
[2026-02-21 02:10:42.000]  [WriteStatusToFile] ErrorCode:0 INFO: Sending the status.
[2026-02-21 02:10:42.000]  [WriteStatusToFile] ErrorCode:0 INFO: Done Sending the status.
[2026-02-21 02:10:42.000]  [WriteHeartbeatToFile] ErrorCode:0 INFO: Done Sending the heartbeat.
[2026-02-21 02:11:12.000]  [WriteHeartbeatToFile] ErrorCode:0 INFO: Sending the heartbeat.
[2026-02-21 02:11:12.000]  [WriteStatusToFile] ErrorCode:0 INFO: Sending the status.
[2026-02-21 02:11:12.000]  [WriteHeartbeatToFile] ErrorCode:0 INFO: Done Sending the heartbeat.
[2026-02-21 02:11:12.000]  [WriteStatusToFile] ErrorCode:0 INFO: Done Sending the status.
[2026-02-21 02:11:13.000]  [FindProcessById] ErrorCode:0 INFO: Attempt to find the process MetricsExtension.Native.exe with ID: 5392.
[2026-02-21 02:11:13.000]  [FindProcessById] ErrorCode:0 INFO: Running Process MetricsExtension.Native.exe found. ID: 5392.
[2026-02-21 02:11:13.000]  [StartMetricsExtension] ErrorCode:0 ERROR: Metrics extension is already running
[2026-02-21 02:11:13.000]  [AggregateHeartbeat] ErrorCode:0 INFO: Start heartbeat aggregation.
[2026-02-21 02:11:13.000]  [QueryRegValueDWORD] ErrorCode:0 INFO: Query Registry for Key:SOFTWARE\Microsoft\Windows Azure\CurrentVersion\AzureMonitorAgentExtension\47.4.1.0, Name:MaServiceProcess
[2026-02-21 02:11:13.000]  [QueryRegValueDWORD] ErrorCode:0 INFO: Query Registry for Key:SOFTWARE\Microsoft\Windows Azure\CurrentVersion\AzureMonitorAgentExtension\47.4.1.0, Name:MaServiceProcess, Value:2228
[2026-02-21 02:11:13.000]  [FindProcessById] ErrorCode:0 INFO: Attempt to find the process MonAgentLauncher.exe with ID: 2228.
[2026-02-21 02:11:13.000]  [FindProcessById] ErrorCode:0 INFO: Running Process MonAgentLauncher.exe found. ID: 2228.
[2026-02-21 02:11:13.000]  [CheckIfMAServiceIsRunByExtension] ErrorCode:0 INFO: The MA process is running based on the m_registry
[2026-02-21 02:11:13.000]  [QueryRegValueDWORD] ErrorCode:0 INFO: Query Registry for Key:SOFTWARE\Microsoft\Windows Azure\CurrentVersion\AzureMonitorAgentExtension\47.4.1.0, Name:AMAMultitenantServiceProcess
[2026-02-21 02:11:13.000]  [QueryRegValueDWORD] ErrorCode:0 ERROR: RegQueryValueExA: failed to query REG_DWORD value, Key:SOFTWARE\Microsoft\Windows Azure\CurrentVersion\AzureMonitorAgentExtension\47.4.1.0, name=AMAMultitenantServiceProcess, error=2, type=0
[2026-02-21 02:11:13.000]  [CheckIfMAServiceIsRunByExtension] ErrorCode:1205 INFO: Unable to read the m_registry for MA process. Assume it is not running.
[2026-02-21 02:11:13.000]  [AggregateHeartbeat] ErrorCode:0 INFO: Configured MA Service is not running on the node.
[2026-02-21 02:11:13.000]  [SetImdsEnvironmentVariable] ErrorCode:0 INFO: Querying IMDS information
[2026-02-21 02:11:13.000]  [SetImdsEnvironmentVariable] ErrorCode:-1 INFO: Preparing to call IMDS. Endpoint: http://169.254.169.254
[2026-02-21 02:11:13.000]  [QueryIMDSEndpoint] ErrorCode:0 INFO: Queried IMDS successfully.
[2026-02-21 02:11:13.000]  [GetValueFromJsonOrDefault] ErrorCode:0 INFO: Read Imds response field with Name:location Value: westus2
[2026-02-21 02:11:13.000]  [GetValueFromJsonOrDefault] ErrorCode:0 INFO: Read Imds response field with Name:name Value: amawin
[2026-02-21 02:11:13.000]  [GetValueFromJsonOrDefault] ErrorCode:0 INFO: Read Imds response field with Name:subscriptionId Value: 351651ce-5feb-4e59-975d-f1f344e2b717
[2026-02-21 02:11:13.000]  [GetValueFromJsonOrDefault] ErrorCode:0 INFO: Read Imds response field with Name:vmId Value: 22afd636-aec1-4782-9055-f85ea283dc20
[2026-02-21 02:11:13.000]  [GetValueFromJsonOrDefault] ErrorCode:0 INFO: Read Imds response field with Name:vmScaleSetName Value: 
[2026-02-21 02:11:13.000]  [GetValueFromJsonOrDefault] ErrorCode:0 INFO: Read Imds response field with Name:resourceGroupName Value: AMAWin_group
[2026-02-21 02:11:13.000]  [GetValueFromJsonOrDefault] ErrorCode:0 INFO: Read Imds response field with Name:osType Value: Windows
[2026-02-21 02:11:13.000]  [GetValueFromJsonOrDefault] ErrorCode:0 INFO: Read Imds response field with Name:resourceId Value: /subscriptions/351651ce-5feb-4e59-975d-f1f344e2b717/resourceGroups/AMAWin_group/providers/Microsoft.Compute/virtualMachines/amawin
[2026-02-21 02:11:13.000]  [GetValueFromJsonOrDefault] ErrorCode:0 INFO: Read Imds response field with Name:azEnvironment Value: AzurePublicCloud
[2026-02-21 02:11:13.000]  [SetImdsEnvironmentVariable] ErrorCode:0 INFO: Successfully set Environment variables from Imds
[2026-02-21 02:11:13.000]  [AggregateHeartbeat] ErrorCode:0 INFO: Completed heartbeat aggregation.
[2026-02-21 02:11:42.000]  [WriteHeartbeatToFile] ErrorCode:0 INFO: Sending the heartbeat.
[2026-02-21 02:11:42.000]  [WriteStatusToFile] ErrorCode:0 INFO: Sending the status.
[2026-02-21 02:11:42.000]  [WriteHeartbeatToFile] ErrorCode:0 INFO: Done Sending the heartbeat.
[2026-02-21 02:11:42.000]  [WriteStatusToFile] ErrorCode:0 INFO: Done Sending the status.
[2026-02-21 02:12:12.000]  [WriteStatusToFile] ErrorCode:0 INFO: Sending the status.
[2026-02-21 02:12:12.000]  [WriteHeartbeatToFile] ErrorCode:0 INFO: Sending the heartbeat.
[2026-02-21 02:12:12.000]  [WriteStatusToFile] ErrorCode:0 INFO: Done Sending the status.
[2026-02-21 02:12:12.000]  [WriteHeartbeatToFile] ErrorCode:0 INFO: Done Sending the heartbeat.
[2026-02-21 02:12:13.000]  [FindProcessById] ErrorCode:0 INFO: Attempt to find the process MetricsExtension.Native.exe with ID: 5392.
[2026-02-21 02:12:13.000]  [FindProcessById] ErrorCode:0 INFO: Running Process MetricsExtension.Native.exe found. ID: 5392.
[2026-02-21 02:12:13.000]  [StartMetricsExtension] ErrorCode:0 ERROR: Metrics extension is already running
[2026-02-21 02:12:42.000]  [WriteHeartbeatToFile] ErrorCode:0 INFO: Sending the heartbeat.
[2026-02-21 02:12:42.000]  [WriteStatusToFile] ErrorCode:0 INFO: Sending the status.
[2026-02-21 02:12:42.000]  [WriteHeartbeatToFile] ErrorCode:0 INFO: Done Sending the heartbeat.
[2026-02-21 02:12:42.000]  [WriteStatusToFile] ErrorCode:0 INFO: Done Sending the status.
[2026-02-21 02:13:12.000]  [WriteStatusToFile] ErrorCode:0 INFO: Sending the status.
[2026-02-21 02:13:12.000]  [WriteHeartbeatToFile] ErrorCode:0 INFO: Sending the heartbeat.
[2026-02-21 02:13:12.000]  [WriteStatusToFile] ErrorCode:0 INFO: Done Sending the status.
[2026-02-21 02:13:12.000]  [WriteHeartbeatToFile] ErrorCode:0 INFO: Done Sending the heartbeat.
[2026-02-21 02:13:13.000]  [FindProcessById] ErrorCode:0 INFO: Attempt to find the process MetricsExtension.Native.exe with ID: 5392.
[2026-02-21 02:13:13.000]  [FindProcessById] ErrorCode:0 INFO: Running Process MetricsExtension.Native.exe found. ID: 5392.
[2026-02-21 02:13:13.000]  [StartMetricsExtension] ErrorCode:0 ERROR: Metrics extension is already running
[2026-02-21 02:13:42.000]  [WriteStatusToFile] ErrorCode:0 INFO: Sending the status.
[2026-02-21 02:13:42.000]  [WriteHeartbeatToFile] ErrorCode:0 INFO: Sending the heartbeat.
[2026-02-21 02:13:42.000]  [WriteStatusToFile] ErrorCode:0 INFO: Done Sending the status.
[2026-02-21 02:13:42.000]  [WriteHeartbeatToFile] ErrorCode:0 INFO: Done Sending the heartbeat.
[2026-02-21 02:14:13.000]  [WriteStatusToFile] ErrorCode:0 INFO: Sending the status.
[2026-02-21 02:14:13.000]  [WriteHeartbeatToFile] ErrorCode:0 INFO: Sending the heartbeat.
[2026-02-21 02:14:13.000]  [WriteStatusToFile] ErrorCode:0 INFO: Done Sending the status.
[2026-02-21 02:14:13.000]  [WriteHeartbeatToFile] ErrorCode:0 INFO: Done Sending the heartbeat.
[2026-02-21 02:14:13.000]  [FindProcessById] ErrorCode:0 INFO: Attempt to find the process MetricsExtension.Native.exe with ID: 5392.
[2026-02-21 02:14:13.000]  [FindProcessById] ErrorCode:0 INFO: Running Process MetricsExtension.Native.exe found. ID: 5392.
[2026-02-21 02:14:13.000]  [StartMetricsExtension] ErrorCode:0 ERROR: Metrics extension is already running
[2026-02-21 02:14:43.000]  [WriteStatusToFile] ErrorCode:0 INFO: Sending the status.
[2026-02-21 02:14:43.000]  [WriteHeartbeatToFile] ErrorCode:0 INFO: Sending the heartbeat.
[2026-02-21 02:14:43.000]  [WriteHeartbeatToFile] ErrorCode:0 INFO: Done Sending the heartbeat.
[2026-02-21 02:14:43.000]  [WriteStatusToFile] ErrorCode:0 INFO: Done Sending the status.
[2026-02-21 02:15:13.000]  [WriteHeartbeatToFile] ErrorCode:0 INFO: Sending the heartbeat.
[2026-02-21 02:15:13.000]  [WriteStatusToFile] ErrorCode:0 INFO: Sending the status.
[2026-02-21 02:15:13.000]  [WriteHeartbeatToFile] ErrorCode:0 INFO: Done Sending the heartbeat.
[2026-02-21 02:15:13.000]  [WriteStatusToFile] ErrorCode:0 INFO: Done Sending the status.
[2026-02-21 02:15:13.000]  [FindProcessById] ErrorCode:0 INFO: Attempt to find the process MetricsExtension.Native.exe with ID: 5392.
[2026-02-21 02:15:13.000]  [FindProcessById] ErrorCode:0 INFO: Running Process MetricsExtension.Native.exe found. ID: 5392.
[2026-02-21 02:15:13.000]  [StartMetricsExtension] ErrorCode:0 ERROR: Metrics extension is already running
[2026-02-21 02:15:43.000]  [WriteHeartbeatToFile] ErrorCode:0 INFO: Sending the heartbeat.
[2026-02-21 02:15:43.000]  [WriteStatusToFile] ErrorCode:0 INFO: Sending the status.
[2026-02-21 02:15:43.000]  [WriteHeartbeatToFile] ErrorCode:0 INFO: Done Sending the heartbeat.
[2026-02-21 02:15:43.000]  [WriteStatusToFile] ErrorCode:0 INFO: Done Sending the status.
[2026-02-21 02:16:13.000]  [WriteStatusToFile] ErrorCode:0 INFO: Sending the status.
[2026-02-21 02:16:13.000]  [WriteHeartbeatToFile] ErrorCode:0 INFO: Sending the heartbeat.
[2026-02-21 02:16:13.000]  [WriteStatusToFile] ErrorCode:0 INFO: Done Sending the status.
[2026-02-21 02:16:13.000]  [WriteHeartbeatToFile] ErrorCode:0 INFO: Done Sending the heartbeat.
[2026-02-21 02:16:13.000]  [FindProcessById] ErrorCode:0 INFO: Attempt to find the process MetricsExtension.Native.exe with ID: 5392.
[2026-02-21 02:16:13.000]  [FindProcessById] ErrorCode:0 INFO: Running Process MetricsExtension.Native.exe found. ID: 5392.
[2026-02-21 02:16:13.000]  [StartMetricsExtension] ErrorCode:0 ERROR: Metrics extension is already running
[2026-02-21 02:16:13.000]  [AggregateHeartbeat] ErrorCode:0 INFO: Start heartbeat aggregation.
[2026-02-21 02:16:13.000]  [QueryRegValueDWORD] ErrorCode:0 INFO: Query Registry for Key:SOFTWARE\Microsoft\Windows Azure\CurrentVersion\AzureMonitorAgentExtension\47.4.1.0, Name:MaServiceProcess
[2026-02-21 02:16:13.000]  [QueryRegValueDWORD] ErrorCode:0 INFO: Query Registry for Key:SOFTWARE\Microsoft\Windows Azure\CurrentVersion\AzureMonitorAgentExtension\47.4.1.0, Name:MaServiceProcess, Value:2228
[2026-02-21 02:16:13.000]  [FindProcessById] ErrorCode:0 INFO: Attempt to find the process MonAgentLauncher.exe with ID: 2228.
[2026-02-21 02:16:13.000]  [FindProcessById] ErrorCode:0 INFO: Running Process MonAgentLauncher.exe found. ID: 2228.
[2026-02-21 02:16:13.000]  [CheckIfMAServiceIsRunByExtension] ErrorCode:0 INFO: The MA process is running based on the m_registry
[2026-02-21 02:16:13.000]  [QueryRegValueDWORD] ErrorCode:0 INFO: Query Registry for Key:SOFTWARE\Microsoft\Windows Azure\CurrentVersion\AzureMonitorAgentExtension\47.4.1.0, Name:AMAMultitenantServiceProcess
[2026-02-21 02:16:13.000]  [QueryRegValueDWORD] ErrorCode:0 ERROR: RegQueryValueExA: failed to query REG_DWORD value, Key:SOFTWARE\Microsoft\Windows Azure\CurrentVersion\AzureMonitorAgentExtension\47.4.1.0, name=AMAMultitenantServiceProcess, error=2, type=0
[2026-02-21 02:16:13.000]  [CheckIfMAServiceIsRunByExtension] ErrorCode:1205 INFO: Unable to read the m_registry for MA process. Assume it is not running.
[2026-02-21 02:16:13.000]  [AggregateHeartbeat] ErrorCode:0 INFO: Configured MA Service is not running on the node.
[2026-02-21 02:16:13.000]  [SetImdsEnvironmentVariable] ErrorCode:0 INFO: Querying IMDS information
[2026-02-21 02:16:13.000]  [SetImdsEnvironmentVariable] ErrorCode:-1 INFO: Preparing to call IMDS. Endpoint: http://169.254.169.254
[2026-02-21 02:16:13.000]  [QueryIMDSEndpoint] ErrorCode:0 INFO: Queried IMDS successfully.
[2026-02-21 02:16:13.000]  [GetValueFromJsonOrDefault] ErrorCode:0 INFO: Read Imds response field with Name:location Value: westus2
[2026-02-21 02:16:13.000]  [GetValueFromJsonOrDefault] ErrorCode:0 INFO: Read Imds response field with Name:name Value: amawin
[2026-02-21 02:16:13.000]  [GetValueFromJsonOrDefault] ErrorCode:0 INFO: Read Imds response field with Name:subscriptionId Value: 351651ce-5feb-4e59-975d-f1f344e2b717
[2026-02-21 02:16:13.000]  [GetValueFromJsonOrDefault] ErrorCode:0 INFO: Read Imds response field with Name:vmId Value: 22afd636-aec1-4782-9055-f85ea283dc20
[2026-02-21 02:16:13.000]  [GetValueFromJsonOrDefault] ErrorCode:0 INFO: Read Imds response field with Name:vmScaleSetName Value: 
[2026-02-21 02:16:13.000]  [GetValueFromJsonOrDefault] ErrorCode:0 INFO: Read Imds response field with Name:resourceGroupName Value: AMAWin_group
[2026-02-21 02:16:13.000]  [GetValueFromJsonOrDefault] ErrorCode:0 INFO: Read Imds response field with Name:osType Value: Windows
[2026-02-21 02:16:13.000]  [GetValueFromJsonOrDefault] ErrorCode:0 INFO: Read Imds response field with Name:resourceId Value: /subscriptions/351651ce-5feb-4e59-975d-f1f344e2b717/resourceGroups/AMAWin_group/providers/Microsoft.Compute/virtualMachines/amawin
[2026-02-21 02:16:13.000]  [GetValueFromJsonOrDefault] ErrorCode:0 INFO: Read Imds response field with Name:azEnvironment Value: AzurePublicCloud
[2026-02-21 02:16:13.000]  [SetImdsEnvironmentVariable] ErrorCode:0 INFO: Successfully set Environment variables from Imds
[2026-02-21 02:16:13.000]  [AggregateHeartbeat] ErrorCode:0 INFO: Completed heartbeat aggregation.
[2026-02-21 02:16:43.000]  [WriteHeartbeatToFile] ErrorCode:0 INFO: Sending the heartbeat.
[2026-02-21 02:16:43.000]  [WriteStatusToFile] ErrorCode:0 INFO: Sending the status.
[2026-02-21 02:16:43.000]  [WriteHeartbeatToFile] ErrorCode:0 INFO: Done Sending the heartbeat.
[2026-02-21 02:16:43.000]  [WriteStatusToFile] ErrorCode:0 INFO: Done Sending the status.
[2026-02-21 02:17:13.000]  [WriteHeartbeatToFile] ErrorCode:0 INFO: Sending the heartbeat.
[2026-02-21 02:17:13.000]  [WriteStatusToFile] ErrorCode:0 INFO: Sending the status.
[2026-02-21 02:17:13.000]  [WriteHeartbeatToFile] ErrorCode:0 INFO: Done Sending the heartbeat.
[2026-02-21 02:17:13.000]  [WriteStatusToFile] ErrorCode:0 INFO: Done Sending the status.
[2026-02-21 02:17:13.000]  [FindProcessById] ErrorCode:0 INFO: Attempt to find the process MetricsExtension.Native.exe with ID: 5392.
[2026-02-21 02:17:13.000]  [FindProcessById] ErrorCode:0 INFO: Running Process MetricsExtension.Native.exe found. ID: 5392.
[2026-02-21 02:17:13.000]  [StartMetricsExtension] ErrorCode:0 ERROR: Metrics extension is already running
[2026-02-21 02:17:43.000]  [WriteHeartbeatToFile] ErrorCode:0 INFO: Sending the heartbeat.
[2026-02-21 02:17:43.000]  [WriteStatusToFile] ErrorCode:0 INFO: Sending the status.
[2026-02-21 02:17:43.000]  [WriteHeartbeatToFile] ErrorCode:0 INFO: Done Sending the heartbeat.
[2026-02-21 02:17:43.000]  [WriteStatusToFile] ErrorCode:0 INFO: Done Sending the status.
[2026-02-21 02:18:13.000]  [WriteHeartbeatToFile] ErrorCode:0 INFO: Sending the heartbeat.
[2026-02-21 02:18:13.000]  [WriteStatusToFile] ErrorCode:0 INFO: Sending the status.
[2026-02-21 02:18:13.000]  [WriteStatusToFile] ErrorCode:0 INFO: Done Sending the status.
[2026-02-21 02:18:13.000]  [WriteHeartbeatToFile] ErrorCode:0 INFO: Done Sending the heartbeat.
[2026-02-21 02:18:13.000]  [FindProcessById] ErrorCode:0 INFO: Attempt to find the process MetricsExtension.Native.exe with ID: 5392.
[2026-02-21 02:18:13.000]  [FindProcessById] ErrorCode:0 INFO: Running Process MetricsExtension.Native.exe found. ID: 5392.
[2026-02-21 02:18:13.000]  [StartMetricsExtension] ErrorCode:0 ERROR: Metrics extension is already running
[2026-02-21 02:18:43.000]  [WriteStatusToFile] ErrorCode:0 INFO: Sending the status.
[2026-02-21 02:18:43.000]  [WriteHeartbeatToFile] ErrorCode:0 INFO: Sending the heartbeat.
[2026-02-21 02:18:43.000]  [WriteStatusToFile] ErrorCode:0 INFO: Done Sending the status.
[2026-02-21 02:18:43.000]  [WriteHeartbeatToFile] ErrorCode:0 INFO: Done Sending the heartbeat.
[2026-02-21 02:19:13.000]  [WriteHeartbeatToFile] ErrorCode:0 INFO: Sending the heartbeat.
[2026-02-21 02:19:13.000]  [WriteStatusToFile] ErrorCode:0 INFO: Sending the status.
[2026-02-21 02:19:13.000]  [WriteHeartbeatToFile] ErrorCode:0 INFO: Done Sending the heartbeat.
[2026-02-21 02:19:13.000]  [WriteStatusToFile] ErrorCode:0 INFO: Done Sending the status.
[2026-02-21 02:19:13.000]  [FindProcessById] ErrorCode:0 INFO: Attempt to find the process MetricsExtension.Native.exe with ID: 5392.
[2026-02-21 02:19:13.000]  [FindProcessById] ErrorCode:0 INFO: Running Process MetricsExtension.Native.exe found. ID: 5392.
[2026-02-21 02:19:13.000]  [StartMetricsExtension] ErrorCode:0 ERROR: Metrics extension is already running
[2026-02-21 02:19:43.000]  [WriteHeartbeatToFile] ErrorCode:0 INFO: Sending the heartbeat.
[2026-02-21 02:19:43.000]  [WriteStatusToFile] ErrorCode:0 INFO: Sending the status.
[2026-02-21 02:19:43.000]  [WriteHeartbeatToFile] ErrorCode:0 INFO: Done Sending the heartbeat.
[2026-02-21 02:19:43.000]  [WriteStatusToFile] ErrorCode:0 INFO: Done Sending the status.
[2026-02-21 02:20:13.000]  [WriteStatusToFile] ErrorCode:0 INFO: Sending the status.
[2026-02-21 02:20:13.000]  [WriteHeartbeatToFile] ErrorCode:0 INFO: Sending the heartbeat.
[2026-02-21 02:20:13.000]  [WriteHeartbeatToFile] ErrorCode:0 INFO: Done Sending the heartbeat.
[2026-02-21 02:20:13.000]  [WriteStatusToFile] ErrorCode:0 INFO: Done Sending the status.
[2026-02-21 02:20:13.000]  [FindProcessById] ErrorCode:0 INFO: Attempt to find the process MetricsExtension.Native.exe with ID: 5392.
[2026-02-21 02:20:13.000]  [FindProcessById] ErrorCode:0 INFO: Running Process MetricsExtension.Native.exe found. ID: 5392.
[2026-02-21 02:20:13.000]  [StartMetricsExtension] ErrorCode:0 ERROR: Metrics extension is already running
[2026-02-21 02:20:43.000]  [WriteHeartbeatToFile] ErrorCode:0 INFO: Sending the heartbeat.
[2026-02-21 02:20:43.000]  [WriteStatusToFile] ErrorCode:0 INFO: Sending the status.
[2026-02-21 02:20:43.000]  [WriteStatusToFile] ErrorCode:0 INFO: Done Sending the status.
[2026-02-21 02:20:43.000]  [WriteHeartbeatToFile] ErrorCode:0 INFO: Done Sending the heartbeat.
[2026-02-21 02:21:13.000]  [WriteHeartbeatToFile] ErrorCode:0 INFO: Sending the heartbeat.
[2026-02-21 02:21:13.000]  [WriteStatusToFile] ErrorCode:0 INFO: Sending the status.
[2026-02-21 02:21:13.000]  [WriteStatusToFile] ErrorCode:0 INFO: Done Sending the status.
[2026-02-21 02:21:13.000]  [WriteHeartbeatToFile] ErrorCode:0 INFO: Done Sending the heartbeat.
[2026-02-21 02:21:13.000]  [FindProcessById] ErrorCode:0 INFO: Attempt to find the process MetricsExtension.Native.exe with ID: 5392.
[2026-02-21 02:21:13.000]  [FindProcessById] ErrorCode:0 INFO: Running Process MetricsExtension.Native.exe found. ID: 5392.
[2026-02-21 02:21:13.000]  [StartMetricsExtension] ErrorCode:0 ERROR: Metrics extension is already running
[2026-02-21 02:21:13.000]  [AggregateHeartbeat] ErrorCode:0 INFO: Start heartbeat aggregation.
[2026-02-21 02:21:13.000]  [QueryRegValueDWORD] ErrorCode:0 INFO: Query Registry for Key:SOFTWARE\Microsoft\Windows Azure\CurrentVersion\AzureMonitorAgentExtension\47.4.1.0, Name:MaServiceProcess
[2026-02-21 02:21:13.000]  [QueryRegValueDWORD] ErrorCode:0 INFO: Query Registry for Key:SOFTWARE\Microsoft\Windows Azure\CurrentVersion\AzureMonitorAgentExtension\47.4.1.0, Name:MaServiceProcess, Value:2228
[2026-02-21 02:21:13.000]  [FindProcessById] ErrorCode:0 INFO: Attempt to find the process MonAgentLauncher.exe with ID: 2228.
[2026-02-21 02:21:13.000]  [FindProcessById] ErrorCode:0 INFO: Running Process MonAgentLauncher.exe found. ID: 2228.
[2026-02-21 02:21:13.000]  [CheckIfMAServiceIsRunByExtension] ErrorCode:0 INFO: The MA process is running based on the m_registry
[2026-02-21 02:21:13.000]  [QueryRegValueDWORD] ErrorCode:0 INFO: Query Registry for Key:SOFTWARE\Microsoft\Windows Azure\CurrentVersion\AzureMonitorAgentExtension\47.4.1.0, Name:AMAMultitenantServiceProcess
[2026-02-21 02:21:13.000]  [QueryRegValueDWORD] ErrorCode:0 ERROR: RegQueryValueExA: failed to query REG_DWORD value, Key:SOFTWARE\Microsoft\Windows Azure\CurrentVersion\AzureMonitorAgentExtension\47.4.1.0, name=AMAMultitenantServiceProcess, error=2, type=0
[2026-02-21 02:21:13.000]  [CheckIfMAServiceIsRunByExtension] ErrorCode:1205 INFO: Unable to read the m_registry for MA process. Assume it is not running.
[2026-02-21 02:21:13.000]  [AggregateHeartbeat] ErrorCode:0 INFO: Configured MA Service is not running on the node.
[2026-02-21 02:21:13.000]  [SetImdsEnvironmentVariable] ErrorCode:0 INFO: Querying IMDS information
[2026-02-21 02:21:13.000]  [SetImdsEnvironmentVariable] ErrorCode:-1 INFO: Preparing to call IMDS. Endpoint: http://169.254.169.254
[2026-02-21 02:21:13.000]  [QueryIMDSEndpoint] ErrorCode:0 INFO: Queried IMDS successfully.
[2026-02-21 02:21:13.000]  [GetValueFromJsonOrDefault] ErrorCode:0 INFO: Read Imds response field with Name:location Value: westus2
[2026-02-21 02:21:13.000]  [GetValueFromJsonOrDefault] ErrorCode:0 INFO: Read Imds response field with Name:name Value: amawin
[2026-02-21 02:21:13.000]  [GetValueFromJsonOrDefault] ErrorCode:0 INFO: Read Imds response field with Name:subscriptionId Value: 351651ce-5feb-4e59-975d-f1f344e2b717
[2026-02-21 02:21:13.000]  [GetValueFromJsonOrDefault] ErrorCode:0 INFO: Read Imds response field with Name:vmId Value: 22afd636-aec1-4782-9055-f85ea283dc20
[2026-02-21 02:21:13.000]  [GetValueFromJsonOrDefault] ErrorCode:0 INFO: Read Imds response field with Name:vmScaleSetName Value: 
[2026-02-21 02:21:13.000]  [GetValueFromJsonOrDefault] ErrorCode:0 INFO: Read Imds response field with Name:resourceGroupName Value: AMAWin_group
[2026-02-21 02:21:13.000]  [GetValueFromJsonOrDefault] ErrorCode:0 INFO: Read Imds response field with Name:osType Value: Windows
[2026-02-21 02:21:13.000]  [GetValueFromJsonOrDefault] ErrorCode:0 INFO: Read Imds response field with Name:resourceId Value: /subscriptions/351651ce-5feb-4e59-975d-f1f344e2b717/resourceGroups/AMAWin_group/providers/Microsoft.Compute/virtualMachines/amawin
[2026-02-21 02:21:13.000]  [GetValueFromJsonOrDefault] ErrorCode:0 INFO: Read Imds response field with Name:azEnvironment Value: AzurePublicCloud
[2026-02-21 02:21:13.000]  [SetImdsEnvironmentVariable] ErrorCode:0 INFO: Successfully set Environment variables from Imds
[2026-02-21 02:21:13.000]  [AggregateHeartbeat] ErrorCode:0 INFO: Completed heartbeat aggregation.
[2026-02-21 02:21:43.000]  [WriteStatusToFile] ErrorCode:0 INFO: Sending the status.
[2026-02-21 02:21:43.000]  [WriteHeartbeatToFile] ErrorCode:0 INFO: Sending the heartbeat.
[2026-02-21 02:21:43.000]  [WriteStatusToFile] ErrorCode:0 INFO: Done Sending the status.
[2026-02-21 02:21:43.000]  [WriteHeartbeatToFile] ErrorCode:0 INFO: Done Sending the heartbeat.
[2026-02-21 02:22:13.000]  [WriteHeartbeatToFile] ErrorCode:0 INFO: Sending the heartbeat.
[2026-02-21 02:22:13.000]  [WriteStatusToFile] ErrorCode:0 INFO: Sending the status.
[2026-02-21 02:22:13.000]  [WriteHeartbeatToFile] ErrorCode:0 INFO: Done Sending the heartbeat.
[2026-02-21 02:22:13.000]  [WriteStatusToFile] ErrorCode:0 INFO: Done Sending the status.
[2026-02-21 02:22:13.000]  [FindProcessById] ErrorCode:0 INFO: Attempt to find the process MetricsExtension.Native.exe with ID: 5392.
[2026-02-21 02:22:13.000]  [FindProcessById] ErrorCode:0 INFO: Running Process MetricsExtension.Native.exe found. ID: 5392.
[2026-02-21 02:22:13.000]  [StartMetricsExtension] ErrorCode:0 ERROR: Metrics extension is already running
[2026-02-21 02:22:43.000]  [WriteStatusToFile] ErrorCode:0 INFO: Sending the status.
[2026-02-21 02:22:43.000]  [WriteHeartbeatToFile] ErrorCode:0 INFO: Sending the heartbeat.
[2026-02-21 02:22:43.000]  [WriteStatusToFile] ErrorCode:0 INFO: Done Sending the status.
[2026-02-21 02:22:43.000]  [WriteHeartbeatToFile] ErrorCode:0 INFO: Done Sending the heartbeat.
[2026-02-21 02:23:13.000]  [WriteHeartbeatToFile] ErrorCode:0 INFO: Sending the heartbeat.
[2026-02-21 02:23:13.000]  [WriteStatusToFile] ErrorCode:0 INFO: Sending the status.
[2026-02-21 02:23:13.000]  [WriteHeartbeatToFile] ErrorCode:0 INFO: Done Sending the heartbeat.
[2026-02-21 02:23:13.000]  [WriteStatusToFile] ErrorCode:0 INFO: Done Sending the status.
[2026-02-21 02:23:13.000]  [FindProcessById] ErrorCode:0 INFO: Attempt to find the process MetricsExtension.Native.exe with ID: 5392.
[2026-02-21 02:23:13.000]  [FindProcessById] ErrorCode:0 INFO: Running Process MetricsExtension.Native.exe found. ID: 5392.
[2026-02-21 02:23:13.000]  [StartMetricsExtension] ErrorCode:0 ERROR: Metrics extension is already running
[2026-02-21 02:23:43.000]  [WriteStatusToFile] ErrorCode:0 INFO: Sending the status.
[2026-02-21 02:23:43.000]  [WriteHeartbeatToFile] ErrorCode:0 INFO: Sending the heartbeat.
[2026-02-21 02:23:43.000]  [WriteStatusToFile] ErrorCode:0 INFO: Done Sending the status.
[2026-02-21 02:23:43.000]  [WriteHeartbeatToFile] ErrorCode:0 INFO: Done Sending the heartbeat.
[2026-02-21 02:24:13.000]  [WriteHeartbeatToFile] ErrorCode:0 INFO: Sending the heartbeat.
[2026-02-21 02:24:13.000]  [WriteStatusToFile] ErrorCode:0 INFO: Sending the status.
[2026-02-21 02:24:13.000]  [WriteHeartbeatToFile] ErrorCode:0 INFO: Done Sending the heartbeat.
[2026-02-21 02:24:13.000]  [WriteStatusToFile] ErrorCode:0 INFO: Done Sending the status.
[2026-02-21 02:24:13.000]  [FindProcessById] ErrorCode:0 INFO: Attempt to find the process MetricsExtension.Native.exe with ID: 5392.
[2026-02-21 02:24:13.000]  [FindProcessById] ErrorCode:0 INFO: Running Process MetricsExtension.Native.exe found. ID: 5392.
[2026-02-21 02:24:13.000]  [StartMetricsExtension] ErrorCode:0 ERROR: Metrics extension is already running
[2026-02-21 02:24:43.000]  [WriteStatusToFile] ErrorCode:0 INFO: Sending the status.
[2026-02-21 02:24:43.000]  [WriteHeartbeatToFile] ErrorCode:0 INFO: Sending the heartbeat.
[2026-02-21 02:24:43.000]  [WriteHeartbeatToFile] ErrorCode:0 INFO: Done Sending the heartbeat.
[2026-02-21 02:24:43.000]  [WriteStatusToFile] ErrorCode:0 INFO: Done Sending the status.
[2026-02-21 02:25:13.000]  [WriteHeartbeatToFile] ErrorCode:0 INFO: Sending the heartbeat.
[2026-02-21 02:25:13.000]  [WriteStatusToFile] ErrorCode:0 INFO: Sending the status.
[2026-02-21 02:25:13.000]  [WriteHeartbeatToFile] ErrorCode:0 INFO: Done Sending the heartbeat.
[2026-02-21 02:25:13.000]  [WriteStatusToFile] ErrorCode:0 INFO: Done Sending the status.
[2026-02-21 02:25:13.000]  [FindProcessById] ErrorCode:0 INFO: Attempt to find the process MetricsExtension.Native.exe with ID: 5392.
[2026-02-21 02:25:13.000]  [FindProcessById] ErrorCode:0 INFO: Running Process MetricsExtension.Native.exe found. ID: 5392.
[2026-02-21 02:25:13.000]  [StartMetricsExtension] ErrorCode:0 ERROR: Metrics extension is already running
[2026-02-21 02:25:43.000]  [WriteStatusToFile] ErrorCode:0 INFO: Sending the status.
[2026-02-21 02:25:43.000]  [WriteHeartbeatToFile] ErrorCode:0 INFO: Sending the heartbeat.
[2026-02-21 02:25:43.000]  [WriteHeartbeatToFile] ErrorCode:0 INFO: Done Sending the heartbeat.
[2026-02-21 02:25:43.000]  [WriteStatusToFile] ErrorCode:0 INFO: Done Sending the status.
[2026-02-21 02:26:13.000]  [WriteHeartbeatToFile] ErrorCode:0 INFO: Sending the heartbeat.
[2026-02-21 02:26:13.000]  [WriteStatusToFile] ErrorCode:0 INFO: Sending the status.
[2026-02-21 02:26:13.000]  [WriteStatusToFile] ErrorCode:0 INFO: Done Sending the status.
[2026-02-21 02:26:13.000]  [WriteHeartbeatToFile] ErrorCode:0 INFO: Done Sending the heartbeat.
[2026-02-21 02:26:13.000]  [FindProcessById] ErrorCode:0 INFO: Attempt to find the process MetricsExtension.Native.exe with ID: 5392.
[2026-02-21 02:26:13.000]  [FindProcessById] ErrorCode:0 INFO: Running Process MetricsExtension.Native.exe found. ID: 5392.
[2026-02-21 02:26:13.000]  [StartMetricsExtension] ErrorCode:0 ERROR: Metrics extension is already running
[2026-02-21 02:26:13.000]  [AggregateHeartbeat] ErrorCode:0 INFO: Start heartbeat aggregation.
[2026-02-21 02:26:13.000]  [QueryRegValueDWORD] ErrorCode:0 INFO: Query Registry for Key:SOFTWARE\Microsoft\Windows Azure\CurrentVersion\AzureMonitorAgentExtension\47.4.1.0, Name:MaServiceProcess
[2026-02-21 02:26:13.000]  [QueryRegValueDWORD] ErrorCode:0 INFO: Query Registry for Key:SOFTWARE\Microsoft\Windows Azure\CurrentVersion\AzureMonitorAgentExtension\47.4.1.0, Name:MaServiceProcess, Value:2228
[2026-02-21 02:26:13.000]  [FindProcessById] ErrorCode:0 INFO: Attempt to find the process MonAgentLauncher.exe with ID: 2228.
[2026-02-21 02:26:13.000]  [FindProcessById] ErrorCode:0 INFO: Running Process MonAgentLauncher.exe found. ID: 2228.
[2026-02-21 02:26:13.000]  [CheckIfMAServiceIsRunByExtension] ErrorCode:0 INFO: The MA process is running based on the m_registry
[2026-02-21 02:26:13.000]  [QueryRegValueDWORD] ErrorCode:0 INFO: Query Registry for Key:SOFTWARE\Microsoft\Windows Azure\CurrentVersion\AzureMonitorAgentExtension\47.4.1.0, Name:AMAMultitenantServiceProcess
[2026-02-21 02:26:13.000]  [QueryRegValueDWORD] ErrorCode:0 ERROR: RegQueryValueExA: failed to query REG_DWORD value, Key:SOFTWARE\Microsoft\Windows Azure\CurrentVersion\AzureMonitorAgentExtension\47.4.1.0, name=AMAMultitenantServiceProcess, error=2, type=0
[2026-02-21 02:26:13.000]  [CheckIfMAServiceIsRunByExtension] ErrorCode:1205 INFO: Unable to read the m_registry for MA process. Assume it is not running.
[2026-02-21 02:26:13.000]  [AggregateHeartbeat] ErrorCode:0 INFO: Configured MA Service is not running on the node.
[2026-02-21 02:26:13.000]  [SetImdsEnvironmentVariable] ErrorCode:0 INFO: Querying IMDS information
[2026-02-21 02:26:13.000]  [SetImdsEnvironmentVariable] ErrorCode:-1 INFO: Preparing to call IMDS. Endpoint: http://169.254.169.254
[2026-02-21 02:26:13.000]  [QueryIMDSEndpoint] ErrorCode:0 INFO: Queried IMDS successfully.
[2026-02-21 02:26:13.000]  [GetValueFromJsonOrDefault] ErrorCode:0 INFO: Read Imds response field with Name:location Value: westus2
[2026-02-21 02:26:13.000]  [GetValueFromJsonOrDefault] ErrorCode:0 INFO: Read Imds response field with Name:name Value: amawin
[2026-02-21 02:26:13.000]  [GetValueFromJsonOrDefault] ErrorCode:0 INFO: Read Imds response field with Name:subscriptionId Value: 351651ce-5feb-4e59-975d-f1f344e2b717
[2026-02-21 02:26:13.000]  [GetValueFromJsonOrDefault] ErrorCode:0 INFO: Read Imds response field with Name:vmId Value: 22afd636-aec1-4782-9055-f85ea283dc20
[2026-02-21 02:26:13.000]  [GetValueFromJsonOrDefault] ErrorCode:0 INFO: Read Imds response field with Name:vmScaleSetName Value: 
[2026-02-21 02:26:13.000]  [GetValueFromJsonOrDefault] ErrorCode:0 INFO: Read Imds response field with Name:resourceGroupName Value: AMAWin_group
[2026-02-21 02:26:13.000]  [GetValueFromJsonOrDefault] ErrorCode:0 INFO: Read Imds response field with Name:osType Value: Windows
[2026-02-21 02:26:13.000]  [GetValueFromJsonOrDefault] ErrorCode:0 INFO: Read Imds response field with Name:resourceId Value: /subscriptions/351651ce-5feb-4e59-975d-f1f344e2b717/resourceGroups/AMAWin_group/providers/Microsoft.Compute/virtualMachines/amawin
[2026-02-21 02:26:13.000]  [GetValueFromJsonOrDefault] ErrorCode:0 INFO: Read Imds response field with Name:azEnvironment Value: AzurePublicCloud
[2026-02-21 02:26:13.000]  [SetImdsEnvironmentVariable] ErrorCode:0 INFO: Successfully set Environment variables from Imds
[2026-02-21 02:26:13.000]  [AggregateHeartbeat] ErrorCode:0 INFO: Completed heartbeat aggregation.
[2026-02-21 02:26:43.000]  [WriteHeartbeatToFile] ErrorCode:0 INFO: Sending the heartbeat.
[2026-02-21 02:26:43.000]  [WriteStatusToFile] ErrorCode:0 INFO: Sending the status.
[2026-02-21 02:26:43.000]  [WriteHeartbeatToFile] ErrorCode:0 INFO: Done Sending the heartbeat.
[2026-02-21 02:26:43.000]  [WriteStatusToFile] ErrorCode:0 INFO: Done Sending the status.
[2026-02-21 02:27:13.000]  [WriteHeartbeatToFile] ErrorCode:0 INFO: Sending the heartbeat.
[2026-02-21 02:27:13.000]  [WriteStatusToFile] ErrorCode:0 INFO: Sending the status.
[2026-02-21 02:27:13.000]  [WriteHeartbeatToFile] ErrorCode:0 INFO: Done Sending the heartbeat.
[2026-02-21 02:27:13.000]  [WriteStatusToFile] ErrorCode:0 INFO: Done Sending the status.
[2026-02-21 02:27:13.000]  [FindProcessById] ErrorCode:0 INFO: Attempt to find the process MetricsExtension.Native.exe with ID: 5392.
[2026-02-21 02:27:13.000]  [FindProcessById] ErrorCode:0 INFO: Running Process MetricsExtension.Native.exe found. ID: 5392.
[2026-02-21 02:27:13.000]  [StartMetricsExtension] ErrorCode:0 ERROR: Metrics extension is already running
[2026-02-21 02:27:43.000]  [WriteStatusToFile] ErrorCode:0 INFO: Sending the status.
[2026-02-21 02:27:43.000]  [WriteHeartbeatToFile] ErrorCode:0 INFO: Sending the heartbeat.
[2026-02-21 02:27:43.000]  [WriteStatusToFile] ErrorCode:0 INFO: Done Sending the status.
[2026-02-21 02:27:43.000]  [WriteHeartbeatToFile] ErrorCode:0 INFO: Done Sending the heartbeat.
[2026-02-21 02:28:13.000]  [WriteHeartbeatToFile] ErrorCode:0 INFO: Sending the heartbeat.
[2026-02-21 02:28:13.000]  [WriteStatusToFile] ErrorCode:0 INFO: Sending the status.
[2026-02-21 02:28:13.000]  [WriteStatusToFile] ErrorCode:0 INFO: Done Sending the status.
[2026-02-21 02:28:13.000]  [WriteHeartbeatToFile] ErrorCode:0 INFO: Done Sending the heartbeat.
[2026-02-21 02:28:13.000]  [FindProcessById] ErrorCode:0 INFO: Attempt to find the process MetricsExtension.Native.exe with ID: 5392.
[2026-02-21 02:28:13.000]  [FindProcessById] ErrorCode:0 INFO: Running Process MetricsExtension.Native.exe found. ID: 5392.
[2026-02-21 02:28:13.000]  [StartMetricsExtension] ErrorCode:0 ERROR: Metrics extension is already running
[2026-02-21 02:28:43.000]  [WriteStatusToFile] ErrorCode:0 INFO: Sending the status.
[2026-02-21 02:28:43.000]  [WriteHeartbeatToFile] ErrorCode:0 INFO: Sending the heartbeat.
[2026-02-21 02:28:43.000]  [WriteHeartbeatToFile] ErrorCode:0 INFO: Done Sending the heartbeat.
[2026-02-21 02:28:43.000]  [WriteStatusToFile] ErrorCode:0 INFO: Done Sending the status.
[2026-02-21 02:29:13.000]  [WriteStatusToFile] ErrorCode:0 INFO: Sending the status.
[2026-02-21 02:29:13.000]  [WriteHeartbeatToFile] ErrorCode:0 INFO: Sending the heartbeat.
[2026-02-21 02:29:13.000]  [WriteStatusToFile] ErrorCode:0 INFO: Done Sending the status.
[2026-02-21 02:29:13.000]  [WriteHeartbeatToFile] ErrorCode:0 INFO: Done Sending the heartbeat.
[2026-02-21 02:29:13.000]  [FindProcessById] ErrorCode:0 INFO: Attempt to find the process MetricsExtension.Native.exe with ID: 5392.
[2026-02-21 02:29:13.000]  [FindProcessById] ErrorCode:0 INFO: Running Process MetricsExtension.Native.exe found. ID: 5392.
[2026-02-21 02:29:13.000]  [StartMetricsExtension] ErrorCode:0 ERROR: Metrics extension is already running
[2026-02-21 02:29:43.000]  [WriteHeartbeatToFile] ErrorCode:0 INFO: Sending the heartbeat.
[2026-02-21 02:29:43.000]  [WriteStatusToFile] ErrorCode:0 INFO: Sending the status.
[2026-02-21 02:29:43.000]  [WriteHeartbeatToFile] ErrorCode:0 INFO: Done Sending the heartbeat.
[2026-02-21 02:29:43.000]  [WriteStatusToFile] ErrorCode:0 INFO: Done Sending the status.
[2026-02-21 02:30:13.000]  [WriteHeartbeatToFile] ErrorCode:0 INFO: Sending the heartbeat.
[2026-02-21 02:30:13.000]  [WriteStatusToFile] ErrorCode:0 INFO: Sending the status.
[2026-02-21 02:30:13.000]  [WriteHeartbeatToFile] ErrorCode:0 INFO: Done Sending the heartbeat.
[2026-02-21 02:30:13.000]  [WriteStatusToFile] ErrorCode:0 INFO: Done Sending the status.
[2026-02-21 02:30:13.000]  [FindProcessById] ErrorCode:0 INFO: Attempt to find the process MetricsExtension.Native.exe with ID: 5392.
[2026-02-21 02:30:13.000]  [FindProcessById] ErrorCode:0 INFO: Running Process MetricsExtension.Native.exe found. ID: 5392.
[2026-02-21 02:30:13.000]  [StartMetricsExtension] ErrorCode:0 ERROR: Metrics extension is already running
[2026-02-21 02:30:43.000]  [WriteHeartbeatToFile] ErrorCode:0 INFO: Sending the heartbeat.
[2026-02-21 02:30:43.000]  [WriteStatusToFile] ErrorCode:0 INFO: Sending the status.
[2026-02-21 02:30:43.000]  [WriteStatusToFile] ErrorCode:0 INFO: Done Sending the status.
[2026-02-21 02:30:43.000]  [WriteHeartbeatToFile] ErrorCode:0 INFO: Done Sending the heartbeat.
[2026-02-21 02:31:13.000]  [WriteStatusToFile] ErrorCode:0 INFO: Sending the status.
[2026-02-21 02:31:13.000]  [WriteHeartbeatToFile] ErrorCode:0 INFO: Sending the heartbeat.
[2026-02-21 02:31:13.000]  [WriteHeartbeatToFile] ErrorCode:0 INFO: Done Sending the heartbeat.
[2026-02-21 02:31:13.000]  [WriteStatusToFile] ErrorCode:0 INFO: Done Sending the status.
[2026-02-21 02:31:13.000]  [FindProcessById] ErrorCode:0 INFO: Attempt to find the process MetricsExtension.Native.exe with ID: 5392.
[2026-02-21 02:31:13.000]  [FindProcessById] ErrorCode:0 INFO: Running Process MetricsExtension.Native.exe found. ID: 5392.
[2026-02-21 02:31:13.000]  [StartMetricsExtension] ErrorCode:0 ERROR: Metrics extension is already running
[2026-02-21 02:31:13.000]  [AggregateHeartbeat] ErrorCode:0 INFO: Start heartbeat aggregation.
[2026-02-21 02:31:13.000]  [QueryRegValueDWORD] ErrorCode:0 INFO: Query Registry for Key:SOFTWARE\Microsoft\Windows Azure\CurrentVersion\AzureMonitorAgentExtension\47.4.1.0, Name:MaServiceProcess
[2026-02-21 02:31:13.000]  [QueryRegValueDWORD] ErrorCode:0 INFO: Query Registry for Key:SOFTWARE\Microsoft\Windows Azure\CurrentVersion\AzureMonitorAgentExtension\47.4.1.0, Name:MaServiceProcess, Value:2228
[2026-02-21 02:31:13.000]  [FindProcessById] ErrorCode:0 INFO: Attempt to find the process MonAgentLauncher.exe with ID: 2228.
[2026-02-21 02:31:13.000]  [FindProcessById] ErrorCode:0 INFO: Running Process MonAgentLauncher.exe found. ID: 2228.
[2026-02-21 02:31:13.000]  [CheckIfMAServiceIsRunByExtension] ErrorCode:0 INFO: The MA process is running based on the m_registry
[2026-02-21 02:31:13.000]  [QueryRegValueDWORD] ErrorCode:0 INFO: Query Registry for Key:SOFTWARE\Microsoft\Windows Azure\CurrentVersion\AzureMonitorAgentExtension\47.4.1.0, Name:AMAMultitenantServiceProcess
[2026-02-21 02:31:13.000]  [QueryRegValueDWORD] ErrorCode:0 ERROR: RegQueryValueExA: failed to query REG_DWORD value, Key:SOFTWARE\Microsoft\Windows Azure\CurrentVersion\AzureMonitorAgentExtension\47.4.1.0, name=AMAMultitenantServiceProcess, error=2, type=0
[2026-02-21 02:31:13.000]  [CheckIfMAServiceIsRunByExtension] ErrorCode:1205 INFO: Unable to read the m_registry for MA process. Assume it is not running.
[2026-02-21 02:31:13.000]  [AggregateHeartbeat] ErrorCode:0 INFO: Configured MA Service is not running on the node.
[2026-02-21 02:31:13.000]  [SetImdsEnvironmentVariable] ErrorCode:0 INFO: Querying IMDS information
[2026-02-21 02:31:13.000]  [SetImdsEnvironmentVariable] ErrorCode:-1 INFO: Preparing to call IMDS. Endpoint: http://169.254.169.254
[2026-02-21 02:31:13.000]  [QueryIMDSEndpoint] ErrorCode:0 INFO: Queried IMDS successfully.
[2026-02-21 02:31:13.000]  [GetValueFromJsonOrDefault] ErrorCode:0 INFO: Read Imds response field with Name:location Value: westus2
[2026-02-21 02:31:13.000]  [GetValueFromJsonOrDefault] ErrorCode:0 INFO: Read Imds response field with Name:name Value: amawin
[2026-02-21 02:31:13.000]  [GetValueFromJsonOrDefault] ErrorCode:0 INFO: Read Imds response field with Name:subscriptionId Value: 351651ce-5feb-4e59-975d-f1f344e2b717
[2026-02-21 02:31:13.000]  [GetValueFromJsonOrDefault] ErrorCode:0 INFO: Read Imds response field with Name:vmId Value: 22afd636-aec1-4782-9055-f85ea283dc20
[2026-02-21 02:31:13.000]  [GetValueFromJsonOrDefault] ErrorCode:0 INFO: Read Imds response field with Name:vmScaleSetName Value: 
[2026-02-21 02:31:13.000]  [GetValueFromJsonOrDefault] ErrorCode:0 INFO: Read Imds response field with Name:resourceGroupName Value: AMAWin_group
[2026-02-21 02:31:13.000]  [GetValueFromJsonOrDefault] ErrorCode:0 INFO: Read Imds response field with Name:osType Value: Windows
[2026-02-21 02:31:13.000]  [GetValueFromJsonOrDefault] ErrorCode:0 INFO: Read Imds response field with Name:resourceId Value: /subscriptions/351651ce-5feb-4e59-975d-f1f344e2b717/resourceGroups/AMAWin_group/providers/Microsoft.Compute/virtualMachines/amawin
[2026-02-21 02:31:13.000]  [GetValueFromJsonOrDefault] ErrorCode:0 INFO: Read Imds response field with Name:azEnvironment Value: AzurePublicCloud
[2026-02-21 02:31:13.000]  [SetImdsEnvironmentVariable] ErrorCode:0 INFO: Successfully set Environment variables from Imds
[2026-02-21 02:31:13.000]  [AggregateHeartbeat] ErrorCode:0 INFO: Completed heartbeat aggregation.
[2026-02-21 02:31:43.000]  [WriteStatusToFile] ErrorCode:0 INFO: Sending the status.
[2026-02-21 02:31:43.000]  [WriteHeartbeatToFile] ErrorCode:0 INFO: Sending the heartbeat.
[2026-02-21 02:31:43.000]  [WriteHeartbeatToFile] ErrorCode:0 INFO: Done Sending the heartbeat.
[2026-02-21 02:31:43.000]  [WriteStatusToFile] ErrorCode:0 INFO: Done Sending the status.
[2026-02-21 02:32:13.000]  [WriteStatusToFile] ErrorCode:0 INFO: Sending the status.
[2026-02-21 02:32:13.000]  [WriteHeartbeatToFile] ErrorCode:0 INFO: Sending the heartbeat.
[2026-02-21 02:32:13.000]  [WriteStatusToFile] ErrorCode:0 INFO: Done Sending the status.
[2026-02-21 02:32:13.000]  [WriteHeartbeatToFile] ErrorCode:0 INFO: Done Sending the heartbeat.
[2026-02-21 02:32:13.000]  [FindProcessById] ErrorCode:0 INFO: Attempt to find the process MetricsExtension.Native.exe with ID: 5392.
[2026-02-21 02:32:13.000]  [FindProcessById] ErrorCode:0 INFO: Running Process MetricsExtension.Native.exe found. ID: 5392.
[2026-02-21 02:32:13.000]  [StartMetricsExtension] ErrorCode:0 ERROR: Metrics extension is already running
[2026-02-21 02:32:43.000]  [WriteHeartbeatToFile] ErrorCode:0 INFO: Sending the heartbeat.
[2026-02-21 02:32:43.000]  [WriteStatusToFile] ErrorCode:0 INFO: Sending the status.
[2026-02-21 02:32:43.000]  [WriteStatusToFile] ErrorCode:0 INFO: Done Sending the status.
[2026-02-21 02:32:43.000]  [WriteHeartbeatToFile] ErrorCode:0 INFO: Done Sending the heartbeat.
[2026-02-21 02:33:13.000]  [WriteStatusToFile] ErrorCode:0 INFO: Sending the status.
[2026-02-21 02:33:13.000]  [WriteHeartbeatToFile] ErrorCode:0 INFO: Sending the heartbeat.
[2026-02-21 02:33:13.000]  [WriteStatusToFile] ErrorCode:0 INFO: Done Sending the status.
[2026-02-21 02:33:13.000]  [WriteHeartbeatToFile] ErrorCode:0 INFO: Done Sending the heartbeat.
[2026-02-21 02:33:13.000]  [FindProcessById] ErrorCode:0 INFO: Attempt to find the process MetricsExtension.Native.exe with ID: 5392.
[2026-02-21 02:33:13.000]  [FindProcessById] ErrorCode:0 INFO: Running Process MetricsExtension.Native.exe found. ID: 5392.
[2026-02-21 02:33:13.000]  [StartMetricsExtension] ErrorCode:0 ERROR: Metrics extension is already running
[2026-02-21 02:33:43.000]  [WriteStatusToFile] ErrorCode:0 INFO: Sending the status.
[2026-02-21 02:33:43.000]  [WriteHeartbeatToFile] ErrorCode:0 INFO: Sending the heartbeat.
[2026-02-21 02:33:43.000]  [WriteStatusToFile] ErrorCode:0 INFO: Done Sending the status.
[2026-02-21 02:33:43.000]  [WriteHeartbeatToFile] ErrorCode:0 INFO: Done Sending the heartbeat.
[2026-02-21 02:34:13.000]  [WriteHeartbeatToFile] ErrorCode:0 INFO: Sending the heartbeat.
[2026-02-21 02:34:13.000]  [WriteStatusToFile] ErrorCode:0 INFO: Sending the status.
[2026-02-21 02:34:13.000]  [WriteHeartbeatToFile] ErrorCode:0 INFO: Done Sending the heartbeat.
[2026-02-21 02:34:13.000]  [WriteStatusToFile] ErrorCode:0 INFO: Done Sending the status.
[2026-02-21 02:34:13.000]  [FindProcessById] ErrorCode:0 INFO: Attempt to find the process MetricsExtension.Native.exe with ID: 5392.
[2026-02-21 02:34:13.000]  [FindProcessById] ErrorCode:0 INFO: Running Process MetricsExtension.Native.exe found. ID: 5392.
[2026-02-21 02:34:13.000]  [StartMetricsExtension] ErrorCode:0 ERROR: Metrics extension is already running
[2026-02-21 02:34:43.000]  [WriteStatusToFile] ErrorCode:0 INFO: Sending the status.
[2026-02-21 02:34:43.000]  [WriteHeartbeatToFile] ErrorCode:0 INFO: Sending the heartbeat.
[2026-02-21 02:34:43.000]  [WriteHeartbeatToFile] ErrorCode:0 INFO: Done Sending the heartbeat.
[2026-02-21 02:34:43.000]  [WriteStatusToFile] ErrorCode:0 INFO: Done Sending the status.
[2026-02-21 02:35:13.000]  [WriteStatusToFile] ErrorCode:0 INFO: Sending the status.
[2026-02-21 02:35:13.000]  [WriteHeartbeatToFile] ErrorCode:0 INFO: Sending the heartbeat.
[2026-02-21 02:35:13.000]  [WriteStatusToFile] ErrorCode:0 INFO: Done Sending the status.
[2026-02-21 02:35:13.000]  [WriteHeartbeatToFile] ErrorCode:0 INFO: Done Sending the heartbeat.
[2026-02-21 02:35:13.000]  [FindProcessById] ErrorCode:0 INFO: Attempt to find the process MetricsExtension.Native.exe with ID: 5392.
[2026-02-21 02:35:13.000]  [FindProcessById] ErrorCode:0 INFO: Running Process MetricsExtension.Native.exe found. ID: 5392.
[2026-02-21 02:35:13.000]  [StartMetricsExtension] ErrorCode:0 ERROR: Metrics extension is already running
[2026-02-21 02:35:43.000]  [WriteHeartbeatToFile] ErrorCode:0 INFO: Sending the heartbeat.
[2026-02-21 02:35:43.000]  [WriteStatusToFile] ErrorCode:0 INFO: Sending the status.
[2026-02-21 02:35:43.000]  [WriteHeartbeatToFile] ErrorCode:0 INFO: Done Sending the heartbeat.
[2026-02-21 02:35:43.000]  [WriteStatusToFile] ErrorCode:0 INFO: Done Sending the status.
[2026-02-21 02:36:13.000]  [WriteStatusToFile] ErrorCode:0 INFO: Sending the status.
[2026-02-21 02:36:13.000]  [WriteHeartbeatToFile] ErrorCode:0 INFO: Sending the heartbeat.
[2026-02-21 02:36:13.000]  [WriteStatusToFile] ErrorCode:0 INFO: Done Sending the status.
[2026-02-21 02:36:13.000]  [WriteHeartbeatToFile] ErrorCode:0 INFO: Done Sending the heartbeat.
[2026-02-21 02:36:13.000]  [FindProcessById] ErrorCode:0 INFO: Attempt to find the process MetricsExtension.Native.exe with ID: 5392.
[2026-02-21 02:36:13.000]  [FindProcessById] ErrorCode:0 INFO: Running Process MetricsExtension.Native.exe found. ID: 5392.
[2026-02-21 02:36:13.000]  [StartMetricsExtension] ErrorCode:0 ERROR: Metrics extension is already running
[2026-02-21 02:36:13.000]  [AggregateHeartbeat] ErrorCode:0 INFO: Start heartbeat aggregation.
[2026-02-21 02:36:13.000]  [QueryRegValueDWORD] ErrorCode:0 INFO: Query Registry for Key:SOFTWARE\Microsoft\Windows Azure\CurrentVersion\AzureMonitorAgentExtension\47.4.1.0, Name:MaServiceProcess
[2026-02-21 02:36:13.000]  [QueryRegValueDWORD] ErrorCode:0 INFO: Query Registry for Key:SOFTWARE\Microsoft\Windows Azure\CurrentVersion\AzureMonitorAgentExtension\47.4.1.0, Name:MaServiceProcess, Value:2228
[2026-02-21 02:36:13.000]  [FindProcessById] ErrorCode:0 INFO: Attempt to find the process MonAgentLauncher.exe with ID: 2228.
[2026-02-21 02:36:13.000]  [FindProcessById] ErrorCode:0 INFO: Running Process MonAgentLauncher.exe found. ID: 2228.
[2026-02-21 02:36:13.000]  [CheckIfMAServiceIsRunByExtension] ErrorCode:0 INFO: The MA process is running based on the m_registry
[2026-02-21 02:36:13.000]  [QueryRegValueDWORD] ErrorCode:0 INFO: Query Registry for Key:SOFTWARE\Microsoft\Windows Azure\CurrentVersion\AzureMonitorAgentExtension\47.4.1.0, Name:AMAMultitenantServiceProcess
[2026-02-21 02:36:13.000]  [QueryRegValueDWORD] ErrorCode:0 ERROR: RegQueryValueExA: failed to query REG_DWORD value, Key:SOFTWARE\Microsoft\Windows Azure\CurrentVersion\AzureMonitorAgentExtension\47.4.1.0, name=AMAMultitenantServiceProcess, error=2, type=0
[2026-02-21 02:36:13.000]  [CheckIfMAServiceIsRunByExtension] ErrorCode:1205 INFO: Unable to read the m_registry for MA process. Assume it is not running.
[2026-02-21 02:36:13.000]  [AggregateHeartbeat] ErrorCode:0 INFO: Configured MA Service is not running on the node.
[2026-02-21 02:36:13.000]  [SetImdsEnvironmentVariable] ErrorCode:0 INFO: Querying IMDS information
[2026-02-21 02:36:13.000]  [SetImdsEnvironmentVariable] ErrorCode:-1 INFO: Preparing to call IMDS. Endpoint: http://169.254.169.254
[2026-02-21 02:36:13.000]  [QueryIMDSEndpoint] ErrorCode:0 INFO: Queried IMDS successfully.
[2026-02-21 02:36:13.000]  [GetValueFromJsonOrDefault] ErrorCode:0 INFO: Read Imds response field with Name:location Value: westus2
[2026-02-21 02:36:13.000]  [GetValueFromJsonOrDefault] ErrorCode:0 INFO: Read Imds response field with Name:name Value: amawin
[2026-02-21 02:36:13.000]  [GetValueFromJsonOrDefault] ErrorCode:0 INFO: Read Imds response field with Name:subscriptionId Value: 351651ce-5feb-4e59-975d-f1f344e2b717
[2026-02-21 02:36:13.000]  [GetValueFromJsonOrDefault] ErrorCode:0 INFO: Read Imds response field with Name:vmId Value: 22afd636-aec1-4782-9055-f85ea283dc20
[2026-02-21 02:36:13.000]  [GetValueFromJsonOrDefault] ErrorCode:0 INFO: Read Imds response field with Name:vmScaleSetName Value: 
[2026-02-21 02:36:13.000]  [GetValueFromJsonOrDefault] ErrorCode:0 INFO: Read Imds response field with Name:resourceGroupName Value: AMAWin_group
[2026-02-21 02:36:13.000]  [GetValueFromJsonOrDefault] ErrorCode:0 INFO: Read Imds response field with Name:osType Value: Windows
[2026-02-21 02:36:13.000]  [GetValueFromJsonOrDefault] ErrorCode:0 INFO: Read Imds response field with Name:resourceId Value: /subscriptions/351651ce-5feb-4e59-975d-f1f344e2b717/resourceGroups/AMAWin_group/providers/Microsoft.Compute/virtualMachines/amawin
[2026-02-21 02:36:13.000]  [GetValueFromJsonOrDefault] ErrorCode:0 INFO: Read Imds response field with Name:azEnvironment Value: AzurePublicCloud
[2026-02-21 02:36:13.000]  [SetImdsEnvironmentVariable] ErrorCode:0 INFO: Successfully set Environment variables from Imds
[2026-02-21 02:36:13.000]  [AggregateHeartbeat] ErrorCode:0 INFO: Completed heartbeat aggregation.
[2026-02-21 02:36:43.000]  [WriteHeartbeatToFile] ErrorCode:0 INFO: Sending the heartbeat.
[2026-02-21 02:36:43.000]  [WriteStatusToFile] ErrorCode:0 INFO: Sending the status.
[2026-02-21 02:36:43.000]  [WriteStatusToFile] ErrorCode:0 INFO: Done Sending the status.
[2026-02-21 02:36:43.000]  [WriteHeartbeatToFile] ErrorCode:0 INFO: Done Sending the heartbeat.
[2026-02-21 02:37:13.000]  [WriteHeartbeatToFile] ErrorCode:0 INFO: Sending the heartbeat.
[2026-02-21 02:37:13.000]  [WriteStatusToFile] ErrorCode:0 INFO: Sending the status.
[2026-02-21 02:37:13.000]  [WriteHeartbeatToFile] ErrorCode:0 INFO: Done Sending the heartbeat.
[2026-02-21 02:37:13.000]  [WriteStatusToFile] ErrorCode:0 INFO: Done Sending the status.
[2026-02-21 02:37:13.000]  [FindProcessById] ErrorCode:0 INFO: Attempt to find the process MetricsExtension.Native.exe with ID: 5392.
[2026-02-21 02:37:13.000]  [FindProcessById] ErrorCode:0 INFO: Running Process MetricsExtension.Native.exe found. ID: 5392.
[2026-02-21 02:37:13.000]  [StartMetricsExtension] ErrorCode:0 ERROR: Metrics extension is already running
[2026-02-21 02:37:43.000]  [WriteHeartbeatToFile] ErrorCode:0 INFO: Sending the heartbeat.
[2026-02-21 02:37:43.000]  [WriteStatusToFile] ErrorCode:0 INFO: Sending the status.
[2026-02-21 02:37:43.000]  [WriteHeartbeatToFile] ErrorCode:0 INFO: Done Sending the heartbeat.
[2026-02-21 02:37:43.000]  [WriteStatusToFile] ErrorCode:0 INFO: Done Sending the status.
[2026-02-21 02:38:13.000]  [WriteHeartbeatToFile] ErrorCode:0 INFO: Sending the heartbeat.
[2026-02-21 02:38:13.000]  [WriteStatusToFile] ErrorCode:0 INFO: Sending the status.
[2026-02-21 02:38:13.000]  [WriteStatusToFile] ErrorCode:0 INFO: Done Sending the status.
[2026-02-21 02:38:13.000]  [WriteHeartbeatToFile] ErrorCode:0 INFO: Done Sending the heartbeat.
[2026-02-21 02:38:13.000]  [FindProcessById] ErrorCode:0 INFO: Attempt to find the process MetricsExtension.Native.exe with ID: 5392.
[2026-02-21 02:38:13.000]  [FindProcessById] ErrorCode:0 INFO: Running Process MetricsExtension.Native.exe found. ID: 5392.
[2026-02-21 02:38:13.000]  [StartMetricsExtension] ErrorCode:0 ERROR: Metrics extension is already running
[2026-02-21 02:38:43.000]  [WriteHeartbeatToFile] ErrorCode:0 INFO: Sending the heartbeat.
[2026-02-21 02:38:43.000]  [WriteStatusToFile] ErrorCode:0 INFO: Sending the status.
[2026-02-21 02:38:43.000]  [WriteHeartbeatToFile] ErrorCode:0 INFO: Done Sending the heartbeat.
[2026-02-21 02:38:43.000]  [WriteStatusToFile] ErrorCode:0 INFO: Done Sending the status.
[2026-02-21 02:39:13.000]  [WriteStatusToFile] ErrorCode:0 INFO: Sending the status.
[2026-02-21 02:39:13.000]  [WriteHeartbeatToFile] ErrorCode:0 INFO: Sending the heartbeat.
[2026-02-21 02:39:13.000]  [WriteStatusToFile] ErrorCode:0 INFO: Done Sending the status.
[2026-02-21 02:39:13.000]  [WriteHeartbeatToFile] ErrorCode:0 INFO: Done Sending the heartbeat.
[2026-02-21 02:39:13.000]  [FindProcessById] ErrorCode:0 INFO: Attempt to find the process MetricsExtension.Native.exe with ID: 5392.
[2026-02-21 02:39:13.000]  [FindProcessById] ErrorCode:0 INFO: Running Process MetricsExtension.Native.exe found. ID: 5392.
[2026-02-21 02:39:13.000]  [StartMetricsExtension] ErrorCode:0 ERROR: Metrics extension is already running
[2026-02-21 02:39:43.000]  [WriteHeartbeatToFile] ErrorCode:0 INFO: Sending the heartbeat.
[2026-02-21 02:39:43.000]  [WriteStatusToFile] ErrorCode:0 INFO: Sending the status.
[2026-02-21 02:39:43.000]  [WriteHeartbeatToFile] ErrorCode:0 INFO: Done Sending the heartbeat.
[2026-02-21 02:39:43.000]  [WriteStatusToFile] ErrorCode:0 INFO: Done Sending the status.
[2026-02-21 02:40:13.000]  [WriteHeartbeatToFile] ErrorCode:0 INFO: Sending the heartbeat.
[2026-02-21 02:40:13.000]  [WriteStatusToFile] ErrorCode:0 INFO: Sending the status.
[2026-02-21 02:40:13.000]  [WriteHeartbeatToFile] ErrorCode:0 INFO: Done Sending the heartbeat.
[2026-02-21 02:40:13.000]  [WriteStatusToFile] ErrorCode:0 INFO: Done Sending the status.
[2026-02-21 02:40:13.000]  [FindProcessById] ErrorCode:0 INFO: Attempt to find the process MetricsExtension.Native.exe with ID: 5392.
[2026-02-21 02:40:13.000]  [FindProcessById] ErrorCode:0 INFO: Running Process MetricsExtension.Native.exe found. ID: 5392.
[2026-02-21 02:40:13.000]  [StartMetricsExtension] ErrorCode:0 ERROR: Metrics extension is already running
[2026-02-21 02:40:43.000]  [WriteStatusToFile] ErrorCode:0 INFO: Sending the status.
[2026-02-21 02:40:43.000]  [WriteHeartbeatToFile] ErrorCode:0 INFO: Sending the heartbeat.
[2026-02-21 02:40:43.000]  [WriteStatusToFile] ErrorCode:0 INFO: Done Sending the status.
[2026-02-21 02:40:43.000]  [WriteHeartbeatToFile] ErrorCode:0 INFO: Done Sending the heartbeat.
[2026-02-21 02:41:13.000]  [WriteHeartbeatToFile] ErrorCode:0 INFO: Sending the heartbeat.
[2026-02-21 02:41:13.000]  [WriteStatusToFile] ErrorCode:0 INFO: Sending the status.
[2026-02-21 02:41:13.000]  [WriteHeartbeatToFile] ErrorCode:0 INFO: Done Sending the heartbeat.
[2026-02-21 02:41:13.000]  [WriteStatusToFile] ErrorCode:0 INFO: Done Sending the status.
[2026-02-21 02:41:13.000]  [FindProcessById] ErrorCode:0 INFO: Attempt to find the process MetricsExtension.Native.exe with ID: 5392.
[2026-02-21 02:41:13.000]  [FindProcessById] ErrorCode:0 INFO: Running Process MetricsExtension.Native.exe found. ID: 5392.
[2026-02-21 02:41:13.000]  [StartMetricsExtension] ErrorCode:0 ERROR: Metrics extension is already running
[2026-02-21 02:41:13.000]  [AggregateHeartbeat] ErrorCode:0 INFO: Start heartbeat aggregation.
[2026-02-21 02:41:13.000]  [QueryRegValueDWORD] ErrorCode:0 INFO: Query Registry for Key:SOFTWARE\Microsoft\Windows Azure\CurrentVersion\AzureMonitorAgentExtension\47.4.1.0, Name:MaServiceProcess
[2026-02-21 02:41:13.000]  [QueryRegValueDWORD] ErrorCode:0 INFO: Query Registry for Key:SOFTWARE\Microsoft\Windows Azure\CurrentVersion\AzureMonitorAgentExtension\47.4.1.0, Name:MaServiceProcess, Value:2228
[2026-02-21 02:41:13.000]  [FindProcessById] ErrorCode:0 INFO: Attempt to find the process MonAgentLauncher.exe with ID: 2228.
[2026-02-21 02:41:13.000]  [FindProcessById] ErrorCode:0 INFO: Running Process MonAgentLauncher.exe found. ID: 2228.
[2026-02-21 02:41:13.000]  [CheckIfMAServiceIsRunByExtension] ErrorCode:0 INFO: The MA process is running based on the m_registry
[2026-02-21 02:41:13.000]  [QueryRegValueDWORD] ErrorCode:0 INFO: Query Registry for Key:SOFTWARE\Microsoft\Windows Azure\CurrentVersion\AzureMonitorAgentExtension\47.4.1.0, Name:AMAMultitenantServiceProcess
[2026-02-21 02:41:13.000]  [QueryRegValueDWORD] ErrorCode:0 ERROR: RegQueryValueExA: failed to query REG_DWORD value, Key:SOFTWARE\Microsoft\Windows Azure\CurrentVersion\AzureMonitorAgentExtension\47.4.1.0, name=AMAMultitenantServiceProcess, error=2, type=0
[2026-02-21 02:41:13.000]  [CheckIfMAServiceIsRunByExtension] ErrorCode:1205 INFO: Unable to read the m_registry for MA process. Assume it is not running.
[2026-02-21 02:41:13.000]  [AggregateHeartbeat] ErrorCode:0 INFO: Configured MA Service is not running on the node.
[2026-02-21 02:41:13.000]  [SetImdsEnvironmentVariable] ErrorCode:0 INFO: Querying IMDS information
[2026-02-21 02:41:13.000]  [SetImdsEnvironmentVariable] ErrorCode:-1 INFO: Preparing to call IMDS. Endpoint: http://169.254.169.254
[2026-02-21 02:41:13.000]  [QueryIMDSEndpoint] ErrorCode:0 INFO: Queried IMDS successfully.
[2026-02-21 02:41:13.000]  [GetValueFromJsonOrDefault] ErrorCode:0 INFO: Read Imds response field with Name:location Value: westus2
[2026-02-21 02:41:13.000]  [GetValueFromJsonOrDefault] ErrorCode:0 INFO: Read Imds response field with Name:name Value: amawin
[2026-02-21 02:41:13.000]  [GetValueFromJsonOrDefault] ErrorCode:0 INFO: Read Imds response field with Name:subscriptionId Value: 351651ce-5feb-4e59-975d-f1f344e2b717
[2026-02-21 02:41:13.000]  [GetValueFromJsonOrDefault] ErrorCode:0 INFO: Read Imds response field with Name:vmId Value: 22afd636-aec1-4782-9055-f85ea283dc20
[2026-02-21 02:41:13.000]  [GetValueFromJsonOrDefault] ErrorCode:0 INFO: Read Imds response field with Name:vmScaleSetName Value: 
[2026-02-21 02:41:13.000]  [GetValueFromJsonOrDefault] ErrorCode:0 INFO: Read Imds response field with Name:resourceGroupName Value: AMAWin_group
[2026-02-21 02:41:13.000]  [GetValueFromJsonOrDefault] ErrorCode:0 INFO: Read Imds response field with Name:osType Value: Windows
[2026-02-21 02:41:13.000]  [GetValueFromJsonOrDefault] ErrorCode:0 INFO: Read Imds response field with Name:resourceId Value: /subscriptions/351651ce-5feb-4e59-975d-f1f344e2b717/resourceGroups/AMAWin_group/providers/Microsoft.Compute/virtualMachines/amawin
[2026-02-21 02:41:13.000]  [GetValueFromJsonOrDefault] ErrorCode:0 INFO: Read Imds response field with Name:azEnvironment Value: AzurePublicCloud
[2026-02-21 02:41:13.000]  [SetImdsEnvironmentVariable] ErrorCode:0 INFO: Successfully set Environment variables from Imds
[2026-02-21 02:41:13.000]  [AggregateHeartbeat] ErrorCode:0 INFO: Completed heartbeat aggregation.
[2026-02-21 02:41:43.000]  [WriteStatusToFile] ErrorCode:0 INFO: Sending the status.
[2026-02-21 02:41:43.000]  [WriteHeartbeatToFile] ErrorCode:0 INFO: Sending the heartbeat.
[2026-02-21 02:41:43.000]  [WriteStatusToFile] ErrorCode:0 INFO: Done Sending the status.
[2026-02-21 02:41:43.000]  [WriteHeartbeatToFile] ErrorCode:0 INFO: Done Sending the heartbeat.
[2026-02-21 02:42:13.000]  [WriteStatusToFile] ErrorCode:0 INFO: Sending the status.
[2026-02-21 02:42:13.000]  [WriteHeartbeatToFile] ErrorCode:0 INFO: Sending the heartbeat.
[2026-02-21 02:42:13.000]  [WriteStatusToFile] ErrorCode:0 INFO: Done Sending the status.
[2026-02-21 02:42:13.000]  [WriteHeartbeatToFile] ErrorCode:0 INFO: Done Sending the heartbeat.
[2026-02-21 02:42:13.000]  [FindProcessById] ErrorCode:0 INFO: Attempt to find the process MetricsExtension.Native.exe with ID: 5392.
[2026-02-21 02:42:13.000]  [FindProcessById] ErrorCode:0 INFO: Running Process MetricsExtension.Native.exe found. ID: 5392.
[2026-02-21 02:42:13.000]  [StartMetricsExtension] ErrorCode:0 ERROR: Metrics extension is already running
[2026-02-21 02:42:43.000]  [WriteHeartbeatToFile] ErrorCode:0 INFO: Sending the heartbeat.
[2026-02-21 02:42:43.000]  [WriteStatusToFile] ErrorCode:0 INFO: Sending the status.
[2026-02-21 02:42:43.000]  [WriteHeartbeatToFile] ErrorCode:0 INFO: Done Sending the heartbeat.
[2026-02-21 02:42:43.000]  [WriteStatusToFile] ErrorCode:0 INFO: Done Sending the status.
[2026-02-21 02:43:13.000]  [WriteHeartbeatToFile] ErrorCode:0 INFO: Sending the heartbeat.
[2026-02-21 02:43:13.000]  [WriteStatusToFile] ErrorCode:0 INFO: Sending the status.
[2026-02-21 02:43:13.000]  [WriteHeartbeatToFile] ErrorCode:0 INFO: Done Sending the heartbeat.
[2026-02-21 02:43:13.000]  [WriteStatusToFile] ErrorCode:0 INFO: Done Sending the status.
[2026-02-21 02:43:13.000]  [FindProcessById] ErrorCode:0 INFO: Attempt to find the process MetricsExtension.Native.exe with ID: 5392.
[2026-02-21 02:43:13.000]  [FindProcessById] ErrorCode:0 INFO: Running Process MetricsExtension.Native.exe found. ID: 5392.
[2026-02-21 02:43:13.000]  [StartMetricsExtension] ErrorCode:0 ERROR: Metrics extension is already running
[2026-02-21 02:43:43.000]  [WriteHeartbeatToFile] ErrorCode:0 INFO: Sending the heartbeat.
[2026-02-21 02:43:43.000]  [WriteStatusToFile] ErrorCode:0 INFO: Sending the status.
[2026-02-21 02:43:43.000]  [WriteStatusToFile] ErrorCode:0 INFO: Done Sending the status.
[2026-02-21 02:43:43.000]  [WriteHeartbeatToFile] ErrorCode:0 INFO: Done Sending the heartbeat.
[2026-02-21 02:44:13.000]  [WriteStatusToFile] ErrorCode:0 INFO: Sending the status.
[2026-02-21 02:44:13.000]  [WriteHeartbeatToFile] ErrorCode:0 INFO: Sending the heartbeat.
[2026-02-21 02:44:13.000]  [WriteHeartbeatToFile] ErrorCode:0 INFO: Done Sending the heartbeat.
[2026-02-21 02:44:13.000]  [WriteStatusToFile] ErrorCode:0 INFO: Done Sending the status.
[2026-02-21 02:44:13.000]  [FindProcessById] ErrorCode:0 INFO: Attempt to find the process MetricsExtension.Native.exe with ID: 5392.
[2026-02-21 02:44:13.000]  [FindProcessById] ErrorCode:0 INFO: Running Process MetricsExtension.Native.exe found. ID: 5392.
[2026-02-21 02:44:13.000]  [StartMetricsExtension] ErrorCode:0 ERROR: Metrics extension is already running
[2026-02-21 02:44:43.000]  [WriteHeartbeatToFile] ErrorCode:0 INFO: Sending the heartbeat.
[2026-02-21 02:44:43.000]  [WriteStatusToFile] ErrorCode:0 INFO: Sending the status.
[2026-02-21 02:44:43.000]  [WriteStatusToFile] ErrorCode:0 INFO: Done Sending the status.
[2026-02-21 02:44:43.000]  [WriteHeartbeatToFile] ErrorCode:0 INFO: Done Sending the heartbeat.
[2026-02-21 02:45:13.000]  [WriteStatusToFile] ErrorCode:0 INFO: Sending the status.
[2026-02-21 02:45:13.000]  [WriteHeartbeatToFile] ErrorCode:0 INFO: Sending the heartbeat.
[2026-02-21 02:45:13.000]  [WriteStatusToFile] ErrorCode:0 INFO: Done Sending the status.
[2026-02-21 02:45:13.000]  [WriteHeartbeatToFile] ErrorCode:0 INFO: Done Sending the heartbeat.
[2026-02-21 02:45:13.000]  [FindProcessById] ErrorCode:0 INFO: Attempt to find the process MetricsExtension.Native.exe with ID: 5392.
[2026-02-21 02:45:13.000]  [FindProcessById] ErrorCode:0 INFO: Running Process MetricsExtension.Native.exe found. ID: 5392.
[2026-02-21 02:45:13.000]  [StartMetricsExtension] ErrorCode:0 ERROR: Metrics extension is already running
[2026-02-21 02:45:43.000]  [WriteHeartbeatToFile] ErrorCode:0 INFO: Sending the heartbeat.
[2026-02-21 02:45:43.000]  [WriteStatusToFile] ErrorCode:0 INFO: Sending the status.
[2026-02-21 02:45:43.000]  [WriteStatusToFile] ErrorCode:0 INFO: Done Sending the status.
[2026-02-21 02:45:43.000]  [WriteHeartbeatToFile] ErrorCode:0 INFO: Done Sending the heartbeat.
[2026-02-21 02:46:13.000]  [WriteHeartbeatToFile] ErrorCode:0 INFO: Sending the heartbeat.
[2026-02-21 02:46:13.000]  [WriteStatusToFile] ErrorCode:0 INFO: Sending the status.
[2026-02-21 02:46:13.000]  [WriteHeartbeatToFile] ErrorCode:0 INFO: Done Sending the heartbeat.
[2026-02-21 02:46:13.000]  [WriteStatusToFile] ErrorCode:0 INFO: Done Sending the status.
[2026-02-21 02:46:13.000]  [FindProcessById] ErrorCode:0 INFO: Attempt to find the process MetricsExtension.Native.exe with ID: 5392.
[2026-02-21 02:46:13.000]  [FindProcessById] ErrorCode:0 INFO: Running Process MetricsExtension.Native.exe found. ID: 5392.
[2026-02-21 02:46:13.000]  [StartMetricsExtension] ErrorCode:0 ERROR: Metrics extension is already running
[2026-02-21 02:46:13.000]  [AggregateHeartbeat] ErrorCode:0 INFO: Start heartbeat aggregation.
[2026-02-21 02:46:13.000]  [QueryRegValueDWORD] ErrorCode:0 INFO: Query Registry for Key:SOFTWARE\Microsoft\Windows Azure\CurrentVersion\AzureMonitorAgentExtension\47.4.1.0, Name:MaServiceProcess
[2026-02-21 02:46:13.000]  [QueryRegValueDWORD] ErrorCode:0 INFO: Query Registry for Key:SOFTWARE\Microsoft\Windows Azure\CurrentVersion\AzureMonitorAgentExtension\47.4.1.0, Name:MaServiceProcess, Value:2228
[2026-02-21 02:46:13.000]  [FindProcessById] ErrorCode:0 INFO: Attempt to find the process MonAgentLauncher.exe with ID: 2228.
[2026-02-21 02:46:13.000]  [FindProcessById] ErrorCode:0 INFO: Running Process MonAgentLauncher.exe found. ID: 2228.
[2026-02-21 02:46:13.000]  [CheckIfMAServiceIsRunByExtension] ErrorCode:0 INFO: The MA process is running based on the m_registry
[2026-02-21 02:46:13.000]  [QueryRegValueDWORD] ErrorCode:0 INFO: Query Registry for Key:SOFTWARE\Microsoft\Windows Azure\CurrentVersion\AzureMonitorAgentExtension\47.4.1.0, Name:AMAMultitenantServiceProcess
[2026-02-21 02:46:13.000]  [QueryRegValueDWORD] ErrorCode:0 ERROR: RegQueryValueExA: failed to query REG_DWORD value, Key:SOFTWARE\Microsoft\Windows Azure\CurrentVersion\AzureMonitorAgentExtension\47.4.1.0, name=AMAMultitenantServiceProcess, error=2, type=0
[2026-02-21 02:46:13.000]  [CheckIfMAServiceIsRunByExtension] ErrorCode:1205 INFO: Unable to read the m_registry for MA process. Assume it is not running.
[2026-02-21 02:46:13.000]  [AggregateHeartbeat] ErrorCode:0 INFO: Configured MA Service is not running on the node.
[2026-02-21 02:46:13.000]  [SetImdsEnvironmentVariable] ErrorCode:0 INFO: Querying IMDS information
[2026-02-21 02:46:13.000]  [SetImdsEnvironmentVariable] ErrorCode:-1 INFO: Preparing to call IMDS. Endpoint: http://169.254.169.254
[2026-02-21 02:46:13.000]  [QueryIMDSEndpoint] ErrorCode:0 INFO: Queried IMDS successfully.
[2026-02-21 02:46:13.000]  [GetValueFromJsonOrDefault] ErrorCode:0 INFO: Read Imds response field with Name:location Value: westus2
[2026-02-21 02:46:13.000]  [GetValueFromJsonOrDefault] ErrorCode:0 INFO: Read Imds response field with Name:name Value: amawin
[2026-02-21 02:46:13.000]  [GetValueFromJsonOrDefault] ErrorCode:0 INFO: Read Imds response field with Name:subscriptionId Value: 351651ce-5feb-4e59-975d-f1f344e2b717
[2026-02-21 02:46:13.000]  [GetValueFromJsonOrDefault] ErrorCode:0 INFO: Read Imds response field with Name:vmId Value: 22afd636-aec1-4782-9055-f85ea283dc20
[2026-02-21 02:46:13.000]  [GetValueFromJsonOrDefault] ErrorCode:0 INFO: Read Imds response field with Name:vmScaleSetName Value: 
[2026-02-21 02:46:13.000]  [GetValueFromJsonOrDefault] ErrorCode:0 INFO: Read Imds response field with Name:resourceGroupName Value: AMAWin_group
[2026-02-21 02:46:13.000]  [GetValueFromJsonOrDefault] ErrorCode:0 INFO: Read Imds response field with Name:osType Value: Windows
[2026-02-21 02:46:13.000]  [GetValueFromJsonOrDefault] ErrorCode:0 INFO: Read Imds response field with Name:resourceId Value: /subscriptions/351651ce-5feb-4e59-975d-f1f344e2b717/resourceGroups/AMAWin_group/providers/Microsoft.Compute/virtualMachines/amawin
[2026-02-21 02:46:13.000]  [GetValueFromJsonOrDefault] ErrorCode:0 INFO: Read Imds response field with Name:azEnvironment Value: AzurePublicCloud
[2026-02-21 02:46:13.000]  [SetImdsEnvironmentVariable] ErrorCode:0 INFO: Successfully set Environment variables from Imds
[2026-02-21 02:46:13.000]  [AggregateHeartbeat] ErrorCode:0 INFO: Completed heartbeat aggregation.
[2026-02-21 02:46:43.000]  [WriteHeartbeatToFile] ErrorCode:0 INFO: Sending the heartbeat.
[2026-02-21 02:46:43.000]  [WriteStatusToFile] ErrorCode:0 INFO: Sending the status.
[2026-02-21 02:46:43.000]  [WriteHeartbeatToFile] ErrorCode:0 INFO: Done Sending the heartbeat.
[2026-02-21 02:46:43.000]  [WriteStatusToFile] ErrorCode:0 INFO: Done Sending the status.
[2026-02-21 02:47:13.000]  [WriteHeartbeatToFile] ErrorCode:0 INFO: Sending the heartbeat.
[2026-02-21 02:47:13.000]  [WriteStatusToFile] ErrorCode:0 INFO: Sending the status.
[2026-02-21 02:47:13.000]  [WriteStatusToFile] ErrorCode:0 INFO: Done Sending the status.
[2026-02-21 02:47:13.000]  [WriteHeartbeatToFile] ErrorCode:0 INFO: Done Sending the heartbeat.
[2026-02-21 02:47:13.000]  [FindProcessById] ErrorCode:0 INFO: Attempt to find the process MetricsExtension.Native.exe with ID: 5392.
[2026-02-21 02:47:13.000]  [FindProcessById] ErrorCode:0 INFO: Running Process MetricsExtension.Native.exe found. ID: 5392.
[2026-02-21 02:47:13.000]  [StartMetricsExtension] ErrorCode:0 ERROR: Metrics extension is already running
[2026-02-21 02:47:43.000]  [WriteStatusToFile] ErrorCode:0 INFO: Sending the status.
[2026-02-21 02:47:43.000]  [WriteHeartbeatToFile] ErrorCode:0 INFO: Sending the heartbeat.
[2026-02-21 02:47:43.000]  [WriteStatusToFile] ErrorCode:0 INFO: Done Sending the status.
[2026-02-21 02:47:43.000]  [WriteHeartbeatToFile] ErrorCode:0 INFO: Done Sending the heartbeat.
[2026-02-21 02:48:13.000]  [WriteHeartbeatToFile] ErrorCode:0 INFO: Sending the heartbeat.
[2026-02-21 02:48:13.000]  [WriteHeartbeatToFile] ErrorCode:0 INFO: Done Sending the heartbeat.
[2026-02-21 02:48:13.000]  [WriteStatusToFile] ErrorCode:0 INFO: Sending the status.
[2026-02-21 02:48:13.000]  [WriteStatusToFile] ErrorCode:0 INFO: Done Sending the status.
[2026-02-21 02:48:13.000]  [FindProcessById] ErrorCode:0 INFO: Attempt to find the process MetricsExtension.Native.exe with ID: 5392.
[2026-02-21 02:48:13.000]  [FindProcessById] ErrorCode:0 INFO: Running Process MetricsExtension.Native.exe found. ID: 5392.
[2026-02-21 02:48:13.000]  [StartMetricsExtension] ErrorCode:0 ERROR: Metrics extension is already running
[2026-02-21 02:48:43.000]  [WriteHeartbeatToFile] ErrorCode:0 INFO: Sending the heartbeat.
[2026-02-21 02:48:43.000]  [WriteStatusToFile] ErrorCode:0 INFO: Sending the status.
[2026-02-21 02:48:43.000]  [WriteHeartbeatToFile] ErrorCode:0 INFO: Done Sending the heartbeat.
[2026-02-21 02:48:43.000]  [WriteStatusToFile] ErrorCode:0 INFO: Done Sending the status.
[2026-02-21 02:49:13.000]  [WriteStatusToFile] ErrorCode:0 INFO: Sending the status.
[2026-02-21 02:49:13.000]  [WriteHeartbeatToFile] ErrorCode:0 INFO: Sending the heartbeat.
[2026-02-21 02:49:13.000]  [WriteStatusToFile] ErrorCode:0 INFO: Done Sending the status.
[2026-02-21 02:49:13.000]  [WriteHeartbeatToFile] ErrorCode:0 INFO: Done Sending the heartbeat.
[2026-02-21 02:49:13.000]  [FindProcessById] ErrorCode:0 INFO: Attempt to find the process MetricsExtension.Native.exe with ID: 5392.
[2026-02-21 02:49:13.000]  [FindProcessById] ErrorCode:0 INFO: Running Process MetricsExtension.Native.exe found. ID: 5392.
[2026-02-21 02:49:13.000]  [StartMetricsExtension] ErrorCode:0 ERROR: Metrics extension is already running
[2026-02-21 02:49:43.000]  [WriteStatusToFile] ErrorCode:0 INFO: Sending the status.
[2026-02-21 02:49:43.000]  [WriteHeartbeatToFile] ErrorCode:0 INFO: Sending the heartbeat.
[2026-02-21 02:49:43.000]  [WriteStatusToFile] ErrorCode:0 INFO: Done Sending the status.
[2026-02-21 02:49:43.000]  [WriteHeartbeatToFile] ErrorCode:0 INFO: Done Sending the heartbeat.
[2026-02-21 02:50:13.000]  [WriteHeartbeatToFile] ErrorCode:0 INFO: Sending the heartbeat.
[2026-02-21 02:50:13.000]  [WriteStatusToFile] ErrorCode:0 INFO: Sending the status.
[2026-02-21 02:50:13.000]  [WriteHeartbeatToFile] ErrorCode:0 INFO: Done Sending the heartbeat.
[2026-02-21 02:50:13.000]  [WriteStatusToFile] ErrorCode:0 INFO: Done Sending the status.
[2026-02-21 02:50:13.000]  [FindProcessById] ErrorCode:0 INFO: Attempt to find the process MetricsExtension.Native.exe with ID: 5392.
[2026-02-21 02:50:13.000]  [FindProcessById] ErrorCode:0 INFO: Running Process MetricsExtension.Native.exe found. ID: 5392.
[2026-02-21 02:50:13.000]  [StartMetricsExtension] ErrorCode:0 ERROR: Metrics extension is already running
[2026-02-21 02:50:43.000]  [WriteStatusToFile] ErrorCode:0 INFO: Sending the status.
[2026-02-21 02:50:43.000]  [WriteHeartbeatToFile] ErrorCode:0 INFO: Sending the heartbeat.
[2026-02-21 02:50:43.000]  [WriteHeartbeatToFile] ErrorCode:0 INFO: Done Sending the heartbeat.
[2026-02-21 02:50:43.000]  [WriteStatusToFile] ErrorCode:0 INFO: Done Sending the status.
[2026-02-21 02:51:13.000]  [WriteHeartbeatToFile] ErrorCode:0 INFO: Sending the heartbeat.
[2026-02-21 02:51:13.000]  [WriteStatusToFile] ErrorCode:0 INFO: Sending the status.
[2026-02-21 02:51:13.000]  [WriteHeartbeatToFile] ErrorCode:0 INFO: Done Sending the heartbeat.
[2026-02-21 02:51:13.000]  [WriteStatusToFile] ErrorCode:0 INFO: Done Sending the status.
[2026-02-21 02:51:14.000]  [FindProcessById] ErrorCode:0 INFO: Attempt to find the process MetricsExtension.Native.exe with ID: 5392.
[2026-02-21 02:51:14.000]  [FindProcessById] ErrorCode:0 INFO: Running Process MetricsExtension.Native.exe found. ID: 5392.
[2026-02-21 02:51:14.000]  [StartMetricsExtension] ErrorCode:0 ERROR: Metrics extension is already running
[2026-02-21 02:51:14.000]  [AggregateHeartbeat] ErrorCode:0 INFO: Start heartbeat aggregation.
[2026-02-21 02:51:14.000]  [QueryRegValueDWORD] ErrorCode:0 INFO: Query Registry for Key:SOFTWARE\Microsoft\Windows Azure\CurrentVersion\AzureMonitorAgentExtension\47.4.1.0, Name:MaServiceProcess
[2026-02-21 02:51:14.000]  [QueryRegValueDWORD] ErrorCode:0 INFO: Query Registry for Key:SOFTWARE\Microsoft\Windows Azure\CurrentVersion\AzureMonitorAgentExtension\47.4.1.0, Name:MaServiceProcess, Value:2228
[2026-02-21 02:51:14.000]  [FindProcessById] ErrorCode:0 INFO: Attempt to find the process MonAgentLauncher.exe with ID: 2228.
[2026-02-21 02:51:14.000]  [FindProcessById] ErrorCode:0 INFO: Running Process MonAgentLauncher.exe found. ID: 2228.
[2026-02-21 02:51:14.000]  [CheckIfMAServiceIsRunByExtension] ErrorCode:0 INFO: The MA process is running based on the m_registry
[2026-02-21 02:51:14.000]  [QueryRegValueDWORD] ErrorCode:0 INFO: Query Registry for Key:SOFTWARE\Microsoft\Windows Azure\CurrentVersion\AzureMonitorAgentExtension\47.4.1.0, Name:AMAMultitenantServiceProcess
[2026-02-21 02:51:14.000]  [QueryRegValueDWORD] ErrorCode:0 ERROR: RegQueryValueExA: failed to query REG_DWORD value, Key:SOFTWARE\Microsoft\Windows Azure\CurrentVersion\AzureMonitorAgentExtension\47.4.1.0, name=AMAMultitenantServiceProcess, error=2, type=0
[2026-02-21 02:51:14.000]  [CheckIfMAServiceIsRunByExtension] ErrorCode:1205 INFO: Unable to read the m_registry for MA process. Assume it is not running.
[2026-02-21 02:51:14.000]  [AggregateHeartbeat] ErrorCode:0 INFO: Configured MA Service is not running on the node.
[2026-02-21 02:51:14.000]  [SetImdsEnvironmentVariable] ErrorCode:0 INFO: Querying IMDS information
[2026-02-21 02:51:14.000]  [SetImdsEnvironmentVariable] ErrorCode:-1 INFO: Preparing to call IMDS. Endpoint: http://169.254.169.254
[2026-02-21 02:51:14.000]  [QueryIMDSEndpoint] ErrorCode:0 INFO: Queried IMDS successfully.
[2026-02-21 02:51:14.000]  [GetValueFromJsonOrDefault] ErrorCode:0 INFO: Read Imds response field with Name:location Value: westus2
[2026-02-21 02:51:14.000]  [GetValueFromJsonOrDefault] ErrorCode:0 INFO: Read Imds response field with Name:name Value: amawin
[2026-02-21 02:51:14.000]  [GetValueFromJsonOrDefault] ErrorCode:0 INFO: Read Imds response field with Name:subscriptionId Value: 351651ce-5feb-4e59-975d-f1f344e2b717
[2026-02-21 02:51:14.000]  [GetValueFromJsonOrDefault] ErrorCode:0 INFO: Read Imds response field with Name:vmId Value: 22afd636-aec1-4782-9055-f85ea283dc20
[2026-02-21 02:51:14.000]  [GetValueFromJsonOrDefault] ErrorCode:0 INFO: Read Imds response field with Name:vmScaleSetName Value: 
[2026-02-21 02:51:14.000]  [GetValueFromJsonOrDefault] ErrorCode:0 INFO: Read Imds response field with Name:resourceGroupName Value: AMAWin_group
[2026-02-21 02:51:14.000]  [GetValueFromJsonOrDefault] ErrorCode:0 INFO: Read Imds response field with Name:osType Value: Windows
[2026-02-21 02:51:14.000]  [GetValueFromJsonOrDefault] ErrorCode:0 INFO: Read Imds response field with Name:resourceId Value: /subscriptions/351651ce-5feb-4e59-975d-f1f344e2b717/resourceGroups/AMAWin_group/providers/Microsoft.Compute/virtualMachines/amawin
[2026-02-21 02:51:14.000]  [GetValueFromJsonOrDefault] ErrorCode:0 INFO: Read Imds response field with Name:azEnvironment Value: AzurePublicCloud
[2026-02-21 02:51:14.000]  [SetImdsEnvironmentVariable] ErrorCode:0 INFO: Successfully set Environment variables from Imds
[2026-02-21 02:51:14.000]  [AggregateHeartbeat] ErrorCode:0 INFO: Completed heartbeat aggregation.
[2026-02-21 02:51:43.000]  [WriteStatusToFile] ErrorCode:0 INFO: Sending the status.
[2026-02-21 02:51:43.000]  [WriteHeartbeatToFile] ErrorCode:0 INFO: Sending the heartbeat.
[2026-02-21 02:51:43.000]  [WriteStatusToFile] ErrorCode:0 INFO: Done Sending the status.
[2026-02-21 02:51:43.000]  [WriteHeartbeatToFile] ErrorCode:0 INFO: Done Sending the heartbeat.
[2026-02-21 02:52:13.000]  [WriteHeartbeatToFile] ErrorCode:0 INFO: Sending the heartbeat.
[2026-02-21 02:52:13.000]  [WriteStatusToFile] ErrorCode:0 INFO: Sending the status.
[2026-02-21 02:52:13.000]  [WriteHeartbeatToFile] ErrorCode:0 INFO: Done Sending the heartbeat.
[2026-02-21 02:52:13.000]  [WriteStatusToFile] ErrorCode:0 INFO: Done Sending the status.
[2026-02-21 02:52:14.000]  [FindProcessById] ErrorCode:0 INFO: Attempt to find the process MetricsExtension.Native.exe with ID: 5392.
[2026-02-21 02:52:14.000]  [FindProcessById] ErrorCode:0 INFO: Running Process MetricsExtension.Native.exe found. ID: 5392.
[2026-02-21 02:52:14.000]  [StartMetricsExtension] ErrorCode:0 ERROR: Metrics extension is already running
[2026-02-21 02:52:43.000]  [WriteHeartbeatToFile] ErrorCode:0 INFO: Sending the heartbeat.
[2026-02-21 02:52:43.000]  [WriteStatusToFile] ErrorCode:0 INFO: Sending the status.
[2026-02-21 02:52:43.000]  [WriteStatusToFile] ErrorCode:0 INFO: Done Sending the status.
[2026-02-21 02:52:43.000]  [WriteHeartbeatToFile] ErrorCode:0 INFO: Done Sending the heartbeat.
[2026-02-21 02:53:13.000]  [WriteStatusToFile] ErrorCode:0 INFO: Sending the status.
[2026-02-21 02:53:13.000]  [WriteHeartbeatToFile] ErrorCode:0 INFO: Sending the heartbeat.
[2026-02-21 02:53:13.000]  [WriteHeartbeatToFile] ErrorCode:0 INFO: Done Sending the heartbeat.
[2026-02-21 02:53:13.000]  [WriteStatusToFile] ErrorCode:0 INFO: Done Sending the status.
[2026-02-21 02:53:14.000]  [FindProcessById] ErrorCode:0 INFO: Attempt to find the process MetricsExtension.Native.exe with ID: 5392.
[2026-02-21 02:53:14.000]  [FindProcessById] ErrorCode:0 INFO: Running Process MetricsExtension.Native.exe found. ID: 5392.
[2026-02-21 02:53:14.000]  [StartMetricsExtension] ErrorCode:0 ERROR: Metrics extension is already running
[2026-02-21 02:53:43.000]  [WriteHeartbeatToFile] ErrorCode:0 INFO: Sending the heartbeat.
[2026-02-21 02:53:43.000]  [WriteStatusToFile] ErrorCode:0 INFO: Sending the status.
[2026-02-21 02:53:43.000]  [WriteHeartbeatToFile] ErrorCode:0 INFO: Done Sending the heartbeat.
[2026-02-21 02:53:43.000]  [WriteStatusToFile] ErrorCode:0 INFO: Done Sending the status.
[2026-02-21 02:54:13.000]  [WriteHeartbeatToFile] ErrorCode:0 INFO: Sending the heartbeat.
[2026-02-21 02:54:13.000]  [WriteStatusToFile] ErrorCode:0 INFO: Sending the status.
[2026-02-21 02:54:13.000]  [WriteHeartbeatToFile] ErrorCode:0 INFO: Done Sending the heartbeat.
[2026-02-21 02:54:13.000]  [WriteStatusToFile] ErrorCode:0 INFO: Done Sending the status.
[2026-02-21 02:54:14.000]  [FindProcessById] ErrorCode:0 INFO: Attempt to find the process MetricsExtension.Native.exe with ID: 5392.
[2026-02-21 02:54:14.000]  [FindProcessById] ErrorCode:0 INFO: Running Process MetricsExtension.Native.exe found. ID: 5392.
[2026-02-21 02:54:14.000]  [StartMetricsExtension] ErrorCode:0 ERROR: Metrics extension is already running
[2026-02-21 02:54:43.000]  [WriteHeartbeatToFile] ErrorCode:0 INFO: Sending the heartbeat.
[2026-02-21 02:54:43.000]  [WriteStatusToFile] ErrorCode:0 INFO: Sending the status.
[2026-02-21 02:54:43.000]  [WriteHeartbeatToFile] ErrorCode:0 INFO: Done Sending the heartbeat.
[2026-02-21 02:54:43.000]  [WriteStatusToFile] ErrorCode:0 INFO: Done Sending the status.
[2026-02-21 02:55:13.000]  [WriteHeartbeatToFile] ErrorCode:0 INFO: Sending the heartbeat.
[2026-02-21 02:55:13.000]  [WriteStatusToFile] ErrorCode:0 INFO: Sending the status.
[2026-02-21 02:55:13.000]  [WriteHeartbeatToFile] ErrorCode:0 INFO: Done Sending the heartbeat.
[2026-02-21 02:55:13.000]  [WriteStatusToFile] ErrorCode:0 INFO: Done Sending the status.
[2026-02-21 02:55:14.000]  [FindProcessById] ErrorCode:0 INFO: Attempt to find the process MetricsExtension.Native.exe with ID: 5392.
[2026-02-21 02:55:14.000]  [FindProcessById] ErrorCode:0 INFO: Running Process MetricsExtension.Native.exe found. ID: 5392.
[2026-02-21 02:55:14.000]  [StartMetricsExtension] ErrorCode:0 ERROR: Metrics extension is already running
[2026-02-21 02:55:43.000]  [WriteStatusToFile] ErrorCode:0 INFO: Sending the status.
[2026-02-21 02:55:43.000]  [WriteHeartbeatToFile] ErrorCode:0 INFO: Sending the heartbeat.
[2026-02-21 02:55:43.000]  [WriteHeartbeatToFile] ErrorCode:0 INFO: Done Sending the heartbeat.
[2026-02-21 02:55:43.000]  [WriteStatusToFile] ErrorCode:0 INFO: Done Sending the status.
[2026-02-21 02:56:13.000]  [WriteHeartbeatToFile] ErrorCode:0 INFO: Sending the heartbeat.
[2026-02-21 02:56:13.000]  [WriteStatusToFile] ErrorCode:0 INFO: Sending the status.
[2026-02-21 02:56:13.000]  [WriteHeartbeatToFile] ErrorCode:0 INFO: Done Sending the heartbeat.
[2026-02-21 02:56:13.000]  [WriteStatusToFile] ErrorCode:0 INFO: Done Sending the status.
[2026-02-21 02:56:14.000]  [FindProcessById] ErrorCode:0 INFO: Attempt to find the process MetricsExtension.Native.exe with ID: 5392.
[2026-02-21 02:56:14.000]  [FindProcessById] ErrorCode:0 INFO: Running Process MetricsExtension.Native.exe found. ID: 5392.
[2026-02-21 02:56:14.000]  [StartMetricsExtension] ErrorCode:0 ERROR: Metrics extension is already running
[2026-02-21 02:56:14.000]  [AggregateHeartbeat] ErrorCode:0 INFO: Start heartbeat aggregation.
[2026-02-21 02:56:14.000]  [QueryRegValueDWORD] ErrorCode:0 INFO: Query Registry for Key:SOFTWARE\Microsoft\Windows Azure\CurrentVersion\AzureMonitorAgentExtension\47.4.1.0, Name:MaServiceProcess
[2026-02-21 02:56:14.000]  [QueryRegValueDWORD] ErrorCode:0 INFO: Query Registry for Key:SOFTWARE\Microsoft\Windows Azure\CurrentVersion\AzureMonitorAgentExtension\47.4.1.0, Name:MaServiceProcess, Value:2228
[2026-02-21 02:56:14.000]  [FindProcessById] ErrorCode:0 INFO: Attempt to find the process MonAgentLauncher.exe with ID: 2228.
[2026-02-21 02:56:14.000]  [FindProcessById] ErrorCode:0 INFO: Running Process MonAgentLauncher.exe found. ID: 2228.
[2026-02-21 02:56:14.000]  [CheckIfMAServiceIsRunByExtension] ErrorCode:0 INFO: The MA process is running based on the m_registry
[2026-02-21 02:56:14.000]  [QueryRegValueDWORD] ErrorCode:0 INFO: Query Registry for Key:SOFTWARE\Microsoft\Windows Azure\CurrentVersion\AzureMonitorAgentExtension\47.4.1.0, Name:AMAMultitenantServiceProcess
[2026-02-21 02:56:14.000]  [QueryRegValueDWORD] ErrorCode:0 ERROR: RegQueryValueExA: failed to query REG_DWORD value, Key:SOFTWARE\Microsoft\Windows Azure\CurrentVersion\AzureMonitorAgentExtension\47.4.1.0, name=AMAMultitenantServiceProcess, error=2, type=0
[2026-02-21 02:56:14.000]  [CheckIfMAServiceIsRunByExtension] ErrorCode:1205 INFO: Unable to read the m_registry for MA process. Assume it is not running.
[2026-02-21 02:56:14.000]  [AggregateHeartbeat] ErrorCode:0 INFO: Configured MA Service is not running on the node.
[2026-02-21 02:56:14.000]  [SetImdsEnvironmentVariable] ErrorCode:0 INFO: Querying IMDS information
[2026-02-21 02:56:14.000]  [SetImdsEnvironmentVariable] ErrorCode:-1 INFO: Preparing to call IMDS. Endpoint: http://169.254.169.254
[2026-02-21 02:56:14.000]  [QueryIMDSEndpoint] ErrorCode:0 INFO: Queried IMDS successfully.
[2026-02-21 02:56:14.000]  [GetValueFromJsonOrDefault] ErrorCode:0 INFO: Read Imds response field with Name:location Value: westus2
[2026-02-21 02:56:14.000]  [GetValueFromJsonOrDefault] ErrorCode:0 INFO: Read Imds response field with Name:name Value: amawin
[2026-02-21 02:56:14.000]  [GetValueFromJsonOrDefault] ErrorCode:0 INFO: Read Imds response field with Name:subscriptionId Value: 351651ce-5feb-4e59-975d-f1f344e2b717
[2026-02-21 02:56:14.000]  [GetValueFromJsonOrDefault] ErrorCode:0 INFO: Read Imds response field with Name:vmId Value: 22afd636-aec1-4782-9055-f85ea283dc20
[2026-02-21 02:56:14.000]  [GetValueFromJsonOrDefault] ErrorCode:0 INFO: Read Imds response field with Name:vmScaleSetName Value: 
[2026-02-21 02:56:14.000]  [GetValueFromJsonOrDefault] ErrorCode:0 INFO: Read Imds response field with Name:resourceGroupName Value: AMAWin_group
[2026-02-21 02:56:14.000]  [GetValueFromJsonOrDefault] ErrorCode:0 INFO: Read Imds response field with Name:osType Value: Windows
[2026-02-21 02:56:14.000]  [GetValueFromJsonOrDefault] ErrorCode:0 INFO: Read Imds response field with Name:resourceId Value: /subscriptions/351651ce-5feb-4e59-975d-f1f344e2b717/resourceGroups/AMAWin_group/providers/Microsoft.Compute/virtualMachines/amawin
[2026-02-21 02:56:14.000]  [GetValueFromJsonOrDefault] ErrorCode:0 INFO: Read Imds response field with Name:azEnvironment Value: AzurePublicCloud
[2026-02-21 02:56:14.000]  [SetImdsEnvironmentVariable] ErrorCode:0 INFO: Successfully set Environment variables from Imds
[2026-02-21 02:56:14.000]  [AggregateHeartbeat] ErrorCode:0 INFO: Completed heartbeat aggregation.
[2026-02-21 02:56:43.000]  [WriteHeartbeatToFile] ErrorCode:0 INFO: Sending the heartbeat.
[2026-02-21 02:56:43.000]  [WriteStatusToFile] ErrorCode:0 INFO: Sending the status.
[2026-02-21 02:56:43.000]  [WriteStatusToFile] ErrorCode:0 INFO: Done Sending the status.
[2026-02-21 02:56:43.000]  [WriteHeartbeatToFile] ErrorCode:0 INFO: Done Sending the heartbeat.
[2026-02-21 02:57:13.000]  [WriteHeartbeatToFile] ErrorCode:0 INFO: Sending the heartbeat.
[2026-02-21 02:57:13.000]  [WriteStatusToFile] ErrorCode:0 INFO: Sending the status.
[2026-02-21 02:57:13.000]  [WriteStatusToFile] ErrorCode:0 INFO: Done Sending the status.
[2026-02-21 02:57:13.000]  [WriteHeartbeatToFile] ErrorCode:0 INFO: Done Sending the heartbeat.
[2026-02-21 02:57:14.000]  [FindProcessById] ErrorCode:0 INFO: Attempt to find the process MetricsExtension.Native.exe with ID: 5392.
[2026-02-21 02:57:14.000]  [FindProcessById] ErrorCode:0 INFO: Running Process MetricsExtension.Native.exe found. ID: 5392.
[2026-02-21 02:57:14.000]  [StartMetricsExtension] ErrorCode:0 ERROR: Metrics extension is already running
[2026-02-21 02:57:43.000]  [WriteHeartbeatToFile] ErrorCode:0 INFO: Sending the heartbeat.
[2026-02-21 02:57:43.000]  [WriteStatusToFile] ErrorCode:0 INFO: Sending the status.
[2026-02-21 02:57:43.000]  [WriteStatusToFile] ErrorCode:0 INFO: Done Sending the status.
[2026-02-21 02:57:43.000]  [WriteHeartbeatToFile] ErrorCode:0 INFO: Done Sending the heartbeat.
[2026-02-21 02:58:13.000]  [WriteHeartbeatToFile] ErrorCode:0 INFO: Sending the heartbeat.
[2026-02-21 02:58:13.000]  [WriteStatusToFile] ErrorCode:0 INFO: Sending the status.
[2026-02-21 02:58:13.000]  [WriteStatusToFile] ErrorCode:0 INFO: Done Sending the status.
[2026-02-21 02:58:13.000]  [WriteHeartbeatToFile] ErrorCode:0 INFO: Done Sending the heartbeat.
[2026-02-21 02:58:14.000]  [FindProcessById] ErrorCode:0 INFO: Attempt to find the process MetricsExtension.Native.exe with ID: 5392.
[2026-02-21 02:58:14.000]  [FindProcessById] ErrorCode:0 INFO: Running Process MetricsExtension.Native.exe found. ID: 5392.
[2026-02-21 02:58:14.000]  [StartMetricsExtension] ErrorCode:0 ERROR: Metrics extension is already running
[2026-02-21 02:58:43.000]  [WriteHeartbeatToFile] ErrorCode:0 INFO: Sending the heartbeat.
[2026-02-21 02:58:43.000]  [WriteStatusToFile] ErrorCode:0 INFO: Sending the status.
[2026-02-21 02:58:43.000]  [WriteHeartbeatToFile] ErrorCode:0 INFO: Done Sending the heartbeat.
[2026-02-21 02:58:43.000]  [WriteStatusToFile] ErrorCode:0 INFO: Done Sending the status.
[2026-02-21 02:59:13.000]  [WriteHeartbeatToFile] ErrorCode:0 INFO: Sending the heartbeat.
[2026-02-21 02:59:13.000]  [WriteStatusToFile] ErrorCode:0 INFO: Sending the status.
[2026-02-21 02:59:13.000]  [WriteHeartbeatToFile] ErrorCode:0 INFO: Done Sending the heartbeat.
[2026-02-21 02:59:13.000]  [WriteStatusToFile] ErrorCode:0 INFO: Done Sending the status.
[2026-02-21 02:59:14.000]  [FindProcessById] ErrorCode:0 INFO: Attempt to find the process MetricsExtension.Native.exe with ID: 5392.
[2026-02-21 02:59:14.000]  [FindProcessById] ErrorCode:0 INFO: Running Process MetricsExtension.Native.exe found. ID: 5392.
[2026-02-21 02:59:14.000]  [StartMetricsExtension] ErrorCode:0 ERROR: Metrics extension is already running
[2026-02-21 02:59:43.000]  [WriteStatusToFile] ErrorCode:0 INFO: Sending the status.
[2026-02-21 02:59:43.000]  [WriteHeartbeatToFile] ErrorCode:0 INFO: Sending the heartbeat.
[2026-02-21 02:59:43.000]  [WriteStatusToFile] ErrorCode:0 INFO: Done Sending the status.
[2026-02-21 02:59:43.000]  [WriteHeartbeatToFile] ErrorCode:0 INFO: Done Sending the heartbeat.
[2026-02-21 03:00:13.000]  [WriteHeartbeatToFile] ErrorCode:0 INFO: Sending the heartbeat.
[2026-02-21 03:00:13.000]  [WriteStatusToFile] ErrorCode:0 INFO: Sending the status.
[2026-02-21 03:00:13.000]  [WriteStatusToFile] ErrorCode:0 INFO: Done Sending the status.
[2026-02-21 03:00:13.000]  [WriteHeartbeatToFile] ErrorCode:0 INFO: Done Sending the heartbeat.
[2026-02-21 03:00:14.000]  [FindProcessById] ErrorCode:0 INFO: Attempt to find the process MetricsExtension.Native.exe with ID: 5392.
[2026-02-21 03:00:14.000]  [FindProcessById] ErrorCode:0 INFO: Running Process MetricsExtension.Native.exe found. ID: 5392.
[2026-02-21 03:00:14.000]  [StartMetricsExtension] ErrorCode:0 ERROR: Metrics extension is already running
[2026-02-21 03:00:44.000]  [WriteHeartbeatToFile] ErrorCode:0 INFO: Sending the heartbeat.
[2026-02-21 03:00:44.000]  [WriteStatusToFile] ErrorCode:0 INFO: Sending the status.
[2026-02-21 03:00:44.000]  [WriteHeartbeatToFile] ErrorCode:0 INFO: Done Sending the heartbeat.
[2026-02-21 03:00:44.000]  [WriteStatusToFile] ErrorCode:0 INFO: Done Sending the status.
[2026-02-21 03:01:14.000]  [WriteStatusToFile] ErrorCode:0 INFO: Sending the status.
[2026-02-21 03:01:14.000]  [WriteHeartbeatToFile] ErrorCode:0 INFO: Sending the heartbeat.
[2026-02-21 03:01:14.000]  [WriteStatusToFile] ErrorCode:0 INFO: Done Sending the status.
[2026-02-21 03:01:14.000]  [WriteHeartbeatToFile] ErrorCode:0 INFO: Done Sending the heartbeat.
[2026-02-21 03:01:14.000]  [FindProcessById] ErrorCode:0 INFO: Attempt to find the process MetricsExtension.Native.exe with ID: 5392.
[2026-02-21 03:01:14.000]  [FindProcessById] ErrorCode:0 INFO: Running Process MetricsExtension.Native.exe found. ID: 5392.
[2026-02-21 03:01:14.000]  [StartMetricsExtension] ErrorCode:0 ERROR: Metrics extension is already running
[2026-02-21 03:01:14.000]  [AggregateHeartbeat] ErrorCode:0 INFO: Start heartbeat aggregation.
[2026-02-21 03:01:14.000]  [QueryRegValueDWORD] ErrorCode:0 INFO: Query Registry for Key:SOFTWARE\Microsoft\Windows Azure\CurrentVersion\AzureMonitorAgentExtension\47.4.1.0, Name:MaServiceProcess
[2026-02-21 03:01:14.000]  [QueryRegValueDWORD] ErrorCode:0 INFO: Query Registry for Key:SOFTWARE\Microsoft\Windows Azure\CurrentVersion\AzureMonitorAgentExtension\47.4.1.0, Name:MaServiceProcess, Value:2228
[2026-02-21 03:01:14.000]  [FindProcessById] ErrorCode:0 INFO: Attempt to find the process MonAgentLauncher.exe with ID: 2228.
[2026-02-21 03:01:14.000]  [FindProcessById] ErrorCode:0 INFO: Running Process MonAgentLauncher.exe found. ID: 2228.
[2026-02-21 03:01:14.000]  [CheckIfMAServiceIsRunByExtension] ErrorCode:0 INFO: The MA process is running based on the m_registry
[2026-02-21 03:01:14.000]  [QueryRegValueDWORD] ErrorCode:0 INFO: Query Registry for Key:SOFTWARE\Microsoft\Windows Azure\CurrentVersion\AzureMonitorAgentExtension\47.4.1.0, Name:AMAMultitenantServiceProcess
[2026-02-21 03:01:14.000]  [QueryRegValueDWORD] ErrorCode:0 ERROR: RegQueryValueExA: failed to query REG_DWORD value, Key:SOFTWARE\Microsoft\Windows Azure\CurrentVersion\AzureMonitorAgentExtension\47.4.1.0, name=AMAMultitenantServiceProcess, error=2, type=0
[2026-02-21 03:01:14.000]  [CheckIfMAServiceIsRunByExtension] ErrorCode:1205 INFO: Unable to read the m_registry for MA process. Assume it is not running.
[2026-02-21 03:01:14.000]  [AggregateHeartbeat] ErrorCode:0 INFO: Configured MA Service is not running on the node.
[2026-02-21 03:01:14.000]  [SetImdsEnvironmentVariable] ErrorCode:0 INFO: Querying IMDS information
[2026-02-21 03:01:14.000]  [SetImdsEnvironmentVariable] ErrorCode:-1 INFO: Preparing to call IMDS. Endpoint: http://169.254.169.254
[2026-02-21 03:01:14.000]  [QueryIMDSEndpoint] ErrorCode:0 INFO: Queried IMDS successfully.
[2026-02-21 03:01:14.000]  [GetValueFromJsonOrDefault] ErrorCode:0 INFO: Read Imds response field with Name:location Value: westus2
[2026-02-21 03:01:14.000]  [GetValueFromJsonOrDefault] ErrorCode:0 INFO: Read Imds response field with Name:name Value: amawin
[2026-02-21 03:01:14.000]  [GetValueFromJsonOrDefault] ErrorCode:0 INFO: Read Imds response field with Name:subscriptionId Value: 351651ce-5feb-4e59-975d-f1f344e2b717
[2026-02-21 03:01:14.000]  [GetValueFromJsonOrDefault] ErrorCode:0 INFO: Read Imds response field with Name:vmId Value: 22afd636-aec1-4782-9055-f85ea283dc20
[2026-02-21 03:01:14.000]  [GetValueFromJsonOrDefault] ErrorCode:0 INFO: Read Imds response field with Name:vmScaleSetName Value: 
[2026-02-21 03:01:14.000]  [GetValueFromJsonOrDefault] ErrorCode:0 INFO: Read Imds response field with Name:resourceGroupName Value: AMAWin_group
[2026-02-21 03:01:14.000]  [GetValueFromJsonOrDefault] ErrorCode:0 INFO: Read Imds response field with Name:osType Value: Windows
[2026-02-21 03:01:14.000]  [GetValueFromJsonOrDefault] ErrorCode:0 INFO: Read Imds response field with Name:resourceId Value: /subscriptions/351651ce-5feb-4e59-975d-f1f344e2b717/resourceGroups/AMAWin_group/providers/Microsoft.Compute/virtualMachines/amawin
[2026-02-21 03:01:14.000]  [GetValueFromJsonOrDefault] ErrorCode:0 INFO: Read Imds response field with Name:azEnvironment Value: AzurePublicCloud
[2026-02-21 03:01:14.000]  [SetImdsEnvironmentVariable] ErrorCode:0 INFO: Successfully set Environment variables from Imds
[2026-02-21 03:01:14.000]  [AggregateHeartbeat] ErrorCode:0 INFO: Completed heartbeat aggregation.
[2026-02-21 03:01:44.000]  [WriteHeartbeatToFile] ErrorCode:0 INFO: Sending the heartbeat.
[2026-02-21 03:01:44.000]  [WriteStatusToFile] ErrorCode:0 INFO: Sending the status.
[2026-02-21 03:01:44.000]  [WriteStatusToFile] ErrorCode:0 INFO: Done Sending the status.
[2026-02-21 03:01:44.000]  [WriteHeartbeatToFile] ErrorCode:0 INFO: Done Sending the heartbeat.
[2026-02-21 03:02:14.000]  [WriteHeartbeatToFile] ErrorCode:0 INFO: Sending the heartbeat.
[2026-02-21 03:02:14.000]  [WriteStatusToFile] ErrorCode:0 INFO: Sending the status.
[2026-02-21 03:02:14.000]  [WriteStatusToFile] ErrorCode:0 INFO: Done Sending the status.
[2026-02-21 03:02:14.000]  [WriteHeartbeatToFile] ErrorCode:0 INFO: Done Sending the heartbeat.
[2026-02-21 03:02:14.000]  [FindProcessById] ErrorCode:0 INFO: Attempt to find the process MetricsExtension.Native.exe with ID: 5392.
[2026-02-21 03:02:14.000]  [FindProcessById] ErrorCode:0 INFO: Running Process MetricsExtension.Native.exe found. ID: 5392.
[2026-02-21 03:02:14.000]  [StartMetricsExtension] ErrorCode:0 ERROR: Metrics extension is already running
[2026-02-21 03:02:44.000]  [WriteStatusToFile] ErrorCode:0 INFO: Sending the status.
[2026-02-21 03:02:44.000]  [WriteHeartbeatToFile] ErrorCode:0 INFO: Sending the heartbeat.
[2026-02-21 03:02:44.000]  [WriteStatusToFile] ErrorCode:0 INFO: Done Sending the status.
[2026-02-21 03:02:44.000]  [WriteHeartbeatToFile] ErrorCode:0 INFO: Done Sending the heartbeat.
[2026-02-21 03:03:14.000]  [WriteStatusToFile] ErrorCode:0 INFO: Sending the status.
[2026-02-21 03:03:14.000]  [WriteHeartbeatToFile] ErrorCode:0 INFO: Sending the heartbeat.
[2026-02-21 03:03:14.000]  [WriteStatusToFile] ErrorCode:0 INFO: Done Sending the status.
[2026-02-21 03:03:14.000]  [WriteHeartbeatToFile] ErrorCode:0 INFO: Done Sending the heartbeat.
[2026-02-21 03:03:14.000]  [FindProcessById] ErrorCode:0 INFO: Attempt to find the process MetricsExtension.Native.exe with ID: 5392.
[2026-02-21 03:03:14.000]  [FindProcessById] ErrorCode:0 INFO: Running Process MetricsExtension.Native.exe found. ID: 5392.
[2026-02-21 03:03:14.000]  [StartMetricsExtension] ErrorCode:0 ERROR: Metrics extension is already running
[2026-02-21 03:03:44.000]  [WriteStatusToFile] ErrorCode:0 INFO: Sending the status.
[2026-02-21 03:03:44.000]  [WriteHeartbeatToFile] ErrorCode:0 INFO: Sending the heartbeat.
[2026-02-21 03:03:44.000]  [WriteStatusToFile] ErrorCode:0 INFO: Done Sending the status.
[2026-02-21 03:03:44.000]  [WriteHeartbeatToFile] ErrorCode:0 INFO: Done Sending the heartbeat.
[2026-02-21 03:04:14.000]  [WriteHeartbeatToFile] ErrorCode:0 INFO: Sending the heartbeat.
[2026-02-21 03:04:14.000]  [WriteStatusToFile] ErrorCode:0 INFO: Sending the status.
[2026-02-21 03:04:14.000]  [WriteHeartbeatToFile] ErrorCode:0 INFO: Done Sending the heartbeat.
[2026-02-21 03:04:14.000]  [WriteStatusToFile] ErrorCode:0 INFO: Done Sending the status.
[2026-02-21 03:04:14.000]  [FindProcessById] ErrorCode:0 INFO: Attempt to find the process MetricsExtension.Native.exe with ID: 5392.
[2026-02-21 03:04:14.000]  [FindProcessById] ErrorCode:0 INFO: Running Process MetricsExtension.Native.exe found. ID: 5392.
[2026-02-21 03:04:14.000]  [StartMetricsExtension] ErrorCode:0 ERROR: Metrics extension is already running
[2026-02-21 03:04:44.000]  [WriteStatusToFile] ErrorCode:0 INFO: Sending the status.
[2026-02-21 03:04:44.000]  [WriteHeartbeatToFile] ErrorCode:0 INFO: Sending the heartbeat.
[2026-02-21 03:04:44.000]  [WriteHeartbeatToFile] ErrorCode:0 INFO: Done Sending the heartbeat.
[2026-02-21 03:04:44.000]  [WriteStatusToFile] ErrorCode:0 INFO: Done Sending the status.
[2026-02-21 03:05:14.000]  [WriteHeartbeatToFile] ErrorCode:0 INFO: Sending the heartbeat.
[2026-02-21 03:05:14.000]  [WriteStatusToFile] ErrorCode:0 INFO: Sending the status.
[2026-02-21 03:05:14.000]  [WriteHeartbeatToFile] ErrorCode:0 INFO: Done Sending the heartbeat.
[2026-02-21 03:05:14.000]  [WriteStatusToFile] ErrorCode:0 INFO: Done Sending the status.
[2026-02-21 03:05:14.000]  [FindProcessById] ErrorCode:0 INFO: Attempt to find the process MetricsExtension.Native.exe with ID: 5392.
[2026-02-21 03:05:14.000]  [FindProcessById] ErrorCode:0 INFO: Running Process MetricsExtension.Native.exe found. ID: 5392.
[2026-02-21 03:05:14.000]  [StartMetricsExtension] ErrorCode:0 ERROR: Metrics extension is already running
[2026-02-21 03:05:44.000]  [WriteStatusToFile] ErrorCode:0 INFO: Sending the status.
[2026-02-21 03:05:44.000]  [WriteHeartbeatToFile] ErrorCode:0 INFO: Sending the heartbeat.
[2026-02-21 03:05:44.000]  [WriteHeartbeatToFile] ErrorCode:0 INFO: Done Sending the heartbeat.
[2026-02-21 03:05:44.000]  [WriteStatusToFile] ErrorCode:0 INFO: Done Sending the status.
[2026-02-21 03:06:14.000]  [WriteStatusToFile] ErrorCode:0 INFO: Sending the status.
[2026-02-21 03:06:14.000]  [WriteHeartbeatToFile] ErrorCode:0 INFO: Sending the heartbeat.
[2026-02-21 03:06:14.000]  [WriteHeartbeatToFile] ErrorCode:0 INFO: Done Sending the heartbeat.
[2026-02-21 03:06:14.000]  [WriteStatusToFile] ErrorCode:0 INFO: Done Sending the status.
[2026-02-21 03:06:14.000]  [FindProcessById] ErrorCode:0 INFO: Attempt to find the process MetricsExtension.Native.exe with ID: 5392.
[2026-02-21 03:06:14.000]  [FindProcessById] ErrorCode:0 INFO: Running Process MetricsExtension.Native.exe found. ID: 5392.
[2026-02-21 03:06:14.000]  [StartMetricsExtension] ErrorCode:0 ERROR: Metrics extension is already running
[2026-02-21 03:06:14.000]  [AggregateHeartbeat] ErrorCode:0 INFO: Start heartbeat aggregation.
[2026-02-21 03:06:14.000]  [QueryRegValueDWORD] ErrorCode:0 INFO: Query Registry for Key:SOFTWARE\Microsoft\Windows Azure\CurrentVersion\AzureMonitorAgentExtension\47.4.1.0, Name:MaServiceProcess
[2026-02-21 03:06:14.000]  [QueryRegValueDWORD] ErrorCode:0 INFO: Query Registry for Key:SOFTWARE\Microsoft\Windows Azure\CurrentVersion\AzureMonitorAgentExtension\47.4.1.0, Name:MaServiceProcess, Value:2228
[2026-02-21 03:06:14.000]  [FindProcessById] ErrorCode:0 INFO: Attempt to find the process MonAgentLauncher.exe with ID: 2228.
[2026-02-21 03:06:14.000]  [FindProcessById] ErrorCode:0 INFO: Running Process MonAgentLauncher.exe found. ID: 2228.
[2026-02-21 03:06:14.000]  [CheckIfMAServiceIsRunByExtension] ErrorCode:0 INFO: The MA process is running based on the m_registry
[2026-02-21 03:06:14.000]  [QueryRegValueDWORD] ErrorCode:0 INFO: Query Registry for Key:SOFTWARE\Microsoft\Windows Azure\CurrentVersion\AzureMonitorAgentExtension\47.4.1.0, Name:AMAMultitenantServiceProcess
[2026-02-21 03:06:14.000]  [QueryRegValueDWORD] ErrorCode:0 ERROR: RegQueryValueExA: failed to query REG_DWORD value, Key:SOFTWARE\Microsoft\Windows Azure\CurrentVersion\AzureMonitorAgentExtension\47.4.1.0, name=AMAMultitenantServiceProcess, error=2, type=0
[2026-02-21 03:06:14.000]  [CheckIfMAServiceIsRunByExtension] ErrorCode:1205 INFO: Unable to read the m_registry for MA process. Assume it is not running.
[2026-02-21 03:06:14.000]  [AggregateHeartbeat] ErrorCode:0 INFO: Configured MA Service is not running on the node.
[2026-02-21 03:06:14.000]  [SetImdsEnvironmentVariable] ErrorCode:0 INFO: Querying IMDS information
[2026-02-21 03:06:14.000]  [SetImdsEnvironmentVariable] ErrorCode:-1 INFO: Preparing to call IMDS. Endpoint: http://169.254.169.254
[2026-02-21 03:06:14.000]  [QueryIMDSEndpoint] ErrorCode:0 INFO: Queried IMDS successfully.
[2026-02-21 03:06:14.000]  [GetValueFromJsonOrDefault] ErrorCode:0 INFO: Read Imds response field with Name:location Value: westus2
[2026-02-21 03:06:14.000]  [GetValueFromJsonOrDefault] ErrorCode:0 INFO: Read Imds response field with Name:name Value: amawin
[2026-02-21 03:06:14.000]  [GetValueFromJsonOrDefault] ErrorCode:0 INFO: Read Imds response field with Name:subscriptionId Value: 351651ce-5feb-4e59-975d-f1f344e2b717
[2026-02-21 03:06:14.000]  [GetValueFromJsonOrDefault] ErrorCode:0 INFO: Read Imds response field with Name:vmId Value: 22afd636-aec1-4782-9055-f85ea283dc20
[2026-02-21 03:06:14.000]  [GetValueFromJsonOrDefault] ErrorCode:0 INFO: Read Imds response field with Name:vmScaleSetName Value: 
[2026-02-21 03:06:14.000]  [GetValueFromJsonOrDefault] ErrorCode:0 INFO: Read Imds response field with Name:resourceGroupName Value: AMAWin_group
[2026-02-21 03:06:14.000]  [GetValueFromJsonOrDefault] ErrorCode:0 INFO: Read Imds response field with Name:osType Value: Windows
[2026-02-21 03:06:14.000]  [GetValueFromJsonOrDefault] ErrorCode:0 INFO: Read Imds response field with Name:resourceId Value: /subscriptions/351651ce-5feb-4e59-975d-f1f344e2b717/resourceGroups/AMAWin_group/providers/Microsoft.Compute/virtualMachines/amawin
[2026-02-21 03:06:14.000]  [GetValueFromJsonOrDefault] ErrorCode:0 INFO: Read Imds response field with Name:azEnvironment Value: AzurePublicCloud
[2026-02-21 03:06:14.000]  [SetImdsEnvironmentVariable] ErrorCode:0 INFO: Successfully set Environment variables from Imds
[2026-02-21 03:06:14.000]  [AggregateHeartbeat] ErrorCode:0 INFO: Completed heartbeat aggregation.
[2026-02-21 03:06:44.000]  [WriteStatusToFile] ErrorCode:0 INFO: Sending the status.
[2026-02-21 03:06:44.000]  [WriteStatusToFile] ErrorCode:0 INFO: Done Sending the status.
[2026-02-21 03:06:44.000]  [WriteHeartbeatToFile] ErrorCode:0 INFO: Sending the heartbeat.
[2026-02-21 03:06:44.000]  [WriteHeartbeatToFile] ErrorCode:0 INFO: Done Sending the heartbeat.
[2026-02-21 03:07:14.000]  [WriteStatusToFile] ErrorCode:0 INFO: Sending the status.
[2026-02-21 03:07:14.000]  [WriteStatusToFile] ErrorCode:0 INFO: Done Sending the status.
[2026-02-21 03:07:14.000]  [WriteHeartbeatToFile] ErrorCode:0 INFO: Sending the heartbeat.
[2026-02-21 03:07:14.000]  [WriteHeartbeatToFile] ErrorCode:0 INFO: Done Sending the heartbeat.
[2026-02-21 03:07:14.000]  [FindProcessById] ErrorCode:0 INFO: Attempt to find the process MetricsExtension.Native.exe with ID: 5392.
[2026-02-21 03:07:14.000]  [FindProcessById] ErrorCode:0 INFO: Running Process MetricsExtension.Native.exe found. ID: 5392.
[2026-02-21 03:07:14.000]  [StartMetricsExtension] ErrorCode:0 ERROR: Metrics extension is already running
[2026-02-21 03:07:44.000]  [WriteStatusToFile] ErrorCode:0 INFO: Sending the status.
[2026-02-21 03:07:44.000]  [WriteStatusToFile] ErrorCode:0 INFO: Done Sending the status.
[2026-02-21 03:07:44.000]  [WriteHeartbeatToFile] ErrorCode:0 INFO: Sending the heartbeat.
[2026-02-21 03:07:44.000]  [WriteHeartbeatToFile] ErrorCode:0 INFO: Done Sending the heartbeat.
[2026-02-21 03:08:14.000]  [WriteStatusToFile] ErrorCode:0 INFO: Sending the status.
[2026-02-21 03:08:14.000]  [WriteStatusToFile] ErrorCode:0 INFO: Done Sending the status.
[2026-02-21 03:08:14.000]  [WriteHeartbeatToFile] ErrorCode:0 INFO: Sending the heartbeat.
[2026-02-21 03:08:14.000]  [WriteHeartbeatToFile] ErrorCode:0 INFO: Done Sending the heartbeat.
[2026-02-21 03:08:14.000]  [FindProcessById] ErrorCode:0 INFO: Attempt to find the process MetricsExtension.Native.exe with ID: 5392.
[2026-02-21 03:08:14.000]  [FindProcessById] ErrorCode:0 INFO: Running Process MetricsExtension.Native.exe found. ID: 5392.
[2026-02-21 03:08:14.000]  [StartMetricsExtension] ErrorCode:0 ERROR: Metrics extension is already running
[2026-02-21 03:08:44.000]  [WriteStatusToFile] ErrorCode:0 INFO: Sending the status.
[2026-02-21 03:08:44.000]  [WriteStatusToFile] ErrorCode:0 INFO: Done Sending the status.
[2026-02-21 03:08:44.000]  [WriteHeartbeatToFile] ErrorCode:0 INFO: Sending the heartbeat.
[2026-02-21 03:08:44.000]  [WriteHeartbeatToFile] ErrorCode:0 INFO: Done Sending the heartbeat.
[2026-02-21 03:09:14.000]  [WriteStatusToFile] ErrorCode:0 INFO: Sending the status.
[2026-02-21 03:09:14.000]  [WriteStatusToFile] ErrorCode:0 INFO: Done Sending the status.
[2026-02-21 03:09:14.000]  [WriteHeartbeatToFile] ErrorCode:0 INFO: Sending the heartbeat.
[2026-02-21 03:09:14.000]  [WriteHeartbeatToFile] ErrorCode:0 INFO: Done Sending the heartbeat.
[2026-02-21 03:09:14.000]  [FindProcessById] ErrorCode:0 INFO: Attempt to find the process MetricsExtension.Native.exe with ID: 5392.
[2026-02-21 03:09:14.000]  [FindProcessById] ErrorCode:0 INFO: Running Process MetricsExtension.Native.exe found. ID: 5392.
[2026-02-21 03:09:14.000]  [StartMetricsExtension] ErrorCode:0 ERROR: Metrics extension is already running
[2026-02-21 03:09:44.000]  [WriteStatusToFile] ErrorCode:0 INFO: Sending the status.
[2026-02-21 03:09:44.000]  [WriteStatusToFile] ErrorCode:0 INFO: Done Sending the status.
[2026-02-21 03:09:44.000]  [WriteHeartbeatToFile] ErrorCode:0 INFO: Sending the heartbeat.
[2026-02-21 03:09:44.000]  [WriteHeartbeatToFile] ErrorCode:0 INFO: Done Sending the heartbeat.
[2026-02-21 03:10:14.000]  [WriteStatusToFile] ErrorCode:0 INFO: Sending the status.
[2026-02-21 03:10:14.000]  [WriteStatusToFile] ErrorCode:0 INFO: Done Sending the status.
[2026-02-21 03:10:14.000]  [WriteHeartbeatToFile] ErrorCode:0 INFO: Sending the heartbeat.
[2026-02-21 03:10:14.000]  [WriteHeartbeatToFile] ErrorCode:0 INFO: Done Sending the heartbeat.
[2026-02-21 03:10:14.000]  [FindProcessById] ErrorCode:0 INFO: Attempt to find the process MetricsExtension.Native.exe with ID: 5392.
[2026-02-21 03:10:14.000]  [FindProcessById] ErrorCode:0 INFO: Running Process MetricsExtension.Native.exe found. ID: 5392.
[2026-02-21 03:10:14.000]  [StartMetricsExtension] ErrorCode:0 ERROR: Metrics extension is already running
[2026-02-21 03:10:44.000]  [WriteStatusToFile] ErrorCode:0 INFO: Sending the status.
[2026-02-21 03:10:44.000]  [WriteStatusToFile] ErrorCode:0 INFO: Done Sending the status.
[2026-02-21 03:10:44.000]  [WriteHeartbeatToFile] ErrorCode:0 INFO: Sending the heartbeat.
[2026-02-21 03:10:44.000]  [WriteHeartbeatToFile] ErrorCode:0 INFO: Done Sending the heartbeat.
[2026-02-21 03:11:14.000]  [WriteStatusToFile] ErrorCode:0 INFO: Sending the status.
[2026-02-21 03:11:14.000]  [WriteStatusToFile] ErrorCode:0 INFO: Done Sending the status.
[2026-02-21 03:11:14.000]  [WriteHeartbeatToFile] ErrorCode:0 INFO: Sending the heartbeat.
[2026-02-21 03:11:14.000]  [WriteHeartbeatToFile] ErrorCode:0 INFO: Done Sending the heartbeat.
[2026-02-21 03:11:14.000]  [FindProcessById] ErrorCode:0 INFO: Attempt to find the process MetricsExtension.Native.exe with ID: 5392.
[2026-02-21 03:11:14.000]  [FindProcessById] ErrorCode:0 INFO: Running Process MetricsExtension.Native.exe found. ID: 5392.
[2026-02-21 03:11:14.000]  [StartMetricsExtension] ErrorCode:0 ERROR: Metrics extension is already running
[2026-02-21 03:11:14.000]  [AggregateHeartbeat] ErrorCode:0 INFO: Start heartbeat aggregation.
[2026-02-21 03:11:14.000]  [QueryRegValueDWORD] ErrorCode:0 INFO: Query Registry for Key:SOFTWARE\Microsoft\Windows Azure\CurrentVersion\AzureMonitorAgentExtension\47.4.1.0, Name:MaServiceProcess
[2026-02-21 03:11:14.000]  [QueryRegValueDWORD] ErrorCode:0 INFO: Query Registry for Key:SOFTWARE\Microsoft\Windows Azure\CurrentVersion\AzureMonitorAgentExtension\47.4.1.0, Name:MaServiceProcess, Value:2228
[2026-02-21 03:11:14.000]  [FindProcessById] ErrorCode:0 INFO: Attempt to find the process MonAgentLauncher.exe with ID: 2228.
[2026-02-21 03:11:14.000]  [FindProcessById] ErrorCode:0 INFO: Running Process MonAgentLauncher.exe found. ID: 2228.
[2026-02-21 03:11:14.000]  [CheckIfMAServiceIsRunByExtension] ErrorCode:0 INFO: The MA process is running based on the m_registry
[2026-02-21 03:11:14.000]  [QueryRegValueDWORD] ErrorCode:0 INFO: Query Registry for Key:SOFTWARE\Microsoft\Windows Azure\CurrentVersion\AzureMonitorAgentExtension\47.4.1.0, Name:AMAMultitenantServiceProcess
[2026-02-21 03:11:14.000]  [QueryRegValueDWORD] ErrorCode:0 ERROR: RegQueryValueExA: failed to query REG_DWORD value, Key:SOFTWARE\Microsoft\Windows Azure\CurrentVersion\AzureMonitorAgentExtension\47.4.1.0, name=AMAMultitenantServiceProcess, error=2, type=0
[2026-02-21 03:11:14.000]  [CheckIfMAServiceIsRunByExtension] ErrorCode:1205 INFO: Unable to read the m_registry for MA process. Assume it is not running.
[2026-02-21 03:11:14.000]  [AggregateHeartbeat] ErrorCode:0 INFO: Configured MA Service is not running on the node.
[2026-02-21 03:11:14.000]  [SetImdsEnvironmentVariable] ErrorCode:0 INFO: Querying IMDS information
[2026-02-21 03:11:14.000]  [SetImdsEnvironmentVariable] ErrorCode:-1 INFO: Preparing to call IMDS. Endpoint: http://169.254.169.254
[2026-02-21 03:11:14.000]  [QueryIMDSEndpoint] ErrorCode:0 INFO: Queried IMDS successfully.
[2026-02-21 03:11:14.000]  [GetValueFromJsonOrDefault] ErrorCode:0 INFO: Read Imds response field with Name:location Value: westus2
[2026-02-21 03:11:14.000]  [GetValueFromJsonOrDefault] ErrorCode:0 INFO: Read Imds response field with Name:name Value: amawin
[2026-02-21 03:11:14.000]  [GetValueFromJsonOrDefault] ErrorCode:0 INFO: Read Imds response field with Name:subscriptionId Value: 351651ce-5feb-4e59-975d-f1f344e2b717
[2026-02-21 03:11:14.000]  [GetValueFromJsonOrDefault] ErrorCode:0 INFO: Read Imds response field with Name:vmId Value: 22afd636-aec1-4782-9055-f85ea283dc20
[2026-02-21 03:11:14.000]  [GetValueFromJsonOrDefault] ErrorCode:0 INFO: Read Imds response field with Name:vmScaleSetName Value: 
[2026-02-21 03:11:14.000]  [GetValueFromJsonOrDefault] ErrorCode:0 INFO: Read Imds response field with Name:resourceGroupName Value: AMAWin_group
[2026-02-21 03:11:14.000]  [GetValueFromJsonOrDefault] ErrorCode:0 INFO: Read Imds response field with Name:osType Value: Windows
[2026-02-21 03:11:14.000]  [GetValueFromJsonOrDefault] ErrorCode:0 INFO: Read Imds response field with Name:resourceId Value: /subscriptions/351651ce-5feb-4e59-975d-f1f344e2b717/resourceGroups/AMAWin_group/providers/Microsoft.Compute/virtualMachines/amawin
[2026-02-21 03:11:14.000]  [GetValueFromJsonOrDefault] ErrorCode:0 INFO: Read Imds response field with Name:azEnvironment Value: AzurePublicCloud
[2026-02-21 03:11:14.000]  [SetImdsEnvironmentVariable] ErrorCode:0 INFO: Successfully set Environment variables from Imds
[2026-02-21 03:11:14.000]  [AggregateHeartbeat] ErrorCode:0 INFO: Completed heartbeat aggregation.
[2026-02-21 03:11:44.000]  [WriteStatusToFile] ErrorCode:0 INFO: Sending the status.
[2026-02-21 03:11:44.000]  [WriteStatusToFile] ErrorCode:0 INFO: Done Sending the status.
[2026-02-21 03:11:44.000]  [WriteHeartbeatToFile] ErrorCode:0 INFO: Sending the heartbeat.
[2026-02-21 03:11:44.000]  [WriteHeartbeatToFile] ErrorCode:0 INFO: Done Sending the heartbeat.
[2026-02-21 03:12:14.000]  [WriteStatusToFile] ErrorCode:0 INFO: Sending the status.
[2026-02-21 03:12:14.000]  [WriteStatusToFile] ErrorCode:0 INFO: Done Sending the status.
[2026-02-21 03:12:14.000]  [WriteHeartbeatToFile] ErrorCode:0 INFO: Sending the heartbeat.
[2026-02-21 03:12:14.000]  [WriteHeartbeatToFile] ErrorCode:0 INFO: Done Sending the heartbeat.
[2026-02-21 03:12:14.000]  [FindProcessById] ErrorCode:0 INFO: Attempt to find the process MetricsExtension.Native.exe with ID: 5392.
[2026-02-21 03:12:14.000]  [FindProcessById] ErrorCode:0 INFO: Running Process MetricsExtension.Native.exe found. ID: 5392.
[2026-02-21 03:12:14.000]  [StartMetricsExtension] ErrorCode:0 ERROR: Metrics extension is already running
[2026-02-21 03:12:44.000]  [WriteStatusToFile] ErrorCode:0 INFO: Sending the status.
[2026-02-21 03:12:44.000]  [WriteStatusToFile] ErrorCode:0 INFO: Done Sending the status.
[2026-02-21 03:12:44.000]  [WriteHeartbeatToFile] ErrorCode:0 INFO: Sending the heartbeat.
[2026-02-21 03:12:44.000]  [WriteHeartbeatToFile] ErrorCode:0 INFO: Done Sending the heartbeat.
[2026-02-21 03:13:14.000]  [WriteStatusToFile] ErrorCode:0 INFO: Sending the status.
[2026-02-21 03:13:14.000]  [WriteStatusToFile] ErrorCode:0 INFO: Done Sending the status.
[2026-02-21 03:13:14.000]  [WriteHeartbeatToFile] ErrorCode:0 INFO: Sending the heartbeat.
[2026-02-21 03:13:14.000]  [WriteHeartbeatToFile] ErrorCode:0 INFO: Done Sending the heartbeat.
[2026-02-21 03:13:14.000]  [FindProcessById] ErrorCode:0 INFO: Attempt to find the process MetricsExtension.Native.exe with ID: 5392.
[2026-02-21 03:13:14.000]  [FindProcessById] ErrorCode:0 INFO: Running Process MetricsExtension.Native.exe found. ID: 5392.
[2026-02-21 03:13:14.000]  [StartMetricsExtension] ErrorCode:0 ERROR: Metrics extension is already running
[2026-02-21 03:13:44.000]  [WriteStatusToFile] ErrorCode:0 INFO: Sending the status.
[2026-02-21 03:13:44.000]  [WriteStatusToFile] ErrorCode:0 INFO: Done Sending the status.
[2026-02-21 03:13:44.000]  [WriteHeartbeatToFile] ErrorCode:0 INFO: Sending the heartbeat.
[2026-02-21 03:13:44.000]  [WriteHeartbeatToFile] ErrorCode:0 INFO: Done Sending the heartbeat.
[2026-02-21 03:14:14.000]  [WriteStatusToFile] ErrorCode:0 INFO: Sending the status.
[2026-02-21 03:14:14.000]  [WriteStatusToFile] ErrorCode:0 INFO: Done Sending the status.
[2026-02-21 03:14:14.000]  [WriteHeartbeatToFile] ErrorCode:0 INFO: Sending the heartbeat.
[2026-02-21 03:14:14.000]  [WriteHeartbeatToFile] ErrorCode:0 INFO: Done Sending the heartbeat.
[2026-02-21 03:14:14.000]  [FindProcessById] ErrorCode:0 INFO: Attempt to find the process MetricsExtension.Native.exe with ID: 5392.
[2026-02-21 03:14:14.000]  [FindProcessById] ErrorCode:0 INFO: Running Process MetricsExtension.Native.exe found. ID: 5392.
[2026-02-21 03:14:14.000]  [StartMetricsExtension] ErrorCode:0 ERROR: Metrics extension is already running
[2026-02-21 03:14:44.000]  [WriteStatusToFile] ErrorCode:0 INFO: Sending the status.
[2026-02-21 03:14:44.000]  [WriteStatusToFile] ErrorCode:0 INFO: Done Sending the status.
[2026-02-21 03:14:44.000]  [WriteHeartbeatToFile] ErrorCode:0 INFO: Sending the heartbeat.
[2026-02-21 03:14:44.000]  [WriteHeartbeatToFile] ErrorCode:0 INFO: Done Sending the heartbeat.
[2026-02-21 03:15:14.000]  [WriteStatusToFile] ErrorCode:0 INFO: Sending the status.
[2026-02-21 03:15:14.000]  [WriteStatusToFile] ErrorCode:0 INFO: Done Sending the status.
[2026-02-21 03:15:14.000]  [WriteHeartbeatToFile] ErrorCode:0 INFO: Sending the heartbeat.
[2026-02-21 03:15:14.000]  [WriteHeartbeatToFile] ErrorCode:0 INFO: Done Sending the heartbeat.
[2026-02-21 03:15:14.000]  [FindProcessById] ErrorCode:0 INFO: Attempt to find the process MetricsExtension.Native.exe with ID: 5392.
[2026-02-21 03:15:14.000]  [FindProcessById] ErrorCode:0 INFO: Running Process MetricsExtension.Native.exe found. ID: 5392.
[2026-02-21 03:15:14.000]  [StartMetricsExtension] ErrorCode:0 ERROR: Metrics extension is already running
[2026-02-21 03:15:44.000]  [WriteStatusToFile] ErrorCode:0 INFO: Sending the status.
[2026-02-21 03:15:44.000]  [WriteStatusToFile] ErrorCode:0 INFO: Done Sending the status.
[2026-02-21 03:15:44.000]  [WriteHeartbeatToFile] ErrorCode:0 INFO: Sending the heartbeat.
[2026-02-21 03:15:44.000]  [WriteHeartbeatToFile] ErrorCode:0 INFO: Done Sending the heartbeat.
[2026-02-21 03:16:14.000]  [WriteStatusToFile] ErrorCode:0 INFO: Sending the status.
[2026-02-21 03:16:14.000]  [WriteStatusToFile] ErrorCode:0 INFO: Done Sending the status.
[2026-02-21 03:16:14.000]  [WriteHeartbeatToFile] ErrorCode:0 INFO: Sending the heartbeat.
[2026-02-21 03:16:14.000]  [WriteHeartbeatToFile] ErrorCode:0 INFO: Done Sending the heartbeat.
[2026-02-21 03:16:14.000]  [FindProcessById] ErrorCode:0 INFO: Attempt to find the process MetricsExtension.Native.exe with ID: 5392.
[2026-02-21 03:16:14.000]  [FindProcessById] ErrorCode:0 INFO: Running Process MetricsExtension.Native.exe found. ID: 5392.
[2026-02-21 03:16:14.000]  [StartMetricsExtension] ErrorCode:0 ERROR: Metrics extension is already running
[2026-02-21 03:16:14.000]  [AggregateHeartbeat] ErrorCode:0 INFO: Start heartbeat aggregation.
[2026-02-21 03:16:14.000]  [QueryRegValueDWORD] ErrorCode:0 INFO: Query Registry for Key:SOFTWARE\Microsoft\Windows Azure\CurrentVersion\AzureMonitorAgentExtension\47.4.1.0, Name:MaServiceProcess
[2026-02-21 03:16:14.000]  [QueryRegValueDWORD] ErrorCode:0 INFO: Query Registry for Key:SOFTWARE\Microsoft\Windows Azure\CurrentVersion\AzureMonitorAgentExtension\47.4.1.0, Name:MaServiceProcess, Value:2228
[2026-02-21 03:16:14.000]  [FindProcessById] ErrorCode:0 INFO: Attempt to find the process MonAgentLauncher.exe with ID: 2228.
[2026-02-21 03:16:14.000]  [FindProcessById] ErrorCode:0 INFO: Running Process MonAgentLauncher.exe found. ID: 2228.
[2026-02-21 03:16:14.000]  [CheckIfMAServiceIsRunByExtension] ErrorCode:0 INFO: The MA process is running based on the m_registry
[2026-02-21 03:16:14.000]  [QueryRegValueDWORD] ErrorCode:0 INFO: Query Registry for Key:SOFTWARE\Microsoft\Windows Azure\CurrentVersion\AzureMonitorAgentExtension\47.4.1.0, Name:AMAMultitenantServiceProcess
[2026-02-21 03:16:14.000]  [QueryRegValueDWORD] ErrorCode:0 ERROR: RegQueryValueExA: failed to query REG_DWORD value, Key:SOFTWARE\Microsoft\Windows Azure\CurrentVersion\AzureMonitorAgentExtension\47.4.1.0, name=AMAMultitenantServiceProcess, error=2, type=0
[2026-02-21 03:16:14.000]  [CheckIfMAServiceIsRunByExtension] ErrorCode:1205 INFO: Unable to read the m_registry for MA process. Assume it is not running.
[2026-02-21 03:16:14.000]  [AggregateHeartbeat] ErrorCode:0 INFO: Configured MA Service is not running on the node.
[2026-02-21 03:16:14.000]  [SetImdsEnvironmentVariable] ErrorCode:0 INFO: Querying IMDS information
[2026-02-21 03:16:14.000]  [SetImdsEnvironmentVariable] ErrorCode:-1 INFO: Preparing to call IMDS. Endpoint: http://169.254.169.254
[2026-02-21 03:16:14.000]  [QueryIMDSEndpoint] ErrorCode:0 INFO: Queried IMDS successfully.
[2026-02-21 03:16:14.000]  [GetValueFromJsonOrDefault] ErrorCode:0 INFO: Read Imds response field with Name:location Value: westus2
[2026-02-21 03:16:14.000]  [GetValueFromJsonOrDefault] ErrorCode:0 INFO: Read Imds response field with Name:name Value: amawin
[2026-02-21 03:16:14.000]  [GetValueFromJsonOrDefault] ErrorCode:0 INFO: Read Imds response field with Name:subscriptionId Value: 351651ce-5feb-4e59-975d-f1f344e2b717
[2026-02-21 03:16:14.000]  [GetValueFromJsonOrDefault] ErrorCode:0 INFO: Read Imds response field with Name:vmId Value: 22afd636-aec1-4782-9055-f85ea283dc20
[2026-02-21 03:16:14.000]  [GetValueFromJsonOrDefault] ErrorCode:0 INFO: Read Imds response field with Name:vmScaleSetName Value: 
[2026-02-21 03:16:14.000]  [GetValueFromJsonOrDefault] ErrorCode:0 INFO: Read Imds response field with Name:resourceGroupName Value: AMAWin_group
[2026-02-21 03:16:14.000]  [GetValueFromJsonOrDefault] ErrorCode:0 INFO: Read Imds response field with Name:osType Value: Windows
[2026-02-21 03:16:14.000]  [GetValueFromJsonOrDefault] ErrorCode:0 INFO: Read Imds response field with Name:resourceId Value: /subscriptions/351651ce-5feb-4e59-975d-f1f344e2b717/resourceGroups/AMAWin_group/providers/Microsoft.Compute/virtualMachines/amawin
[2026-02-21 03:16:14.000]  [GetValueFromJsonOrDefault] ErrorCode:0 INFO: Read Imds response field with Name:azEnvironment Value: AzurePublicCloud
[2026-02-21 03:16:14.000]  [SetImdsEnvironmentVariable] ErrorCode:0 INFO: Successfully set Environment variables from Imds
[2026-02-21 03:16:14.000]  [AggregateHeartbeat] ErrorCode:0 INFO: Completed heartbeat aggregation.
[2026-02-21 03:16:44.000]  [WriteStatusToFile] ErrorCode:0 INFO: Sending the status.
[2026-02-21 03:16:44.000]  [WriteStatusToFile] ErrorCode:0 INFO: Done Sending the status.
[2026-02-21 03:16:44.000]  [WriteHeartbeatToFile] ErrorCode:0 INFO: Sending the heartbeat.
[2026-02-21 03:16:44.000]  [WriteHeartbeatToFile] ErrorCode:0 INFO: Done Sending the heartbeat.
[2026-02-21 03:17:14.000]  [WriteStatusToFile] ErrorCode:0 INFO: Sending the status.
[2026-02-21 03:17:14.000]  [WriteStatusToFile] ErrorCode:0 INFO: Done Sending the status.
[2026-02-21 03:17:14.000]  [WriteHeartbeatToFile] ErrorCode:0 INFO: Sending the heartbeat.
[2026-02-21 03:17:14.000]  [WriteHeartbeatToFile] ErrorCode:0 INFO: Done Sending the heartbeat.
[2026-02-21 03:17:14.000]  [FindProcessById] ErrorCode:0 INFO: Attempt to find the process MetricsExtension.Native.exe with ID: 5392.
[2026-02-21 03:17:14.000]  [FindProcessById] ErrorCode:0 INFO: Running Process MetricsExtension.Native.exe found. ID: 5392.
[2026-02-21 03:17:14.000]  [StartMetricsExtension] ErrorCode:0 ERROR: Metrics extension is already running
[2026-02-21 03:17:44.000]  [WriteStatusToFile] ErrorCode:0 INFO: Sending the status.
[2026-02-21 03:17:44.000]  [WriteStatusToFile] ErrorCode:0 INFO: Done Sending the status.
[2026-02-21 03:17:44.000]  [WriteHeartbeatToFile] ErrorCode:0 INFO: Sending the heartbeat.
[2026-02-21 03:17:44.000]  [WriteHeartbeatToFile] ErrorCode:0 INFO: Done Sending the heartbeat.
[2026-02-21 03:18:14.000]  [WriteStatusToFile] ErrorCode:0 INFO: Sending the status.
[2026-02-21 03:18:14.000]  [WriteStatusToFile] ErrorCode:0 INFO: Done Sending the status.
[2026-02-21 03:18:14.000]  [WriteHeartbeatToFile] ErrorCode:0 INFO: Sending the heartbeat.
[2026-02-21 03:18:14.000]  [WriteHeartbeatToFile] ErrorCode:0 INFO: Done Sending the heartbeat.
[2026-02-21 03:18:14.000]  [FindProcessById] ErrorCode:0 INFO: Attempt to find the process MetricsExtension.Native.exe with ID: 5392.
[2026-02-21 03:18:14.000]  [FindProcessById] ErrorCode:0 INFO: Running Process MetricsExtension.Native.exe found. ID: 5392.
[2026-02-21 03:18:14.000]  [StartMetricsExtension] ErrorCode:0 ERROR: Metrics extension is already running
[2026-02-21 03:18:44.000]  [WriteStatusToFile] ErrorCode:0 INFO: Sending the status.
[2026-02-21 03:18:44.000]  [WriteStatusToFile] ErrorCode:0 INFO: Done Sending the status.
[2026-02-21 03:18:44.000]  [WriteHeartbeatToFile] ErrorCode:0 INFO: Sending the heartbeat.
[2026-02-21 03:18:44.000]  [WriteHeartbeatToFile] ErrorCode:0 INFO: Done Sending the heartbeat.
[2026-02-21 03:19:14.000]  [WriteStatusToFile] ErrorCode:0 INFO: Sending the status.
[2026-02-21 03:19:14.000]  [WriteStatusToFile] ErrorCode:0 INFO: Done Sending the status.
[2026-02-21 03:19:14.000]  [WriteHeartbeatToFile] ErrorCode:0 INFO: Sending the heartbeat.
[2026-02-21 03:19:14.000]  [WriteHeartbeatToFile] ErrorCode:0 INFO: Done Sending the heartbeat.
[2026-02-21 03:19:14.000]  [FindProcessById] ErrorCode:0 INFO: Attempt to find the process MetricsExtension.Native.exe with ID: 5392.
[2026-02-21 03:19:14.000]  [FindProcessById] ErrorCode:0 INFO: Running Process MetricsExtension.Native.exe found. ID: 5392.
[2026-02-21 03:19:14.000]  [StartMetricsExtension] ErrorCode:0 ERROR: Metrics extension is already running
[2026-02-21 03:19:44.000]  [WriteStatusToFile] ErrorCode:0 INFO: Sending the status.
[2026-02-21 03:19:44.000]  [WriteStatusToFile] ErrorCode:0 INFO: Done Sending the status.
[2026-02-21 03:19:44.000]  [WriteHeartbeatToFile] ErrorCode:0 INFO: Sending the heartbeat.
[2026-02-21 03:19:44.000]  [WriteHeartbeatToFile] ErrorCode:0 INFO: Done Sending the heartbeat.
[2026-02-21 03:20:14.000]  [WriteStatusToFile] ErrorCode:0 INFO: Sending the status.
[2026-02-21 03:20:14.000]  [WriteStatusToFile] ErrorCode:0 INFO: Done Sending the status.
[2026-02-21 03:20:14.000]  [WriteHeartbeatToFile] ErrorCode:0 INFO: Sending the heartbeat.
[2026-02-21 03:20:14.000]  [WriteHeartbeatToFile] ErrorCode:0 INFO: Done Sending the heartbeat.
[2026-02-21 03:20:14.000]  [FindProcessById] ErrorCode:0 INFO: Attempt to find the process MetricsExtension.Native.exe with ID: 5392.
[2026-02-21 03:20:14.000]  [FindProcessById] ErrorCode:0 INFO: Running Process MetricsExtension.Native.exe found. ID: 5392.
[2026-02-21 03:20:14.000]  [StartMetricsExtension] ErrorCode:0 ERROR: Metrics extension is already running
[2026-02-21 03:20:44.000]  [WriteStatusToFile] ErrorCode:0 INFO: Sending the status.
[2026-02-21 03:20:44.000]  [WriteStatusToFile] ErrorCode:0 INFO: Done Sending the status.
[2026-02-21 03:20:44.000]  [WriteHeartbeatToFile] ErrorCode:0 INFO: Sending the heartbeat.
[2026-02-21 03:20:44.000]  [WriteHeartbeatToFile] ErrorCode:0 INFO: Done Sending the heartbeat.
[2026-02-21 03:21:14.000]  [WriteStatusToFile] ErrorCode:0 INFO: Sending the status.
[2026-02-21 03:21:14.000]  [WriteStatusToFile] ErrorCode:0 INFO: Done Sending the status.
[2026-02-21 03:21:14.000]  [WriteHeartbeatToFile] ErrorCode:0 INFO: Sending the heartbeat.
[2026-02-21 03:21:14.000]  [WriteHeartbeatToFile] ErrorCode:0 INFO: Done Sending the heartbeat.
[2026-02-21 03:21:14.000]  [FindProcessById] ErrorCode:0 INFO: Attempt to find the process MetricsExtension.Native.exe with ID: 5392.
[2026-02-21 03:21:14.000]  [FindProcessById] ErrorCode:0 INFO: Running Process MetricsExtension.Native.exe found. ID: 5392.
[2026-02-21 03:21:14.000]  [StartMetricsExtension] ErrorCode:0 ERROR: Metrics extension is already running
[2026-02-21 03:21:14.000]  [AggregateHeartbeat] ErrorCode:0 INFO: Start heartbeat aggregation.
[2026-02-21 03:21:14.000]  [QueryRegValueDWORD] ErrorCode:0 INFO: Query Registry for Key:SOFTWARE\Microsoft\Windows Azure\CurrentVersion\AzureMonitorAgentExtension\47.4.1.0, Name:MaServiceProcess
[2026-02-21 03:21:14.000]  [QueryRegValueDWORD] ErrorCode:0 INFO: Query Registry for Key:SOFTWARE\Microsoft\Windows Azure\CurrentVersion\AzureMonitorAgentExtension\47.4.1.0, Name:MaServiceProcess, Value:2228
[2026-02-21 03:21:14.000]  [FindProcessById] ErrorCode:0 INFO: Attempt to find the process MonAgentLauncher.exe with ID: 2228.
[2026-02-21 03:21:14.000]  [FindProcessById] ErrorCode:0 INFO: Running Process MonAgentLauncher.exe found. ID: 2228.
[2026-02-21 03:21:14.000]  [CheckIfMAServiceIsRunByExtension] ErrorCode:0 INFO: The MA process is running based on the m_registry
[2026-02-21 03:21:14.000]  [QueryRegValueDWORD] ErrorCode:0 INFO: Query Registry for Key:SOFTWARE\Microsoft\Windows Azure\CurrentVersion\AzureMonitorAgentExtension\47.4.1.0, Name:AMAMultitenantServiceProcess
[2026-02-21 03:21:14.000]  [QueryRegValueDWORD] ErrorCode:0 ERROR: RegQueryValueExA: failed to query REG_DWORD value, Key:SOFTWARE\Microsoft\Windows Azure\CurrentVersion\AzureMonitorAgentExtension\47.4.1.0, name=AMAMultitenantServiceProcess, error=2, type=0
[2026-02-21 03:21:14.000]  [CheckIfMAServiceIsRunByExtension] ErrorCode:1205 INFO: Unable to read the m_registry for MA process. Assume it is not running.
[2026-02-21 03:21:14.000]  [AggregateHeartbeat] ErrorCode:0 INFO: Configured MA Service is not running on the node.
[2026-02-21 03:21:14.000]  [SetImdsEnvironmentVariable] ErrorCode:0 INFO: Querying IMDS information
[2026-02-21 03:21:14.000]  [SetImdsEnvironmentVariable] ErrorCode:-1 INFO: Preparing to call IMDS. Endpoint: http://169.254.169.254
[2026-02-21 03:21:14.000]  [QueryIMDSEndpoint] ErrorCode:0 INFO: Queried IMDS successfully.
[2026-02-21 03:21:14.000]  [GetValueFromJsonOrDefault] ErrorCode:0 INFO: Read Imds response field with Name:location Value: westus2
[2026-02-21 03:21:14.000]  [GetValueFromJsonOrDefault] ErrorCode:0 INFO: Read Imds response field with Name:name Value: amawin
[2026-02-21 03:21:14.000]  [GetValueFromJsonOrDefault] ErrorCode:0 INFO: Read Imds response field with Name:subscriptionId Value: 351651ce-5feb-4e59-975d-f1f344e2b717
[2026-02-21 03:21:14.000]  [GetValueFromJsonOrDefault] ErrorCode:0 INFO: Read Imds response field with Name:vmId Value: 22afd636-aec1-4782-9055-f85ea283dc20
[2026-02-21 03:21:14.000]  [GetValueFromJsonOrDefault] ErrorCode:0 INFO: Read Imds response field with Name:vmScaleSetName Value: 
[2026-02-21 03:21:14.000]  [GetValueFromJsonOrDefault] ErrorCode:0 INFO: Read Imds response field with Name:resourceGroupName Value: AMAWin_group
[2026-02-21 03:21:14.000]  [GetValueFromJsonOrDefault] ErrorCode:0 INFO: Read Imds response field with Name:osType Value: Windows
[2026-02-21 03:21:14.000]  [GetValueFromJsonOrDefault] ErrorCode:0 INFO: Read Imds response field with Name:resourceId Value: /subscriptions/351651ce-5feb-4e59-975d-f1f344e2b717/resourceGroups/AMAWin_group/providers/Microsoft.Compute/virtualMachines/amawin
[2026-02-21 03:21:14.000]  [GetValueFromJsonOrDefault] ErrorCode:0 INFO: Read Imds response field with Name:azEnvironment Value: AzurePublicCloud
[2026-02-21 03:21:14.000]  [SetImdsEnvironmentVariable] ErrorCode:0 INFO: Successfully set Environment variables from Imds
[2026-02-21 03:21:14.000]  [AggregateHeartbeat] ErrorCode:0 INFO: Completed heartbeat aggregation.
[2026-02-21 03:21:44.000]  [WriteStatusToFile] ErrorCode:0 INFO: Sending the status.
[2026-02-21 03:21:44.000]  [WriteStatusToFile] ErrorCode:0 INFO: Done Sending the status.
[2026-02-21 03:21:44.000]  [WriteHeartbeatToFile] ErrorCode:0 INFO: Sending the heartbeat.
[2026-02-21 03:21:44.000]  [WriteHeartbeatToFile] ErrorCode:0 INFO: Done Sending the heartbeat.
[2026-02-21 03:22:14.000]  [WriteStatusToFile] ErrorCode:0 INFO: Sending the status.
[2026-02-21 03:22:14.000]  [WriteStatusToFile] ErrorCode:0 INFO: Done Sending the status.
[2026-02-21 03:22:14.000]  [WriteHeartbeatToFile] ErrorCode:0 INFO: Sending the heartbeat.
[2026-02-21 03:22:14.000]  [WriteHeartbeatToFile] ErrorCode:0 INFO: Done Sending the heartbeat.
[2026-02-21 03:22:14.000]  [FindProcessById] ErrorCode:0 INFO: Attempt to find the process MetricsExtension.Native.exe with ID: 5392.
[2026-02-21 03:22:14.000]  [FindProcessById] ErrorCode:0 INFO: Running Process MetricsExtension.Native.exe found. ID: 5392.
[2026-02-21 03:22:14.000]  [StartMetricsExtension] ErrorCode:0 ERROR: Metrics extension is already running
[2026-02-21 03:22:44.000]  [WriteStatusToFile] ErrorCode:0 INFO: Sending the status.
[2026-02-21 03:22:44.000]  [WriteStatusToFile] ErrorCode:0 INFO: Done Sending the status.
[2026-02-21 03:22:44.000]  [WriteHeartbeatToFile] ErrorCode:0 INFO: Sending the heartbeat.
[2026-02-21 03:22:44.000]  [WriteHeartbeatToFile] ErrorCode:0 INFO: Done Sending the heartbeat.
[2026-02-21 03:23:14.000]  [WriteStatusToFile] ErrorCode:0 INFO: Sending the status.
[2026-02-21 03:23:14.000]  [WriteStatusToFile] ErrorCode:0 INFO: Done Sending the status.
[2026-02-21 03:23:14.000]  [WriteHeartbeatToFile] ErrorCode:0 INFO: Sending the heartbeat.
[2026-02-21 03:23:14.000]  [WriteHeartbeatToFile] ErrorCode:0 INFO: Done Sending the heartbeat.
[2026-02-21 03:23:14.000]  [FindProcessById] ErrorCode:0 INFO: Attempt to find the process MetricsExtension.Native.exe with ID: 5392.
[2026-02-21 03:23:14.000]  [FindProcessById] ErrorCode:0 INFO: Running Process MetricsExtension.Native.exe found. ID: 5392.
[2026-02-21 03:23:14.000]  [StartMetricsExtension] ErrorCode:0 ERROR: Metrics extension is already running
[2026-02-21 03:23:44.000]  [WriteStatusToFile] ErrorCode:0 INFO: Sending the status.
[2026-02-21 03:23:44.000]  [WriteStatusToFile] ErrorCode:0 INFO: Done Sending the status.
[2026-02-21 03:23:44.000]  [WriteHeartbeatToFile] ErrorCode:0 INFO: Sending the heartbeat.
[2026-02-21 03:23:44.000]  [WriteHeartbeatToFile] ErrorCode:0 INFO: Done Sending the heartbeat.
[2026-02-21 03:24:14.000]  [WriteStatusToFile] ErrorCode:0 INFO: Sending the status.
[2026-02-21 03:24:14.000]  [WriteStatusToFile] ErrorCode:0 INFO: Done Sending the status.
[2026-02-21 03:24:14.000]  [WriteHeartbeatToFile] ErrorCode:0 INFO: Sending the heartbeat.
[2026-02-21 03:24:14.000]  [WriteHeartbeatToFile] ErrorCode:0 INFO: Done Sending the heartbeat.
[2026-02-21 03:24:14.000]  [FindProcessById] ErrorCode:0 INFO: Attempt to find the process MetricsExtension.Native.exe with ID: 5392.
[2026-02-21 03:24:14.000]  [FindProcessById] ErrorCode:0 INFO: Running Process MetricsExtension.Native.exe found. ID: 5392.
[2026-02-21 03:24:14.000]  [StartMetricsExtension] ErrorCode:0 ERROR: Metrics extension is already running
[2026-02-21 03:24:44.000]  [WriteStatusToFile] ErrorCode:0 INFO: Sending the status.
[2026-02-21 03:24:44.000]  [WriteStatusToFile] ErrorCode:0 INFO: Done Sending the status.
[2026-02-21 03:24:44.000]  [WriteHeartbeatToFile] ErrorCode:0 INFO: Sending the heartbeat.
[2026-02-21 03:24:44.000]  [WriteHeartbeatToFile] ErrorCode:0 INFO: Done Sending the heartbeat.
[2026-02-21 03:25:14.000]  [WriteStatusToFile] ErrorCode:0 INFO: Sending the status.
[2026-02-21 03:25:14.000]  [WriteStatusToFile] ErrorCode:0 INFO: Done Sending the status.
[2026-02-21 03:25:14.000]  [WriteHeartbeatToFile] ErrorCode:0 INFO: Sending the heartbeat.
[2026-02-21 03:25:14.000]  [WriteHeartbeatToFile] ErrorCode:0 INFO: Done Sending the heartbeat.
[2026-02-21 03:25:14.000]  [FindProcessById] ErrorCode:0 INFO: Attempt to find the process MetricsExtension.Native.exe with ID: 5392.
[2026-02-21 03:25:14.000]  [FindProcessById] ErrorCode:0 INFO: Running Process MetricsExtension.Native.exe found. ID: 5392.
[2026-02-21 03:25:14.000]  [StartMetricsExtension] ErrorCode:0 ERROR: Metrics extension is already running
[2026-02-21 03:25:44.000]  [WriteStatusToFile] ErrorCode:0 INFO: Sending the status.
[2026-02-21 03:25:44.000]  [WriteStatusToFile] ErrorCode:0 INFO: Done Sending the status.
[2026-02-21 03:25:44.000]  [WriteHeartbeatToFile] ErrorCode:0 INFO: Sending the heartbeat.
[2026-02-21 03:25:44.000]  [WriteHeartbeatToFile] ErrorCode:0 INFO: Done Sending the heartbeat.
[2026-02-21 03:26:14.000]  [WriteStatusToFile] ErrorCode:0 INFO: Sending the status.
[2026-02-21 03:26:14.000]  [WriteStatusToFile] ErrorCode:0 INFO: Done Sending the status.
[2026-02-21 03:26:14.000]  [WriteHeartbeatToFile] ErrorCode:0 INFO: Sending the heartbeat.
[2026-02-21 03:26:14.000]  [WriteHeartbeatToFile] ErrorCode:0 INFO: Done Sending the heartbeat.
[2026-02-21 03:26:14.000]  [FindProcessById] ErrorCode:0 INFO: Attempt to find the process MetricsExtension.Native.exe with ID: 5392.
[2026-02-21 03:26:14.000]  [FindProcessById] ErrorCode:0 INFO: Running Process MetricsExtension.Native.exe found. ID: 5392.
[2026-02-21 03:26:14.000]  [StartMetricsExtension] ErrorCode:0 ERROR: Metrics extension is already running
[2026-02-21 03:26:14.000]  [AggregateHeartbeat] ErrorCode:0 INFO: Start heartbeat aggregation.
[2026-02-21 03:26:14.000]  [QueryRegValueDWORD] ErrorCode:0 INFO: Query Registry for Key:SOFTWARE\Microsoft\Windows Azure\CurrentVersion\AzureMonitorAgentExtension\47.4.1.0, Name:MaServiceProcess
[2026-02-21 03:26:14.000]  [QueryRegValueDWORD] ErrorCode:0 INFO: Query Registry for Key:SOFTWARE\Microsoft\Windows Azure\CurrentVersion\AzureMonitorAgentExtension\47.4.1.0, Name:MaServiceProcess, Value:2228
[2026-02-21 03:26:14.000]  [FindProcessById] ErrorCode:0 INFO: Attempt to find the process MonAgentLauncher.exe with ID: 2228.
[2026-02-21 03:26:14.000]  [FindProcessById] ErrorCode:0 INFO: Running Process MonAgentLauncher.exe found. ID: 2228.
[2026-02-21 03:26:14.000]  [CheckIfMAServiceIsRunByExtension] ErrorCode:0 INFO: The MA process is running based on the m_registry
[2026-02-21 03:26:14.000]  [QueryRegValueDWORD] ErrorCode:0 INFO: Query Registry for Key:SOFTWARE\Microsoft\Windows Azure\CurrentVersion\AzureMonitorAgentExtension\47.4.1.0, Name:AMAMultitenantServiceProcess
[2026-02-21 03:26:14.000]  [QueryRegValueDWORD] ErrorCode:0 ERROR: RegQueryValueExA: failed to query REG_DWORD value, Key:SOFTWARE\Microsoft\Windows Azure\CurrentVersion\AzureMonitorAgentExtension\47.4.1.0, name=AMAMultitenantServiceProcess, error=2, type=0
[2026-02-21 03:26:14.000]  [CheckIfMAServiceIsRunByExtension] ErrorCode:1205 INFO: Unable to read the m_registry for MA process. Assume it is not running.
[2026-02-21 03:26:14.000]  [AggregateHeartbeat] ErrorCode:0 INFO: Configured MA Service is not running on the node.
[2026-02-21 03:26:14.000]  [SetImdsEnvironmentVariable] ErrorCode:0 INFO: Querying IMDS information
[2026-02-21 03:26:14.000]  [SetImdsEnvironmentVariable] ErrorCode:-1 INFO: Preparing to call IMDS. Endpoint: http://169.254.169.254
[2026-02-21 03:26:14.000]  [QueryIMDSEndpoint] ErrorCode:0 INFO: Queried IMDS successfully.
[2026-02-21 03:26:14.000]  [GetValueFromJsonOrDefault] ErrorCode:0 INFO: Read Imds response field with Name:location Value: westus2
[2026-02-21 03:26:14.000]  [GetValueFromJsonOrDefault] ErrorCode:0 INFO: Read Imds response field with Name:name Value: amawin
[2026-02-21 03:26:14.000]  [GetValueFromJsonOrDefault] ErrorCode:0 INFO: Read Imds response field with Name:subscriptionId Value: 351651ce-5feb-4e59-975d-f1f344e2b717
[2026-02-21 03:26:14.000]  [GetValueFromJsonOrDefault] ErrorCode:0 INFO: Read Imds response field with Name:vmId Value: 22afd636-aec1-4782-9055-f85ea283dc20
[2026-02-21 03:26:14.000]  [GetValueFromJsonOrDefault] ErrorCode:0 INFO: Read Imds response field with Name:vmScaleSetName Value: 
[2026-02-21 03:26:14.000]  [GetValueFromJsonOrDefault] ErrorCode:0 INFO: Read Imds response field with Name:resourceGroupName Value: AMAWin_group
[2026-02-21 03:26:14.000]  [GetValueFromJsonOrDefault] ErrorCode:0 INFO: Read Imds response field with Name:osType Value: Windows
[2026-02-21 03:26:14.000]  [GetValueFromJsonOrDefault] ErrorCode:0 INFO: Read Imds response field with Name:resourceId Value: /subscriptions/351651ce-5feb-4e59-975d-f1f344e2b717/resourceGroups/AMAWin_group/providers/Microsoft.Compute/virtualMachines/amawin
[2026-02-21 03:26:14.000]  [GetValueFromJsonOrDefault] ErrorCode:0 INFO: Read Imds response field with Name:azEnvironment Value: AzurePublicCloud
[2026-02-21 03:26:14.000]  [SetImdsEnvironmentVariable] ErrorCode:0 INFO: Successfully set Environment variables from Imds
[2026-02-21 03:26:14.000]  [AggregateHeartbeat] ErrorCode:0 INFO: Completed heartbeat aggregation.
[2026-02-21 03:26:44.000]  [WriteStatusToFile] ErrorCode:0 INFO: Sending the status.
[2026-02-21 03:26:44.000]  [WriteStatusToFile] ErrorCode:0 INFO: Done Sending the status.
[2026-02-21 03:26:44.000]  [WriteHeartbeatToFile] ErrorCode:0 INFO: Sending the heartbeat.
[2026-02-21 03:26:44.000]  [WriteHeartbeatToFile] ErrorCode:0 INFO: Done Sending the heartbeat.
[2026-02-21 03:27:14.000]  [WriteStatusToFile] ErrorCode:0 INFO: Sending the status.
[2026-02-21 03:27:14.000]  [WriteStatusToFile] ErrorCode:0 INFO: Done Sending the status.
[2026-02-21 03:27:14.000]  [WriteHeartbeatToFile] ErrorCode:0 INFO: Sending the heartbeat.
[2026-02-21 03:27:14.000]  [WriteHeartbeatToFile] ErrorCode:0 INFO: Done Sending the heartbeat.
[2026-02-21 03:27:14.000]  [FindProcessById] ErrorCode:0 INFO: Attempt to find the process MetricsExtension.Native.exe with ID: 5392.
[2026-02-21 03:27:14.000]  [FindProcessById] ErrorCode:0 INFO: Running Process MetricsExtension.Native.exe found. ID: 5392.
[2026-02-21 03:27:14.000]  [StartMetricsExtension] ErrorCode:0 ERROR: Metrics extension is already running
[2026-02-21 03:27:44.000]  [WriteStatusToFile] ErrorCode:0 INFO: Sending the status.
[2026-02-21 03:27:44.000]  [WriteStatusToFile] ErrorCode:0 INFO: Done Sending the status.
[2026-02-21 03:27:44.000]  [WriteHeartbeatToFile] ErrorCode:0 INFO: Sending the heartbeat.
[2026-02-21 03:27:44.000]  [WriteHeartbeatToFile] ErrorCode:0 INFO: Done Sending the heartbeat.
[2026-02-21 03:28:14.000]  [WriteStatusToFile] ErrorCode:0 INFO: Sending the status.
[2026-02-21 03:28:14.000]  [WriteStatusToFile] ErrorCode:0 INFO: Done Sending the status.
[2026-02-21 03:28:14.000]  [WriteHeartbeatToFile] ErrorCode:0 INFO: Sending the heartbeat.
[2026-02-21 03:28:14.000]  [WriteHeartbeatToFile] ErrorCode:0 INFO: Done Sending the heartbeat.
[2026-02-21 03:28:14.000]  [FindProcessById] ErrorCode:0 INFO: Attempt to find the process MetricsExtension.Native.exe with ID: 5392.
[2026-02-21 03:28:14.000]  [FindProcessById] ErrorCode:0 INFO: Running Process MetricsExtension.Native.exe found. ID: 5392.
[2026-02-21 03:28:14.000]  [StartMetricsExtension] ErrorCode:0 ERROR: Metrics extension is already running
[2026-02-21 03:28:44.000]  [WriteStatusToFile] ErrorCode:0 INFO: Sending the status.
[2026-02-21 03:28:44.000]  [WriteHeartbeatToFile] ErrorCode:0 INFO: Sending the heartbeat.
[2026-02-21 03:28:44.000]  [WriteHeartbeatToFile] ErrorCode:0 INFO: Done Sending the heartbeat.
[2026-02-21 03:28:44.000]  [WriteStatusToFile] ErrorCode:0 INFO: Done Sending the status.
[2026-02-21 03:29:14.000]  [WriteHeartbeatToFile] ErrorCode:0 INFO: Sending the heartbeat.
[2026-02-21 03:29:14.000]  [WriteStatusToFile] ErrorCode:0 INFO: Sending the status.
[2026-02-21 03:29:14.000]  [WriteHeartbeatToFile] ErrorCode:0 INFO: Done Sending the heartbeat.
[2026-02-21 03:29:14.000]  [WriteStatusToFile] ErrorCode:0 INFO: Done Sending the status.
[2026-02-21 03:29:14.000]  [FindProcessById] ErrorCode:0 INFO: Attempt to find the process MetricsExtension.Native.exe with ID: 5392.
[2026-02-21 03:29:14.000]  [FindProcessById] ErrorCode:0 INFO: Running Process MetricsExtension.Native.exe found. ID: 5392.
[2026-02-21 03:29:14.000]  [StartMetricsExtension] ErrorCode:0 ERROR: Metrics extension is already running
[2026-02-21 03:29:44.000]  [WriteHeartbeatToFile] ErrorCode:0 INFO: Sending the heartbeat.
[2026-02-21 03:29:44.000]  [WriteStatusToFile] ErrorCode:0 INFO: Sending the status.
[2026-02-21 03:29:44.000]  [WriteStatusToFile] ErrorCode:0 INFO: Done Sending the status.
[2026-02-21 03:29:44.000]  [WriteHeartbeatToFile] ErrorCode:0 INFO: Done Sending the heartbeat.
[2026-02-21 03:30:14.000]  [WriteHeartbeatToFile] ErrorCode:0 INFO: Sending the heartbeat.
[2026-02-21 03:30:14.000]  [WriteStatusToFile] ErrorCode:0 INFO: Sending the status.
[2026-02-21 03:30:14.000]  [WriteHeartbeatToFile] ErrorCode:0 INFO: Done Sending the heartbeat.
[2026-02-21 03:30:14.000]  [WriteStatusToFile] ErrorCode:0 INFO: Done Sending the status.
[2026-02-21 03:30:14.000]  [FindProcessById] ErrorCode:0 INFO: Attempt to find the process MetricsExtension.Native.exe with ID: 5392.
[2026-02-21 03:30:14.000]  [FindProcessById] ErrorCode:0 INFO: Running Process MetricsExtension.Native.exe found. ID: 5392.
[2026-02-21 03:30:14.000]  [StartMetricsExtension] ErrorCode:0 ERROR: Metrics extension is already running
[2026-02-21 03:30:44.000]  [WriteStatusToFile] ErrorCode:0 INFO: Sending the status.
[2026-02-21 03:30:44.000]  [WriteHeartbeatToFile] ErrorCode:0 INFO: Sending the heartbeat.
[2026-02-21 03:30:44.000]  [WriteHeartbeatToFile] ErrorCode:0 INFO: Done Sending the heartbeat.
[2026-02-21 03:30:44.000]  [WriteStatusToFile] ErrorCode:0 INFO: Done Sending the status.
[2026-02-21 03:31:14.000]  [WriteHeartbeatToFile] ErrorCode:0 INFO: Sending the heartbeat.
[2026-02-21 03:31:14.000]  [WriteStatusToFile] ErrorCode:0 INFO: Sending the status.
[2026-02-21 03:31:14.000]  [WriteHeartbeatToFile] ErrorCode:0 INFO: Done Sending the heartbeat.
[2026-02-21 03:31:14.000]  [WriteStatusToFile] ErrorCode:0 INFO: Done Sending the status.
[2026-02-21 03:31:14.000]  [FindProcessById] ErrorCode:0 INFO: Attempt to find the process MetricsExtension.Native.exe with ID: 5392.
[2026-02-21 03:31:14.000]  [FindProcessById] ErrorCode:0 INFO: Running Process MetricsExtension.Native.exe found. ID: 5392.
[2026-02-21 03:31:14.000]  [StartMetricsExtension] ErrorCode:0 ERROR: Metrics extension is already running
[2026-02-21 03:31:14.000]  [AggregateHeartbeat] ErrorCode:0 INFO: Start heartbeat aggregation.
[2026-02-21 03:31:14.000]  [QueryRegValueDWORD] ErrorCode:0 INFO: Query Registry for Key:SOFTWARE\Microsoft\Windows Azure\CurrentVersion\AzureMonitorAgentExtension\47.4.1.0, Name:MaServiceProcess
[2026-02-21 03:31:14.000]  [QueryRegValueDWORD] ErrorCode:0 INFO: Query Registry for Key:SOFTWARE\Microsoft\Windows Azure\CurrentVersion\AzureMonitorAgentExtension\47.4.1.0, Name:MaServiceProcess, Value:2228
[2026-02-21 03:31:14.000]  [FindProcessById] ErrorCode:0 INFO: Attempt to find the process MonAgentLauncher.exe with ID: 2228.
[2026-02-21 03:31:14.000]  [FindProcessById] ErrorCode:0 INFO: Running Process MonAgentLauncher.exe found. ID: 2228.
[2026-02-21 03:31:14.000]  [CheckIfMAServiceIsRunByExtension] ErrorCode:0 INFO: The MA process is running based on the m_registry
[2026-02-21 03:31:14.000]  [QueryRegValueDWORD] ErrorCode:0 INFO: Query Registry for Key:SOFTWARE\Microsoft\Windows Azure\CurrentVersion\AzureMonitorAgentExtension\47.4.1.0, Name:AMAMultitenantServiceProcess
[2026-02-21 03:31:14.000]  [QueryRegValueDWORD] ErrorCode:0 ERROR: RegQueryValueExA: failed to query REG_DWORD value, Key:SOFTWARE\Microsoft\Windows Azure\CurrentVersion\AzureMonitorAgentExtension\47.4.1.0, name=AMAMultitenantServiceProcess, error=2, type=0
[2026-02-21 03:31:14.000]  [CheckIfMAServiceIsRunByExtension] ErrorCode:1205 INFO: Unable to read the m_registry for MA process. Assume it is not running.
[2026-02-21 03:31:14.000]  [AggregateHeartbeat] ErrorCode:0 INFO: Configured MA Service is not running on the node.
[2026-02-21 03:31:14.000]  [SetImdsEnvironmentVariable] ErrorCode:0 INFO: Querying IMDS information
[2026-02-21 03:31:14.000]  [SetImdsEnvironmentVariable] ErrorCode:-1 INFO: Preparing to call IMDS. Endpoint: http://169.254.169.254
[2026-02-21 03:31:15.000]  [QueryIMDSEndpoint] ErrorCode:0 INFO: Queried IMDS successfully.
[2026-02-21 03:31:15.000]  [GetValueFromJsonOrDefault] ErrorCode:0 INFO: Read Imds response field with Name:location Value: westus2
[2026-02-21 03:31:15.000]  [GetValueFromJsonOrDefault] ErrorCode:0 INFO: Read Imds response field with Name:name Value: amawin
[2026-02-21 03:31:15.000]  [GetValueFromJsonOrDefault] ErrorCode:0 INFO: Read Imds response field with Name:subscriptionId Value: 351651ce-5feb-4e59-975d-f1f344e2b717
[2026-02-21 03:31:15.000]  [GetValueFromJsonOrDefault] ErrorCode:0 INFO: Read Imds response field with Name:vmId Value: 22afd636-aec1-4782-9055-f85ea283dc20
[2026-02-21 03:31:15.000]  [GetValueFromJsonOrDefault] ErrorCode:0 INFO: Read Imds response field with Name:vmScaleSetName Value: 
[2026-02-21 03:31:15.000]  [GetValueFromJsonOrDefault] ErrorCode:0 INFO: Read Imds response field with Name:resourceGroupName Value: AMAWin_group
[2026-02-21 03:31:15.000]  [GetValueFromJsonOrDefault] ErrorCode:0 INFO: Read Imds response field with Name:osType Value: Windows
[2026-02-21 03:31:15.000]  [GetValueFromJsonOrDefault] ErrorCode:0 INFO: Read Imds response field with Name:resourceId Value: /subscriptions/351651ce-5feb-4e59-975d-f1f344e2b717/resourceGroups/AMAWin_group/providers/Microsoft.Compute/virtualMachines/amawin
[2026-02-21 03:31:15.000]  [GetValueFromJsonOrDefault] ErrorCode:0 INFO: Read Imds response field with Name:azEnvironment Value: AzurePublicCloud
[2026-02-21 03:31:15.000]  [SetImdsEnvironmentVariable] ErrorCode:0 INFO: Successfully set Environment variables from Imds
[2026-02-21 03:31:15.000]  [AggregateHeartbeat] ErrorCode:0 INFO: Completed heartbeat aggregation.
[2026-02-21 03:31:44.000]  [WriteStatusToFile] ErrorCode:0 INFO: Sending the status.
[2026-02-21 03:31:44.000]  [WriteHeartbeatToFile] ErrorCode:0 INFO: Sending the heartbeat.
[2026-02-21 03:31:44.000]  [WriteStatusToFile] ErrorCode:0 INFO: Done Sending the status.
[2026-02-21 03:31:44.000]  [WriteHeartbeatToFile] ErrorCode:0 INFO: Done Sending the heartbeat.
[2026-02-21 03:32:14.000]  [WriteHeartbeatToFile] ErrorCode:0 INFO: Sending the heartbeat.
[2026-02-21 03:32:14.000]  [WriteStatusToFile] ErrorCode:0 INFO: Sending the status.
[2026-02-21 03:32:14.000]  [WriteStatusToFile] ErrorCode:0 INFO: Done Sending the status.
[2026-02-21 03:32:14.000]  [WriteHeartbeatToFile] ErrorCode:0 INFO: Done Sending the heartbeat.
[2026-02-21 03:32:15.000]  [FindProcessById] ErrorCode:0 INFO: Attempt to find the process MetricsExtension.Native.exe with ID: 5392.
[2026-02-21 03:32:15.000]  [FindProcessById] ErrorCode:0 INFO: Running Process MetricsExtension.Native.exe found. ID: 5392.
[2026-02-21 03:32:15.000]  [StartMetricsExtension] ErrorCode:0 ERROR: Metrics extension is already running
[2026-02-21 03:32:44.000]  [WriteHeartbeatToFile] ErrorCode:0 INFO: Sending the heartbeat.
[2026-02-21 03:32:44.000]  [WriteStatusToFile] ErrorCode:0 INFO: Sending the status.
[2026-02-21 03:32:44.000]  [WriteHeartbeatToFile] ErrorCode:0 INFO: Done Sending the heartbeat.
[2026-02-21 03:32:44.000]  [WriteStatusToFile] ErrorCode:0 INFO: Done Sending the status.
[2026-02-21 03:33:14.000]  [WriteHeartbeatToFile] ErrorCode:0 INFO: Sending the heartbeat.
[2026-02-21 03:33:14.000]  [WriteStatusToFile] ErrorCode:0 INFO: Sending the status.
[2026-02-21 03:33:14.000]  [WriteStatusToFile] ErrorCode:0 INFO: Done Sending the status.
[2026-02-21 03:33:14.000]  [WriteHeartbeatToFile] ErrorCode:0 INFO: Done Sending the heartbeat.
[2026-02-21 03:33:15.000]  [FindProcessById] ErrorCode:0 INFO: Attempt to find the process MetricsExtension.Native.exe with ID: 5392.
[2026-02-21 03:33:15.000]  [FindProcessById] ErrorCode:0 INFO: Running Process MetricsExtension.Native.exe found. ID: 5392.
[2026-02-21 03:33:15.000]  [StartMetricsExtension] ErrorCode:0 ERROR: Metrics extension is already running
[2026-02-21 03:33:44.000]  [WriteStatusToFile] ErrorCode:0 INFO: Sending the status.
[2026-02-21 03:33:44.000]  [WriteHeartbeatToFile] ErrorCode:0 INFO: Sending the heartbeat.
[2026-02-21 03:33:44.000]  [WriteHeartbeatToFile] ErrorCode:0 INFO: Done Sending the heartbeat.
[2026-02-21 03:33:44.000]  [WriteStatusToFile] ErrorCode:0 INFO: Done Sending the status.
[2026-02-21 03:34:14.000]  [WriteHeartbeatToFile] ErrorCode:0 INFO: Sending the heartbeat.
[2026-02-21 03:34:14.000]  [WriteStatusToFile] ErrorCode:0 INFO: Sending the status.
[2026-02-21 03:34:14.000]  [WriteHeartbeatToFile] ErrorCode:0 INFO: Done Sending the heartbeat.
[2026-02-21 03:34:14.000]  [WriteStatusToFile] ErrorCode:0 INFO: Done Sending the status.
[2026-02-21 03:34:15.000]  [FindProcessById] ErrorCode:0 INFO: Attempt to find the process MetricsExtension.Native.exe with ID: 5392.
[2026-02-21 03:34:15.000]  [FindProcessById] ErrorCode:0 INFO: Running Process MetricsExtension.Native.exe found. ID: 5392.
[2026-02-21 03:34:15.000]  [StartMetricsExtension] ErrorCode:0 ERROR: Metrics extension is already running
[2026-02-21 03:34:44.000]  [WriteHeartbeatToFile] ErrorCode:0 INFO: Sending the heartbeat.
[2026-02-21 03:34:44.000]  [WriteStatusToFile] ErrorCode:0 INFO: Sending the status.
[2026-02-21 03:34:44.000]  [WriteHeartbeatToFile] ErrorCode:0 INFO: Done Sending the heartbeat.
[2026-02-21 03:34:44.000]  [WriteStatusToFile] ErrorCode:0 INFO: Done Sending the status.
[2026-02-21 03:35:14.000]  [WriteHeartbeatToFile] ErrorCode:0 INFO: Sending the heartbeat.
[2026-02-21 03:35:14.000]  [WriteStatusToFile] ErrorCode:0 INFO: Sending the status.
[2026-02-21 03:35:14.000]  [WriteStatusToFile] ErrorCode:0 INFO: Done Sending the status.
[2026-02-21 03:35:14.000]  [WriteHeartbeatToFile] ErrorCode:0 INFO: Done Sending the heartbeat.
[2026-02-21 03:35:15.000]  [FindProcessById] ErrorCode:0 INFO: Attempt to find the process MetricsExtension.Native.exe with ID: 5392.
[2026-02-21 03:35:15.000]  [FindProcessById] ErrorCode:0 INFO: Running Process MetricsExtension.Native.exe found. ID: 5392.
[2026-02-21 03:35:15.000]  [StartMetricsExtension] ErrorCode:0 ERROR: Metrics extension is already running
[2026-02-21 03:35:44.000]  [WriteHeartbeatToFile] ErrorCode:0 INFO: Sending the heartbeat.
[2026-02-21 03:35:44.000]  [WriteStatusToFile] ErrorCode:0 INFO: Sending the status.
[2026-02-21 03:35:44.000]  [WriteHeartbeatToFile] ErrorCode:0 INFO: Done Sending the heartbeat.
[2026-02-21 03:35:44.000]  [WriteStatusToFile] ErrorCode:0 INFO: Done Sending the status.
[2026-02-21 03:36:14.000]  [WriteHeartbeatToFile] ErrorCode:0 INFO: Sending the heartbeat.
[2026-02-21 03:36:14.000]  [WriteStatusToFile] ErrorCode:0 INFO: Sending the status.
[2026-02-21 03:36:14.000]  [WriteHeartbeatToFile] ErrorCode:0 INFO: Done Sending the heartbeat.
[2026-02-21 03:36:14.000]  [WriteStatusToFile] ErrorCode:0 INFO: Done Sending the status.
[2026-02-21 03:36:15.000]  [FindProcessById] ErrorCode:0 INFO: Attempt to find the process MetricsExtension.Native.exe with ID: 5392.
[2026-02-21 03:36:15.000]  [FindProcessById] ErrorCode:0 INFO: Running Process MetricsExtension.Native.exe found. ID: 5392.
[2026-02-21 03:36:15.000]  [StartMetricsExtension] ErrorCode:0 ERROR: Metrics extension is already running
[2026-02-21 03:36:15.000]  [AggregateHeartbeat] ErrorCode:0 INFO: Start heartbeat aggregation.
[2026-02-21 03:36:15.000]  [QueryRegValueDWORD] ErrorCode:0 INFO: Query Registry for Key:SOFTWARE\Microsoft\Windows Azure\CurrentVersion\AzureMonitorAgentExtension\47.4.1.0, Name:MaServiceProcess
[2026-02-21 03:36:15.000]  [QueryRegValueDWORD] ErrorCode:0 INFO: Query Registry for Key:SOFTWARE\Microsoft\Windows Azure\CurrentVersion\AzureMonitorAgentExtension\47.4.1.0, Name:MaServiceProcess, Value:2228
[2026-02-21 03:36:15.000]  [FindProcessById] ErrorCode:0 INFO: Attempt to find the process MonAgentLauncher.exe with ID: 2228.
[2026-02-21 03:36:15.000]  [FindProcessById] ErrorCode:0 INFO: Running Process MonAgentLauncher.exe found. ID: 2228.
[2026-02-21 03:36:15.000]  [CheckIfMAServiceIsRunByExtension] ErrorCode:0 INFO: The MA process is running based on the m_registry
[2026-02-21 03:36:15.000]  [QueryRegValueDWORD] ErrorCode:0 INFO: Query Registry for Key:SOFTWARE\Microsoft\Windows Azure\CurrentVersion\AzureMonitorAgentExtension\47.4.1.0, Name:AMAMultitenantServiceProcess
[2026-02-21 03:36:15.000]  [QueryRegValueDWORD] ErrorCode:0 ERROR: RegQueryValueExA: failed to query REG_DWORD value, Key:SOFTWARE\Microsoft\Windows Azure\CurrentVersion\AzureMonitorAgentExtension\47.4.1.0, name=AMAMultitenantServiceProcess, error=2, type=0
[2026-02-21 03:36:15.000]  [CheckIfMAServiceIsRunByExtension] ErrorCode:1205 INFO: Unable to read the m_registry for MA process. Assume it is not running.
[2026-02-21 03:36:15.000]  [AggregateHeartbeat] ErrorCode:0 INFO: Configured MA Service is not running on the node.
[2026-02-21 03:36:15.000]  [SetImdsEnvironmentVariable] ErrorCode:0 INFO: Querying IMDS information
[2026-02-21 03:36:15.000]  [SetImdsEnvironmentVariable] ErrorCode:-1 INFO: Preparing to call IMDS. Endpoint: http://169.254.169.254
[2026-02-21 03:36:15.000]  [QueryIMDSEndpoint] ErrorCode:0 INFO: Queried IMDS successfully.
[2026-02-21 03:36:15.000]  [GetValueFromJsonOrDefault] ErrorCode:0 INFO: Read Imds response field with Name:location Value: westus2
[2026-02-21 03:36:15.000]  [GetValueFromJsonOrDefault] ErrorCode:0 INFO: Read Imds response field with Name:name Value: amawin
[2026-02-21 03:36:15.000]  [GetValueFromJsonOrDefault] ErrorCode:0 INFO: Read Imds response field with Name:subscriptionId Value: 351651ce-5feb-4e59-975d-f1f344e2b717
[2026-02-21 03:36:15.000]  [GetValueFromJsonOrDefault] ErrorCode:0 INFO: Read Imds response field with Name:vmId Value: 22afd636-aec1-4782-9055-f85ea283dc20
[2026-02-21 03:36:15.000]  [GetValueFromJsonOrDefault] ErrorCode:0 INFO: Read Imds response field with Name:vmScaleSetName Value: 
[2026-02-21 03:36:15.000]  [GetValueFromJsonOrDefault] ErrorCode:0 INFO: Read Imds response field with Name:resourceGroupName Value: AMAWin_group
[2026-02-21 03:36:15.000]  [GetValueFromJsonOrDefault] ErrorCode:0 INFO: Read Imds response field with Name:osType Value: Windows
[2026-02-21 03:36:15.000]  [GetValueFromJsonOrDefault] ErrorCode:0 INFO: Read Imds response field with Name:resourceId Value: /subscriptions/351651ce-5feb-4e59-975d-f1f344e2b717/resourceGroups/AMAWin_group/providers/Microsoft.Compute/virtualMachines/amawin
[2026-02-21 03:36:15.000]  [GetValueFromJsonOrDefault] ErrorCode:0 INFO: Read Imds response field with Name:azEnvironment Value: AzurePublicCloud
[2026-02-21 03:36:15.000]  [SetImdsEnvironmentVariable] ErrorCode:0 INFO: Successfully set Environment variables from Imds
[2026-02-21 03:36:15.000]  [AggregateHeartbeat] ErrorCode:0 INFO: Completed heartbeat aggregation.
[2026-02-21 03:36:44.000]  [WriteHeartbeatToFile] ErrorCode:0 INFO: Sending the heartbeat.
[2026-02-21 03:36:44.000]  [WriteStatusToFile] ErrorCode:0 INFO: Sending the status.
[2026-02-21 03:36:44.000]  [WriteHeartbeatToFile] ErrorCode:0 INFO: Done Sending the heartbeat.
[2026-02-21 03:36:44.000]  [WriteStatusToFile] ErrorCode:0 INFO: Done Sending the status.
[2026-02-21 03:37:14.000]  [WriteStatusToFile] ErrorCode:0 INFO: Sending the status.
[2026-02-21 03:37:14.000]  [WriteHeartbeatToFile] ErrorCode:0 INFO: Sending the heartbeat.
[2026-02-21 03:37:14.000]  [WriteStatusToFile] ErrorCode:0 INFO: Done Sending the status.
[2026-02-21 03:37:14.000]  [WriteHeartbeatToFile] ErrorCode:0 INFO: Done Sending the heartbeat.
[2026-02-21 03:37:15.000]  [FindProcessById] ErrorCode:0 INFO: Attempt to find the process MetricsExtension.Native.exe with ID: 5392.
[2026-02-21 03:37:15.000]  [FindProcessById] ErrorCode:0 INFO: Running Process MetricsExtension.Native.exe found. ID: 5392.
[2026-02-21 03:37:15.000]  [StartMetricsExtension] ErrorCode:0 ERROR: Metrics extension is already running
[2026-02-21 03:37:44.000]  [WriteHeartbeatToFile] ErrorCode:0 INFO: Sending the heartbeat.
[2026-02-21 03:37:44.000]  [WriteStatusToFile] ErrorCode:0 INFO: Sending the status.
[2026-02-21 03:37:44.000]  [WriteStatusToFile] ErrorCode:0 INFO: Done Sending the status.
[2026-02-21 03:37:44.000]  [WriteHeartbeatToFile] ErrorCode:0 INFO: Done Sending the heartbeat.
[2026-02-21 03:38:14.000]  [WriteHeartbeatToFile] ErrorCode:0 INFO: Sending the heartbeat.
[2026-02-21 03:38:14.000]  [WriteStatusToFile] ErrorCode:0 INFO: Sending the status.
[2026-02-21 03:38:14.000]  [WriteHeartbeatToFile] ErrorCode:0 INFO: Done Sending the heartbeat.
[2026-02-21 03:38:14.000]  [WriteStatusToFile] ErrorCode:0 INFO: Done Sending the status.
[2026-02-21 03:38:15.000]  [FindProcessById] ErrorCode:0 INFO: Attempt to find the process MetricsExtension.Native.exe with ID: 5392.
[2026-02-21 03:38:15.000]  [FindProcessById] ErrorCode:0 INFO: Running Process MetricsExtension.Native.exe found. ID: 5392.
[2026-02-21 03:38:15.000]  [StartMetricsExtension] ErrorCode:0 ERROR: Metrics extension is already running
[2026-02-21 03:38:44.000]  [WriteStatusToFile] ErrorCode:0 INFO: Sending the status.
[2026-02-21 03:38:44.000]  [WriteHeartbeatToFile] ErrorCode:0 INFO: Sending the heartbeat.
[2026-02-21 03:38:44.000]  [WriteHeartbeatToFile] ErrorCode:0 INFO: Done Sending the heartbeat.
[2026-02-21 03:38:44.000]  [WriteStatusToFile] ErrorCode:0 INFO: Done Sending the status.
[2026-02-21 03:39:14.000]  [WriteHeartbeatToFile] ErrorCode:0 INFO: Sending the heartbeat.
[2026-02-21 03:39:14.000]  [WriteStatusToFile] ErrorCode:0 INFO: Sending the status.
[2026-02-21 03:39:14.000]  [WriteHeartbeatToFile] ErrorCode:0 INFO: Done Sending the heartbeat.
[2026-02-21 03:39:14.000]  [WriteStatusToFile] ErrorCode:0 INFO: Done Sending the status.
[2026-02-21 03:39:15.000]  [FindProcessById] ErrorCode:0 INFO: Attempt to find the process MetricsExtension.Native.exe with ID: 5392.
[2026-02-21 03:39:15.000]  [FindProcessById] ErrorCode:0 INFO: Running Process MetricsExtension.Native.exe found. ID: 5392.
[2026-02-21 03:39:15.000]  [StartMetricsExtension] ErrorCode:0 ERROR: Metrics extension is already running
[2026-02-21 03:39:44.000]  [WriteStatusToFile] ErrorCode:0 INFO: Sending the status.
[2026-02-21 03:39:44.000]  [WriteHeartbeatToFile] ErrorCode:0 INFO: Sending the heartbeat.
[2026-02-21 03:39:44.000]  [WriteStatusToFile] ErrorCode:0 INFO: Done Sending the status.
[2026-02-21 03:39:44.000]  [WriteHeartbeatToFile] ErrorCode:0 INFO: Done Sending the heartbeat.
[2026-02-21 03:40:14.000]  [WriteStatusToFile] ErrorCode:0 INFO: Sending the status.
[2026-02-21 03:40:14.000]  [WriteHeartbeatToFile] ErrorCode:0 INFO: Sending the heartbeat.
[2026-02-21 03:40:14.000]  [WriteStatusToFile] ErrorCode:0 INFO: Done Sending the status.
[2026-02-21 03:40:14.000]  [WriteHeartbeatToFile] ErrorCode:0 INFO: Done Sending the heartbeat.
[2026-02-21 03:40:15.000]  [FindProcessById] ErrorCode:0 INFO: Attempt to find the process MetricsExtension.Native.exe with ID: 5392.
[2026-02-21 03:40:15.000]  [FindProcessById] ErrorCode:0 INFO: Running Process MetricsExtension.Native.exe found. ID: 5392.
[2026-02-21 03:40:15.000]  [StartMetricsExtension] ErrorCode:0 ERROR: Metrics extension is already running
[2026-02-21 03:40:44.000]  [WriteHeartbeatToFile] ErrorCode:0 INFO: Sending the heartbeat.
[2026-02-21 03:40:44.000]  [WriteStatusToFile] ErrorCode:0 INFO: Sending the status.
[2026-02-21 03:40:44.000]  [WriteHeartbeatToFile] ErrorCode:0 INFO: Done Sending the heartbeat.
[2026-02-21 03:40:44.000]  [WriteStatusToFile] ErrorCode:0 INFO: Done Sending the status.
[2026-02-21 03:41:14.000]  [WriteHeartbeatToFile] ErrorCode:0 INFO: Sending the heartbeat.
[2026-02-21 03:41:14.000]  [WriteStatusToFile] ErrorCode:0 INFO: Sending the status.
[2026-02-21 03:41:14.000]  [WriteHeartbeatToFile] ErrorCode:0 INFO: Done Sending the heartbeat.
[2026-02-21 03:41:14.000]  [WriteStatusToFile] ErrorCode:0 INFO: Done Sending the status.
[2026-02-21 03:41:15.000]  [FindProcessById] ErrorCode:0 INFO: Attempt to find the process MetricsExtension.Native.exe with ID: 5392.
[2026-02-21 03:41:15.000]  [FindProcessById] ErrorCode:0 INFO: Running Process MetricsExtension.Native.exe found. ID: 5392.
[2026-02-21 03:41:15.000]  [StartMetricsExtension] ErrorCode:0 ERROR: Metrics extension is already running
[2026-02-21 03:41:15.000]  [AggregateHeartbeat] ErrorCode:0 INFO: Start heartbeat aggregation.
[2026-02-21 03:41:15.000]  [QueryRegValueDWORD] ErrorCode:0 INFO: Query Registry for Key:SOFTWARE\Microsoft\Windows Azure\CurrentVersion\AzureMonitorAgentExtension\47.4.1.0, Name:MaServiceProcess
[2026-02-21 03:41:15.000]  [QueryRegValueDWORD] ErrorCode:0 INFO: Query Registry for Key:SOFTWARE\Microsoft\Windows Azure\CurrentVersion\AzureMonitorAgentExtension\47.4.1.0, Name:MaServiceProcess, Value:2228
[2026-02-21 03:41:15.000]  [FindProcessById] ErrorCode:0 INFO: Attempt to find the process MonAgentLauncher.exe with ID: 2228.
[2026-02-21 03:41:15.000]  [FindProcessById] ErrorCode:0 INFO: Running Process MonAgentLauncher.exe found. ID: 2228.
[2026-02-21 03:41:15.000]  [CheckIfMAServiceIsRunByExtension] ErrorCode:0 INFO: The MA process is running based on the m_registry
[2026-02-21 03:41:15.000]  [QueryRegValueDWORD] ErrorCode:0 INFO: Query Registry for Key:SOFTWARE\Microsoft\Windows Azure\CurrentVersion\AzureMonitorAgentExtension\47.4.1.0, Name:AMAMultitenantServiceProcess
[2026-02-21 03:41:15.000]  [QueryRegValueDWORD] ErrorCode:0 ERROR: RegQueryValueExA: failed to query REG_DWORD value, Key:SOFTWARE\Microsoft\Windows Azure\CurrentVersion\AzureMonitorAgentExtension\47.4.1.0, name=AMAMultitenantServiceProcess, error=2, type=0
[2026-02-21 03:41:15.000]  [CheckIfMAServiceIsRunByExtension] ErrorCode:1205 INFO: Unable to read the m_registry for MA process. Assume it is not running.
[2026-02-21 03:41:15.000]  [AggregateHeartbeat] ErrorCode:0 INFO: Configured MA Service is not running on the node.
[2026-02-21 03:41:15.000]  [SetImdsEnvironmentVariable] ErrorCode:0 INFO: Querying IMDS information
[2026-02-21 03:41:15.000]  [SetImdsEnvironmentVariable] ErrorCode:-1 INFO: Preparing to call IMDS. Endpoint: http://169.254.169.254
[2026-02-21 03:41:15.000]  [QueryIMDSEndpoint] ErrorCode:0 INFO: Queried IMDS successfully.
[2026-02-21 03:41:15.000]  [GetValueFromJsonOrDefault] ErrorCode:0 INFO: Read Imds response field with Name:location Value: westus2
[2026-02-21 03:41:15.000]  [GetValueFromJsonOrDefault] ErrorCode:0 INFO: Read Imds response field with Name:name Value: amawin
[2026-02-21 03:41:15.000]  [GetValueFromJsonOrDefault] ErrorCode:0 INFO: Read Imds response field with Name:subscriptionId Value: 351651ce-5feb-4e59-975d-f1f344e2b717
[2026-02-21 03:41:15.000]  [GetValueFromJsonOrDefault] ErrorCode:0 INFO: Read Imds response field with Name:vmId Value: 22afd636-aec1-4782-9055-f85ea283dc20
[2026-02-21 03:41:15.000]  [GetValueFromJsonOrDefault] ErrorCode:0 INFO: Read Imds response field with Name:vmScaleSetName Value: 
[2026-02-21 03:41:15.000]  [GetValueFromJsonOrDefault] ErrorCode:0 INFO: Read Imds response field with Name:resourceGroupName Value: AMAWin_group
[2026-02-21 03:41:15.000]  [GetValueFromJsonOrDefault] ErrorCode:0 INFO: Read Imds response field with Name:osType Value: Windows
[2026-02-21 03:41:15.000]  [GetValueFromJsonOrDefault] ErrorCode:0 INFO: Read Imds response field with Name:resourceId Value: /subscriptions/351651ce-5feb-4e59-975d-f1f344e2b717/resourceGroups/AMAWin_group/providers/Microsoft.Compute/virtualMachines/amawin
[2026-02-21 03:41:15.000]  [GetValueFromJsonOrDefault] ErrorCode:0 INFO: Read Imds response field with Name:azEnvironment Value: AzurePublicCloud
[2026-02-21 03:41:15.000]  [SetImdsEnvironmentVariable] ErrorCode:0 INFO: Successfully set Environment variables from Imds
[2026-02-21 03:41:15.000]  [AggregateHeartbeat] ErrorCode:0 INFO: Completed heartbeat aggregation.
[2026-02-21 03:41:45.000]  [WriteHeartbeatToFile] ErrorCode:0 INFO: Sending the heartbeat.
[2026-02-21 03:41:45.000]  [WriteStatusToFile] ErrorCode:0 INFO: Sending the status.
[2026-02-21 03:41:45.000]  [WriteHeartbeatToFile] ErrorCode:0 INFO: Done Sending the heartbeat.
[2026-02-21 03:41:45.000]  [WriteStatusToFile] ErrorCode:0 INFO: Done Sending the status.
[2026-02-21 03:42:15.000]  [WriteStatusToFile] ErrorCode:0 INFO: Sending the status.
[2026-02-21 03:42:15.000]  [WriteHeartbeatToFile] ErrorCode:0 INFO: Sending the heartbeat.
[2026-02-21 03:42:15.000]  [WriteHeartbeatToFile] ErrorCode:0 INFO: Done Sending the heartbeat.
[2026-02-21 03:42:15.000]  [WriteStatusToFile] ErrorCode:0 INFO: Done Sending the status.
[2026-02-21 03:42:15.000]  [FindProcessById] ErrorCode:0 INFO: Attempt to find the process MetricsExtension.Native.exe with ID: 5392.
[2026-02-21 03:42:15.000]  [FindProcessById] ErrorCode:0 INFO: Running Process MetricsExtension.Native.exe found. ID: 5392.
[2026-02-21 03:42:15.000]  [StartMetricsExtension] ErrorCode:0 ERROR: Metrics extension is already running
[2026-02-21 03:42:45.000]  [WriteStatusToFile] ErrorCode:0 INFO: Sending the status.
[2026-02-21 03:42:45.000]  [WriteHeartbeatToFile] ErrorCode:0 INFO: Sending the heartbeat.
[2026-02-21 03:42:45.000]  [WriteStatusToFile] ErrorCode:0 INFO: Done Sending the status.
[2026-02-21 03:42:45.000]  [WriteHeartbeatToFile] ErrorCode:0 INFO: Done Sending the heartbeat.
[2026-02-21 03:43:15.000]  [WriteStatusToFile] ErrorCode:0 INFO: Sending the status.
[2026-02-21 03:43:15.000]  [WriteHeartbeatToFile] ErrorCode:0 INFO: Sending the heartbeat.
[2026-02-21 03:43:15.000]  [WriteHeartbeatToFile] ErrorCode:0 INFO: Done Sending the heartbeat.
[2026-02-21 03:43:15.000]  [WriteStatusToFile] ErrorCode:0 INFO: Done Sending the status.
[2026-02-21 03:43:15.000]  [FindProcessById] ErrorCode:0 INFO: Attempt to find the process MetricsExtension.Native.exe with ID: 5392.
[2026-02-21 03:43:15.000]  [FindProcessById] ErrorCode:0 INFO: Running Process MetricsExtension.Native.exe found. ID: 5392.
[2026-02-21 03:43:15.000]  [StartMetricsExtension] ErrorCode:0 ERROR: Metrics extension is already running
[2026-02-21 03:43:45.000]  [WriteStatusToFile] ErrorCode:0 INFO: Sending the status.
[2026-02-21 03:43:45.000]  [WriteHeartbeatToFile] ErrorCode:0 INFO: Sending the heartbeat.
[2026-02-21 03:43:45.000]  [WriteStatusToFile] ErrorCode:0 INFO: Done Sending the status.
[2026-02-21 03:43:45.000]  [WriteHeartbeatToFile] ErrorCode:0 INFO: Done Sending the heartbeat.
[2026-02-21 03:44:15.000]  [WriteHeartbeatToFile] ErrorCode:0 INFO: Sending the heartbeat.
[2026-02-21 03:44:15.000]  [WriteStatusToFile] ErrorCode:0 INFO: Sending the status.
[2026-02-21 03:44:15.000]  [WriteHeartbeatToFile] ErrorCode:0 INFO: Done Sending the heartbeat.
[2026-02-21 03:44:15.000]  [WriteStatusToFile] ErrorCode:0 INFO: Done Sending the status.
[2026-02-21 03:44:15.000]  [FindProcessById] ErrorCode:0 INFO: Attempt to find the process MetricsExtension.Native.exe with ID: 5392.
[2026-02-21 03:44:15.000]  [FindProcessById] ErrorCode:0 INFO: Running Process MetricsExtension.Native.exe found. ID: 5392.
[2026-02-21 03:44:15.000]  [StartMetricsExtension] ErrorCode:0 ERROR: Metrics extension is already running
[2026-02-21 03:44:45.000]  [WriteStatusToFile] ErrorCode:0 INFO: Sending the status.
[2026-02-21 03:44:45.000]  [WriteHeartbeatToFile] ErrorCode:0 INFO: Sending the heartbeat.
[2026-02-21 03:44:45.000]  [WriteStatusToFile] ErrorCode:0 INFO: Done Sending the status.
[2026-02-21 03:44:45.000]  [WriteHeartbeatToFile] ErrorCode:0 INFO: Done Sending the heartbeat.
[2026-02-21 03:45:15.000]  [WriteHeartbeatToFile] ErrorCode:0 INFO: Sending the heartbeat.
[2026-02-21 03:45:15.000]  [WriteStatusToFile] ErrorCode:0 INFO: Sending the status.
[2026-02-21 03:45:15.000]  [WriteHeartbeatToFile] ErrorCode:0 INFO: Done Sending the heartbeat.
[2026-02-21 03:45:15.000]  [WriteStatusToFile] ErrorCode:0 INFO: Done Sending the status.
[2026-02-21 03:45:15.000]  [FindProcessById] ErrorCode:0 INFO: Attempt to find the process MetricsExtension.Native.exe with ID: 5392.
[2026-02-21 03:45:15.000]  [FindProcessById] ErrorCode:0 INFO: Running Process MetricsExtension.Native.exe found. ID: 5392.
[2026-02-21 03:45:15.000]  [StartMetricsExtension] ErrorCode:0 ERROR: Metrics extension is already running
[2026-02-21 03:45:45.000]  [WriteStatusToFile] ErrorCode:0 INFO: Sending the status.
[2026-02-21 03:45:45.000]  [WriteHeartbeatToFile] ErrorCode:0 INFO: Sending the heartbeat.
[2026-02-21 03:45:45.000]  [WriteStatusToFile] ErrorCode:0 INFO: Done Sending the status.
[2026-02-21 03:45:45.000]  [WriteHeartbeatToFile] ErrorCode:0 INFO: Done Sending the heartbeat.
[2026-02-21 03:46:15.000]  [WriteStatusToFile] ErrorCode:0 INFO: Sending the status.
[2026-02-21 03:46:15.000]  [WriteHeartbeatToFile] ErrorCode:0 INFO: Sending the heartbeat.
[2026-02-21 03:46:15.000]  [WriteStatusToFile] ErrorCode:0 INFO: Done Sending the status.
[2026-02-21 03:46:15.000]  [WriteHeartbeatToFile] ErrorCode:0 INFO: Done Sending the heartbeat.
[2026-02-21 03:46:15.000]  [FindProcessById] ErrorCode:0 INFO: Attempt to find the process MetricsExtension.Native.exe with ID: 5392.
[2026-02-21 03:46:15.000]  [FindProcessById] ErrorCode:0 INFO: Running Process MetricsExtension.Native.exe found. ID: 5392.
[2026-02-21 03:46:15.000]  [StartMetricsExtension] ErrorCode:0 ERROR: Metrics extension is already running
[2026-02-21 03:46:15.000]  [AggregateHeartbeat] ErrorCode:0 INFO: Start heartbeat aggregation.
[2026-02-21 03:46:15.000]  [QueryRegValueDWORD] ErrorCode:0 INFO: Query Registry for Key:SOFTWARE\Microsoft\Windows Azure\CurrentVersion\AzureMonitorAgentExtension\47.4.1.0, Name:MaServiceProcess
[2026-02-21 03:46:15.000]  [QueryRegValueDWORD] ErrorCode:0 INFO: Query Registry for Key:SOFTWARE\Microsoft\Windows Azure\CurrentVersion\AzureMonitorAgentExtension\47.4.1.0, Name:MaServiceProcess, Value:2228
[2026-02-21 03:46:15.000]  [FindProcessById] ErrorCode:0 INFO: Attempt to find the process MonAgentLauncher.exe with ID: 2228.
[2026-02-21 03:46:15.000]  [FindProcessById] ErrorCode:0 INFO: Running Process MonAgentLauncher.exe found. ID: 2228.
[2026-02-21 03:46:15.000]  [CheckIfMAServiceIsRunByExtension] ErrorCode:0 INFO: The MA process is running based on the m_registry
[2026-02-21 03:46:15.000]  [QueryRegValueDWORD] ErrorCode:0 INFO: Query Registry for Key:SOFTWARE\Microsoft\Windows Azure\CurrentVersion\AzureMonitorAgentExtension\47.4.1.0, Name:AMAMultitenantServiceProcess
[2026-02-21 03:46:15.000]  [QueryRegValueDWORD] ErrorCode:0 ERROR: RegQueryValueExA: failed to query REG_DWORD value, Key:SOFTWARE\Microsoft\Windows Azure\CurrentVersion\AzureMonitorAgentExtension\47.4.1.0, name=AMAMultitenantServiceProcess, error=2, type=0
[2026-02-21 03:46:15.000]  [CheckIfMAServiceIsRunByExtension] ErrorCode:1205 INFO: Unable to read the m_registry for MA process. Assume it is not running.
[2026-02-21 03:46:15.000]  [AggregateHeartbeat] ErrorCode:0 INFO: Configured MA Service is not running on the node.
[2026-02-21 03:46:15.000]  [SetImdsEnvironmentVariable] ErrorCode:0 INFO: Querying IMDS information
[2026-02-21 03:46:15.000]  [SetImdsEnvironmentVariable] ErrorCode:-1 INFO: Preparing to call IMDS. Endpoint: http://169.254.169.254
[2026-02-21 03:46:15.000]  [QueryIMDSEndpoint] ErrorCode:0 INFO: Queried IMDS successfully.
[2026-02-21 03:46:15.000]  [GetValueFromJsonOrDefault] ErrorCode:0 INFO: Read Imds response field with Name:location Value: westus2
[2026-02-21 03:46:15.000]  [GetValueFromJsonOrDefault] ErrorCode:0 INFO: Read Imds response field with Name:name Value: amawin
[2026-02-21 03:46:15.000]  [GetValueFromJsonOrDefault] ErrorCode:0 INFO: Read Imds response field with Name:subscriptionId Value: 351651ce-5feb-4e59-975d-f1f344e2b717
[2026-02-21 03:46:15.000]  [GetValueFromJsonOrDefault] ErrorCode:0 INFO: Read Imds response field with Name:vmId Value: 22afd636-aec1-4782-9055-f85ea283dc20
[2026-02-21 03:46:15.000]  [GetValueFromJsonOrDefault] ErrorCode:0 INFO: Read Imds response field with Name:vmScaleSetName Value: 
[2026-02-21 03:46:15.000]  [GetValueFromJsonOrDefault] ErrorCode:0 INFO: Read Imds response field with Name:resourceGroupName Value: AMAWin_group
[2026-02-21 03:46:15.000]  [GetValueFromJsonOrDefault] ErrorCode:0 INFO: Read Imds response field with Name:osType Value: Windows
[2026-02-21 03:46:15.000]  [GetValueFromJsonOrDefault] ErrorCode:0 INFO: Read Imds response field with Name:resourceId Value: /subscriptions/351651ce-5feb-4e59-975d-f1f344e2b717/resourceGroups/AMAWin_group/providers/Microsoft.Compute/virtualMachines/amawin
[2026-02-21 03:46:15.000]  [GetValueFromJsonOrDefault] ErrorCode:0 INFO: Read Imds response field with Name:azEnvironment Value: AzurePublicCloud
[2026-02-21 03:46:15.000]  [SetImdsEnvironmentVariable] ErrorCode:0 INFO: Successfully set Environment variables from Imds
[2026-02-21 03:46:15.000]  [AggregateHeartbeat] ErrorCode:0 INFO: Completed heartbeat aggregation.
[2026-02-21 03:46:45.000]  [WriteHeartbeatToFile] ErrorCode:0 INFO: Sending the heartbeat.
[2026-02-21 03:46:45.000]  [WriteStatusToFile] ErrorCode:0 INFO: Sending the status.
[2026-02-21 03:46:45.000]  [WriteHeartbeatToFile] ErrorCode:0 INFO: Done Sending the heartbeat.
[2026-02-21 03:46:45.000]  [WriteStatusToFile] ErrorCode:0 INFO: Done Sending the status.
[2026-02-21 03:47:15.000]  [WriteHeartbeatToFile] ErrorCode:0 INFO: Sending the heartbeat.
[2026-02-21 03:47:15.000]  [WriteStatusToFile] ErrorCode:0 INFO: Sending the status.
[2026-02-21 03:47:15.000]  [WriteHeartbeatToFile] ErrorCode:0 INFO: Done Sending the heartbeat.
[2026-02-21 03:47:15.000]  [WriteStatusToFile] ErrorCode:0 INFO: Done Sending the status.
[2026-02-21 03:47:15.000]  [FindProcessById] ErrorCode:0 INFO: Attempt to find the process MetricsExtension.Native.exe with ID: 5392.
[2026-02-21 03:47:15.000]  [FindProcessById] ErrorCode:0 INFO: Running Process MetricsExtension.Native.exe found. ID: 5392.
[2026-02-21 03:47:15.000]  [StartMetricsExtension] ErrorCode:0 ERROR: Metrics extension is already running
[2026-02-21 03:47:45.000]  [WriteStatusToFile] ErrorCode:0 INFO: Sending the status.
[2026-02-21 03:47:45.000]  [WriteHeartbeatToFile] ErrorCode:0 INFO: Sending the heartbeat.
[2026-02-21 03:47:45.000]  [WriteHeartbeatToFile] ErrorCode:0 INFO: Done Sending the heartbeat.
[2026-02-21 03:47:45.000]  [WriteStatusToFile] ErrorCode:0 INFO: Done Sending the status.
[2026-02-21 03:48:15.000]  [WriteHeartbeatToFile] ErrorCode:0 INFO: Sending the heartbeat.
[2026-02-21 03:48:15.000]  [WriteStatusToFile] ErrorCode:0 INFO: Sending the status.
[2026-02-21 03:48:15.000]  [WriteHeartbeatToFile] ErrorCode:0 INFO: Done Sending the heartbeat.
[2026-02-21 03:48:15.000]  [WriteStatusToFile] ErrorCode:0 INFO: Done Sending the status.
[2026-02-21 03:48:15.000]  [FindProcessById] ErrorCode:0 INFO: Attempt to find the process MetricsExtension.Native.exe with ID: 5392.
[2026-02-21 03:48:15.000]  [FindProcessById] ErrorCode:0 INFO: Running Process MetricsExtension.Native.exe found. ID: 5392.
[2026-02-21 03:48:15.000]  [StartMetricsExtension] ErrorCode:0 ERROR: Metrics extension is already running
[2026-02-21 03:48:45.000]  [WriteHeartbeatToFile] ErrorCode:0 INFO: Sending the heartbeat.
[2026-02-21 03:48:45.000]  [WriteStatusToFile] ErrorCode:0 INFO: Sending the status.
[2026-02-21 03:48:45.000]  [WriteHeartbeatToFile] ErrorCode:0 INFO: Done Sending the heartbeat.
[2026-02-21 03:48:45.000]  [WriteStatusToFile] ErrorCode:0 INFO: Done Sending the status.
[2026-02-21 03:49:15.000]  [WriteHeartbeatToFile] ErrorCode:0 INFO: Sending the heartbeat.
[2026-02-21 03:49:15.000]  [WriteStatusToFile] ErrorCode:0 INFO: Sending the status.
[2026-02-21 03:49:15.000]  [WriteHeartbeatToFile] ErrorCode:0 INFO: Done Sending the heartbeat.
[2026-02-21 03:49:15.000]  [WriteStatusToFile] ErrorCode:0 INFO: Done Sending the status.
[2026-02-21 03:49:15.000]  [FindProcessById] ErrorCode:0 INFO: Attempt to find the process MetricsExtension.Native.exe with ID: 5392.
[2026-02-21 03:49:15.000]  [FindProcessById] ErrorCode:0 INFO: Running Process MetricsExtension.Native.exe found. ID: 5392.
[2026-02-21 03:49:15.000]  [StartMetricsExtension] ErrorCode:0 ERROR: Metrics extension is already running
[2026-02-21 03:49:45.000]  [WriteStatusToFile] ErrorCode:0 INFO: Sending the status.
[2026-02-21 03:49:45.000]  [WriteHeartbeatToFile] ErrorCode:0 INFO: Sending the heartbeat.
[2026-02-21 03:49:45.000]  [WriteStatusToFile] ErrorCode:0 INFO: Done Sending the status.
[2026-02-21 03:49:45.000]  [WriteHeartbeatToFile] ErrorCode:0 INFO: Done Sending the heartbeat.
[2026-02-21 03:50:15.000]  [WriteHeartbeatToFile] ErrorCode:0 INFO: Sending the heartbeat.
[2026-02-21 03:50:15.000]  [WriteStatusToFile] ErrorCode:0 INFO: Sending the status.
[2026-02-21 03:50:15.000]  [WriteStatusToFile] ErrorCode:0 INFO: Done Sending the status.
[2026-02-21 03:50:15.000]  [WriteHeartbeatToFile] ErrorCode:0 INFO: Done Sending the heartbeat.
[2026-02-21 03:50:15.000]  [FindProcessById] ErrorCode:0 INFO: Attempt to find the process MetricsExtension.Native.exe with ID: 5392.
[2026-02-21 03:50:15.000]  [FindProcessById] ErrorCode:0 INFO: Running Process MetricsExtension.Native.exe found. ID: 5392.
[2026-02-21 03:50:15.000]  [StartMetricsExtension] ErrorCode:0 ERROR: Metrics extension is already running
[2026-02-21 03:50:45.000]  [WriteStatusToFile] ErrorCode:0 INFO: Sending the status.
[2026-02-21 03:50:45.000]  [WriteHeartbeatToFile] ErrorCode:0 INFO: Sending the heartbeat.
[2026-02-21 03:50:45.000]  [WriteStatusToFile] ErrorCode:0 INFO: Done Sending the status.
[2026-02-21 03:50:45.000]  [WriteHeartbeatToFile] ErrorCode:0 INFO: Done Sending the heartbeat.
[2026-02-21 03:51:15.000]  [WriteStatusToFile] ErrorCode:0 INFO: Sending the status.
[2026-02-21 03:51:15.000]  [WriteHeartbeatToFile] ErrorCode:0 INFO: Sending the heartbeat.
[2026-02-21 03:51:15.000]  [WriteStatusToFile] ErrorCode:0 INFO: Done Sending the status.
[2026-02-21 03:51:15.000]  [WriteHeartbeatToFile] ErrorCode:0 INFO: Done Sending the heartbeat.
[2026-02-21 03:51:15.000]  [FindProcessById] ErrorCode:0 INFO: Attempt to find the process MetricsExtension.Native.exe with ID: 5392.
[2026-02-21 03:51:15.000]  [FindProcessById] ErrorCode:0 INFO: Running Process MetricsExtension.Native.exe found. ID: 5392.
[2026-02-21 03:51:15.000]  [StartMetricsExtension] ErrorCode:0 ERROR: Metrics extension is already running
[2026-02-21 03:51:15.000]  [AggregateHeartbeat] ErrorCode:0 INFO: Start heartbeat aggregation.
[2026-02-21 03:51:15.000]  [QueryRegValueDWORD] ErrorCode:0 INFO: Query Registry for Key:SOFTWARE\Microsoft\Windows Azure\CurrentVersion\AzureMonitorAgentExtension\47.4.1.0, Name:MaServiceProcess
[2026-02-21 03:51:15.000]  [QueryRegValueDWORD] ErrorCode:0 INFO: Query Registry for Key:SOFTWARE\Microsoft\Windows Azure\CurrentVersion\AzureMonitorAgentExtension\47.4.1.0, Name:MaServiceProcess, Value:2228
[2026-02-21 03:51:15.000]  [FindProcessById] ErrorCode:0 INFO: Attempt to find the process MonAgentLauncher.exe with ID: 2228.
[2026-02-21 03:51:15.000]  [FindProcessById] ErrorCode:0 INFO: Running Process MonAgentLauncher.exe found. ID: 2228.
[2026-02-21 03:51:15.000]  [CheckIfMAServiceIsRunByExtension] ErrorCode:0 INFO: The MA process is running based on the m_registry
[2026-02-21 03:51:15.000]  [QueryRegValueDWORD] ErrorCode:0 INFO: Query Registry for Key:SOFTWARE\Microsoft\Windows Azure\CurrentVersion\AzureMonitorAgentExtension\47.4.1.0, Name:AMAMultitenantServiceProcess
[2026-02-21 03:51:15.000]  [QueryRegValueDWORD] ErrorCode:0 ERROR: RegQueryValueExA: failed to query REG_DWORD value, Key:SOFTWARE\Microsoft\Windows Azure\CurrentVersion\AzureMonitorAgentExtension\47.4.1.0, name=AMAMultitenantServiceProcess, error=2, type=0
[2026-02-21 03:51:15.000]  [CheckIfMAServiceIsRunByExtension] ErrorCode:1205 INFO: Unable to read the m_registry for MA process. Assume it is not running.
[2026-02-21 03:51:15.000]  [AggregateHeartbeat] ErrorCode:0 INFO: Configured MA Service is not running on the node.
[2026-02-21 03:51:15.000]  [SetImdsEnvironmentVariable] ErrorCode:0 INFO: Querying IMDS information
[2026-02-21 03:51:15.000]  [SetImdsEnvironmentVariable] ErrorCode:-1 INFO: Preparing to call IMDS. Endpoint: http://169.254.169.254
[2026-02-21 03:51:15.000]  [QueryIMDSEndpoint] ErrorCode:0 INFO: Queried IMDS successfully.
[2026-02-21 03:51:15.000]  [GetValueFromJsonOrDefault] ErrorCode:0 INFO: Read Imds response field with Name:location Value: westus2
[2026-02-21 03:51:15.000]  [GetValueFromJsonOrDefault] ErrorCode:0 INFO: Read Imds response field with Name:name Value: amawin
[2026-02-21 03:51:15.000]  [GetValueFromJsonOrDefault] ErrorCode:0 INFO: Read Imds response field with Name:subscriptionId Value: 351651ce-5feb-4e59-975d-f1f344e2b717
[2026-02-21 03:51:15.000]  [GetValueFromJsonOrDefault] ErrorCode:0 INFO: Read Imds response field with Name:vmId Value: 22afd636-aec1-4782-9055-f85ea283dc20
[2026-02-21 03:51:15.000]  [GetValueFromJsonOrDefault] ErrorCode:0 INFO: Read Imds response field with Name:vmScaleSetName Value: 
[2026-02-21 03:51:15.000]  [GetValueFromJsonOrDefault] ErrorCode:0 INFO: Read Imds response field with Name:resourceGroupName Value: AMAWin_group
[2026-02-21 03:51:15.000]  [GetValueFromJsonOrDefault] ErrorCode:0 INFO: Read Imds response field with Name:osType Value: Windows
[2026-02-21 03:51:15.000]  [GetValueFromJsonOrDefault] ErrorCode:0 INFO: Read Imds response field with Name:resourceId Value: /subscriptions/351651ce-5feb-4e59-975d-f1f344e2b717/resourceGroups/AMAWin_group/providers/Microsoft.Compute/virtualMachines/amawin
[2026-02-21 03:51:15.000]  [GetValueFromJsonOrDefault] ErrorCode:0 INFO: Read Imds response field with Name:azEnvironment Value: AzurePublicCloud
[2026-02-21 03:51:15.000]  [SetImdsEnvironmentVariable] ErrorCode:0 INFO: Successfully set Environment variables from Imds
[2026-02-21 03:51:15.000]  [AggregateHeartbeat] ErrorCode:0 INFO: Completed heartbeat aggregation.
[2026-02-21 03:51:45.000]  [WriteHeartbeatToFile] ErrorCode:0 INFO: Sending the heartbeat.
[2026-02-21 03:51:45.000]  [WriteStatusToFile] ErrorCode:0 INFO: Sending the status.
[2026-02-21 03:51:45.000]  [WriteHeartbeatToFile] ErrorCode:0 INFO: Done Sending the heartbeat.
[2026-02-21 03:51:45.000]  [WriteStatusToFile] ErrorCode:0 INFO: Done Sending the status.
[2026-02-21 03:52:15.000]  [WriteHeartbeatToFile] ErrorCode:0 INFO: Sending the heartbeat.
[2026-02-21 03:52:15.000]  [WriteStatusToFile] ErrorCode:0 INFO: Sending the status.
[2026-02-21 03:52:15.000]  [WriteHeartbeatToFile] ErrorCode:0 INFO: Done Sending the heartbeat.
[2026-02-21 03:52:15.000]  [WriteStatusToFile] ErrorCode:0 INFO: Done Sending the status.
[2026-02-21 03:52:15.000]  [FindProcessById] ErrorCode:0 INFO: Attempt to find the process MetricsExtension.Native.exe with ID: 5392.
[2026-02-21 03:52:15.000]  [FindProcessById] ErrorCode:0 INFO: Running Process MetricsExtension.Native.exe found. ID: 5392.
[2026-02-21 03:52:15.000]  [StartMetricsExtension] ErrorCode:0 ERROR: Metrics extension is already running
[2026-02-21 03:52:45.000]  [WriteHeartbeatToFile] ErrorCode:0 INFO: Sending the heartbeat.
[2026-02-21 03:52:45.000]  [WriteStatusToFile] ErrorCode:0 INFO: Sending the status.
[2026-02-21 03:52:45.000]  [WriteStatusToFile] ErrorCode:0 INFO: Done Sending the status.
[2026-02-21 03:52:45.000]  [WriteHeartbeatToFile] ErrorCode:0 INFO: Done Sending the heartbeat.
[2026-02-21 03:53:15.000]  [WriteHeartbeatToFile] ErrorCode:0 INFO: Sending the heartbeat.
[2026-02-21 03:53:15.000]  [WriteStatusToFile] ErrorCode:0 INFO: Sending the status.
[2026-02-21 03:53:15.000]  [WriteHeartbeatToFile] ErrorCode:0 INFO: Done Sending the heartbeat.
[2026-02-21 03:53:15.000]  [WriteStatusToFile] ErrorCode:0 INFO: Done Sending the status.
[2026-02-21 03:53:15.000]  [FindProcessById] ErrorCode:0 INFO: Attempt to find the process MetricsExtension.Native.exe with ID: 5392.
[2026-02-21 03:53:15.000]  [FindProcessById] ErrorCode:0 INFO: Running Process MetricsExtension.Native.exe found. ID: 5392.
[2026-02-21 03:53:15.000]  [StartMetricsExtension] ErrorCode:0 ERROR: Metrics extension is already running
[2026-02-21 03:53:45.000]  [WriteStatusToFile] ErrorCode:0 INFO: Sending the status.
[2026-02-21 03:53:45.000]  [WriteHeartbeatToFile] ErrorCode:0 INFO: Sending the heartbeat.
[2026-02-21 03:53:45.000]  [WriteStatusToFile] ErrorCode:0 INFO: Done Sending the status.
[2026-02-21 03:53:45.000]  [WriteHeartbeatToFile] ErrorCode:0 INFO: Done Sending the heartbeat.
[2026-02-21 03:54:15.000]  [WriteHeartbeatToFile] ErrorCode:0 INFO: Sending the heartbeat.
[2026-02-21 03:54:15.000]  [WriteStatusToFile] ErrorCode:0 INFO: Sending the status.
[2026-02-21 03:54:15.000]  [WriteHeartbeatToFile] ErrorCode:0 INFO: Done Sending the heartbeat.
[2026-02-21 03:54:15.000]  [WriteStatusToFile] ErrorCode:0 INFO: Done Sending the status.
[2026-02-21 03:54:15.000]  [FindProcessById] ErrorCode:0 INFO: Attempt to find the process MetricsExtension.Native.exe with ID: 5392.
[2026-02-21 03:54:15.000]  [FindProcessById] ErrorCode:0 INFO: Running Process MetricsExtension.Native.exe found. ID: 5392.
[2026-02-21 03:54:15.000]  [StartMetricsExtension] ErrorCode:0 ERROR: Metrics extension is already running
[2026-02-21 03:54:45.000]  [WriteHeartbeatToFile] ErrorCode:0 INFO: Sending the heartbeat.
[2026-02-21 03:54:45.000]  [WriteStatusToFile] ErrorCode:0 INFO: Sending the status.
[2026-02-21 03:54:45.000]  [WriteStatusToFile] ErrorCode:0 INFO: Done Sending the status.
[2026-02-21 03:54:45.000]  [WriteHeartbeatToFile] ErrorCode:0 INFO: Done Sending the heartbeat.
[2026-02-21 03:55:15.000]  [WriteHeartbeatToFile] ErrorCode:0 INFO: Sending the heartbeat.
[2026-02-21 03:55:15.000]  [WriteStatusToFile] ErrorCode:0 INFO: Sending the status.
[2026-02-21 03:55:15.000]  [WriteHeartbeatToFile] ErrorCode:0 INFO: Done Sending the heartbeat.
[2026-02-21 03:55:15.000]  [WriteStatusToFile] ErrorCode:0 INFO: Done Sending the status.
[2026-02-21 03:55:15.000]  [FindProcessById] ErrorCode:0 INFO: Attempt to find the process MetricsExtension.Native.exe with ID: 5392.
[2026-02-21 03:55:15.000]  [FindProcessById] ErrorCode:0 INFO: Running Process MetricsExtension.Native.exe found. ID: 5392.
[2026-02-21 03:55:15.000]  [StartMetricsExtension] ErrorCode:0 ERROR: Metrics extension is already running
[2026-02-21 03:55:45.000]  [WriteHeartbeatToFile] ErrorCode:0 INFO: Sending the heartbeat.
[2026-02-21 03:55:45.000]  [WriteStatusToFile] ErrorCode:0 INFO: Sending the status.
[2026-02-21 03:55:45.000]  [WriteHeartbeatToFile] ErrorCode:0 INFO: Done Sending the heartbeat.
[2026-02-21 03:55:45.000]  [WriteStatusToFile] ErrorCode:0 INFO: Done Sending the status.
[2026-02-21 03:56:15.000]  [WriteHeartbeatToFile] ErrorCode:0 INFO: Sending the heartbeat.
[2026-02-21 03:56:15.000]  [WriteStatusToFile] ErrorCode:0 INFO: Sending the status.
[2026-02-21 03:56:15.000]  [WriteStatusToFile] ErrorCode:0 INFO: Done Sending the status.
[2026-02-21 03:56:15.000]  [WriteHeartbeatToFile] ErrorCode:0 INFO: Done Sending the heartbeat.
[2026-02-21 03:56:15.000]  [FindProcessById] ErrorCode:0 INFO: Attempt to find the process MetricsExtension.Native.exe with ID: 5392.
[2026-02-21 03:56:15.000]  [FindProcessById] ErrorCode:0 INFO: Running Process MetricsExtension.Native.exe found. ID: 5392.
[2026-02-21 03:56:15.000]  [StartMetricsExtension] ErrorCode:0 ERROR: Metrics extension is already running
[2026-02-21 03:56:15.000]  [AggregateHeartbeat] ErrorCode:0 INFO: Start heartbeat aggregation.
[2026-02-21 03:56:15.000]  [QueryRegValueDWORD] ErrorCode:0 INFO: Query Registry for Key:SOFTWARE\Microsoft\Windows Azure\CurrentVersion\AzureMonitorAgentExtension\47.4.1.0, Name:MaServiceProcess
[2026-02-21 03:56:15.000]  [QueryRegValueDWORD] ErrorCode:0 INFO: Query Registry for Key:SOFTWARE\Microsoft\Windows Azure\CurrentVersion\AzureMonitorAgentExtension\47.4.1.0, Name:MaServiceProcess, Value:2228
[2026-02-21 03:56:15.000]  [FindProcessById] ErrorCode:0 INFO: Attempt to find the process MonAgentLauncher.exe with ID: 2228.
[2026-02-21 03:56:15.000]  [FindProcessById] ErrorCode:0 INFO: Running Process MonAgentLauncher.exe found. ID: 2228.
[2026-02-21 03:56:15.000]  [CheckIfMAServiceIsRunByExtension] ErrorCode:0 INFO: The MA process is running based on the m_registry
[2026-02-21 03:56:15.000]  [QueryRegValueDWORD] ErrorCode:0 INFO: Query Registry for Key:SOFTWARE\Microsoft\Windows Azure\CurrentVersion\AzureMonitorAgentExtension\47.4.1.0, Name:AMAMultitenantServiceProcess
[2026-02-21 03:56:15.000]  [QueryRegValueDWORD] ErrorCode:0 ERROR: RegQueryValueExA: failed to query REG_DWORD value, Key:SOFTWARE\Microsoft\Windows Azure\CurrentVersion\AzureMonitorAgentExtension\47.4.1.0, name=AMAMultitenantServiceProcess, error=2, type=0
[2026-02-21 03:56:15.000]  [CheckIfMAServiceIsRunByExtension] ErrorCode:1205 INFO: Unable to read the m_registry for MA process. Assume it is not running.
[2026-02-21 03:56:15.000]  [AggregateHeartbeat] ErrorCode:0 INFO: Configured MA Service is not running on the node.
[2026-02-21 03:56:15.000]  [SetImdsEnvironmentVariable] ErrorCode:0 INFO: Querying IMDS information
[2026-02-21 03:56:15.000]  [SetImdsEnvironmentVariable] ErrorCode:-1 INFO: Preparing to call IMDS. Endpoint: http://169.254.169.254
[2026-02-21 03:56:15.000]  [QueryIMDSEndpoint] ErrorCode:0 INFO: Queried IMDS successfully.
[2026-02-21 03:56:15.000]  [GetValueFromJsonOrDefault] ErrorCode:0 INFO: Read Imds response field with Name:location Value: westus2
[2026-02-21 03:56:15.000]  [GetValueFromJsonOrDefault] ErrorCode:0 INFO: Read Imds response field with Name:name Value: amawin
[2026-02-21 03:56:15.000]  [GetValueFromJsonOrDefault] ErrorCode:0 INFO: Read Imds response field with Name:subscriptionId Value: 351651ce-5feb-4e59-975d-f1f344e2b717
[2026-02-21 03:56:15.000]  [GetValueFromJsonOrDefault] ErrorCode:0 INFO: Read Imds response field with Name:vmId Value: 22afd636-aec1-4782-9055-f85ea283dc20
[2026-02-21 03:56:15.000]  [GetValueFromJsonOrDefault] ErrorCode:0 INFO: Read Imds response field with Name:vmScaleSetName Value: 
[2026-02-21 03:56:15.000]  [GetValueFromJsonOrDefault] ErrorCode:0 INFO: Read Imds response field with Name:resourceGroupName Value: AMAWin_group
[2026-02-21 03:56:15.000]  [GetValueFromJsonOrDefault] ErrorCode:0 INFO: Read Imds response field with Name:osType Value: Windows
[2026-02-21 03:56:15.000]  [GetValueFromJsonOrDefault] ErrorCode:0 INFO: Read Imds response field with Name:resourceId Value: /subscriptions/351651ce-5feb-4e59-975d-f1f344e2b717/resourceGroups/AMAWin_group/providers/Microsoft.Compute/virtualMachines/amawin
[2026-02-21 03:56:15.000]  [GetValueFromJsonOrDefault] ErrorCode:0 INFO: Read Imds response field with Name:azEnvironment Value: AzurePublicCloud
[2026-02-21 03:56:15.000]  [SetImdsEnvironmentVariable] ErrorCode:0 INFO: Successfully set Environment variables from Imds
[2026-02-21 03:56:15.000]  [AggregateHeartbeat] ErrorCode:0 INFO: Completed heartbeat aggregation.
[2026-02-21 03:56:45.000]  [WriteHeartbeatToFile] ErrorCode:0 INFO: Sending the heartbeat.
[2026-02-21 03:56:45.000]  [WriteStatusToFile] ErrorCode:0 INFO: Sending the status.
[2026-02-21 03:56:45.000]  [WriteHeartbeatToFile] ErrorCode:0 INFO: Done Sending the heartbeat.
[2026-02-21 03:56:45.000]  [WriteStatusToFile] ErrorCode:0 INFO: Done Sending the status.
[2026-02-21 03:57:15.000]  [WriteStatusToFile] ErrorCode:0 INFO: Sending the status.
[2026-02-21 03:57:15.000]  [WriteHeartbeatToFile] ErrorCode:0 INFO: Sending the heartbeat.
[2026-02-21 03:57:15.000]  [WriteHeartbeatToFile] ErrorCode:0 INFO: Done Sending the heartbeat.
[2026-02-21 03:57:15.000]  [WriteStatusToFile] ErrorCode:0 INFO: Done Sending the status.
[2026-02-21 03:57:15.000]  [FindProcessById] ErrorCode:0 INFO: Attempt to find the process MetricsExtension.Native.exe with ID: 5392.
[2026-02-21 03:57:15.000]  [FindProcessById] ErrorCode:0 INFO: Running Process MetricsExtension.Native.exe found. ID: 5392.
[2026-02-21 03:57:15.000]  [StartMetricsExtension] ErrorCode:0 ERROR: Metrics extension is already running
[2026-02-21 03:57:45.000]  [WriteStatusToFile] ErrorCode:0 INFO: Sending the status.
[2026-02-21 03:57:45.000]  [WriteHeartbeatToFile] ErrorCode:0 INFO: Sending the heartbeat.
[2026-02-21 03:57:45.000]  [WriteHeartbeatToFile] ErrorCode:0 INFO: Done Sending the heartbeat.
[2026-02-21 03:57:45.000]  [WriteStatusToFile] ErrorCode:0 INFO: Done Sending the status.
[2026-02-21 03:58:15.000]  [WriteStatusToFile] ErrorCode:0 INFO: Sending the status.
[2026-02-21 03:58:15.000]  [WriteHeartbeatToFile] ErrorCode:0 INFO: Sending the heartbeat.
[2026-02-21 03:58:15.000]  [WriteStatusToFile] ErrorCode:0 INFO: Done Sending the status.
[2026-02-21 03:58:15.000]  [WriteHeartbeatToFile] ErrorCode:0 INFO: Done Sending the heartbeat.
[2026-02-21 03:58:15.000]  [FindProcessById] ErrorCode:0 INFO: Attempt to find the process MetricsExtension.Native.exe with ID: 5392.
[2026-02-21 03:58:15.000]  [FindProcessById] ErrorCode:0 INFO: Running Process MetricsExtension.Native.exe found. ID: 5392.
[2026-02-21 03:58:15.000]  [StartMetricsExtension] ErrorCode:0 ERROR: Metrics extension is already running
[2026-02-21 03:58:45.000]  [WriteStatusToFile] ErrorCode:0 INFO: Sending the status.
[2026-02-21 03:58:45.000]  [WriteHeartbeatToFile] ErrorCode:0 INFO: Sending the heartbeat.
[2026-02-21 03:58:45.000]  [WriteStatusToFile] ErrorCode:0 INFO: Done Sending the status.
[2026-02-21 03:58:45.000]  [WriteHeartbeatToFile] ErrorCode:0 INFO: Done Sending the heartbeat.
[2026-02-21 03:59:15.000]  [WriteStatusToFile] ErrorCode:0 INFO: Sending the status.
[2026-02-21 03:59:15.000]  [WriteHeartbeatToFile] ErrorCode:0 INFO: Sending the heartbeat.
[2026-02-21 03:59:15.000]  [WriteStatusToFile] ErrorCode:0 INFO: Done Sending the status.
[2026-02-21 03:59:15.000]  [WriteHeartbeatToFile] ErrorCode:0 INFO: Done Sending the heartbeat.
[2026-02-21 03:59:15.000]  [FindProcessById] ErrorCode:0 INFO: Attempt to find the process MetricsExtension.Native.exe with ID: 5392.
[2026-02-21 03:59:15.000]  [FindProcessById] ErrorCode:0 INFO: Running Process MetricsExtension.Native.exe found. ID: 5392.
[2026-02-21 03:59:15.000]  [StartMetricsExtension] ErrorCode:0 ERROR: Metrics extension is already running
[2026-02-21 03:59:45.000]  [WriteStatusToFile] ErrorCode:0 INFO: Sending the status.
[2026-02-21 03:59:45.000]  [WriteHeartbeatToFile] ErrorCode:0 INFO: Sending the heartbeat.
[2026-02-21 03:59:45.000]  [WriteStatusToFile] ErrorCode:0 INFO: Done Sending the status.
[2026-02-21 03:59:45.000]  [WriteHeartbeatToFile] ErrorCode:0 INFO: Done Sending the heartbeat.
[2026-02-21 04:00:15.000]  [WriteStatusToFile] ErrorCode:0 INFO: Sending the status.
[2026-02-21 04:00:15.000]  [WriteHeartbeatToFile] ErrorCode:0 INFO: Sending the heartbeat.
[2026-02-21 04:00:15.000]  [WriteHeartbeatToFile] ErrorCode:0 INFO: Done Sending the heartbeat.
[2026-02-21 04:00:15.000]  [WriteStatusToFile] ErrorCode:0 INFO: Done Sending the status.
[2026-02-21 04:00:15.000]  [FindProcessById] ErrorCode:0 INFO: Attempt to find the process MetricsExtension.Native.exe with ID: 5392.
[2026-02-21 04:00:15.000]  [FindProcessById] ErrorCode:0 INFO: Running Process MetricsExtension.Native.exe found. ID: 5392.
[2026-02-21 04:00:15.000]  [StartMetricsExtension] ErrorCode:0 ERROR: Metrics extension is already running
[2026-02-21 04:00:45.000]  [WriteHeartbeatToFile] ErrorCode:0 INFO: Sending the heartbeat.
[2026-02-21 04:00:45.000]  [WriteStatusToFile] ErrorCode:0 INFO: Sending the status.
[2026-02-21 04:00:45.000]  [WriteHeartbeatToFile] ErrorCode:0 INFO: Done Sending the heartbeat.
[2026-02-21 04:00:45.000]  [WriteStatusToFile] ErrorCode:0 INFO: Done Sending the status.
[2026-02-21 04:01:15.000]  [WriteStatusToFile] ErrorCode:0 INFO: Sending the status.
[2026-02-21 04:01:15.000]  [WriteHeartbeatToFile] ErrorCode:0 INFO: Sending the heartbeat.
[2026-02-21 04:01:15.000]  [WriteStatusToFile] ErrorCode:0 INFO: Done Sending the status.
[2026-02-21 04:01:15.000]  [WriteHeartbeatToFile] ErrorCode:0 INFO: Done Sending the heartbeat.
[2026-02-21 04:01:15.000]  [FindProcessById] ErrorCode:0 INFO: Attempt to find the process MetricsExtension.Native.exe with ID: 5392.
[2026-02-21 04:01:15.000]  [FindProcessById] ErrorCode:0 INFO: Running Process MetricsExtension.Native.exe found. ID: 5392.
[2026-02-21 04:01:15.000]  [StartMetricsExtension] ErrorCode:0 ERROR: Metrics extension is already running
[2026-02-21 04:01:15.000]  [AggregateHeartbeat] ErrorCode:0 INFO: Start heartbeat aggregation.
[2026-02-21 04:01:15.000]  [QueryRegValueDWORD] ErrorCode:0 INFO: Query Registry for Key:SOFTWARE\Microsoft\Windows Azure\CurrentVersion\AzureMonitorAgentExtension\47.4.1.0, Name:MaServiceProcess
[2026-02-21 04:01:15.000]  [QueryRegValueDWORD] ErrorCode:0 INFO: Query Registry for Key:SOFTWARE\Microsoft\Windows Azure\CurrentVersion\AzureMonitorAgentExtension\47.4.1.0, Name:MaServiceProcess, Value:2228
[2026-02-21 04:01:15.000]  [FindProcessById] ErrorCode:0 INFO: Attempt to find the process MonAgentLauncher.exe with ID: 2228.
[2026-02-21 04:01:15.000]  [FindProcessById] ErrorCode:0 INFO: Running Process MonAgentLauncher.exe found. ID: 2228.
[2026-02-21 04:01:15.000]  [CheckIfMAServiceIsRunByExtension] ErrorCode:0 INFO: The MA process is running based on the m_registry
[2026-02-21 04:01:15.000]  [QueryRegValueDWORD] ErrorCode:0 INFO: Query Registry for Key:SOFTWARE\Microsoft\Windows Azure\CurrentVersion\AzureMonitorAgentExtension\47.4.1.0, Name:AMAMultitenantServiceProcess
[2026-02-21 04:01:15.000]  [QueryRegValueDWORD] ErrorCode:0 ERROR: RegQueryValueExA: failed to query REG_DWORD value, Key:SOFTWARE\Microsoft\Windows Azure\CurrentVersion\AzureMonitorAgentExtension\47.4.1.0, name=AMAMultitenantServiceProcess, error=2, type=0
[2026-02-21 04:01:15.000]  [CheckIfMAServiceIsRunByExtension] ErrorCode:1205 INFO: Unable to read the m_registry for MA process. Assume it is not running.
[2026-02-21 04:01:15.000]  [AggregateHeartbeat] ErrorCode:0 INFO: Configured MA Service is not running on the node.
[2026-02-21 04:01:15.000]  [SetImdsEnvironmentVariable] ErrorCode:0 INFO: Querying IMDS information
[2026-02-21 04:01:15.000]  [SetImdsEnvironmentVariable] ErrorCode:-1 INFO: Preparing to call IMDS. Endpoint: http://169.254.169.254
[2026-02-21 04:01:15.000]  [QueryIMDSEndpoint] ErrorCode:0 INFO: Queried IMDS successfully.
[2026-02-21 04:01:15.000]  [GetValueFromJsonOrDefault] ErrorCode:0 INFO: Read Imds response field with Name:location Value: westus2
[2026-02-21 04:01:15.000]  [GetValueFromJsonOrDefault] ErrorCode:0 INFO: Read Imds response field with Name:name Value: amawin
[2026-02-21 04:01:15.000]  [GetValueFromJsonOrDefault] ErrorCode:0 INFO: Read Imds response field with Name:subscriptionId Value: 351651ce-5feb-4e59-975d-f1f344e2b717
[2026-02-21 04:01:15.000]  [GetValueFromJsonOrDefault] ErrorCode:0 INFO: Read Imds response field with Name:vmId Value: 22afd636-aec1-4782-9055-f85ea283dc20
[2026-02-21 04:01:15.000]  [GetValueFromJsonOrDefault] ErrorCode:0 INFO: Read Imds response field with Name:vmScaleSetName Value: 
[2026-02-21 04:01:15.000]  [GetValueFromJsonOrDefault] ErrorCode:0 INFO: Read Imds response field with Name:resourceGroupName Value: AMAWin_group
[2026-02-21 04:01:15.000]  [GetValueFromJsonOrDefault] ErrorCode:0 INFO: Read Imds response field with Name:osType Value: Windows
[2026-02-21 04:01:15.000]  [GetValueFromJsonOrDefault] ErrorCode:0 INFO: Read Imds response field with Name:resourceId Value: /subscriptions/351651ce-5feb-4e59-975d-f1f344e2b717/resourceGroups/AMAWin_group/providers/Microsoft.Compute/virtualMachines/amawin
[2026-02-21 04:01:15.000]  [GetValueFromJsonOrDefault] ErrorCode:0 INFO: Read Imds response field with Name:azEnvironment Value: AzurePublicCloud
[2026-02-21 04:01:15.000]  [SetImdsEnvironmentVariable] ErrorCode:0 INFO: Successfully set Environment variables from Imds
[2026-02-21 04:01:15.000]  [AggregateHeartbeat] ErrorCode:0 INFO: Completed heartbeat aggregation.
[2026-02-21 04:01:45.000]  [WriteHeartbeatToFile] ErrorCode:0 INFO: Sending the heartbeat.
[2026-02-21 04:01:45.000]  [WriteStatusToFile] ErrorCode:0 INFO: Sending the status.
[2026-02-21 04:01:45.000]  [WriteStatusToFile] ErrorCode:0 INFO: Done Sending the status.
[2026-02-21 04:01:45.000]  [WriteHeartbeatToFile] ErrorCode:0 INFO: Done Sending the heartbeat.
[2026-02-21 04:02:15.000]  [WriteHeartbeatToFile] ErrorCode:0 INFO: Sending the heartbeat.
[2026-02-21 04:02:15.000]  [WriteStatusToFile] ErrorCode:0 INFO: Sending the status.
[2026-02-21 04:02:15.000]  [WriteStatusToFile] ErrorCode:0 INFO: Done Sending the status.
[2026-02-21 04:02:15.000]  [WriteHeartbeatToFile] ErrorCode:0 INFO: Done Sending the heartbeat.
[2026-02-21 04:02:15.000]  [FindProcessById] ErrorCode:0 INFO: Attempt to find the process MetricsExtension.Native.exe with ID: 5392.
[2026-02-21 04:02:15.000]  [FindProcessById] ErrorCode:0 INFO: Running Process MetricsExtension.Native.exe found. ID: 5392.
[2026-02-21 04:02:15.000]  [StartMetricsExtension] ErrorCode:0 ERROR: Metrics extension is already running
[2026-02-21 04:02:45.000]  [WriteStatusToFile] ErrorCode:0 INFO: Sending the status.
[2026-02-21 04:02:45.000]  [WriteHeartbeatToFile] ErrorCode:0 INFO: Sending the heartbeat.
[2026-02-21 04:02:45.000]  [WriteStatusToFile] ErrorCode:0 INFO: Done Sending the status.
[2026-02-21 04:02:45.000]  [WriteHeartbeatToFile] ErrorCode:0 INFO: Done Sending the heartbeat.
[2026-02-21 04:03:15.000]  [WriteHeartbeatToFile] ErrorCode:0 INFO: Sending the heartbeat.
[2026-02-21 04:03:15.000]  [WriteStatusToFile] ErrorCode:0 INFO: Sending the status.
[2026-02-21 04:03:15.000]  [WriteHeartbeatToFile] ErrorCode:0 INFO: Done Sending the heartbeat.
[2026-02-21 04:03:15.000]  [WriteStatusToFile] ErrorCode:0 INFO: Done Sending the status.
[2026-02-21 04:03:15.000]  [FindProcessById] ErrorCode:0 INFO: Attempt to find the process MetricsExtension.Native.exe with ID: 5392.
[2026-02-21 04:03:15.000]  [FindProcessById] ErrorCode:0 INFO: Running Process MetricsExtension.Native.exe found. ID: 5392.
[2026-02-21 04:03:15.000]  [StartMetricsExtension] ErrorCode:0 ERROR: Metrics extension is already running
[2026-02-21 04:03:45.000]  [WriteStatusToFile] ErrorCode:0 INFO: Sending the status.
[2026-02-21 04:03:45.000]  [WriteHeartbeatToFile] ErrorCode:0 INFO: Sending the heartbeat.
[2026-02-21 04:03:45.000]  [WriteHeartbeatToFile] ErrorCode:0 INFO: Done Sending the heartbeat.
[2026-02-21 04:03:45.000]  [WriteStatusToFile] ErrorCode:0 INFO: Done Sending the status.
[2026-02-21 04:04:15.000]  [WriteStatusToFile] ErrorCode:0 INFO: Sending the status.
[2026-02-21 04:04:15.000]  [WriteHeartbeatToFile] ErrorCode:0 INFO: Sending the heartbeat.
[2026-02-21 04:04:15.000]  [WriteStatusToFile] ErrorCode:0 INFO: Done Sending the status.
[2026-02-21 04:04:15.000]  [WriteHeartbeatToFile] ErrorCode:0 INFO: Done Sending the heartbeat.
[2026-02-21 04:04:15.000]  [FindProcessById] ErrorCode:0 INFO: Attempt to find the process MetricsExtension.Native.exe with ID: 5392.
[2026-02-21 04:04:15.000]  [FindProcessById] ErrorCode:0 INFO: Running Process MetricsExtension.Native.exe found. ID: 5392.
[2026-02-21 04:04:15.000]  [StartMetricsExtension] ErrorCode:0 ERROR: Metrics extension is already running
[2026-02-21 04:04:45.000]  [WriteHeartbeatToFile] ErrorCode:0 INFO: Sending the heartbeat.
[2026-02-21 04:04:45.000]  [WriteStatusToFile] ErrorCode:0 INFO: Sending the status.
[2026-02-21 04:04:45.000]  [WriteHeartbeatToFile] ErrorCode:0 INFO: Done Sending the heartbeat.
[2026-02-21 04:04:45.000]  [WriteStatusToFile] ErrorCode:0 INFO: Done Sending the status.
[2026-02-21 04:05:15.000]  [WriteHeartbeatToFile] ErrorCode:0 INFO: Sending the heartbeat.
[2026-02-21 04:05:15.000]  [WriteStatusToFile] ErrorCode:0 INFO: Sending the status.
[2026-02-21 04:05:15.000]  [WriteHeartbeatToFile] ErrorCode:0 INFO: Done Sending the heartbeat.
[2026-02-21 04:05:15.000]  [WriteStatusToFile] ErrorCode:0 INFO: Done Sending the status.
[2026-02-21 04:05:15.000]  [FindProcessById] ErrorCode:0 INFO: Attempt to find the process MetricsExtension.Native.exe with ID: 5392.
[2026-02-21 04:05:15.000]  [FindProcessById] ErrorCode:0 INFO: Running Process MetricsExtension.Native.exe found. ID: 5392.
[2026-02-21 04:05:15.000]  [StartMetricsExtension] ErrorCode:0 ERROR: Metrics extension is already running
[2026-02-21 04:05:45.000]  [WriteHeartbeatToFile] ErrorCode:0 INFO: Sending the heartbeat.
[2026-02-21 04:05:45.000]  [WriteStatusToFile] ErrorCode:0 INFO: Sending the status.
[2026-02-21 04:05:45.000]  [WriteStatusToFile] ErrorCode:0 INFO: Done Sending the status.
[2026-02-21 04:05:45.000]  [WriteHeartbeatToFile] ErrorCode:0 INFO: Done Sending the heartbeat.
[2026-02-21 04:06:15.000]  [WriteStatusToFile] ErrorCode:0 INFO: Sending the status.
[2026-02-21 04:06:15.000]  [WriteHeartbeatToFile] ErrorCode:0 INFO: Sending the heartbeat.
[2026-02-21 04:06:15.000]  [WriteHeartbeatToFile] ErrorCode:0 INFO: Done Sending the heartbeat.
[2026-02-21 04:06:15.000]  [WriteStatusToFile] ErrorCode:0 INFO: Done Sending the status.
[2026-02-21 04:06:15.000]  [FindProcessById] ErrorCode:0 INFO: Attempt to find the process MetricsExtension.Native.exe with ID: 5392.
[2026-02-21 04:06:15.000]  [FindProcessById] ErrorCode:0 INFO: Running Process MetricsExtension.Native.exe found. ID: 5392.
[2026-02-21 04:06:15.000]  [StartMetricsExtension] ErrorCode:0 ERROR: Metrics extension is already running
[2026-02-21 04:06:15.000]  [AggregateHeartbeat] ErrorCode:0 INFO: Start heartbeat aggregation.
[2026-02-21 04:06:15.000]  [QueryRegValueDWORD] ErrorCode:0 INFO: Query Registry for Key:SOFTWARE\Microsoft\Windows Azure\CurrentVersion\AzureMonitorAgentExtension\47.4.1.0, Name:MaServiceProcess
[2026-02-21 04:06:15.000]  [QueryRegValueDWORD] ErrorCode:0 INFO: Query Registry for Key:SOFTWARE\Microsoft\Windows Azure\CurrentVersion\AzureMonitorAgentExtension\47.4.1.0, Name:MaServiceProcess, Value:2228
[2026-02-21 04:06:15.000]  [FindProcessById] ErrorCode:0 INFO: Attempt to find the process MonAgentLauncher.exe with ID: 2228.
[2026-02-21 04:06:15.000]  [FindProcessById] ErrorCode:0 INFO: Running Process MonAgentLauncher.exe found. ID: 2228.
[2026-02-21 04:06:15.000]  [CheckIfMAServiceIsRunByExtension] ErrorCode:0 INFO: The MA process is running based on the m_registry
[2026-02-21 04:06:15.000]  [QueryRegValueDWORD] ErrorCode:0 INFO: Query Registry for Key:SOFTWARE\Microsoft\Windows Azure\CurrentVersion\AzureMonitorAgentExtension\47.4.1.0, Name:AMAMultitenantServiceProcess
[2026-02-21 04:06:15.000]  [QueryRegValueDWORD] ErrorCode:0 ERROR: RegQueryValueExA: failed to query REG_DWORD value, Key:SOFTWARE\Microsoft\Windows Azure\CurrentVersion\AzureMonitorAgentExtension\47.4.1.0, name=AMAMultitenantServiceProcess, error=2, type=0
[2026-02-21 04:06:15.000]  [CheckIfMAServiceIsRunByExtension] ErrorCode:1205 INFO: Unable to read the m_registry for MA process. Assume it is not running.
[2026-02-21 04:06:15.000]  [AggregateHeartbeat] ErrorCode:0 INFO: Configured MA Service is not running on the node.
[2026-02-21 04:06:15.000]  [SetImdsEnvironmentVariable] ErrorCode:0 INFO: Querying IMDS information
[2026-02-21 04:06:15.000]  [SetImdsEnvironmentVariable] ErrorCode:-1 INFO: Preparing to call IMDS. Endpoint: http://169.254.169.254
[2026-02-21 04:06:15.000]  [QueryIMDSEndpoint] ErrorCode:0 INFO: Queried IMDS successfully.
[2026-02-21 04:06:15.000]  [GetValueFromJsonOrDefault] ErrorCode:0 INFO: Read Imds response field with Name:location Value: westus2
[2026-02-21 04:06:15.000]  [GetValueFromJsonOrDefault] ErrorCode:0 INFO: Read Imds response field with Name:name Value: amawin
[2026-02-21 04:06:15.000]  [GetValueFromJsonOrDefault] ErrorCode:0 INFO: Read Imds response field with Name:subscriptionId Value: 351651ce-5feb-4e59-975d-f1f344e2b717
[2026-02-21 04:06:15.000]  [GetValueFromJsonOrDefault] ErrorCode:0 INFO: Read Imds response field with Name:vmId Value: 22afd636-aec1-4782-9055-f85ea283dc20
[2026-02-21 04:06:15.000]  [GetValueFromJsonOrDefault] ErrorCode:0 INFO: Read Imds response field with Name:vmScaleSetName Value: 
[2026-02-21 04:06:15.000]  [GetValueFromJsonOrDefault] ErrorCode:0 INFO: Read Imds response field with Name:resourceGroupName Value: AMAWin_group
[2026-02-21 04:06:15.000]  [GetValueFromJsonOrDefault] ErrorCode:0 INFO: Read Imds response field with Name:osType Value: Windows
[2026-02-21 04:06:15.000]  [GetValueFromJsonOrDefault] ErrorCode:0 INFO: Read Imds response field with Name:resourceId Value: /subscriptions/351651ce-5feb-4e59-975d-f1f344e2b717/resourceGroups/AMAWin_group/providers/Microsoft.Compute/virtualMachines/amawin
[2026-02-21 04:06:15.000]  [GetValueFromJsonOrDefault] ErrorCode:0 INFO: Read Imds response field with Name:azEnvironment Value: AzurePublicCloud
[2026-02-21 04:06:15.000]  [SetImdsEnvironmentVariable] ErrorCode:0 INFO: Successfully set Environment variables from Imds
[2026-02-21 04:06:15.000]  [AggregateHeartbeat] ErrorCode:0 INFO: Completed heartbeat aggregation.
[2026-02-21 04:06:45.000]  [WriteHeartbeatToFile] ErrorCode:0 INFO: Sending the heartbeat.
[2026-02-21 04:06:45.000]  [WriteStatusToFile] ErrorCode:0 INFO: Sending the status.
[2026-02-21 04:06:45.000]  [WriteStatusToFile] ErrorCode:0 INFO: Done Sending the status.
[2026-02-21 04:06:45.000]  [WriteHeartbeatToFile] ErrorCode:0 INFO: Done Sending the heartbeat.
[2026-02-21 04:07:15.000]  [WriteStatusToFile] ErrorCode:0 INFO: Sending the status.
[2026-02-21 04:07:15.000]  [WriteHeartbeatToFile] ErrorCode:0 INFO: Sending the heartbeat.
[2026-02-21 04:07:15.000]  [WriteStatusToFile] ErrorCode:0 INFO: Done Sending the status.
[2026-02-21 04:07:15.000]  [WriteHeartbeatToFile] ErrorCode:0 INFO: Done Sending the heartbeat.
[2026-02-21 04:07:15.000]  [FindProcessById] ErrorCode:0 INFO: Attempt to find the process MetricsExtension.Native.exe with ID: 5392.
[2026-02-21 04:07:15.000]  [FindProcessById] ErrorCode:0 INFO: Running Process MetricsExtension.Native.exe found. ID: 5392.
[2026-02-21 04:07:15.000]  [StartMetricsExtension] ErrorCode:0 ERROR: Metrics extension is already running
[2026-02-21 04:07:45.000]  [WriteStatusToFile] ErrorCode:0 INFO: Sending the status.
[2026-02-21 04:07:45.000]  [WriteHeartbeatToFile] ErrorCode:0 INFO: Sending the heartbeat.
[2026-02-21 04:07:45.000]  [WriteStatusToFile] ErrorCode:0 INFO: Done Sending the status.
[2026-02-21 04:07:45.000]  [WriteHeartbeatToFile] ErrorCode:0 INFO: Done Sending the heartbeat.
[2026-02-21 04:08:15.000]  [WriteHeartbeatToFile] ErrorCode:0 INFO: Sending the heartbeat.
[2026-02-21 04:08:15.000]  [WriteStatusToFile] ErrorCode:0 INFO: Sending the status.
[2026-02-21 04:08:15.000]  [WriteHeartbeatToFile] ErrorCode:0 INFO: Done Sending the heartbeat.
[2026-02-21 04:08:15.000]  [WriteStatusToFile] ErrorCode:0 INFO: Done Sending the status.
[2026-02-21 04:08:15.000]  [FindProcessById] ErrorCode:0 INFO: Attempt to find the process MetricsExtension.Native.exe with ID: 5392.
[2026-02-21 04:08:15.000]  [FindProcessById] ErrorCode:0 INFO: Running Process MetricsExtension.Native.exe found. ID: 5392.
[2026-02-21 04:08:15.000]  [StartMetricsExtension] ErrorCode:0 ERROR: Metrics extension is already running
[2026-02-21 04:08:45.000]  [WriteStatusToFile] ErrorCode:0 INFO: Sending the status.
[2026-02-21 04:08:45.000]  [WriteHeartbeatToFile] ErrorCode:0 INFO: Sending the heartbeat.
[2026-02-21 04:08:45.000]  [WriteHeartbeatToFile] ErrorCode:0 INFO: Done Sending the heartbeat.
[2026-02-21 04:08:45.000]  [WriteStatusToFile] ErrorCode:0 INFO: Done Sending the status.
[2026-02-21 04:09:15.000]  [WriteStatusToFile] ErrorCode:0 INFO: Sending the status.
[2026-02-21 04:09:15.000]  [WriteHeartbeatToFile] ErrorCode:0 INFO: Sending the heartbeat.
[2026-02-21 04:09:15.000]  [WriteStatusToFile] ErrorCode:0 INFO: Done Sending the status.
[2026-02-21 04:09:15.000]  [WriteHeartbeatToFile] ErrorCode:0 INFO: Done Sending the heartbeat.
[2026-02-21 04:09:15.000]  [FindProcessById] ErrorCode:0 INFO: Attempt to find the process MetricsExtension.Native.exe with ID: 5392.
[2026-02-21 04:09:15.000]  [FindProcessById] ErrorCode:0 INFO: Running Process MetricsExtension.Native.exe found. ID: 5392.
[2026-02-21 04:09:15.000]  [StartMetricsExtension] ErrorCode:0 ERROR: Metrics extension is already running
[2026-02-21 04:09:45.000]  [WriteStatusToFile] ErrorCode:0 INFO: Sending the status.
[2026-02-21 04:09:45.000]  [WriteHeartbeatToFile] ErrorCode:0 INFO: Sending the heartbeat.
[2026-02-21 04:09:45.000]  [WriteStatusToFile] ErrorCode:0 INFO: Done Sending the status.
[2026-02-21 04:09:45.000]  [WriteHeartbeatToFile] ErrorCode:0 INFO: Done Sending the heartbeat.
[2026-02-21 04:10:15.000]  [WriteHeartbeatToFile] ErrorCode:0 INFO: Sending the heartbeat.
[2026-02-21 04:10:15.000]  [WriteStatusToFile] ErrorCode:0 INFO: Sending the status.
[2026-02-21 04:10:15.000]  [WriteHeartbeatToFile] ErrorCode:0 INFO: Done Sending the heartbeat.
[2026-02-21 04:10:15.000]  [WriteStatusToFile] ErrorCode:0 INFO: Done Sending the status.
[2026-02-21 04:10:15.000]  [FindProcessById] ErrorCode:0 INFO: Attempt to find the process MetricsExtension.Native.exe with ID: 5392.
[2026-02-21 04:10:15.000]  [FindProcessById] ErrorCode:0 INFO: Running Process MetricsExtension.Native.exe found. ID: 5392.
[2026-02-21 04:10:15.000]  [StartMetricsExtension] ErrorCode:0 ERROR: Metrics extension is already running
[2026-02-21 04:10:45.000]  [WriteStatusToFile] ErrorCode:0 INFO: Sending the status.
[2026-02-21 04:10:45.000]  [WriteHeartbeatToFile] ErrorCode:0 INFO: Sending the heartbeat.
[2026-02-21 04:10:45.000]  [WriteStatusToFile] ErrorCode:0 INFO: Done Sending the status.
[2026-02-21 04:10:45.000]  [WriteHeartbeatToFile] ErrorCode:0 INFO: Done Sending the heartbeat.
[2026-02-21 04:11:15.000]  [WriteHeartbeatToFile] ErrorCode:0 INFO: Sending the heartbeat.
[2026-02-21 04:11:15.000]  [WriteStatusToFile] ErrorCode:0 INFO: Sending the status.
[2026-02-21 04:11:15.000]  [WriteStatusToFile] ErrorCode:0 INFO: Done Sending the status.
[2026-02-21 04:11:15.000]  [WriteHeartbeatToFile] ErrorCode:0 INFO: Done Sending the heartbeat.
[2026-02-21 04:11:15.000]  [FindProcessById] ErrorCode:0 INFO: Attempt to find the process MetricsExtension.Native.exe with ID: 5392.
[2026-02-21 04:11:15.000]  [FindProcessById] ErrorCode:0 INFO: Running Process MetricsExtension.Native.exe found. ID: 5392.
[2026-02-21 04:11:15.000]  [StartMetricsExtension] ErrorCode:0 ERROR: Metrics extension is already running
[2026-02-21 04:11:15.000]  [AggregateHeartbeat] ErrorCode:0 INFO: Start heartbeat aggregation.
[2026-02-21 04:11:15.000]  [QueryRegValueDWORD] ErrorCode:0 INFO: Query Registry for Key:SOFTWARE\Microsoft\Windows Azure\CurrentVersion\AzureMonitorAgentExtension\47.4.1.0, Name:MaServiceProcess
[2026-02-21 04:11:15.000]  [QueryRegValueDWORD] ErrorCode:0 INFO: Query Registry for Key:SOFTWARE\Microsoft\Windows Azure\CurrentVersion\AzureMonitorAgentExtension\47.4.1.0, Name:MaServiceProcess, Value:2228
[2026-02-21 04:11:15.000]  [FindProcessById] ErrorCode:0 INFO: Attempt to find the process MonAgentLauncher.exe with ID: 2228.
[2026-02-21 04:11:15.000]  [FindProcessById] ErrorCode:0 INFO: Running Process MonAgentLauncher.exe found. ID: 2228.
[2026-02-21 04:11:15.000]  [CheckIfMAServiceIsRunByExtension] ErrorCode:0 INFO: The MA process is running based on the m_registry
[2026-02-21 04:11:15.000]  [QueryRegValueDWORD] ErrorCode:0 INFO: Query Registry for Key:SOFTWARE\Microsoft\Windows Azure\CurrentVersion\AzureMonitorAgentExtension\47.4.1.0, Name:AMAMultitenantServiceProcess
[2026-02-21 04:11:15.000]  [QueryRegValueDWORD] ErrorCode:0 ERROR: RegQueryValueExA: failed to query REG_DWORD value, Key:SOFTWARE\Microsoft\Windows Azure\CurrentVersion\AzureMonitorAgentExtension\47.4.1.0, name=AMAMultitenantServiceProcess, error=2, type=0
[2026-02-21 04:11:15.000]  [CheckIfMAServiceIsRunByExtension] ErrorCode:1205 INFO: Unable to read the m_registry for MA process. Assume it is not running.
[2026-02-21 04:11:15.000]  [AggregateHeartbeat] ErrorCode:0 INFO: Configured MA Service is not running on the node.
[2026-02-21 04:11:15.000]  [SetImdsEnvironmentVariable] ErrorCode:0 INFO: Querying IMDS information
[2026-02-21 04:11:15.000]  [SetImdsEnvironmentVariable] ErrorCode:-1 INFO: Preparing to call IMDS. Endpoint: http://169.254.169.254
[2026-02-21 04:11:16.000]  [QueryIMDSEndpoint] ErrorCode:0 INFO: Queried IMDS successfully.
[2026-02-21 04:11:16.000]  [GetValueFromJsonOrDefault] ErrorCode:0 INFO: Read Imds response field with Name:location Value: westus2
[2026-02-21 04:11:16.000]  [GetValueFromJsonOrDefault] ErrorCode:0 INFO: Read Imds response field with Name:name Value: amawin
[2026-02-21 04:11:16.000]  [GetValueFromJsonOrDefault] ErrorCode:0 INFO: Read Imds response field with Name:subscriptionId Value: 351651ce-5feb-4e59-975d-f1f344e2b717
[2026-02-21 04:11:16.000]  [GetValueFromJsonOrDefault] ErrorCode:0 INFO: Read Imds response field with Name:vmId Value: 22afd636-aec1-4782-9055-f85ea283dc20
[2026-02-21 04:11:16.000]  [GetValueFromJsonOrDefault] ErrorCode:0 INFO: Read Imds response field with Name:vmScaleSetName Value: 
[2026-02-21 04:11:16.000]  [GetValueFromJsonOrDefault] ErrorCode:0 INFO: Read Imds response field with Name:resourceGroupName Value: AMAWin_group
[2026-02-21 04:11:16.000]  [GetValueFromJsonOrDefault] ErrorCode:0 INFO: Read Imds response field with Name:osType Value: Windows
[2026-02-21 04:11:16.000]  [GetValueFromJsonOrDefault] ErrorCode:0 INFO: Read Imds response field with Name:resourceId Value: /subscriptions/351651ce-5feb-4e59-975d-f1f344e2b717/resourceGroups/AMAWin_group/providers/Microsoft.Compute/virtualMachines/amawin
[2026-02-21 04:11:16.000]  [GetValueFromJsonOrDefault] ErrorCode:0 INFO: Read Imds response field with Name:azEnvironment Value: AzurePublicCloud
[2026-02-21 04:11:16.000]  [SetImdsEnvironmentVariable] ErrorCode:0 INFO: Successfully set Environment variables from Imds
[2026-02-21 04:11:16.000]  [AggregateHeartbeat] ErrorCode:0 INFO: Completed heartbeat aggregation.
[2026-02-21 04:11:45.000]  [WriteStatusToFile] ErrorCode:0 INFO: Sending the status.
[2026-02-21 04:11:45.000]  [WriteHeartbeatToFile] ErrorCode:0 INFO: Sending the heartbeat.
[2026-02-21 04:11:45.000]  [WriteStatusToFile] ErrorCode:0 INFO: Done Sending the status.
[2026-02-21 04:11:45.000]  [WriteHeartbeatToFile] ErrorCode:0 INFO: Done Sending the heartbeat.
[2026-02-21 04:12:15.000]  [WriteStatusToFile] ErrorCode:0 INFO: Sending the status.
[2026-02-21 04:12:15.000]  [WriteHeartbeatToFile] ErrorCode:0 INFO: Sending the heartbeat.
[2026-02-21 04:12:15.000]  [WriteHeartbeatToFile] ErrorCode:0 INFO: Done Sending the heartbeat.
[2026-02-21 04:12:15.000]  [WriteStatusToFile] ErrorCode:0 INFO: Done Sending the status.
[2026-02-21 04:12:16.000]  [FindProcessById] ErrorCode:0 INFO: Attempt to find the process MetricsExtension.Native.exe with ID: 5392.
[2026-02-21 04:12:16.000]  [FindProcessById] ErrorCode:0 INFO: Running Process MetricsExtension.Native.exe found. ID: 5392.
[2026-02-21 04:12:16.000]  [StartMetricsExtension] ErrorCode:0 ERROR: Metrics extension is already running
[2026-02-21 04:12:45.000]  [WriteStatusToFile] ErrorCode:0 INFO: Sending the status.
[2026-02-21 04:12:45.000]  [WriteHeartbeatToFile] ErrorCode:0 INFO: Sending the heartbeat.
[2026-02-21 04:12:45.000]  [WriteHeartbeatToFile] ErrorCode:0 INFO: Done Sending the heartbeat.
[2026-02-21 04:12:45.000]  [WriteStatusToFile] ErrorCode:0 INFO: Done Sending the status.
[2026-02-21 04:13:15.000]  [WriteHeartbeatToFile] ErrorCode:0 INFO: Sending the heartbeat.
[2026-02-21 04:13:15.000]  [WriteStatusToFile] ErrorCode:0 INFO: Sending the status.
[2026-02-21 04:13:15.000]  [WriteHeartbeatToFile] ErrorCode:0 INFO: Done Sending the heartbeat.
[2026-02-21 04:13:15.000]  [WriteStatusToFile] ErrorCode:0 INFO: Done Sending the status.
[2026-02-21 04:13:16.000]  [FindProcessById] ErrorCode:0 INFO: Attempt to find the process MetricsExtension.Native.exe with ID: 5392.
[2026-02-21 04:13:16.000]  [FindProcessById] ErrorCode:0 INFO: Running Process MetricsExtension.Native.exe found. ID: 5392.
[2026-02-21 04:13:16.000]  [StartMetricsExtension] ErrorCode:0 ERROR: Metrics extension is already running
[2026-02-21 04:13:45.000]  [WriteHeartbeatToFile] ErrorCode:0 INFO: Sending the heartbeat.
[2026-02-21 04:13:45.000]  [WriteStatusToFile] ErrorCode:0 INFO: Sending the status.
[2026-02-21 04:13:45.000]  [WriteHeartbeatToFile] ErrorCode:0 INFO: Done Sending the heartbeat.
[2026-02-21 04:13:45.000]  [WriteStatusToFile] ErrorCode:0 INFO: Done Sending the status.
[2026-02-21 04:14:15.000]  [WriteHeartbeatToFile] ErrorCode:0 INFO: Sending the heartbeat.
[2026-02-21 04:14:15.000]  [WriteStatusToFile] ErrorCode:0 INFO: Sending the status.
[2026-02-21 04:14:15.000]  [WriteHeartbeatToFile] ErrorCode:0 INFO: Done Sending the heartbeat.
[2026-02-21 04:14:15.000]  [WriteStatusToFile] ErrorCode:0 INFO: Done Sending the status.
[2026-02-21 04:14:16.000]  [FindProcessById] ErrorCode:0 INFO: Attempt to find the process MetricsExtension.Native.exe with ID: 5392.
[2026-02-21 04:14:16.000]  [FindProcessById] ErrorCode:0 INFO: Running Process MetricsExtension.Native.exe found. ID: 5392.
[2026-02-21 04:14:16.000]  [StartMetricsExtension] ErrorCode:0 ERROR: Metrics extension is already running
[2026-02-21 04:14:45.000]  [WriteHeartbeatToFile] ErrorCode:0 INFO: Sending the heartbeat.
[2026-02-21 04:14:45.000]  [WriteStatusToFile] ErrorCode:0 INFO: Sending the status.
[2026-02-21 04:14:45.000]  [WriteHeartbeatToFile] ErrorCode:0 INFO: Done Sending the heartbeat.
[2026-02-21 04:14:45.000]  [WriteStatusToFile] ErrorCode:0 INFO: Done Sending the status.
[2026-02-21 04:15:15.000]  [WriteHeartbeatToFile] ErrorCode:0 INFO: Sending the heartbeat.
[2026-02-21 04:15:15.000]  [WriteStatusToFile] ErrorCode:0 INFO: Sending the status.
[2026-02-21 04:15:15.000]  [WriteHeartbeatToFile] ErrorCode:0 INFO: Done Sending the heartbeat.
[2026-02-21 04:15:15.000]  [WriteStatusToFile] ErrorCode:0 INFO: Done Sending the status.
[2026-02-21 04:15:16.000]  [FindProcessById] ErrorCode:0 INFO: Attempt to find the process MetricsExtension.Native.exe with ID: 5392.
[2026-02-21 04:15:16.000]  [FindProcessById] ErrorCode:0 INFO: Running Process MetricsExtension.Native.exe found. ID: 5392.
[2026-02-21 04:15:16.000]  [StartMetricsExtension] ErrorCode:0 ERROR: Metrics extension is already running
[2026-02-21 04:15:45.000]  [WriteStatusToFile] ErrorCode:0 INFO: Sending the status.
[2026-02-21 04:15:45.000]  [WriteHeartbeatToFile] ErrorCode:0 INFO: Sending the heartbeat.
[2026-02-21 04:15:45.000]  [WriteHeartbeatToFile] ErrorCode:0 INFO: Done Sending the heartbeat.
[2026-02-21 04:15:45.000]  [WriteStatusToFile] ErrorCode:0 INFO: Done Sending the status.
[2026-02-21 04:16:15.000]  [WriteHeartbeatToFile] ErrorCode:0 INFO: Sending the heartbeat.
[2026-02-21 04:16:15.000]  [WriteStatusToFile] ErrorCode:0 INFO: Sending the status.
[2026-02-21 04:16:15.000]  [WriteHeartbeatToFile] ErrorCode:0 INFO: Done Sending the heartbeat.
[2026-02-21 04:16:15.000]  [WriteStatusToFile] ErrorCode:0 INFO: Done Sending the status.
[2026-02-21 04:16:16.000]  [FindProcessById] ErrorCode:0 INFO: Attempt to find the process MetricsExtension.Native.exe with ID: 5392.
[2026-02-21 04:16:16.000]  [FindProcessById] ErrorCode:0 INFO: Running Process MetricsExtension.Native.exe found. ID: 5392.
[2026-02-21 04:16:16.000]  [StartMetricsExtension] ErrorCode:0 ERROR: Metrics extension is already running
[2026-02-21 04:16:16.000]  [AggregateHeartbeat] ErrorCode:0 INFO: Start heartbeat aggregation.
[2026-02-21 04:16:16.000]  [QueryRegValueDWORD] ErrorCode:0 INFO: Query Registry for Key:SOFTWARE\Microsoft\Windows Azure\CurrentVersion\AzureMonitorAgentExtension\47.4.1.0, Name:MaServiceProcess
[2026-02-21 04:16:16.000]  [QueryRegValueDWORD] ErrorCode:0 INFO: Query Registry for Key:SOFTWARE\Microsoft\Windows Azure\CurrentVersion\AzureMonitorAgentExtension\47.4.1.0, Name:MaServiceProcess, Value:2228
[2026-02-21 04:16:16.000]  [FindProcessById] ErrorCode:0 INFO: Attempt to find the process MonAgentLauncher.exe with ID: 2228.
[2026-02-21 04:16:16.000]  [FindProcessById] ErrorCode:0 INFO: Running Process MonAgentLauncher.exe found. ID: 2228.
[2026-02-21 04:16:16.000]  [CheckIfMAServiceIsRunByExtension] ErrorCode:0 INFO: The MA process is running based on the m_registry
[2026-02-21 04:16:16.000]  [QueryRegValueDWORD] ErrorCode:0 INFO: Query Registry for Key:SOFTWARE\Microsoft\Windows Azure\CurrentVersion\AzureMonitorAgentExtension\47.4.1.0, Name:AMAMultitenantServiceProcess
[2026-02-21 04:16:16.000]  [QueryRegValueDWORD] ErrorCode:0 ERROR: RegQueryValueExA: failed to query REG_DWORD value, Key:SOFTWARE\Microsoft\Windows Azure\CurrentVersion\AzureMonitorAgentExtension\47.4.1.0, name=AMAMultitenantServiceProcess, error=2, type=0
[2026-02-21 04:16:16.000]  [CheckIfMAServiceIsRunByExtension] ErrorCode:1205 INFO: Unable to read the m_registry for MA process. Assume it is not running.
[2026-02-21 04:16:16.000]  [AggregateHeartbeat] ErrorCode:0 INFO: Configured MA Service is not running on the node.
[2026-02-21 04:16:16.000]  [SetImdsEnvironmentVariable] ErrorCode:0 INFO: Querying IMDS information
[2026-02-21 04:16:16.000]  [SetImdsEnvironmentVariable] ErrorCode:-1 INFO: Preparing to call IMDS. Endpoint: http://169.254.169.254
[2026-02-21 04:16:16.000]  [QueryIMDSEndpoint] ErrorCode:0 INFO: Queried IMDS successfully.
[2026-02-21 04:16:16.000]  [GetValueFromJsonOrDefault] ErrorCode:0 INFO: Read Imds response field with Name:location Value: westus2
[2026-02-21 04:16:16.000]  [GetValueFromJsonOrDefault] ErrorCode:0 INFO: Read Imds response field with Name:name Value: amawin
[2026-02-21 04:16:16.000]  [GetValueFromJsonOrDefault] ErrorCode:0 INFO: Read Imds response field with Name:subscriptionId Value: 351651ce-5feb-4e59-975d-f1f344e2b717
[2026-02-21 04:16:16.000]  [GetValueFromJsonOrDefault] ErrorCode:0 INFO: Read Imds response field with Name:vmId Value: 22afd636-aec1-4782-9055-f85ea283dc20
[2026-02-21 04:16:16.000]  [GetValueFromJsonOrDefault] ErrorCode:0 INFO: Read Imds response field with Name:vmScaleSetName Value: 
[2026-02-21 04:16:16.000]  [GetValueFromJsonOrDefault] ErrorCode:0 INFO: Read Imds response field with Name:resourceGroupName Value: AMAWin_group
[2026-02-21 04:16:16.000]  [GetValueFromJsonOrDefault] ErrorCode:0 INFO: Read Imds response field with Name:osType Value: Windows
[2026-02-21 04:16:16.000]  [GetValueFromJsonOrDefault] ErrorCode:0 INFO: Read Imds response field with Name:resourceId Value: /subscriptions/351651ce-5feb-4e59-975d-f1f344e2b717/resourceGroups/AMAWin_group/providers/Microsoft.Compute/virtualMachines/amawin
[2026-02-21 04:16:16.000]  [GetValueFromJsonOrDefault] ErrorCode:0 INFO: Read Imds response field with Name:azEnvironment Value: AzurePublicCloud
[2026-02-21 04:16:16.000]  [SetImdsEnvironmentVariable] ErrorCode:0 INFO: Successfully set Environment variables from Imds
[2026-02-21 04:16:16.000]  [AggregateHeartbeat] ErrorCode:0 INFO: Completed heartbeat aggregation.
[2026-02-21 04:16:45.000]  [WriteHeartbeatToFile] ErrorCode:0 INFO: Sending the heartbeat.
[2026-02-21 04:16:45.000]  [WriteStatusToFile] ErrorCode:0 INFO: Sending the status.
[2026-02-21 04:16:45.000]  [WriteHeartbeatToFile] ErrorCode:0 INFO: Done Sending the heartbeat.
[2026-02-21 04:16:45.000]  [WriteStatusToFile] ErrorCode:0 INFO: Done Sending the status.
[2026-02-21 04:17:15.000]  [WriteStatusToFile] ErrorCode:0 INFO: Sending the status.
[2026-02-21 04:17:15.000]  [WriteHeartbeatToFile] ErrorCode:0 INFO: Sending the heartbeat.
[2026-02-21 04:17:15.000]  [WriteStatusToFile] ErrorCode:0 INFO: Done Sending the status.
[2026-02-21 04:17:15.000]  [WriteHeartbeatToFile] ErrorCode:0 INFO: Done Sending the heartbeat.
[2026-02-21 04:17:16.000]  [FindProcessById] ErrorCode:0 INFO: Attempt to find the process MetricsExtension.Native.exe with ID: 5392.
[2026-02-21 04:17:16.000]  [FindProcessById] ErrorCode:0 INFO: Running Process MetricsExtension.Native.exe found. ID: 5392.
[2026-02-21 04:17:16.000]  [StartMetricsExtension] ErrorCode:0 ERROR: Metrics extension is already running
[2026-02-21 04:17:45.000]  [WriteHeartbeatToFile] ErrorCode:0 INFO: Sending the heartbeat.
[2026-02-21 04:17:45.000]  [WriteStatusToFile] ErrorCode:0 INFO: Sending the status.
[2026-02-21 04:17:45.000]  [WriteHeartbeatToFile] ErrorCode:0 INFO: Done Sending the heartbeat.
[2026-02-21 04:17:45.000]  [WriteStatusToFile] ErrorCode:0 INFO: Done Sending the status.
[2026-02-21 04:18:15.000]  [WriteStatusToFile] ErrorCode:0 INFO: Sending the status.
[2026-02-21 04:18:15.000]  [WriteHeartbeatToFile] ErrorCode:0 INFO: Sending the heartbeat.
[2026-02-21 04:18:15.000]  [WriteHeartbeatToFile] ErrorCode:0 INFO: Done Sending the heartbeat.
[2026-02-21 04:18:15.000]  [WriteStatusToFile] ErrorCode:0 INFO: Done Sending the status.
[2026-02-21 04:18:16.000]  [FindProcessById] ErrorCode:0 INFO: Attempt to find the process MetricsExtension.Native.exe with ID: 5392.
[2026-02-21 04:18:16.000]  [FindProcessById] ErrorCode:0 INFO: Running Process MetricsExtension.Native.exe found. ID: 5392.
[2026-02-21 04:18:16.000]  [StartMetricsExtension] ErrorCode:0 ERROR: Metrics extension is already running
[2026-02-21 04:18:45.000]  [WriteStatusToFile] ErrorCode:0 INFO: Sending the status.
[2026-02-21 04:18:45.000]  [WriteHeartbeatToFile] ErrorCode:0 INFO: Sending the heartbeat.
[2026-02-21 04:18:45.000]  [WriteHeartbeatToFile] ErrorCode:0 INFO: Done Sending the heartbeat.
[2026-02-21 04:18:45.000]  [WriteStatusToFile] ErrorCode:0 INFO: Done Sending the status.
[2026-02-21 04:19:15.000]  [WriteStatusToFile] ErrorCode:0 INFO: Sending the status.
[2026-02-21 04:19:15.000]  [WriteHeartbeatToFile] ErrorCode:0 INFO: Sending the heartbeat.
[2026-02-21 04:19:15.000]  [WriteHeartbeatToFile] ErrorCode:0 INFO: Done Sending the heartbeat.
[2026-02-21 04:19:15.000]  [WriteStatusToFile] ErrorCode:0 INFO: Done Sending the status.
[2026-02-21 04:19:16.000]  [FindProcessById] ErrorCode:0 INFO: Attempt to find the process MetricsExtension.Native.exe with ID: 5392.
[2026-02-21 04:19:16.000]  [FindProcessById] ErrorCode:0 INFO: Running Process MetricsExtension.Native.exe found. ID: 5392.
[2026-02-21 04:19:16.000]  [StartMetricsExtension] ErrorCode:0 ERROR: Metrics extension is already running
[2026-02-21 04:19:45.000]  [WriteStatusToFile] ErrorCode:0 INFO: Sending the status.
[2026-02-21 04:19:45.000]  [WriteHeartbeatToFile] ErrorCode:0 INFO: Sending the heartbeat.
[2026-02-21 04:19:45.000]  [WriteStatusToFile] ErrorCode:0 INFO: Done Sending the status.
[2026-02-21 04:19:45.000]  [WriteHeartbeatToFile] ErrorCode:0 INFO: Done Sending the heartbeat.
[2026-02-21 04:20:15.000]  [WriteStatusToFile] ErrorCode:0 INFO: Sending the status.
[2026-02-21 04:20:15.000]  [WriteHeartbeatToFile] ErrorCode:0 INFO: Sending the heartbeat.
[2026-02-21 04:20:15.000]  [WriteStatusToFile] ErrorCode:0 INFO: Done Sending the status.
[2026-02-21 04:20:15.000]  [WriteHeartbeatToFile] ErrorCode:0 INFO: Done Sending the heartbeat.
[2026-02-21 04:20:16.000]  [FindProcessById] ErrorCode:0 INFO: Attempt to find the process MetricsExtension.Native.exe with ID: 5392.
[2026-02-21 04:20:16.000]  [FindProcessById] ErrorCode:0 INFO: Running Process MetricsExtension.Native.exe found. ID: 5392.
[2026-02-21 04:20:16.000]  [StartMetricsExtension] ErrorCode:0 ERROR: Metrics extension is already running
[2026-02-21 04:20:45.000]  [WriteHeartbeatToFile] ErrorCode:0 INFO: Sending the heartbeat.
[2026-02-21 04:20:45.000]  [WriteStatusToFile] ErrorCode:0 INFO: Sending the status.
[2026-02-21 04:20:45.000]  [WriteStatusToFile] ErrorCode:0 INFO: Done Sending the status.
[2026-02-21 04:20:45.000]  [WriteHeartbeatToFile] ErrorCode:0 INFO: Done Sending the heartbeat.
[2026-02-21 04:21:15.000]  [WriteHeartbeatToFile] ErrorCode:0 INFO: Sending the heartbeat.
[2026-02-21 04:21:15.000]  [WriteStatusToFile] ErrorCode:0 INFO: Sending the status.
[2026-02-21 04:21:15.000]  [WriteHeartbeatToFile] ErrorCode:0 INFO: Done Sending the heartbeat.
[2026-02-21 04:21:15.000]  [WriteStatusToFile] ErrorCode:0 INFO: Done Sending the status.
[2026-02-21 04:21:16.000]  [FindProcessById] ErrorCode:0 INFO: Attempt to find the process MetricsExtension.Native.exe with ID: 5392.
[2026-02-21 04:21:16.000]  [FindProcessById] ErrorCode:0 INFO: Running Process MetricsExtension.Native.exe found. ID: 5392.
[2026-02-21 04:21:16.000]  [StartMetricsExtension] ErrorCode:0 ERROR: Metrics extension is already running
[2026-02-21 04:21:16.000]  [AggregateHeartbeat] ErrorCode:0 INFO: Start heartbeat aggregation.
[2026-02-21 04:21:16.000]  [QueryRegValueDWORD] ErrorCode:0 INFO: Query Registry for Key:SOFTWARE\Microsoft\Windows Azure\CurrentVersion\AzureMonitorAgentExtension\47.4.1.0, Name:MaServiceProcess
[2026-02-21 04:21:16.000]  [QueryRegValueDWORD] ErrorCode:0 INFO: Query Registry for Key:SOFTWARE\Microsoft\Windows Azure\CurrentVersion\AzureMonitorAgentExtension\47.4.1.0, Name:MaServiceProcess, Value:2228
[2026-02-21 04:21:16.000]  [FindProcessById] ErrorCode:0 INFO: Attempt to find the process MonAgentLauncher.exe with ID: 2228.
[2026-02-21 04:21:16.000]  [FindProcessById] ErrorCode:0 INFO: Running Process MonAgentLauncher.exe found. ID: 2228.
[2026-02-21 04:21:16.000]  [CheckIfMAServiceIsRunByExtension] ErrorCode:0 INFO: The MA process is running based on the m_registry
[2026-02-21 04:21:16.000]  [QueryRegValueDWORD] ErrorCode:0 INFO: Query Registry for Key:SOFTWARE\Microsoft\Windows Azure\CurrentVersion\AzureMonitorAgentExtension\47.4.1.0, Name:AMAMultitenantServiceProcess
[2026-02-21 04:21:16.000]  [QueryRegValueDWORD] ErrorCode:0 ERROR: RegQueryValueExA: failed to query REG_DWORD value, Key:SOFTWARE\Microsoft\Windows Azure\CurrentVersion\AzureMonitorAgentExtension\47.4.1.0, name=AMAMultitenantServiceProcess, error=2, type=0
[2026-02-21 04:21:16.000]  [CheckIfMAServiceIsRunByExtension] ErrorCode:1205 INFO: Unable to read the m_registry for MA process. Assume it is not running.
[2026-02-21 04:21:16.000]  [AggregateHeartbeat] ErrorCode:0 INFO: Configured MA Service is not running on the node.
[2026-02-21 04:21:16.000]  [SetImdsEnvironmentVariable] ErrorCode:0 INFO: Querying IMDS information
[2026-02-21 04:21:16.000]  [SetImdsEnvironmentVariable] ErrorCode:-1 INFO: Preparing to call IMDS. Endpoint: http://169.254.169.254
[2026-02-21 04:21:16.000]  [QueryIMDSEndpoint] ErrorCode:0 INFO: Queried IMDS successfully.
[2026-02-21 04:21:16.000]  [GetValueFromJsonOrDefault] ErrorCode:0 INFO: Read Imds response field with Name:location Value: westus2
[2026-02-21 04:21:16.000]  [GetValueFromJsonOrDefault] ErrorCode:0 INFO: Read Imds response field with Name:name Value: amawin
[2026-02-21 04:21:16.000]  [GetValueFromJsonOrDefault] ErrorCode:0 INFO: Read Imds response field with Name:subscriptionId Value: 351651ce-5feb-4e59-975d-f1f344e2b717
[2026-02-21 04:21:16.000]  [GetValueFromJsonOrDefault] ErrorCode:0 INFO: Read Imds response field with Name:vmId Value: 22afd636-aec1-4782-9055-f85ea283dc20
[2026-02-21 04:21:16.000]  [GetValueFromJsonOrDefault] ErrorCode:0 INFO: Read Imds response field with Name:vmScaleSetName Value: 
[2026-02-21 04:21:16.000]  [GetValueFromJsonOrDefault] ErrorCode:0 INFO: Read Imds response field with Name:resourceGroupName Value: AMAWin_group
[2026-02-21 04:21:16.000]  [GetValueFromJsonOrDefault] ErrorCode:0 INFO: Read Imds response field with Name:osType Value: Windows
[2026-02-21 04:21:16.000]  [GetValueFromJsonOrDefault] ErrorCode:0 INFO: Read Imds response field with Name:resourceId Value: /subscriptions/351651ce-5feb-4e59-975d-f1f344e2b717/resourceGroups/AMAWin_group/providers/Microsoft.Compute/virtualMachines/amawin
[2026-02-21 04:21:16.000]  [GetValueFromJsonOrDefault] ErrorCode:0 INFO: Read Imds response field with Name:azEnvironment Value: AzurePublicCloud
[2026-02-21 04:21:16.000]  [SetImdsEnvironmentVariable] ErrorCode:0 INFO: Successfully set Environment variables from Imds
[2026-02-21 04:21:16.000]  [AggregateHeartbeat] ErrorCode:0 INFO: Completed heartbeat aggregation.
[2026-02-21 04:21:46.000]  [WriteHeartbeatToFile] ErrorCode:0 INFO: Sending the heartbeat.
[2026-02-21 04:21:46.000]  [WriteStatusToFile] ErrorCode:0 INFO: Sending the status.
[2026-02-21 04:21:46.000]  [WriteHeartbeatToFile] ErrorCode:0 INFO: Done Sending the heartbeat.
[2026-02-21 04:21:46.000]  [WriteStatusToFile] ErrorCode:0 INFO: Done Sending the status.
[2026-02-21 04:22:16.000]  [WriteHeartbeatToFile] ErrorCode:0 INFO: Sending the heartbeat.
[2026-02-21 04:22:16.000]  [WriteStatusToFile] ErrorCode:0 INFO: Sending the status.
[2026-02-21 04:22:16.000]  [WriteHeartbeatToFile] ErrorCode:0 INFO: Done Sending the heartbeat.
[2026-02-21 04:22:16.000]  [WriteStatusToFile] ErrorCode:0 INFO: Done Sending the status.
[2026-02-21 04:22:16.000]  [FindProcessById] ErrorCode:0 INFO: Attempt to find the process MetricsExtension.Native.exe with ID: 5392.
[2026-02-21 04:22:16.000]  [FindProcessById] ErrorCode:0 INFO: Running Process MetricsExtension.Native.exe found. ID: 5392.
[2026-02-21 04:22:16.000]  [StartMetricsExtension] ErrorCode:0 ERROR: Metrics extension is already running
[2026-02-21 04:22:46.000]  [WriteHeartbeatToFile] ErrorCode:0 INFO: Sending the heartbeat.
[2026-02-21 04:22:46.000]  [WriteStatusToFile] ErrorCode:0 INFO: Sending the status.
[2026-02-21 04:22:46.000]  [WriteHeartbeatToFile] ErrorCode:0 INFO: Done Sending the heartbeat.
[2026-02-21 04:22:46.000]  [WriteStatusToFile] ErrorCode:0 INFO: Done Sending the status.
[2026-02-21 04:23:16.000]  [WriteStatusToFile] ErrorCode:0 INFO: Sending the status.
[2026-02-21 04:23:16.000]  [WriteHeartbeatToFile] ErrorCode:0 INFO: Sending the heartbeat.
[2026-02-21 04:23:16.000]  [WriteStatusToFile] ErrorCode:0 INFO: Done Sending the status.
[2026-02-21 04:23:16.000]  [WriteHeartbeatToFile] ErrorCode:0 INFO: Done Sending the heartbeat.
[2026-02-21 04:23:16.000]  [FindProcessById] ErrorCode:0 INFO: Attempt to find the process MetricsExtension.Native.exe with ID: 5392.
[2026-02-21 04:23:16.000]  [FindProcessById] ErrorCode:0 INFO: Running Process MetricsExtension.Native.exe found. ID: 5392.
[2026-02-21 04:23:16.000]  [StartMetricsExtension] ErrorCode:0 ERROR: Metrics extension is already running
[2026-02-21 04:23:46.000]  [WriteHeartbeatToFile] ErrorCode:0 INFO: Sending the heartbeat.
[2026-02-21 04:23:46.000]  [WriteStatusToFile] ErrorCode:0 INFO: Sending the status.
[2026-02-21 04:23:46.000]  [WriteHeartbeatToFile] ErrorCode:0 INFO: Done Sending the heartbeat.
[2026-02-21 04:23:46.000]  [WriteStatusToFile] ErrorCode:0 INFO: Done Sending the status.
[2026-02-21 04:24:16.000]  [WriteStatusToFile] ErrorCode:0 INFO: Sending the status.
[2026-02-21 04:24:16.000]  [WriteHeartbeatToFile] ErrorCode:0 INFO: Sending the heartbeat.
[2026-02-21 04:24:16.000]  [WriteStatusToFile] ErrorCode:0 INFO: Done Sending the status.
[2026-02-21 04:24:16.000]  [WriteHeartbeatToFile] ErrorCode:0 INFO: Done Sending the heartbeat.
[2026-02-21 04:24:16.000]  [FindProcessById] ErrorCode:0 INFO: Attempt to find the process MetricsExtension.Native.exe with ID: 5392.
[2026-02-21 04:24:16.000]  [FindProcessById] ErrorCode:0 INFO: Running Process MetricsExtension.Native.exe found. ID: 5392.
[2026-02-21 04:24:16.000]  [StartMetricsExtension] ErrorCode:0 ERROR: Metrics extension is already running
[2026-02-21 04:24:46.000]  [WriteHeartbeatToFile] ErrorCode:0 INFO: Sending the heartbeat.
[2026-02-21 04:24:46.000]  [WriteStatusToFile] ErrorCode:0 INFO: Sending the status.
[2026-02-21 04:24:46.000]  [WriteHeartbeatToFile] ErrorCode:0 INFO: Done Sending the heartbeat.
[2026-02-21 04:24:46.000]  [WriteStatusToFile] ErrorCode:0 INFO: Done Sending the status.
[2026-02-21 04:25:16.000]  [WriteHeartbeatToFile] ErrorCode:0 INFO: Sending the heartbeat.
[2026-02-21 04:25:16.000]  [WriteStatusToFile] ErrorCode:0 INFO: Sending the status.
[2026-02-21 04:25:16.000]  [WriteHeartbeatToFile] ErrorCode:0 INFO: Done Sending the heartbeat.
[2026-02-21 04:25:16.000]  [WriteStatusToFile] ErrorCode:0 INFO: Done Sending the status.
[2026-02-21 04:25:16.000]  [FindProcessById] ErrorCode:0 INFO: Attempt to find the process MetricsExtension.Native.exe with ID: 5392.
[2026-02-21 04:25:16.000]  [FindProcessById] ErrorCode:0 INFO: Running Process MetricsExtension.Native.exe found. ID: 5392.
[2026-02-21 04:25:16.000]  [StartMetricsExtension] ErrorCode:0 ERROR: Metrics extension is already running
[2026-02-21 04:25:46.000]  [WriteStatusToFile] ErrorCode:0 INFO: Sending the status.
[2026-02-21 04:25:46.000]  [WriteHeartbeatToFile] ErrorCode:0 INFO: Sending the heartbeat.
[2026-02-21 04:25:46.000]  [WriteHeartbeatToFile] ErrorCode:0 INFO: Done Sending the heartbeat.
[2026-02-21 04:25:46.000]  [WriteStatusToFile] ErrorCode:0 INFO: Done Sending the status.
[2026-02-21 04:26:16.000]  [WriteHeartbeatToFile] ErrorCode:0 INFO: Sending the heartbeat.
[2026-02-21 04:26:16.000]  [WriteStatusToFile] ErrorCode:0 INFO: Sending the status.
[2026-02-21 04:26:16.000]  [WriteHeartbeatToFile] ErrorCode:0 INFO: Done Sending the heartbeat.
[2026-02-21 04:26:16.000]  [WriteStatusToFile] ErrorCode:0 INFO: Done Sending the status.
[2026-02-21 04:26:16.000]  [FindProcessById] ErrorCode:0 INFO: Attempt to find the process MetricsExtension.Native.exe with ID: 5392.
[2026-02-21 04:26:16.000]  [FindProcessById] ErrorCode:0 INFO: Running Process MetricsExtension.Native.exe found. ID: 5392.
[2026-02-21 04:26:16.000]  [StartMetricsExtension] ErrorCode:0 ERROR: Metrics extension is already running
[2026-02-21 04:26:16.000]  [AggregateHeartbeat] ErrorCode:0 INFO: Start heartbeat aggregation.
[2026-02-21 04:26:16.000]  [QueryRegValueDWORD] ErrorCode:0 INFO: Query Registry for Key:SOFTWARE\Microsoft\Windows Azure\CurrentVersion\AzureMonitorAgentExtension\47.4.1.0, Name:MaServiceProcess
[2026-02-21 04:26:16.000]  [QueryRegValueDWORD] ErrorCode:0 INFO: Query Registry for Key:SOFTWARE\Microsoft\Windows Azure\CurrentVersion\AzureMonitorAgentExtension\47.4.1.0, Name:MaServiceProcess, Value:2228
[2026-02-21 04:26:16.000]  [FindProcessById] ErrorCode:0 INFO: Attempt to find the process MonAgentLauncher.exe with ID: 2228.
[2026-02-21 04:26:16.000]  [FindProcessById] ErrorCode:0 INFO: Running Process MonAgentLauncher.exe found. ID: 2228.
[2026-02-21 04:26:16.000]  [CheckIfMAServiceIsRunByExtension] ErrorCode:0 INFO: The MA process is running based on the m_registry
[2026-02-21 04:26:16.000]  [QueryRegValueDWORD] ErrorCode:0 INFO: Query Registry for Key:SOFTWARE\Microsoft\Windows Azure\CurrentVersion\AzureMonitorAgentExtension\47.4.1.0, Name:AMAMultitenantServiceProcess
[2026-02-21 04:26:16.000]  [QueryRegValueDWORD] ErrorCode:0 ERROR: RegQueryValueExA: failed to query REG_DWORD value, Key:SOFTWARE\Microsoft\Windows Azure\CurrentVersion\AzureMonitorAgentExtension\47.4.1.0, name=AMAMultitenantServiceProcess, error=2, type=0
[2026-02-21 04:26:16.000]  [CheckIfMAServiceIsRunByExtension] ErrorCode:1205 INFO: Unable to read the m_registry for MA process. Assume it is not running.
[2026-02-21 04:26:16.000]  [AggregateHeartbeat] ErrorCode:0 INFO: Configured MA Service is not running on the node.
[2026-02-21 04:26:16.000]  [SetImdsEnvironmentVariable] ErrorCode:0 INFO: Querying IMDS information
[2026-02-21 04:26:16.000]  [SetImdsEnvironmentVariable] ErrorCode:-1 INFO: Preparing to call IMDS. Endpoint: http://169.254.169.254
[2026-02-21 04:26:16.000]  [QueryIMDSEndpoint] ErrorCode:0 INFO: Queried IMDS successfully.
[2026-02-21 04:26:16.000]  [GetValueFromJsonOrDefault] ErrorCode:0 INFO: Read Imds response field with Name:location Value: westus2
[2026-02-21 04:26:16.000]  [GetValueFromJsonOrDefault] ErrorCode:0 INFO: Read Imds response field with Name:name Value: amawin
[2026-02-21 04:26:16.000]  [GetValueFromJsonOrDefault] ErrorCode:0 INFO: Read Imds response field with Name:subscriptionId Value: 351651ce-5feb-4e59-975d-f1f344e2b717
[2026-02-21 04:26:16.000]  [GetValueFromJsonOrDefault] ErrorCode:0 INFO: Read Imds response field with Name:vmId Value: 22afd636-aec1-4782-9055-f85ea283dc20
[2026-02-21 04:26:16.000]  [GetValueFromJsonOrDefault] ErrorCode:0 INFO: Read Imds response field with Name:vmScaleSetName Value: 
[2026-02-21 04:26:16.000]  [GetValueFromJsonOrDefault] ErrorCode:0 INFO: Read Imds response field with Name:resourceGroupName Value: AMAWin_group
[2026-02-21 04:26:16.000]  [GetValueFromJsonOrDefault] ErrorCode:0 INFO: Read Imds response field with Name:osType Value: Windows
[2026-02-21 04:26:16.000]  [GetValueFromJsonOrDefault] ErrorCode:0 INFO: Read Imds response field with Name:resourceId Value: /subscriptions/351651ce-5feb-4e59-975d-f1f344e2b717/resourceGroups/AMAWin_group/providers/Microsoft.Compute/virtualMachines/amawin
[2026-02-21 04:26:16.000]  [GetValueFromJsonOrDefault] ErrorCode:0 INFO: Read Imds response field with Name:azEnvironment Value: AzurePublicCloud
[2026-02-21 04:26:16.000]  [SetImdsEnvironmentVariable] ErrorCode:0 INFO: Successfully set Environment variables from Imds
[2026-02-21 04:26:16.000]  [AggregateHeartbeat] ErrorCode:0 INFO: Completed heartbeat aggregation.
[2026-02-21 04:26:46.000]  [WriteStatusToFile] ErrorCode:0 INFO: Sending the status.
[2026-02-21 04:26:46.000]  [WriteHeartbeatToFile] ErrorCode:0 INFO: Sending the heartbeat.
[2026-02-21 04:26:46.000]  [WriteStatusToFile] ErrorCode:0 INFO: Done Sending the status.
[2026-02-21 04:26:46.000]  [WriteHeartbeatToFile] ErrorCode:0 INFO: Done Sending the heartbeat.
[2026-02-21 04:27:16.000]  [WriteHeartbeatToFile] ErrorCode:0 INFO: Sending the heartbeat.
[2026-02-21 04:27:16.000]  [WriteStatusToFile] ErrorCode:0 INFO: Sending the status.
[2026-02-21 04:27:16.000]  [WriteHeartbeatToFile] ErrorCode:0 INFO: Done Sending the heartbeat.
[2026-02-21 04:27:16.000]  [WriteStatusToFile] ErrorCode:0 INFO: Done Sending the status.
[2026-02-21 04:27:16.000]  [FindProcessById] ErrorCode:0 INFO: Attempt to find the process MetricsExtension.Native.exe with ID: 5392.
[2026-02-21 04:27:16.000]  [FindProcessById] ErrorCode:0 INFO: Running Process MetricsExtension.Native.exe found. ID: 5392.
[2026-02-21 04:27:16.000]  [StartMetricsExtension] ErrorCode:0 ERROR: Metrics extension is already running
[2026-02-21 04:27:46.000]  [WriteStatusToFile] ErrorCode:0 INFO: Sending the status.
[2026-02-21 04:27:46.000]  [WriteHeartbeatToFile] ErrorCode:0 INFO: Sending the heartbeat.
[2026-02-21 04:27:46.000]  [WriteStatusToFile] ErrorCode:0 INFO: Done Sending the status.
[2026-02-21 04:27:46.000]  [WriteHeartbeatToFile] ErrorCode:0 INFO: Done Sending the heartbeat.
[2026-02-21 04:28:16.000]  [WriteStatusToFile] ErrorCode:0 INFO: Sending the status.
[2026-02-21 04:28:16.000]  [WriteHeartbeatToFile] ErrorCode:0 INFO: Sending the heartbeat.
[2026-02-21 04:28:16.000]  [WriteStatusToFile] ErrorCode:0 INFO: Done Sending the status.
[2026-02-21 04:28:16.000]  [WriteHeartbeatToFile] ErrorCode:0 INFO: Done Sending the heartbeat.
[2026-02-21 04:28:16.000]  [FindProcessById] ErrorCode:0 INFO: Attempt to find the process MetricsExtension.Native.exe with ID: 5392.
[2026-02-21 04:28:16.000]  [FindProcessById] ErrorCode:0 INFO: Running Process MetricsExtension.Native.exe found. ID: 5392.
[2026-02-21 04:28:16.000]  [StartMetricsExtension] ErrorCode:0 ERROR: Metrics extension is already running
[2026-02-21 04:28:46.000]  [WriteHeartbeatToFile] ErrorCode:0 INFO: Sending the heartbeat.
[2026-02-21 04:28:46.000]  [WriteStatusToFile] ErrorCode:0 INFO: Sending the status.
[2026-02-21 04:28:46.000]  [WriteStatusToFile] ErrorCode:0 INFO: Done Sending the status.
[2026-02-21 04:28:46.000]  [WriteHeartbeatToFile] ErrorCode:0 INFO: Done Sending the heartbeat.
[2026-02-21 04:29:16.000]  [WriteStatusToFile] ErrorCode:0 INFO: Sending the status.
[2026-02-21 04:29:16.000]  [WriteHeartbeatToFile] ErrorCode:0 INFO: Sending the heartbeat.
[2026-02-21 04:29:16.000]  [WriteHeartbeatToFile] ErrorCode:0 INFO: Done Sending the heartbeat.
[2026-02-21 04:29:16.000]  [WriteStatusToFile] ErrorCode:0 INFO: Done Sending the status.
[2026-02-21 04:29:16.000]  [FindProcessById] ErrorCode:0 INFO: Attempt to find the process MetricsExtension.Native.exe with ID: 5392.
[2026-02-21 04:29:16.000]  [FindProcessById] ErrorCode:0 INFO: Running Process MetricsExtension.Native.exe found. ID: 5392.
[2026-02-21 04:29:16.000]  [StartMetricsExtension] ErrorCode:0 ERROR: Metrics extension is already running
[2026-02-21 04:29:46.000]  [WriteHeartbeatToFile] ErrorCode:0 INFO: Sending the heartbeat.
[2026-02-21 04:29:46.000]  [WriteStatusToFile] ErrorCode:0 INFO: Sending the status.
[2026-02-21 04:29:46.000]  [WriteHeartbeatToFile] ErrorCode:0 INFO: Done Sending the heartbeat.
[2026-02-21 04:29:46.000]  [WriteStatusToFile] ErrorCode:0 INFO: Done Sending the status.
[2026-02-21 04:30:16.000]  [WriteHeartbeatToFile] ErrorCode:0 INFO: Sending the heartbeat.
[2026-02-21 04:30:16.000]  [WriteStatusToFile] ErrorCode:0 INFO: Sending the status.
[2026-02-21 04:30:16.000]  [WriteHeartbeatToFile] ErrorCode:0 INFO: Done Sending the heartbeat.
[2026-02-21 04:30:16.000]  [WriteStatusToFile] ErrorCode:0 INFO: Done Sending the status.
[2026-02-21 04:30:16.000]  [FindProcessById] ErrorCode:0 INFO: Attempt to find the process MetricsExtension.Native.exe with ID: 5392.
[2026-02-21 04:30:16.000]  [FindProcessById] ErrorCode:0 INFO: Running Process MetricsExtension.Native.exe found. ID: 5392.
[2026-02-21 04:30:16.000]  [StartMetricsExtension] ErrorCode:0 ERROR: Metrics extension is already running
[2026-02-21 04:30:46.000]  [WriteHeartbeatToFile] ErrorCode:0 INFO: Sending the heartbeat.
[2026-02-21 04:30:46.000]  [WriteStatusToFile] ErrorCode:0 INFO: Sending the status.
[2026-02-21 04:30:46.000]  [WriteStatusToFile] ErrorCode:0 INFO: Done Sending the status.
[2026-02-21 04:30:46.000]  [WriteHeartbeatToFile] ErrorCode:0 INFO: Done Sending the heartbeat.
[2026-02-21 04:31:16.000]  [WriteHeartbeatToFile] ErrorCode:0 INFO: Sending the heartbeat.
[2026-02-21 04:31:16.000]  [WriteStatusToFile] ErrorCode:0 INFO: Sending the status.
[2026-02-21 04:31:16.000]  [WriteStatusToFile] ErrorCode:0 INFO: Done Sending the status.
[2026-02-21 04:31:16.000]  [WriteHeartbeatToFile] ErrorCode:0 INFO: Done Sending the heartbeat.
[2026-02-21 04:31:16.000]  [FindProcessById] ErrorCode:0 INFO: Attempt to find the process MetricsExtension.Native.exe with ID: 5392.
[2026-02-21 04:31:16.000]  [FindProcessById] ErrorCode:0 INFO: Running Process MetricsExtension.Native.exe found. ID: 5392.
[2026-02-21 04:31:16.000]  [StartMetricsExtension] ErrorCode:0 ERROR: Metrics extension is already running
[2026-02-21 04:31:16.000]  [AggregateHeartbeat] ErrorCode:0 INFO: Start heartbeat aggregation.
[2026-02-21 04:31:16.000]  [QueryRegValueDWORD] ErrorCode:0 INFO: Query Registry for Key:SOFTWARE\Microsoft\Windows Azure\CurrentVersion\AzureMonitorAgentExtension\47.4.1.0, Name:MaServiceProcess
[2026-02-21 04:31:16.000]  [QueryRegValueDWORD] ErrorCode:0 INFO: Query Registry for Key:SOFTWARE\Microsoft\Windows Azure\CurrentVersion\AzureMonitorAgentExtension\47.4.1.0, Name:MaServiceProcess, Value:2228
[2026-02-21 04:31:16.000]  [FindProcessById] ErrorCode:0 INFO: Attempt to find the process MonAgentLauncher.exe with ID: 2228.
[2026-02-21 04:31:16.000]  [FindProcessById] ErrorCode:0 INFO: Running Process MonAgentLauncher.exe found. ID: 2228.
[2026-02-21 04:31:16.000]  [CheckIfMAServiceIsRunByExtension] ErrorCode:0 INFO: The MA process is running based on the m_registry
[2026-02-21 04:31:16.000]  [QueryRegValueDWORD] ErrorCode:0 INFO: Query Registry for Key:SOFTWARE\Microsoft\Windows Azure\CurrentVersion\AzureMonitorAgentExtension\47.4.1.0, Name:AMAMultitenantServiceProcess
[2026-02-21 04:31:16.000]  [QueryRegValueDWORD] ErrorCode:0 ERROR: RegQueryValueExA: failed to query REG_DWORD value, Key:SOFTWARE\Microsoft\Windows Azure\CurrentVersion\AzureMonitorAgentExtension\47.4.1.0, name=AMAMultitenantServiceProcess, error=2, type=0
[2026-02-21 04:31:16.000]  [CheckIfMAServiceIsRunByExtension] ErrorCode:1205 INFO: Unable to read the m_registry for MA process. Assume it is not running.
[2026-02-21 04:31:16.000]  [AggregateHeartbeat] ErrorCode:0 INFO: Configured MA Service is not running on the node.
[2026-02-21 04:31:16.000]  [SetImdsEnvironmentVariable] ErrorCode:0 INFO: Querying IMDS information
[2026-02-21 04:31:16.000]  [SetImdsEnvironmentVariable] ErrorCode:-1 INFO: Preparing to call IMDS. Endpoint: http://169.254.169.254
[2026-02-21 04:31:16.000]  [QueryIMDSEndpoint] ErrorCode:0 INFO: Queried IMDS successfully.
[2026-02-21 04:31:16.000]  [GetValueFromJsonOrDefault] ErrorCode:0 INFO: Read Imds response field with Name:location Value: westus2
[2026-02-21 04:31:16.000]  [GetValueFromJsonOrDefault] ErrorCode:0 INFO: Read Imds response field with Name:name Value: amawin
[2026-02-21 04:31:16.000]  [GetValueFromJsonOrDefault] ErrorCode:0 INFO: Read Imds response field with Name:subscriptionId Value: 351651ce-5feb-4e59-975d-f1f344e2b717
[2026-02-21 04:31:16.000]  [GetValueFromJsonOrDefault] ErrorCode:0 INFO: Read Imds response field with Name:vmId Value: 22afd636-aec1-4782-9055-f85ea283dc20
[2026-02-21 04:31:16.000]  [GetValueFromJsonOrDefault] ErrorCode:0 INFO: Read Imds response field with Name:vmScaleSetName Value: 
[2026-02-21 04:31:16.000]  [GetValueFromJsonOrDefault] ErrorCode:0 INFO: Read Imds response field with Name:resourceGroupName Value: AMAWin_group
[2026-02-21 04:31:16.000]  [GetValueFromJsonOrDefault] ErrorCode:0 INFO: Read Imds response field with Name:osType Value: Windows
[2026-02-21 04:31:16.000]  [GetValueFromJsonOrDefault] ErrorCode:0 INFO: Read Imds response field with Name:resourceId Value: /subscriptions/351651ce-5feb-4e59-975d-f1f344e2b717/resourceGroups/AMAWin_group/providers/Microsoft.Compute/virtualMachines/amawin
[2026-02-21 04:31:16.000]  [GetValueFromJsonOrDefault] ErrorCode:0 INFO: Read Imds response field with Name:azEnvironment Value: AzurePublicCloud
[2026-02-21 04:31:16.000]  [SetImdsEnvironmentVariable] ErrorCode:0 INFO: Successfully set Environment variables from Imds
[2026-02-21 04:31:16.000]  [AggregateHeartbeat] ErrorCode:0 INFO: Completed heartbeat aggregation.
[2026-02-21 04:31:46.000]  [WriteHeartbeatToFile] ErrorCode:0 INFO: Sending the heartbeat.
[2026-02-21 04:31:46.000]  [WriteStatusToFile] ErrorCode:0 INFO: Sending the status.
[2026-02-21 04:31:46.000]  [WriteHeartbeatToFile] ErrorCode:0 INFO: Done Sending the heartbeat.
[2026-02-21 04:31:46.000]  [WriteStatusToFile] ErrorCode:0 INFO: Done Sending the status.
[2026-02-21 04:32:16.000]  [WriteStatusToFile] ErrorCode:0 INFO: Sending the status.
[2026-02-21 04:32:16.000]  [WriteHeartbeatToFile] ErrorCode:0 INFO: Sending the heartbeat.
[2026-02-21 04:32:16.000]  [WriteHeartbeatToFile] ErrorCode:0 INFO: Done Sending the heartbeat.
[2026-02-21 04:32:16.000]  [WriteStatusToFile] ErrorCode:0 INFO: Done Sending the status.
[2026-02-21 04:32:16.000]  [FindProcessById] ErrorCode:0 INFO: Attempt to find the process MetricsExtension.Native.exe with ID: 5392.
[2026-02-21 04:32:16.000]  [FindProcessById] ErrorCode:0 INFO: Running Process MetricsExtension.Native.exe found. ID: 5392.
[2026-02-21 04:32:16.000]  [StartMetricsExtension] ErrorCode:0 ERROR: Metrics extension is already running
[2026-02-21 04:32:46.000]  [WriteHeartbeatToFile] ErrorCode:0 INFO: Sending the heartbeat.
[2026-02-21 04:32:46.000]  [WriteStatusToFile] ErrorCode:0 INFO: Sending the status.
[2026-02-21 04:32:46.000]  [WriteHeartbeatToFile] ErrorCode:0 INFO: Done Sending the heartbeat.
[2026-02-21 04:32:46.000]  [WriteStatusToFile] ErrorCode:0 INFO: Done Sending the status.
[2026-02-21 04:33:16.000]  [WriteHeartbeatToFile] ErrorCode:0 INFO: Sending the heartbeat.
[2026-02-21 04:33:16.000]  [WriteStatusToFile] ErrorCode:0 INFO: Sending the status.
[2026-02-21 04:33:16.000]  [WriteStatusToFile] ErrorCode:0 INFO: Done Sending the status.
[2026-02-21 04:33:16.000]  [WriteHeartbeatToFile] ErrorCode:0 INFO: Done Sending the heartbeat.
[2026-02-21 04:33:16.000]  [FindProcessById] ErrorCode:0 INFO: Attempt to find the process MetricsExtension.Native.exe with ID: 5392.
[2026-02-21 04:33:16.000]  [FindProcessById] ErrorCode:0 INFO: Running Process MetricsExtension.Native.exe found. ID: 5392.
[2026-02-21 04:33:16.000]  [StartMetricsExtension] ErrorCode:0 ERROR: Metrics extension is already running
[2026-02-21 04:33:46.000]  [WriteStatusToFile] ErrorCode:0 INFO: Sending the status.
[2026-02-21 04:33:46.000]  [WriteHeartbeatToFile] ErrorCode:0 INFO: Sending the heartbeat.
[2026-02-21 04:33:46.000]  [WriteStatusToFile] ErrorCode:0 INFO: Done Sending the status.
[2026-02-21 04:33:46.000]  [WriteHeartbeatToFile] ErrorCode:0 INFO: Done Sending the heartbeat.
[2026-02-21 04:34:16.000]  [WriteHeartbeatToFile] ErrorCode:0 INFO: Sending the heartbeat.
[2026-02-21 04:34:16.000]  [WriteStatusToFile] ErrorCode:0 INFO: Sending the status.
[2026-02-21 04:34:16.000]  [WriteHeartbeatToFile] ErrorCode:0 INFO: Done Sending the heartbeat.
[2026-02-21 04:34:16.000]  [WriteStatusToFile] ErrorCode:0 INFO: Done Sending the status.
[2026-02-21 04:34:16.000]  [FindProcessById] ErrorCode:0 INFO: Attempt to find the process MetricsExtension.Native.exe with ID: 5392.
[2026-02-21 04:34:16.000]  [FindProcessById] ErrorCode:0 INFO: Running Process MetricsExtension.Native.exe found. ID: 5392.
[2026-02-21 04:34:16.000]  [StartMetricsExtension] ErrorCode:0 ERROR: Metrics extension is already running
[2026-02-21 04:34:46.000]  [WriteHeartbeatToFile] ErrorCode:0 INFO: Sending the heartbeat.
[2026-02-21 04:34:46.000]  [WriteStatusToFile] ErrorCode:0 INFO: Sending the status.
[2026-02-21 04:34:46.000]  [WriteHeartbeatToFile] ErrorCode:0 INFO: Done Sending the heartbeat.
[2026-02-21 04:34:46.000]  [WriteStatusToFile] ErrorCode:0 INFO: Done Sending the status.
[2026-02-21 04:35:16.000]  [WriteStatusToFile] ErrorCode:0 INFO: Sending the status.
[2026-02-21 04:35:16.000]  [WriteHeartbeatToFile] ErrorCode:0 INFO: Sending the heartbeat.
[2026-02-21 04:35:16.000]  [WriteHeartbeatToFile] ErrorCode:0 INFO: Done Sending the heartbeat.
[2026-02-21 04:35:16.000]  [WriteStatusToFile] ErrorCode:0 INFO: Done Sending the status.
[2026-02-21 04:35:16.000]  [FindProcessById] ErrorCode:0 INFO: Attempt to find the process MetricsExtension.Native.exe with ID: 5392.
[2026-02-21 04:35:16.000]  [FindProcessById] ErrorCode:0 INFO: Running Process MetricsExtension.Native.exe found. ID: 5392.
[2026-02-21 04:35:16.000]  [StartMetricsExtension] ErrorCode:0 ERROR: Metrics extension is already running
[2026-02-21 04:35:46.000]  [WriteStatusToFile] ErrorCode:0 INFO: Sending the status.
[2026-02-21 04:35:46.000]  [WriteHeartbeatToFile] ErrorCode:0 INFO: Sending the heartbeat.
[2026-02-21 04:35:46.000]  [WriteHeartbeatToFile] ErrorCode:0 INFO: Done Sending the heartbeat.
[2026-02-21 04:35:46.000]  [WriteStatusToFile] ErrorCode:0 INFO: Done Sending the status.
[2026-02-21 04:36:16.000]  [WriteHeartbeatToFile] ErrorCode:0 INFO: Sending the heartbeat.
[2026-02-21 04:36:16.000]  [WriteStatusToFile] ErrorCode:0 INFO: Sending the status.
[2026-02-21 04:36:16.000]  [WriteStatusToFile] ErrorCode:0 INFO: Done Sending the status.
[2026-02-21 04:36:16.000]  [WriteHeartbeatToFile] ErrorCode:0 INFO: Done Sending the heartbeat.
[2026-02-21 04:36:16.000]  [FindProcessById] ErrorCode:0 INFO: Attempt to find the process MetricsExtension.Native.exe with ID: 5392.
[2026-02-21 04:36:16.000]  [FindProcessById] ErrorCode:0 INFO: Running Process MetricsExtension.Native.exe found. ID: 5392.
[2026-02-21 04:36:16.000]  [StartMetricsExtension] ErrorCode:0 ERROR: Metrics extension is already running
[2026-02-21 04:36:16.000]  [AggregateHeartbeat] ErrorCode:0 INFO: Start heartbeat aggregation.
[2026-02-21 04:36:16.000]  [QueryRegValueDWORD] ErrorCode:0 INFO: Query Registry for Key:SOFTWARE\Microsoft\Windows Azure\CurrentVersion\AzureMonitorAgentExtension\47.4.1.0, Name:MaServiceProcess
[2026-02-21 04:36:16.000]  [QueryRegValueDWORD] ErrorCode:0 INFO: Query Registry for Key:SOFTWARE\Microsoft\Windows Azure\CurrentVersion\AzureMonitorAgentExtension\47.4.1.0, Name:MaServiceProcess, Value:2228
[2026-02-21 04:36:16.000]  [FindProcessById] ErrorCode:0 INFO: Attempt to find the process MonAgentLauncher.exe with ID: 2228.
[2026-02-21 04:36:16.000]  [FindProcessById] ErrorCode:0 INFO: Running Process MonAgentLauncher.exe found. ID: 2228.
[2026-02-21 04:36:16.000]  [CheckIfMAServiceIsRunByExtension] ErrorCode:0 INFO: The MA process is running based on the m_registry
[2026-02-21 04:36:16.000]  [QueryRegValueDWORD] ErrorCode:0 INFO: Query Registry for Key:SOFTWARE\Microsoft\Windows Azure\CurrentVersion\AzureMonitorAgentExtension\47.4.1.0, Name:AMAMultitenantServiceProcess
[2026-02-21 04:36:16.000]  [QueryRegValueDWORD] ErrorCode:0 ERROR: RegQueryValueExA: failed to query REG_DWORD value, Key:SOFTWARE\Microsoft\Windows Azure\CurrentVersion\AzureMonitorAgentExtension\47.4.1.0, name=AMAMultitenantServiceProcess, error=2, type=0
[2026-02-21 04:36:16.000]  [CheckIfMAServiceIsRunByExtension] ErrorCode:1205 INFO: Unable to read the m_registry for MA process. Assume it is not running.
[2026-02-21 04:36:16.000]  [AggregateHeartbeat] ErrorCode:0 INFO: Configured MA Service is not running on the node.
[2026-02-21 04:36:16.000]  [SetImdsEnvironmentVariable] ErrorCode:0 INFO: Querying IMDS information
[2026-02-21 04:36:16.000]  [SetImdsEnvironmentVariable] ErrorCode:-1 INFO: Preparing to call IMDS. Endpoint: http://169.254.169.254
[2026-02-21 04:36:16.000]  [QueryIMDSEndpoint] ErrorCode:0 INFO: Queried IMDS successfully.
[2026-02-21 04:36:16.000]  [GetValueFromJsonOrDefault] ErrorCode:0 INFO: Read Imds response field with Name:location Value: westus2
[2026-02-21 04:36:16.000]  [GetValueFromJsonOrDefault] ErrorCode:0 INFO: Read Imds response field with Name:name Value: amawin
[2026-02-21 04:36:16.000]  [GetValueFromJsonOrDefault] ErrorCode:0 INFO: Read Imds response field with Name:subscriptionId Value: 351651ce-5feb-4e59-975d-f1f344e2b717
[2026-02-21 04:36:16.000]  [GetValueFromJsonOrDefault] ErrorCode:0 INFO: Read Imds response field with Name:vmId Value: 22afd636-aec1-4782-9055-f85ea283dc20
[2026-02-21 04:36:16.000]  [GetValueFromJsonOrDefault] ErrorCode:0 INFO: Read Imds response field with Name:vmScaleSetName Value: 
[2026-02-21 04:36:16.000]  [GetValueFromJsonOrDefault] ErrorCode:0 INFO: Read Imds response field with Name:resourceGroupName Value: AMAWin_group
[2026-02-21 04:36:16.000]  [GetValueFromJsonOrDefault] ErrorCode:0 INFO: Read Imds response field with Name:osType Value: Windows
[2026-02-21 04:36:16.000]  [GetValueFromJsonOrDefault] ErrorCode:0 INFO: Read Imds response field with Name:resourceId Value: /subscriptions/351651ce-5feb-4e59-975d-f1f344e2b717/resourceGroups/AMAWin_group/providers/Microsoft.Compute/virtualMachines/amawin
[2026-02-21 04:36:16.000]  [GetValueFromJsonOrDefault] ErrorCode:0 INFO: Read Imds response field with Name:azEnvironment Value: AzurePublicCloud
[2026-02-21 04:36:16.000]  [SetImdsEnvironmentVariable] ErrorCode:0 INFO: Successfully set Environment variables from Imds
[2026-02-21 04:36:16.000]  [AggregateHeartbeat] ErrorCode:0 INFO: Completed heartbeat aggregation.
[2026-02-21 04:36:46.000]  [WriteHeartbeatToFile] ErrorCode:0 INFO: Sending the heartbeat.
[2026-02-21 04:36:46.000]  [WriteStatusToFile] ErrorCode:0 INFO: Sending the status.
[2026-02-21 04:36:46.000]  [WriteHeartbeatToFile] ErrorCode:0 INFO: Done Sending the heartbeat.
[2026-02-21 04:36:46.000]  [WriteStatusToFile] ErrorCode:0 INFO: Done Sending the status.
[2026-02-21 04:37:16.000]  [WriteStatusToFile] ErrorCode:0 INFO: Sending the status.
[2026-02-21 04:37:16.000]  [WriteHeartbeatToFile] ErrorCode:0 INFO: Sending the heartbeat.
[2026-02-21 04:37:16.000]  [WriteHeartbeatToFile] ErrorCode:0 INFO: Done Sending the heartbeat.
[2026-02-21 04:37:16.000]  [WriteStatusToFile] ErrorCode:0 INFO: Done Sending the status.
[2026-02-21 04:37:16.000]  [FindProcessById] ErrorCode:0 INFO: Attempt to find the process MetricsExtension.Native.exe with ID: 5392.
[2026-02-21 04:37:16.000]  [FindProcessById] ErrorCode:0 INFO: Running Process MetricsExtension.Native.exe found. ID: 5392.
[2026-02-21 04:37:16.000]  [StartMetricsExtension] ErrorCode:0 ERROR: Metrics extension is already running
[2026-02-21 04:37:46.000]  [WriteHeartbeatToFile] ErrorCode:0 INFO: Sending the heartbeat.
[2026-02-21 04:37:46.000]  [WriteStatusToFile] ErrorCode:0 INFO: Sending the status.
[2026-02-21 04:37:46.000]  [WriteHeartbeatToFile] ErrorCode:0 INFO: Done Sending the heartbeat.
[2026-02-21 04:37:46.000]  [WriteStatusToFile] ErrorCode:0 INFO: Done Sending the status.
[2026-02-21 04:38:16.000]  [WriteHeartbeatToFile] ErrorCode:0 INFO: Sending the heartbeat.
[2026-02-21 04:38:16.000]  [WriteStatusToFile] ErrorCode:0 INFO: Sending the status.
[2026-02-21 04:38:16.000]  [WriteHeartbeatToFile] ErrorCode:0 INFO: Done Sending the heartbeat.
[2026-02-21 04:38:16.000]  [WriteStatusToFile] ErrorCode:0 INFO: Done Sending the status.
[2026-02-21 04:38:16.000]  [FindProcessById] ErrorCode:0 INFO: Attempt to find the process MetricsExtension.Native.exe with ID: 5392.
[2026-02-21 04:38:16.000]  [FindProcessById] ErrorCode:0 INFO: Running Process MetricsExtension.Native.exe found. ID: 5392.
[2026-02-21 04:38:16.000]  [StartMetricsExtension] ErrorCode:0 ERROR: Metrics extension is already running
[2026-02-21 04:38:46.000]  [WriteHeartbeatToFile] ErrorCode:0 INFO: Sending the heartbeat.
[2026-02-21 04:38:46.000]  [WriteStatusToFile] ErrorCode:0 INFO: Sending the status.
[2026-02-21 04:38:46.000]  [WriteHeartbeatToFile] ErrorCode:0 INFO: Done Sending the heartbeat.
[2026-02-21 04:38:46.000]  [WriteStatusToFile] ErrorCode:0 INFO: Done Sending the status.
[2026-02-21 04:39:16.000]  [WriteStatusToFile] ErrorCode:0 INFO: Sending the status.
[2026-02-21 04:39:16.000]  [WriteHeartbeatToFile] ErrorCode:0 INFO: Sending the heartbeat.
[2026-02-21 04:39:16.000]  [WriteStatusToFile] ErrorCode:0 INFO: Done Sending the status.
[2026-02-21 04:39:16.000]  [WriteHeartbeatToFile] ErrorCode:0 INFO: Done Sending the heartbeat.
[2026-02-21 04:39:16.000]  [FindProcessById] ErrorCode:0 INFO: Attempt to find the process MetricsExtension.Native.exe with ID: 5392.
[2026-02-21 04:39:16.000]  [FindProcessById] ErrorCode:0 INFO: Running Process MetricsExtension.Native.exe found. ID: 5392.
[2026-02-21 04:39:16.000]  [StartMetricsExtension] ErrorCode:0 ERROR: Metrics extension is already running
[2026-02-21 04:39:46.000]  [WriteStatusToFile] ErrorCode:0 INFO: Sending the status.
[2026-02-21 04:39:46.000]  [WriteHeartbeatToFile] ErrorCode:0 INFO: Sending the heartbeat.
[2026-02-21 04:39:46.000]  [WriteStatusToFile] ErrorCode:0 INFO: Done Sending the status.
[2026-02-21 04:39:46.000]  [WriteHeartbeatToFile] ErrorCode:0 INFO: Done Sending the heartbeat.
[2026-02-21 04:40:16.000]  [WriteStatusToFile] ErrorCode:0 INFO: Sending the status.
[2026-02-21 04:40:16.000]  [WriteHeartbeatToFile] ErrorCode:0 INFO: Sending the heartbeat.
[2026-02-21 04:40:16.000]  [WriteStatusToFile] ErrorCode:0 INFO: Done Sending the status.
[2026-02-21 04:40:16.000]  [WriteHeartbeatToFile] ErrorCode:0 INFO: Done Sending the heartbeat.
[2026-02-21 04:40:16.000]  [FindProcessById] ErrorCode:0 INFO: Attempt to find the process MetricsExtension.Native.exe with ID: 5392.
[2026-02-21 04:40:16.000]  [FindProcessById] ErrorCode:0 INFO: Running Process MetricsExtension.Native.exe found. ID: 5392.
[2026-02-21 04:40:16.000]  [StartMetricsExtension] ErrorCode:0 ERROR: Metrics extension is already running
[2026-02-21 04:40:46.000]  [WriteStatusToFile] ErrorCode:0 INFO: Sending the status.
[2026-02-21 04:40:46.000]  [WriteHeartbeatToFile] ErrorCode:0 INFO: Sending the heartbeat.
[2026-02-21 04:40:46.000]  [WriteHeartbeatToFile] ErrorCode:0 INFO: Done Sending the heartbeat.
[2026-02-21 04:40:46.000]  [WriteStatusToFile] ErrorCode:0 INFO: Done Sending the status.
[2026-02-21 04:41:16.000]  [WriteStatusToFile] ErrorCode:0 INFO: Sending the status.
[2026-02-21 04:41:16.000]  [WriteHeartbeatToFile] ErrorCode:0 INFO: Sending the heartbeat.
[2026-02-21 04:41:16.000]  [WriteStatusToFile] ErrorCode:0 INFO: Done Sending the status.
[2026-02-21 04:41:16.000]  [WriteHeartbeatToFile] ErrorCode:0 INFO: Done Sending the heartbeat.
[2026-02-21 04:41:16.000]  [FindProcessById] ErrorCode:0 INFO: Attempt to find the process MetricsExtension.Native.exe with ID: 5392.
[2026-02-21 04:41:16.000]  [FindProcessById] ErrorCode:0 INFO: Running Process MetricsExtension.Native.exe found. ID: 5392.
[2026-02-21 04:41:16.000]  [StartMetricsExtension] ErrorCode:0 ERROR: Metrics extension is already running
[2026-02-21 04:41:16.000]  [AggregateHeartbeat] ErrorCode:0 INFO: Start heartbeat aggregation.
[2026-02-21 04:41:16.000]  [QueryRegValueDWORD] ErrorCode:0 INFO: Query Registry for Key:SOFTWARE\Microsoft\Windows Azure\CurrentVersion\AzureMonitorAgentExtension\47.4.1.0, Name:MaServiceProcess
[2026-02-21 04:41:16.000]  [QueryRegValueDWORD] ErrorCode:0 INFO: Query Registry for Key:SOFTWARE\Microsoft\Windows Azure\CurrentVersion\AzureMonitorAgentExtension\47.4.1.0, Name:MaServiceProcess, Value:2228
[2026-02-21 04:41:16.000]  [FindProcessById] ErrorCode:0 INFO: Attempt to find the process MonAgentLauncher.exe with ID: 2228.
[2026-02-21 04:41:16.000]  [FindProcessById] ErrorCode:0 INFO: Running Process MonAgentLauncher.exe found. ID: 2228.
[2026-02-21 04:41:16.000]  [CheckIfMAServiceIsRunByExtension] ErrorCode:0 INFO: The MA process is running based on the m_registry
[2026-02-21 04:41:16.000]  [QueryRegValueDWORD] ErrorCode:0 INFO: Query Registry for Key:SOFTWARE\Microsoft\Windows Azure\CurrentVersion\AzureMonitorAgentExtension\47.4.1.0, Name:AMAMultitenantServiceProcess
[2026-02-21 04:41:16.000]  [QueryRegValueDWORD] ErrorCode:0 ERROR: RegQueryValueExA: failed to query REG_DWORD value, Key:SOFTWARE\Microsoft\Windows Azure\CurrentVersion\AzureMonitorAgentExtension\47.4.1.0, name=AMAMultitenantServiceProcess, error=2, type=0
[2026-02-21 04:41:16.000]  [CheckIfMAServiceIsRunByExtension] ErrorCode:1205 INFO: Unable to read the m_registry for MA process. Assume it is not running.
[2026-02-21 04:41:16.000]  [AggregateHeartbeat] ErrorCode:0 INFO: Configured MA Service is not running on the node.
[2026-02-21 04:41:16.000]  [SetImdsEnvironmentVariable] ErrorCode:0 INFO: Querying IMDS information
[2026-02-21 04:41:16.000]  [SetImdsEnvironmentVariable] ErrorCode:-1 INFO: Preparing to call IMDS. Endpoint: http://169.254.169.254
[2026-02-21 04:41:16.000]  [QueryIMDSEndpoint] ErrorCode:0 INFO: Queried IMDS successfully.
[2026-02-21 04:41:16.000]  [GetValueFromJsonOrDefault] ErrorCode:0 INFO: Read Imds response field with Name:location Value: westus2
[2026-02-21 04:41:16.000]  [GetValueFromJsonOrDefault] ErrorCode:0 INFO: Read Imds response field with Name:name Value: amawin
[2026-02-21 04:41:16.000]  [GetValueFromJsonOrDefault] ErrorCode:0 INFO: Read Imds response field with Name:subscriptionId Value: 351651ce-5feb-4e59-975d-f1f344e2b717
[2026-02-21 04:41:16.000]  [GetValueFromJsonOrDefault] ErrorCode:0 INFO: Read Imds response field with Name:vmId Value: 22afd636-aec1-4782-9055-f85ea283dc20
[2026-02-21 04:41:16.000]  [GetValueFromJsonOrDefault] ErrorCode:0 INFO: Read Imds response field with Name:vmScaleSetName Value: 
[2026-02-21 04:41:16.000]  [GetValueFromJsonOrDefault] ErrorCode:0 INFO: Read Imds response field with Name:resourceGroupName Value: AMAWin_group
[2026-02-21 04:41:16.000]  [GetValueFromJsonOrDefault] ErrorCode:0 INFO: Read Imds response field with Name:osType Value: Windows
[2026-02-21 04:41:16.000]  [GetValueFromJsonOrDefault] ErrorCode:0 INFO: Read Imds response field with Name:resourceId Value: /subscriptions/351651ce-5feb-4e59-975d-f1f344e2b717/resourceGroups/AMAWin_group/providers/Microsoft.Compute/virtualMachines/amawin
[2026-02-21 04:41:16.000]  [GetValueFromJsonOrDefault] ErrorCode:0 INFO: Read Imds response field with Name:azEnvironment Value: AzurePublicCloud
[2026-02-21 04:41:16.000]  [SetImdsEnvironmentVariable] ErrorCode:0 INFO: Successfully set Environment variables from Imds
[2026-02-21 04:41:16.000]  [AggregateHeartbeat] ErrorCode:0 INFO: Completed heartbeat aggregation.
[2026-02-21 04:41:46.000]  [WriteHeartbeatToFile] ErrorCode:0 INFO: Sending the heartbeat.
[2026-02-21 04:41:46.000]  [WriteStatusToFile] ErrorCode:0 INFO: Sending the status.
[2026-02-21 04:41:46.000]  [WriteHeartbeatToFile] ErrorCode:0 INFO: Done Sending the heartbeat.
[2026-02-21 04:41:46.000]  [WriteStatusToFile] ErrorCode:0 INFO: Done Sending the status.
[2026-02-21 04:42:16.000]  [WriteHeartbeatToFile] ErrorCode:0 INFO: Sending the heartbeat.
[2026-02-21 04:42:16.000]  [WriteStatusToFile] ErrorCode:0 INFO: Sending the status.
[2026-02-21 04:42:16.000]  [WriteHeartbeatToFile] ErrorCode:0 INFO: Done Sending the heartbeat.
[2026-02-21 04:42:16.000]  [WriteStatusToFile] ErrorCode:0 INFO: Done Sending the status.
[2026-02-21 04:42:16.000]  [FindProcessById] ErrorCode:0 INFO: Attempt to find the process MetricsExtension.Native.exe with ID: 5392.
[2026-02-21 04:42:16.000]  [FindProcessById] ErrorCode:0 INFO: Running Process MetricsExtension.Native.exe found. ID: 5392.
[2026-02-21 04:42:16.000]  [StartMetricsExtension] ErrorCode:0 ERROR: Metrics extension is already running
[2026-02-21 04:42:46.000]  [WriteStatusToFile] ErrorCode:0 INFO: Sending the status.
[2026-02-21 04:42:46.000]  [WriteHeartbeatToFile] ErrorCode:0 INFO: Sending the heartbeat.
[2026-02-21 04:42:46.000]  [WriteStatusToFile] ErrorCode:0 INFO: Done Sending the status.
[2026-02-21 04:42:46.000]  [WriteHeartbeatToFile] ErrorCode:0 INFO: Done Sending the heartbeat.
[2026-02-21 04:43:16.000]  [WriteStatusToFile] ErrorCode:0 INFO: Sending the status.
[2026-02-21 04:43:16.000]  [WriteHeartbeatToFile] ErrorCode:0 INFO: Sending the heartbeat.
[2026-02-21 04:43:16.000]  [WriteHeartbeatToFile] ErrorCode:0 INFO: Done Sending the heartbeat.
[2026-02-21 04:43:16.000]  [WriteStatusToFile] ErrorCode:0 INFO: Done Sending the status.
[2026-02-21 04:43:16.000]  [FindProcessById] ErrorCode:0 INFO: Attempt to find the process MetricsExtension.Native.exe with ID: 5392.
[2026-02-21 04:43:16.000]  [FindProcessById] ErrorCode:0 INFO: Running Process MetricsExtension.Native.exe found. ID: 5392.
[2026-02-21 04:43:16.000]  [StartMetricsExtension] ErrorCode:0 ERROR: Metrics extension is already running
[2026-02-21 04:43:46.000]  [WriteHeartbeatToFile] ErrorCode:0 INFO: Sending the heartbeat.
[2026-02-21 04:43:46.000]  [WriteStatusToFile] ErrorCode:0 INFO: Sending the status.
[2026-02-21 04:43:46.000]  [WriteHeartbeatToFile] ErrorCode:0 INFO: Done Sending the heartbeat.
[2026-02-21 04:43:46.000]  [WriteStatusToFile] ErrorCode:0 INFO: Done Sending the status.
[2026-02-21 04:44:16.000]  [WriteStatusToFile] ErrorCode:0 INFO: Sending the status.
[2026-02-21 04:44:16.000]  [WriteHeartbeatToFile] ErrorCode:0 INFO: Sending the heartbeat.
[2026-02-21 04:44:16.000]  [WriteHeartbeatToFile] ErrorCode:0 INFO: Done Sending the heartbeat.
[2026-02-21 04:44:16.000]  [WriteStatusToFile] ErrorCode:0 INFO: Done Sending the status.
[2026-02-21 04:44:16.000]  [FindProcessById] ErrorCode:0 INFO: Attempt to find the process MetricsExtension.Native.exe with ID: 5392.
[2026-02-21 04:44:16.000]  [FindProcessById] ErrorCode:0 INFO: Running Process MetricsExtension.Native.exe found. ID: 5392.
[2026-02-21 04:44:16.000]  [StartMetricsExtension] ErrorCode:0 ERROR: Metrics extension is already running
[2026-02-21 04:44:46.000]  [WriteStatusToFile] ErrorCode:0 INFO: Sending the status.
[2026-02-21 04:44:46.000]  [WriteHeartbeatToFile] ErrorCode:0 INFO: Sending the heartbeat.
[2026-02-21 04:44:46.000]  [WriteStatusToFile] ErrorCode:0 INFO: Done Sending the status.
[2026-02-21 04:44:46.000]  [WriteHeartbeatToFile] ErrorCode:0 INFO: Done Sending the heartbeat.
[2026-02-21 04:45:16.000]  [WriteStatusToFile] ErrorCode:0 INFO: Sending the status.
[2026-02-21 04:45:16.000]  [WriteHeartbeatToFile] ErrorCode:0 INFO: Sending the heartbeat.
[2026-02-21 04:45:16.000]  [WriteStatusToFile] ErrorCode:0 INFO: Done Sending the status.
[2026-02-21 04:45:16.000]  [WriteHeartbeatToFile] ErrorCode:0 INFO: Done Sending the heartbeat.
[2026-02-21 04:45:16.000]  [FindProcessById] ErrorCode:0 INFO: Attempt to find the process MetricsExtension.Native.exe with ID: 5392.
[2026-02-21 04:45:16.000]  [FindProcessById] ErrorCode:0 INFO: Running Process MetricsExtension.Native.exe found. ID: 5392.
[2026-02-21 04:45:16.000]  [StartMetricsExtension] ErrorCode:0 ERROR: Metrics extension is already running
[2026-02-21 04:45:46.000]  [WriteHeartbeatToFile] ErrorCode:0 INFO: Sending the heartbeat.
[2026-02-21 04:45:46.000]  [WriteStatusToFile] ErrorCode:0 INFO: Sending the status.
[2026-02-21 04:45:46.000]  [WriteHeartbeatToFile] ErrorCode:0 INFO: Done Sending the heartbeat.
[2026-02-21 04:45:46.000]  [WriteStatusToFile] ErrorCode:0 INFO: Done Sending the status.
[2026-02-21 04:46:16.000]  [WriteStatusToFile] ErrorCode:0 INFO: Sending the status.
[2026-02-21 04:46:16.000]  [WriteHeartbeatToFile] ErrorCode:0 INFO: Sending the heartbeat.
[2026-02-21 04:46:16.000]  [WriteHeartbeatToFile] ErrorCode:0 INFO: Done Sending the heartbeat.
[2026-02-21 04:46:16.000]  [WriteStatusToFile] ErrorCode:0 INFO: Done Sending the status.
[2026-02-21 04:46:16.000]  [FindProcessById] ErrorCode:0 INFO: Attempt to find the process MetricsExtension.Native.exe with ID: 5392.
[2026-02-21 04:46:16.000]  [FindProcessById] ErrorCode:0 INFO: Running Process MetricsExtension.Native.exe found. ID: 5392.
[2026-02-21 04:46:16.000]  [StartMetricsExtension] ErrorCode:0 ERROR: Metrics extension is already running
[2026-02-21 04:46:16.000]  [AggregateHeartbeat] ErrorCode:0 INFO: Start heartbeat aggregation.
[2026-02-21 04:46:16.000]  [QueryRegValueDWORD] ErrorCode:0 INFO: Query Registry for Key:SOFTWARE\Microsoft\Windows Azure\CurrentVersion\AzureMonitorAgentExtension\47.4.1.0, Name:MaServiceProcess
[2026-02-21 04:46:16.000]  [QueryRegValueDWORD] ErrorCode:0 INFO: Query Registry for Key:SOFTWARE\Microsoft\Windows Azure\CurrentVersion\AzureMonitorAgentExtension\47.4.1.0, Name:MaServiceProcess, Value:2228
[2026-02-21 04:46:16.000]  [FindProcessById] ErrorCode:0 INFO: Attempt to find the process MonAgentLauncher.exe with ID: 2228.
[2026-02-21 04:46:16.000]  [FindProcessById] ErrorCode:0 INFO: Running Process MonAgentLauncher.exe found. ID: 2228.
[2026-02-21 04:46:16.000]  [CheckIfMAServiceIsRunByExtension] ErrorCode:0 INFO: The MA process is running based on the m_registry
[2026-02-21 04:46:16.000]  [QueryRegValueDWORD] ErrorCode:0 INFO: Query Registry for Key:SOFTWARE\Microsoft\Windows Azure\CurrentVersion\AzureMonitorAgentExtension\47.4.1.0, Name:AMAMultitenantServiceProcess
[2026-02-21 04:46:16.000]  [QueryRegValueDWORD] ErrorCode:0 ERROR: RegQueryValueExA: failed to query REG_DWORD value, Key:SOFTWARE\Microsoft\Windows Azure\CurrentVersion\AzureMonitorAgentExtension\47.4.1.0, name=AMAMultitenantServiceProcess, error=2, type=0
[2026-02-21 04:46:16.000]  [CheckIfMAServiceIsRunByExtension] ErrorCode:1205 INFO: Unable to read the m_registry for MA process. Assume it is not running.
[2026-02-21 04:46:16.000]  [AggregateHeartbeat] ErrorCode:0 INFO: Configured MA Service is not running on the node.
[2026-02-21 04:46:16.000]  [SetImdsEnvironmentVariable] ErrorCode:0 INFO: Querying IMDS information
[2026-02-21 04:46:16.000]  [SetImdsEnvironmentVariable] ErrorCode:-1 INFO: Preparing to call IMDS. Endpoint: http://169.254.169.254
[2026-02-21 04:46:16.000]  [QueryIMDSEndpoint] ErrorCode:0 INFO: Queried IMDS successfully.
[2026-02-21 04:46:16.000]  [GetValueFromJsonOrDefault] ErrorCode:0 INFO: Read Imds response field with Name:location Value: westus2
[2026-02-21 04:46:16.000]  [GetValueFromJsonOrDefault] ErrorCode:0 INFO: Read Imds response field with Name:name Value: amawin
[2026-02-21 04:46:16.000]  [GetValueFromJsonOrDefault] ErrorCode:0 INFO: Read Imds response field with Name:subscriptionId Value: 351651ce-5feb-4e59-975d-f1f344e2b717
[2026-02-21 04:46:16.000]  [GetValueFromJsonOrDefault] ErrorCode:0 INFO: Read Imds response field with Name:vmId Value: 22afd636-aec1-4782-9055-f85ea283dc20
[2026-02-21 04:46:16.000]  [GetValueFromJsonOrDefault] ErrorCode:0 INFO: Read Imds response field with Name:vmScaleSetName Value: 
[2026-02-21 04:46:16.000]  [GetValueFromJsonOrDefault] ErrorCode:0 INFO: Read Imds response field with Name:resourceGroupName Value: AMAWin_group
[2026-02-21 04:46:16.000]  [GetValueFromJsonOrDefault] ErrorCode:0 INFO: Read Imds response field with Name:osType Value: Windows
[2026-02-21 04:46:16.000]  [GetValueFromJsonOrDefault] ErrorCode:0 INFO: Read Imds response field with Name:resourceId Value: /subscriptions/351651ce-5feb-4e59-975d-f1f344e2b717/resourceGroups/AMAWin_group/providers/Microsoft.Compute/virtualMachines/amawin
[2026-02-21 04:46:16.000]  [GetValueFromJsonOrDefault] ErrorCode:0 INFO: Read Imds response field with Name:azEnvironment Value: AzurePublicCloud
[2026-02-21 04:46:16.000]  [SetImdsEnvironmentVariable] ErrorCode:0 INFO: Successfully set Environment variables from Imds
[2026-02-21 04:46:16.000]  [AggregateHeartbeat] ErrorCode:0 INFO: Completed heartbeat aggregation.
[2026-02-21 04:46:46.000]  [WriteHeartbeatToFile] ErrorCode:0 INFO: Sending the heartbeat.
[2026-02-21 04:46:46.000]  [WriteStatusToFile] ErrorCode:0 INFO: Sending the status.
[2026-02-21 04:46:46.000]  [WriteHeartbeatToFile] ErrorCode:0 INFO: Done Sending the heartbeat.
[2026-02-21 04:46:46.000]  [WriteStatusToFile] ErrorCode:0 INFO: Done Sending the status.
[2026-02-21 04:47:16.000]  [WriteHeartbeatToFile] ErrorCode:0 INFO: Sending the heartbeat.
[2026-02-21 04:47:16.000]  [WriteStatusToFile] ErrorCode:0 INFO: Sending the status.
[2026-02-21 04:47:16.000]  [WriteHeartbeatToFile] ErrorCode:0 INFO: Done Sending the heartbeat.
[2026-02-21 04:47:16.000]  [WriteStatusToFile] ErrorCode:0 INFO: Done Sending the status.
[2026-02-21 04:47:16.000]  [FindProcessById] ErrorCode:0 INFO: Attempt to find the process MetricsExtension.Native.exe with ID: 5392.
[2026-02-21 04:47:16.000]  [FindProcessById] ErrorCode:0 INFO: Running Process MetricsExtension.Native.exe found. ID: 5392.
[2026-02-21 04:47:16.000]  [StartMetricsExtension] ErrorCode:0 ERROR: Metrics extension is already running
[2026-02-21 04:47:46.000]  [WriteHeartbeatToFile] ErrorCode:0 INFO: Sending the heartbeat.
[2026-02-21 04:47:46.000]  [WriteStatusToFile] ErrorCode:0 INFO: Sending the status.
[2026-02-21 04:47:46.000]  [WriteHeartbeatToFile] ErrorCode:0 INFO: Done Sending the heartbeat.
[2026-02-21 04:47:46.000]  [WriteStatusToFile] ErrorCode:0 INFO: Done Sending the status.
[2026-02-21 04:48:16.000]  [WriteStatusToFile] ErrorCode:0 INFO: Sending the status.
[2026-02-21 04:48:16.000]  [WriteHeartbeatToFile] ErrorCode:0 INFO: Sending the heartbeat.
[2026-02-21 04:48:16.000]  [WriteStatusToFile] ErrorCode:0 INFO: Done Sending the status.
[2026-02-21 04:48:16.000]  [WriteHeartbeatToFile] ErrorCode:0 INFO: Done Sending the heartbeat.
[2026-02-21 04:48:16.000]  [FindProcessById] ErrorCode:0 INFO: Attempt to find the process MetricsExtension.Native.exe with ID: 5392.
[2026-02-21 04:48:16.000]  [FindProcessById] ErrorCode:0 INFO: Running Process MetricsExtension.Native.exe found. ID: 5392.
[2026-02-21 04:48:16.000]  [StartMetricsExtension] ErrorCode:0 ERROR: Metrics extension is already running
[2026-02-21 04:48:46.000]  [WriteStatusToFile] ErrorCode:0 INFO: Sending the status.
[2026-02-21 04:48:46.000]  [WriteHeartbeatToFile] ErrorCode:0 INFO: Sending the heartbeat.
[2026-02-21 04:48:46.000]  [WriteStatusToFile] ErrorCode:0 INFO: Done Sending the status.
[2026-02-21 04:48:46.000]  [WriteHeartbeatToFile] ErrorCode:0 INFO: Done Sending the heartbeat.
[2026-02-21 04:49:16.000]  [WriteHeartbeatToFile] ErrorCode:0 INFO: Sending the heartbeat.
[2026-02-21 04:49:16.000]  [WriteStatusToFile] ErrorCode:0 INFO: Sending the status.
[2026-02-21 04:49:16.000]  [WriteStatusToFile] ErrorCode:0 INFO: Done Sending the status.
[2026-02-21 04:49:16.000]  [WriteHeartbeatToFile] ErrorCode:0 INFO: Done Sending the heartbeat.
[2026-02-21 04:49:16.000]  [FindProcessById] ErrorCode:0 INFO: Attempt to find the process MetricsExtension.Native.exe with ID: 5392.
[2026-02-21 04:49:16.000]  [FindProcessById] ErrorCode:0 INFO: Running Process MetricsExtension.Native.exe found. ID: 5392.
[2026-02-21 04:49:16.000]  [StartMetricsExtension] ErrorCode:0 ERROR: Metrics extension is already running
[2026-02-21 04:49:46.000]  [WriteStatusToFile] ErrorCode:0 INFO: Sending the status.
[2026-02-21 04:49:46.000]  [WriteHeartbeatToFile] ErrorCode:0 INFO: Sending the heartbeat.
[2026-02-21 04:49:46.000]  [WriteHeartbeatToFile] ErrorCode:0 INFO: Done Sending the heartbeat.
[2026-02-21 04:49:46.000]  [WriteStatusToFile] ErrorCode:0 INFO: Done Sending the status.
[2026-02-21 04:50:16.000]  [WriteHeartbeatToFile] ErrorCode:0 INFO: Sending the heartbeat.
[2026-02-21 04:50:16.000]  [WriteStatusToFile] ErrorCode:0 INFO: Sending the status.
[2026-02-21 04:50:16.000]  [WriteHeartbeatToFile] ErrorCode:0 INFO: Done Sending the heartbeat.
[2026-02-21 04:50:16.000]  [WriteStatusToFile] ErrorCode:0 INFO: Done Sending the status.
[2026-02-21 04:50:16.000]  [FindProcessById] ErrorCode:0 INFO: Attempt to find the process MetricsExtension.Native.exe with ID: 5392.
[2026-02-21 04:50:16.000]  [FindProcessById] ErrorCode:0 INFO: Running Process MetricsExtension.Native.exe found. ID: 5392.
[2026-02-21 04:50:16.000]  [StartMetricsExtension] ErrorCode:0 ERROR: Metrics extension is already running
[2026-02-21 04:50:46.000]  [WriteHeartbeatToFile] ErrorCode:0 INFO: Sending the heartbeat.
[2026-02-21 04:50:46.000]  [WriteStatusToFile] ErrorCode:0 INFO: Sending the status.
[2026-02-21 04:50:46.000]  [WriteHeartbeatToFile] ErrorCode:0 INFO: Done Sending the heartbeat.
[2026-02-21 04:50:46.000]  [WriteStatusToFile] ErrorCode:0 INFO: Done Sending the status.
[2026-02-21 04:51:16.000]  [WriteHeartbeatToFile] ErrorCode:0 INFO: Sending the heartbeat.
[2026-02-21 04:51:16.000]  [WriteStatusToFile] ErrorCode:0 INFO: Sending the status.
[2026-02-21 04:51:16.000]  [WriteHeartbeatToFile] ErrorCode:0 INFO: Done Sending the heartbeat.
[2026-02-21 04:51:16.000]  [WriteStatusToFile] ErrorCode:0 INFO: Done Sending the status.
[2026-02-21 04:51:16.000]  [FindProcessById] ErrorCode:0 INFO: Attempt to find the process MetricsExtension.Native.exe with ID: 5392.
[2026-02-21 04:51:16.000]  [FindProcessById] ErrorCode:0 INFO: Running Process MetricsExtension.Native.exe found. ID: 5392.
[2026-02-21 04:51:16.000]  [StartMetricsExtension] ErrorCode:0 ERROR: Metrics extension is already running
[2026-02-21 04:51:16.000]  [AggregateHeartbeat] ErrorCode:0 INFO: Start heartbeat aggregation.
[2026-02-21 04:51:16.000]  [QueryRegValueDWORD] ErrorCode:0 INFO: Query Registry for Key:SOFTWARE\Microsoft\Windows Azure\CurrentVersion\AzureMonitorAgentExtension\47.4.1.0, Name:MaServiceProcess
[2026-02-21 04:51:16.000]  [QueryRegValueDWORD] ErrorCode:0 INFO: Query Registry for Key:SOFTWARE\Microsoft\Windows Azure\CurrentVersion\AzureMonitorAgentExtension\47.4.1.0, Name:MaServiceProcess, Value:2228
[2026-02-21 04:51:16.000]  [FindProcessById] ErrorCode:0 INFO: Attempt to find the process MonAgentLauncher.exe with ID: 2228.
[2026-02-21 04:51:16.000]  [FindProcessById] ErrorCode:0 INFO: Running Process MonAgentLauncher.exe found. ID: 2228.
[2026-02-21 04:51:16.000]  [CheckIfMAServiceIsRunByExtension] ErrorCode:0 INFO: The MA process is running based on the m_registry
[2026-02-21 04:51:16.000]  [QueryRegValueDWORD] ErrorCode:0 INFO: Query Registry for Key:SOFTWARE\Microsoft\Windows Azure\CurrentVersion\AzureMonitorAgentExtension\47.4.1.0, Name:AMAMultitenantServiceProcess
[2026-02-21 04:51:16.000]  [QueryRegValueDWORD] ErrorCode:0 ERROR: RegQueryValueExA: failed to query REG_DWORD value, Key:SOFTWARE\Microsoft\Windows Azure\CurrentVersion\AzureMonitorAgentExtension\47.4.1.0, name=AMAMultitenantServiceProcess, error=2, type=0
[2026-02-21 04:51:16.000]  [CheckIfMAServiceIsRunByExtension] ErrorCode:1205 INFO: Unable to read the m_registry for MA process. Assume it is not running.
[2026-02-21 04:51:16.000]  [AggregateHeartbeat] ErrorCode:0 INFO: Configured MA Service is not running on the node.
[2026-02-21 04:51:16.000]  [SetImdsEnvironmentVariable] ErrorCode:0 INFO: Querying IMDS information
[2026-02-21 04:51:16.000]  [SetImdsEnvironmentVariable] ErrorCode:-1 INFO: Preparing to call IMDS. Endpoint: http://169.254.169.254
[2026-02-21 04:51:16.000]  [QueryIMDSEndpoint] ErrorCode:0 INFO: Queried IMDS successfully.
[2026-02-21 04:51:16.000]  [GetValueFromJsonOrDefault] ErrorCode:0 INFO: Read Imds response field with Name:location Value: westus2
[2026-02-21 04:51:16.000]  [GetValueFromJsonOrDefault] ErrorCode:0 INFO: Read Imds response field with Name:name Value: amawin
[2026-02-21 04:51:16.000]  [GetValueFromJsonOrDefault] ErrorCode:0 INFO: Read Imds response field with Name:subscriptionId Value: 351651ce-5feb-4e59-975d-f1f344e2b717
[2026-02-21 04:51:16.000]  [GetValueFromJsonOrDefault] ErrorCode:0 INFO: Read Imds response field with Name:vmId Value: 22afd636-aec1-4782-9055-f85ea283dc20
[2026-02-21 04:51:16.000]  [GetValueFromJsonOrDefault] ErrorCode:0 INFO: Read Imds response field with Name:vmScaleSetName Value: 
[2026-02-21 04:51:16.000]  [GetValueFromJsonOrDefault] ErrorCode:0 INFO: Read Imds response field with Name:resourceGroupName Value: AMAWin_group
[2026-02-21 04:51:16.000]  [GetValueFromJsonOrDefault] ErrorCode:0 INFO: Read Imds response field with Name:osType Value: Windows
[2026-02-21 04:51:16.000]  [GetValueFromJsonOrDefault] ErrorCode:0 INFO: Read Imds response field with Name:resourceId Value: /subscriptions/351651ce-5feb-4e59-975d-f1f344e2b717/resourceGroups/AMAWin_group/providers/Microsoft.Compute/virtualMachines/amawin
[2026-02-21 04:51:16.000]  [GetValueFromJsonOrDefault] ErrorCode:0 INFO: Read Imds response field with Name:azEnvironment Value: AzurePublicCloud
[2026-02-21 04:51:16.000]  [SetImdsEnvironmentVariable] ErrorCode:0 INFO: Successfully set Environment variables from Imds
[2026-02-21 04:51:16.000]  [AggregateHeartbeat] ErrorCode:0 INFO: Completed heartbeat aggregation.
[2026-02-21 04:51:46.000]  [WriteHeartbeatToFile] ErrorCode:0 INFO: Sending the heartbeat.
[2026-02-21 04:51:46.000]  [WriteStatusToFile] ErrorCode:0 INFO: Sending the status.
[2026-02-21 04:51:46.000]  [WriteHeartbeatToFile] ErrorCode:0 INFO: Done Sending the heartbeat.
[2026-02-21 04:51:46.000]  [WriteStatusToFile] ErrorCode:0 INFO: Done Sending the status.
[2026-02-21 04:52:16.000]  [WriteHeartbeatToFile] ErrorCode:0 INFO: Sending the heartbeat.
[2026-02-21 04:52:16.000]  [WriteStatusToFile] ErrorCode:0 INFO: Sending the status.
[2026-02-21 04:52:16.000]  [WriteHeartbeatToFile] ErrorCode:0 INFO: Done Sending the heartbeat.
[2026-02-21 04:52:16.000]  [WriteStatusToFile] ErrorCode:0 INFO: Done Sending the status.
[2026-02-21 04:52:16.000]  [FindProcessById] ErrorCode:0 INFO: Attempt to find the process MetricsExtension.Native.exe with ID: 5392.
[2026-02-21 04:52:16.000]  [FindProcessById] ErrorCode:0 INFO: Running Process MetricsExtension.Native.exe found. ID: 5392.
[2026-02-21 04:52:16.000]  [StartMetricsExtension] ErrorCode:0 ERROR: Metrics extension is already running
[2026-02-21 04:52:46.000]  [WriteHeartbeatToFile] ErrorCode:0 INFO: Sending the heartbeat.
[2026-02-21 04:52:46.000]  [WriteStatusToFile] ErrorCode:0 INFO: Sending the status.
[2026-02-21 04:52:46.000]  [WriteHeartbeatToFile] ErrorCode:0 INFO: Done Sending the heartbeat.
[2026-02-21 04:52:46.000]  [WriteStatusToFile] ErrorCode:0 INFO: Done Sending the status.
[2026-02-21 04:53:16.000]  [WriteHeartbeatToFile] ErrorCode:0 INFO: Sending the heartbeat.
[2026-02-21 04:53:16.000]  [WriteStatusToFile] ErrorCode:0 INFO: Sending the status.
[2026-02-21 04:53:16.000]  [WriteHeartbeatToFile] ErrorCode:0 INFO: Done Sending the heartbeat.
[2026-02-21 04:53:16.000]  [WriteStatusToFile] ErrorCode:0 INFO: Done Sending the status.
[2026-02-21 04:53:16.000]  [FindProcessById] ErrorCode:0 INFO: Attempt to find the process MetricsExtension.Native.exe with ID: 5392.
[2026-02-21 04:53:16.000]  [FindProcessById] ErrorCode:0 INFO: Running Process MetricsExtension.Native.exe found. ID: 5392.
[2026-02-21 04:53:16.000]  [StartMetricsExtension] ErrorCode:0 ERROR: Metrics extension is already running
[2026-02-21 04:53:46.000]  [WriteHeartbeatToFile] ErrorCode:0 INFO: Sending the heartbeat.
[2026-02-21 04:53:46.000]  [WriteStatusToFile] ErrorCode:0 INFO: Sending the status.
[2026-02-21 04:53:46.000]  [WriteHeartbeatToFile] ErrorCode:0 INFO: Done Sending the heartbeat.
[2026-02-21 04:53:46.000]  [WriteStatusToFile] ErrorCode:0 INFO: Done Sending the status.
[2026-02-21 04:54:16.000]  [WriteStatusToFile] ErrorCode:0 INFO: Sending the status.
[2026-02-21 04:54:16.000]  [WriteHeartbeatToFile] ErrorCode:0 INFO: Sending the heartbeat.
[2026-02-21 04:54:16.000]  [WriteStatusToFile] ErrorCode:0 INFO: Done Sending the status.
[2026-02-21 04:54:16.000]  [WriteHeartbeatToFile] ErrorCode:0 INFO: Done Sending the heartbeat.
[2026-02-21 04:54:16.000]  [FindProcessById] ErrorCode:0 INFO: Attempt to find the process MetricsExtension.Native.exe with ID: 5392.
[2026-02-21 04:54:16.000]  [FindProcessById] ErrorCode:0 INFO: Running Process MetricsExtension.Native.exe found. ID: 5392.
[2026-02-21 04:54:16.000]  [StartMetricsExtension] ErrorCode:0 ERROR: Metrics extension is already running
[2026-02-21 04:54:46.000]  [WriteHeartbeatToFile] ErrorCode:0 INFO: Sending the heartbeat.
[2026-02-21 04:54:46.000]  [WriteStatusToFile] ErrorCode:0 INFO: Sending the status.
[2026-02-21 04:54:46.000]  [WriteHeartbeatToFile] ErrorCode:0 INFO: Done Sending the heartbeat.
[2026-02-21 04:54:46.000]  [WriteStatusToFile] ErrorCode:0 INFO: Done Sending the status.
[2026-02-21 04:55:16.000]  [WriteHeartbeatToFile] ErrorCode:0 INFO: Sending the heartbeat.
[2026-02-21 04:55:16.000]  [WriteStatusToFile] ErrorCode:0 INFO: Sending the status.
[2026-02-21 04:55:16.000]  [WriteHeartbeatToFile] ErrorCode:0 INFO: Done Sending the heartbeat.
[2026-02-21 04:55:16.000]  [WriteStatusToFile] ErrorCode:0 INFO: Done Sending the status.
[2026-02-21 04:55:16.000]  [FindProcessById] ErrorCode:0 INFO: Attempt to find the process MetricsExtension.Native.exe with ID: 5392.
[2026-02-21 04:55:16.000]  [FindProcessById] ErrorCode:0 INFO: Running Process MetricsExtension.Native.exe found. ID: 5392.
[2026-02-21 04:55:16.000]  [StartMetricsExtension] ErrorCode:0 ERROR: Metrics extension is already running
[2026-02-21 04:55:46.000]  [WriteHeartbeatToFile] ErrorCode:0 INFO: Sending the heartbeat.
[2026-02-21 04:55:46.000]  [WriteStatusToFile] ErrorCode:0 INFO: Sending the status.
[2026-02-21 04:55:46.000]  [WriteHeartbeatToFile] ErrorCode:0 INFO: Done Sending the heartbeat.
[2026-02-21 04:55:46.000]  [WriteStatusToFile] ErrorCode:0 INFO: Done Sending the status.
[2026-02-21 04:56:16.000]  [WriteStatusToFile] ErrorCode:0 INFO: Sending the status.
[2026-02-21 04:56:16.000]  [WriteHeartbeatToFile] ErrorCode:0 INFO: Sending the heartbeat.
[2026-02-21 04:56:16.000]  [WriteHeartbeatToFile] ErrorCode:0 INFO: Done Sending the heartbeat.
[2026-02-21 04:56:16.000]  [WriteStatusToFile] ErrorCode:0 INFO: Done Sending the status.
[2026-02-21 04:56:16.000]  [FindProcessById] ErrorCode:0 INFO: Attempt to find the process MetricsExtension.Native.exe with ID: 5392.
[2026-02-21 04:56:16.000]  [FindProcessById] ErrorCode:0 INFO: Running Process MetricsExtension.Native.exe found. ID: 5392.
[2026-02-21 04:56:16.000]  [StartMetricsExtension] ErrorCode:0 ERROR: Metrics extension is already running
[2026-02-21 04:56:16.000]  [AggregateHeartbeat] ErrorCode:0 INFO: Start heartbeat aggregation.
[2026-02-21 04:56:16.000]  [QueryRegValueDWORD] ErrorCode:0 INFO: Query Registry for Key:SOFTWARE\Microsoft\Windows Azure\CurrentVersion\AzureMonitorAgentExtension\47.4.1.0, Name:MaServiceProcess
[2026-02-21 04:56:16.000]  [QueryRegValueDWORD] ErrorCode:0 INFO: Query Registry for Key:SOFTWARE\Microsoft\Windows Azure\CurrentVersion\AzureMonitorAgentExtension\47.4.1.0, Name:MaServiceProcess, Value:2228
[2026-02-21 04:56:16.000]  [FindProcessById] ErrorCode:0 INFO: Attempt to find the process MonAgentLauncher.exe with ID: 2228.
[2026-02-21 04:56:16.000]  [FindProcessById] ErrorCode:0 INFO: Running Process MonAgentLauncher.exe found. ID: 2228.
[2026-02-21 04:56:16.000]  [CheckIfMAServiceIsRunByExtension] ErrorCode:0 INFO: The MA process is running based on the m_registry
[2026-02-21 04:56:16.000]  [QueryRegValueDWORD] ErrorCode:0 INFO: Query Registry for Key:SOFTWARE\Microsoft\Windows Azure\CurrentVersion\AzureMonitorAgentExtension\47.4.1.0, Name:AMAMultitenantServiceProcess
[2026-02-21 04:56:16.000]  [QueryRegValueDWORD] ErrorCode:0 ERROR: RegQueryValueExA: failed to query REG_DWORD value, Key:SOFTWARE\Microsoft\Windows Azure\CurrentVersion\AzureMonitorAgentExtension\47.4.1.0, name=AMAMultitenantServiceProcess, error=2, type=0
[2026-02-21 04:56:16.000]  [CheckIfMAServiceIsRunByExtension] ErrorCode:1205 INFO: Unable to read the m_registry for MA process. Assume it is not running.
[2026-02-21 04:56:16.000]  [AggregateHeartbeat] ErrorCode:0 INFO: Configured MA Service is not running on the node.
[2026-02-21 04:56:16.000]  [SetImdsEnvironmentVariable] ErrorCode:0 INFO: Querying IMDS information
[2026-02-21 04:56:16.000]  [SetImdsEnvironmentVariable] ErrorCode:-1 INFO: Preparing to call IMDS. Endpoint: http://169.254.169.254
[2026-02-21 04:56:17.000]  [QueryIMDSEndpoint] ErrorCode:0 INFO: Queried IMDS successfully.
[2026-02-21 04:56:17.000]  [GetValueFromJsonOrDefault] ErrorCode:0 INFO: Read Imds response field with Name:location Value: westus2
[2026-02-21 04:56:17.000]  [GetValueFromJsonOrDefault] ErrorCode:0 INFO: Read Imds response field with Name:name Value: amawin
[2026-02-21 04:56:17.000]  [GetValueFromJsonOrDefault] ErrorCode:0 INFO: Read Imds response field with Name:subscriptionId Value: 351651ce-5feb-4e59-975d-f1f344e2b717
[2026-02-21 04:56:17.000]  [GetValueFromJsonOrDefault] ErrorCode:0 INFO: Read Imds response field with Name:vmId Value: 22afd636-aec1-4782-9055-f85ea283dc20
[2026-02-21 04:56:17.000]  [GetValueFromJsonOrDefault] ErrorCode:0 INFO: Read Imds response field with Name:vmScaleSetName Value: 
[2026-02-21 04:56:17.000]  [GetValueFromJsonOrDefault] ErrorCode:0 INFO: Read Imds response field with Name:resourceGroupName Value: AMAWin_group
[2026-02-21 04:56:17.000]  [GetValueFromJsonOrDefault] ErrorCode:0 INFO: Read Imds response field with Name:osType Value: Windows
[2026-02-21 04:56:17.000]  [GetValueFromJsonOrDefault] ErrorCode:0 INFO: Read Imds response field with Name:resourceId Value: /subscriptions/351651ce-5feb-4e59-975d-f1f344e2b717/resourceGroups/AMAWin_group/providers/Microsoft.Compute/virtualMachines/amawin
[2026-02-21 04:56:17.000]  [GetValueFromJsonOrDefault] ErrorCode:0 INFO: Read Imds response field with Name:azEnvironment Value: AzurePublicCloud
[2026-02-21 04:56:17.000]  [SetImdsEnvironmentVariable] ErrorCode:0 INFO: Successfully set Environment variables from Imds
[2026-02-21 04:56:17.000]  [AggregateHeartbeat] ErrorCode:0 INFO: Completed heartbeat aggregation.
[2026-02-21 04:56:46.000]  [WriteHeartbeatToFile] ErrorCode:0 INFO: Sending the heartbeat.
[2026-02-21 04:56:46.000]  [WriteStatusToFile] ErrorCode:0 INFO: Sending the status.
[2026-02-21 04:56:46.000]  [WriteHeartbeatToFile] ErrorCode:0 INFO: Done Sending the heartbeat.
[2026-02-21 04:56:46.000]  [WriteStatusToFile] ErrorCode:0 INFO: Done Sending the status.
[2026-02-21 04:57:16.000]  [WriteStatusToFile] ErrorCode:0 INFO: Sending the status.
[2026-02-21 04:57:16.000]  [WriteHeartbeatToFile] ErrorCode:0 INFO: Sending the heartbeat.
[2026-02-21 04:57:16.000]  [WriteStatusToFile] ErrorCode:0 INFO: Done Sending the status.
[2026-02-21 04:57:16.000]  [WriteHeartbeatToFile] ErrorCode:0 INFO: Done Sending the heartbeat.
[2026-02-21 04:57:17.000]  [FindProcessById] ErrorCode:0 INFO: Attempt to find the process MetricsExtension.Native.exe with ID: 5392.
[2026-02-21 04:57:17.000]  [FindProcessById] ErrorCode:0 INFO: Running Process MetricsExtension.Native.exe found. ID: 5392.
[2026-02-21 04:57:17.000]  [StartMetricsExtension] ErrorCode:0 ERROR: Metrics extension is already running
[2026-02-21 04:57:46.000]  [WriteHeartbeatToFile] ErrorCode:0 INFO: Sending the heartbeat.
[2026-02-21 04:57:46.000]  [WriteStatusToFile] ErrorCode:0 INFO: Sending the status.
[2026-02-21 04:57:46.000]  [WriteHeartbeatToFile] ErrorCode:0 INFO: Done Sending the heartbeat.
[2026-02-21 04:57:46.000]  [WriteStatusToFile] ErrorCode:0 INFO: Done Sending the status.
[2026-02-21 04:58:16.000]  [WriteStatusToFile] ErrorCode:0 INFO: Sending the status.
[2026-02-21 04:58:16.000]  [WriteHeartbeatToFile] ErrorCode:0 INFO: Sending the heartbeat.
[2026-02-21 04:58:16.000]  [WriteStatusToFile] ErrorCode:0 INFO: Done Sending the status.
[2026-02-21 04:58:16.000]  [WriteHeartbeatToFile] ErrorCode:0 INFO: Done Sending the heartbeat.
[2026-02-21 04:58:17.000]  [FindProcessById] ErrorCode:0 INFO: Attempt to find the process MetricsExtension.Native.exe with ID: 5392.
[2026-02-21 04:58:17.000]  [FindProcessById] ErrorCode:0 INFO: Running Process MetricsExtension.Native.exe found. ID: 5392.
[2026-02-21 04:58:17.000]  [StartMetricsExtension] ErrorCode:0 ERROR: Metrics extension is already running
[2026-02-21 04:58:46.000]  [WriteHeartbeatToFile] ErrorCode:0 INFO: Sending the heartbeat.
[2026-02-21 04:58:46.000]  [WriteStatusToFile] ErrorCode:0 INFO: Sending the status.
[2026-02-21 04:58:46.000]  [WriteHeartbeatToFile] ErrorCode:0 INFO: Done Sending the heartbeat.
[2026-02-21 04:58:46.000]  [WriteStatusToFile] ErrorCode:0 INFO: Done Sending the status.
[2026-02-21 04:59:16.000]  [WriteHeartbeatToFile] ErrorCode:0 INFO: Sending the heartbeat.
[2026-02-21 04:59:16.000]  [WriteStatusToFile] ErrorCode:0 INFO: Sending the status.
[2026-02-21 04:59:16.000]  [WriteHeartbeatToFile] ErrorCode:0 INFO: Done Sending the heartbeat.
[2026-02-21 04:59:16.000]  [WriteStatusToFile] ErrorCode:0 INFO: Done Sending the status.
[2026-02-21 04:59:17.000]  [FindProcessById] ErrorCode:0 INFO: Attempt to find the process MetricsExtension.Native.exe with ID: 5392.
[2026-02-21 04:59:17.000]  [FindProcessById] ErrorCode:0 INFO: Running Process MetricsExtension.Native.exe found. ID: 5392.
[2026-02-21 04:59:17.000]  [StartMetricsExtension] ErrorCode:0 ERROR: Metrics extension is already running
[2026-02-21 04:59:46.000]  [WriteHeartbeatToFile] ErrorCode:0 INFO: Sending the heartbeat.
[2026-02-21 04:59:46.000]  [WriteStatusToFile] ErrorCode:0 INFO: Sending the status.
[2026-02-21 04:59:46.000]  [WriteHeartbeatToFile] ErrorCode:0 INFO: Done Sending the heartbeat.
[2026-02-21 04:59:46.000]  [WriteStatusToFile] ErrorCode:0 INFO: Done Sending the status.
[2026-02-21 05:00:16.000]  [WriteStatusToFile] ErrorCode:0 INFO: Sending the status.
[2026-02-21 05:00:16.000]  [WriteHeartbeatToFile] ErrorCode:0 INFO: Sending the heartbeat.
[2026-02-21 05:00:16.000]  [WriteStatusToFile] ErrorCode:0 INFO: Done Sending the status.
[2026-02-21 05:00:16.000]  [WriteHeartbeatToFile] ErrorCode:0 INFO: Done Sending the heartbeat.
[2026-02-21 05:00:17.000]  [FindProcessById] ErrorCode:0 INFO: Attempt to find the process MetricsExtension.Native.exe with ID: 5392.
[2026-02-21 05:00:17.000]  [FindProcessById] ErrorCode:0 INFO: Running Process MetricsExtension.Native.exe found. ID: 5392.
[2026-02-21 05:00:17.000]  [StartMetricsExtension] ErrorCode:0 ERROR: Metrics extension is already running
[2026-02-21 05:00:46.000]  [WriteStatusToFile] ErrorCode:0 INFO: Sending the status.
[2026-02-21 05:00:46.000]  [WriteHeartbeatToFile] ErrorCode:0 INFO: Sending the heartbeat.
[2026-02-21 05:00:46.000]  [WriteStatusToFile] ErrorCode:0 INFO: Done Sending the status.
[2026-02-21 05:00:46.000]  [WriteHeartbeatToFile] ErrorCode:0 INFO: Done Sending the heartbeat.
[2026-02-21 05:01:16.000]  [WriteHeartbeatToFile] ErrorCode:0 INFO: Sending the heartbeat.
[2026-02-21 05:01:16.000]  [WriteStatusToFile] ErrorCode:0 INFO: Sending the status.
[2026-02-21 05:01:16.000]  [WriteHeartbeatToFile] ErrorCode:0 INFO: Done Sending the heartbeat.
[2026-02-21 05:01:16.000]  [WriteStatusToFile] ErrorCode:0 INFO: Done Sending the status.
[2026-02-21 05:01:17.000]  [FindProcessById] ErrorCode:0 INFO: Attempt to find the process MetricsExtension.Native.exe with ID: 5392.
[2026-02-21 05:01:17.000]  [FindProcessById] ErrorCode:0 INFO: Running Process MetricsExtension.Native.exe found. ID: 5392.
[2026-02-21 05:01:17.000]  [StartMetricsExtension] ErrorCode:0 ERROR: Metrics extension is already running
[2026-02-21 05:01:17.000]  [AggregateHeartbeat] ErrorCode:0 INFO: Start heartbeat aggregation.
[2026-02-21 05:01:17.000]  [QueryRegValueDWORD] ErrorCode:0 INFO: Query Registry for Key:SOFTWARE\Microsoft\Windows Azure\CurrentVersion\AzureMonitorAgentExtension\47.4.1.0, Name:MaServiceProcess
[2026-02-21 05:01:17.000]  [QueryRegValueDWORD] ErrorCode:0 INFO: Query Registry for Key:SOFTWARE\Microsoft\Windows Azure\CurrentVersion\AzureMonitorAgentExtension\47.4.1.0, Name:MaServiceProcess, Value:2228
[2026-02-21 05:01:17.000]  [FindProcessById] ErrorCode:0 INFO: Attempt to find the process MonAgentLauncher.exe with ID: 2228.
[2026-02-21 05:01:17.000]  [FindProcessById] ErrorCode:0 INFO: Running Process MonAgentLauncher.exe found. ID: 2228.
[2026-02-21 05:01:17.000]  [CheckIfMAServiceIsRunByExtension] ErrorCode:0 INFO: The MA process is running based on the m_registry
[2026-02-21 05:01:17.000]  [QueryRegValueDWORD] ErrorCode:0 INFO: Query Registry for Key:SOFTWARE\Microsoft\Windows Azure\CurrentVersion\AzureMonitorAgentExtension\47.4.1.0, Name:AMAMultitenantServiceProcess
[2026-02-21 05:01:17.000]  [QueryRegValueDWORD] ErrorCode:0 ERROR: RegQueryValueExA: failed to query REG_DWORD value, Key:SOFTWARE\Microsoft\Windows Azure\CurrentVersion\AzureMonitorAgentExtension\47.4.1.0, name=AMAMultitenantServiceProcess, error=2, type=0
[2026-02-21 05:01:17.000]  [CheckIfMAServiceIsRunByExtension] ErrorCode:1205 INFO: Unable to read the m_registry for MA process. Assume it is not running.
[2026-02-21 05:01:17.000]  [AggregateHeartbeat] ErrorCode:0 INFO: Configured MA Service is not running on the node.
[2026-02-21 05:01:17.000]  [SetImdsEnvironmentVariable] ErrorCode:0 INFO: Querying IMDS information
[2026-02-21 05:01:17.000]  [SetImdsEnvironmentVariable] ErrorCode:-1 INFO: Preparing to call IMDS. Endpoint: http://169.254.169.254
[2026-02-21 05:01:17.000]  [QueryIMDSEndpoint] ErrorCode:0 INFO: Queried IMDS successfully.
[2026-02-21 05:01:17.000]  [GetValueFromJsonOrDefault] ErrorCode:0 INFO: Read Imds response field with Name:location Value: westus2
[2026-02-21 05:01:17.000]  [GetValueFromJsonOrDefault] ErrorCode:0 INFO: Read Imds response field with Name:name Value: amawin
[2026-02-21 05:01:17.000]  [GetValueFromJsonOrDefault] ErrorCode:0 INFO: Read Imds response field with Name:subscriptionId Value: 351651ce-5feb-4e59-975d-f1f344e2b717
[2026-02-21 05:01:17.000]  [GetValueFromJsonOrDefault] ErrorCode:0 INFO: Read Imds response field with Name:vmId Value: 22afd636-aec1-4782-9055-f85ea283dc20
[2026-02-21 05:01:17.000]  [GetValueFromJsonOrDefault] ErrorCode:0 INFO: Read Imds response field with Name:vmScaleSetName Value: 
[2026-02-21 05:01:17.000]  [GetValueFromJsonOrDefault] ErrorCode:0 INFO: Read Imds response field with Name:resourceGroupName Value: AMAWin_group
[2026-02-21 05:01:17.000]  [GetValueFromJsonOrDefault] ErrorCode:0 INFO: Read Imds response field with Name:osType Value: Windows
[2026-02-21 05:01:17.000]  [GetValueFromJsonOrDefault] ErrorCode:0 INFO: Read Imds response field with Name:resourceId Value: /subscriptions/351651ce-5feb-4e59-975d-f1f344e2b717/resourceGroups/AMAWin_group/providers/Microsoft.Compute/virtualMachines/amawin
[2026-02-21 05:01:17.000]  [GetValueFromJsonOrDefault] ErrorCode:0 INFO: Read Imds response field with Name:azEnvironment Value: AzurePublicCloud
[2026-02-21 05:01:17.000]  [SetImdsEnvironmentVariable] ErrorCode:0 INFO: Successfully set Environment variables from Imds
[2026-02-21 05:01:17.000]  [AggregateHeartbeat] ErrorCode:0 INFO: Completed heartbeat aggregation.
[2026-02-21 05:01:46.000]  [WriteHeartbeatToFile] ErrorCode:0 INFO: Sending the heartbeat.
[2026-02-21 05:01:46.000]  [WriteStatusToFile] ErrorCode:0 INFO: Sending the status.
[2026-02-21 05:01:46.000]  [WriteHeartbeatToFile] ErrorCode:0 INFO: Done Sending the heartbeat.
[2026-02-21 05:01:46.000]  [WriteStatusToFile] ErrorCode:0 INFO: Done Sending the status.
[2026-02-21 05:02:16.000]  [WriteStatusToFile] ErrorCode:0 INFO: Sending the status.
[2026-02-21 05:02:16.000]  [WriteHeartbeatToFile] ErrorCode:0 INFO: Sending the heartbeat.
[2026-02-21 05:02:16.000]  [WriteHeartbeatToFile] ErrorCode:0 INFO: Done Sending the heartbeat.
[2026-02-21 05:02:16.000]  [WriteStatusToFile] ErrorCode:0 INFO: Done Sending the status.
[2026-02-21 05:02:17.000]  [FindProcessById] ErrorCode:0 INFO: Attempt to find the process MetricsExtension.Native.exe with ID: 5392.
[2026-02-21 05:02:17.000]  [FindProcessById] ErrorCode:0 INFO: Running Process MetricsExtension.Native.exe found. ID: 5392.
[2026-02-21 05:02:17.000]  [StartMetricsExtension] ErrorCode:0 ERROR: Metrics extension is already running
[2026-02-21 05:02:46.000]  [WriteStatusToFile] ErrorCode:0 INFO: Sending the status.
[2026-02-21 05:02:46.000]  [WriteHeartbeatToFile] ErrorCode:0 INFO: Sending the heartbeat.
[2026-02-21 05:02:46.000]  [WriteStatusToFile] ErrorCode:0 INFO: Done Sending the status.
[2026-02-21 05:02:46.000]  [WriteHeartbeatToFile] ErrorCode:0 INFO: Done Sending the heartbeat.
[2026-02-21 05:03:17.000]  [WriteStatusToFile] ErrorCode:0 INFO: Sending the status.
[2026-02-21 05:03:17.000]  [WriteHeartbeatToFile] ErrorCode:0 INFO: Sending the heartbeat.
[2026-02-21 05:03:17.000]  [WriteStatusToFile] ErrorCode:0 INFO: Done Sending the status.
[2026-02-21 05:03:17.000]  [WriteHeartbeatToFile] ErrorCode:0 INFO: Done Sending the heartbeat.
[2026-02-21 05:03:17.000]  [FindProcessById] ErrorCode:0 INFO: Attempt to find the process MetricsExtension.Native.exe with ID: 5392.
[2026-02-21 05:03:17.000]  [FindProcessById] ErrorCode:0 INFO: Running Process MetricsExtension.Native.exe found. ID: 5392.
[2026-02-21 05:03:17.000]  [StartMetricsExtension] ErrorCode:0 ERROR: Metrics extension is already running
[2026-02-21 05:03:47.000]  [WriteHeartbeatToFile] ErrorCode:0 INFO: Sending the heartbeat.
[2026-02-21 05:03:47.000]  [WriteStatusToFile] ErrorCode:0 INFO: Sending the status.
[2026-02-21 05:03:47.000]  [WriteStatusToFile] ErrorCode:0 INFO: Done Sending the status.
[2026-02-21 05:03:47.000]  [WriteHeartbeatToFile] ErrorCode:0 INFO: Done Sending the heartbeat.
[2026-02-21 05:04:17.000]  [WriteStatusToFile] ErrorCode:0 INFO: Sending the status.
[2026-02-21 05:04:17.000]  [WriteStatusToFile] ErrorCode:0 INFO: Done Sending the status.
[2026-02-21 05:04:17.000]  [WriteHeartbeatToFile] ErrorCode:0 INFO: Sending the heartbeat.
[2026-02-21 05:04:17.000]  [WriteHeartbeatToFile] ErrorCode:0 INFO: Done Sending the heartbeat.
[2026-02-21 05:04:17.000]  [FindProcessById] ErrorCode:0 INFO: Attempt to find the process MetricsExtension.Native.exe with ID: 5392.
[2026-02-21 05:04:17.000]  [FindProcessById] ErrorCode:0 INFO: Running Process MetricsExtension.Native.exe found. ID: 5392.
[2026-02-21 05:04:17.000]  [StartMetricsExtension] ErrorCode:0 ERROR: Metrics extension is already running
[2026-02-21 05:04:47.000]  [WriteStatusToFile] ErrorCode:0 INFO: Sending the status.
[2026-02-21 05:04:47.000]  [WriteStatusToFile] ErrorCode:0 INFO: Done Sending the status.
[2026-02-21 05:04:47.000]  [WriteHeartbeatToFile] ErrorCode:0 INFO: Sending the heartbeat.
[2026-02-21 05:04:47.000]  [WriteHeartbeatToFile] ErrorCode:0 INFO: Done Sending the heartbeat.
[2026-02-21 05:05:17.000]  [WriteStatusToFile] ErrorCode:0 INFO: Sending the status.
[2026-02-21 05:05:17.000]  [WriteStatusToFile] ErrorCode:0 INFO: Done Sending the status.
[2026-02-21 05:05:17.000]  [WriteHeartbeatToFile] ErrorCode:0 INFO: Sending the heartbeat.
[2026-02-21 05:05:17.000]  [WriteHeartbeatToFile] ErrorCode:0 INFO: Done Sending the heartbeat.
[2026-02-21 05:05:17.000]  [FindProcessById] ErrorCode:0 INFO: Attempt to find the process MetricsExtension.Native.exe with ID: 5392.
[2026-02-21 05:05:17.000]  [FindProcessById] ErrorCode:0 INFO: Running Process MetricsExtension.Native.exe found. ID: 5392.
[2026-02-21 05:05:17.000]  [StartMetricsExtension] ErrorCode:0 ERROR: Metrics extension is already running
[2026-02-21 05:05:47.000]  [WriteStatusToFile] ErrorCode:0 INFO: Sending the status.
[2026-02-21 05:05:47.000]  [WriteStatusToFile] ErrorCode:0 INFO: Done Sending the status.
[2026-02-21 05:05:47.000]  [WriteHeartbeatToFile] ErrorCode:0 INFO: Sending the heartbeat.
[2026-02-21 05:05:47.000]  [WriteHeartbeatToFile] ErrorCode:0 INFO: Done Sending the heartbeat.
[2026-02-21 05:06:17.000]  [WriteStatusToFile] ErrorCode:0 INFO: Sending the status.
[2026-02-21 05:06:17.000]  [WriteStatusToFile] ErrorCode:0 INFO: Done Sending the status.
[2026-02-21 05:06:17.000]  [WriteHeartbeatToFile] ErrorCode:0 INFO: Sending the heartbeat.
[2026-02-21 05:06:17.000]  [WriteHeartbeatToFile] ErrorCode:0 INFO: Done Sending the heartbeat.
[2026-02-21 05:06:17.000]  [FindProcessById] ErrorCode:0 INFO: Attempt to find the process MetricsExtension.Native.exe with ID: 5392.
[2026-02-21 05:06:17.000]  [FindProcessById] ErrorCode:0 INFO: Running Process MetricsExtension.Native.exe found. ID: 5392.
[2026-02-21 05:06:17.000]  [StartMetricsExtension] ErrorCode:0 ERROR: Metrics extension is already running
[2026-02-21 05:06:17.000]  [AggregateHeartbeat] ErrorCode:0 INFO: Start heartbeat aggregation.
[2026-02-21 05:06:17.000]  [QueryRegValueDWORD] ErrorCode:0 INFO: Query Registry for Key:SOFTWARE\Microsoft\Windows Azure\CurrentVersion\AzureMonitorAgentExtension\47.4.1.0, Name:MaServiceProcess
[2026-02-21 05:06:17.000]  [QueryRegValueDWORD] ErrorCode:0 INFO: Query Registry for Key:SOFTWARE\Microsoft\Windows Azure\CurrentVersion\AzureMonitorAgentExtension\47.4.1.0, Name:MaServiceProcess, Value:2228
[2026-02-21 05:06:17.000]  [FindProcessById] ErrorCode:0 INFO: Attempt to find the process MonAgentLauncher.exe with ID: 2228.
[2026-02-21 05:06:17.000]  [FindProcessById] ErrorCode:0 INFO: Running Process MonAgentLauncher.exe found. ID: 2228.
[2026-02-21 05:06:17.000]  [CheckIfMAServiceIsRunByExtension] ErrorCode:0 INFO: The MA process is running based on the m_registry
[2026-02-21 05:06:17.000]  [QueryRegValueDWORD] ErrorCode:0 INFO: Query Registry for Key:SOFTWARE\Microsoft\Windows Azure\CurrentVersion\AzureMonitorAgentExtension\47.4.1.0, Name:AMAMultitenantServiceProcess
[2026-02-21 05:06:17.000]  [QueryRegValueDWORD] ErrorCode:0 ERROR: RegQueryValueExA: failed to query REG_DWORD value, Key:SOFTWARE\Microsoft\Windows Azure\CurrentVersion\AzureMonitorAgentExtension\47.4.1.0, name=AMAMultitenantServiceProcess, error=2, type=0
[2026-02-21 05:06:17.000]  [CheckIfMAServiceIsRunByExtension] ErrorCode:1205 INFO: Unable to read the m_registry for MA process. Assume it is not running.
[2026-02-21 05:06:17.000]  [AggregateHeartbeat] ErrorCode:0 INFO: Configured MA Service is not running on the node.
[2026-02-21 05:06:17.000]  [SetImdsEnvironmentVariable] ErrorCode:0 INFO: Querying IMDS information
[2026-02-21 05:06:17.000]  [SetImdsEnvironmentVariable] ErrorCode:-1 INFO: Preparing to call IMDS. Endpoint: http://169.254.169.254
[2026-02-21 05:06:17.000]  [QueryIMDSEndpoint] ErrorCode:0 INFO: Queried IMDS successfully.
[2026-02-21 05:06:17.000]  [GetValueFromJsonOrDefault] ErrorCode:0 INFO: Read Imds response field with Name:location Value: westus2
[2026-02-21 05:06:17.000]  [GetValueFromJsonOrDefault] ErrorCode:0 INFO: Read Imds response field with Name:name Value: amawin
[2026-02-21 05:06:17.000]  [GetValueFromJsonOrDefault] ErrorCode:0 INFO: Read Imds response field with Name:subscriptionId Value: 351651ce-5feb-4e59-975d-f1f344e2b717
[2026-02-21 05:06:17.000]  [GetValueFromJsonOrDefault] ErrorCode:0 INFO: Read Imds response field with Name:vmId Value: 22afd636-aec1-4782-9055-f85ea283dc20
[2026-02-21 05:06:17.000]  [GetValueFromJsonOrDefault] ErrorCode:0 INFO: Read Imds response field with Name:vmScaleSetName Value: 
[2026-02-21 05:06:17.000]  [GetValueFromJsonOrDefault] ErrorCode:0 INFO: Read Imds response field with Name:resourceGroupName Value: AMAWin_group
[2026-02-21 05:06:17.000]  [GetValueFromJsonOrDefault] ErrorCode:0 INFO: Read Imds response field with Name:osType Value: Windows
[2026-02-21 05:06:17.000]  [GetValueFromJsonOrDefault] ErrorCode:0 INFO: Read Imds response field with Name:resourceId Value: /subscriptions/351651ce-5feb-4e59-975d-f1f344e2b717/resourceGroups/AMAWin_group/providers/Microsoft.Compute/virtualMachines/amawin
[2026-02-21 05:06:17.000]  [GetValueFromJsonOrDefault] ErrorCode:0 INFO: Read Imds response field with Name:azEnvironment Value: AzurePublicCloud
[2026-02-21 05:06:17.000]  [SetImdsEnvironmentVariable] ErrorCode:0 INFO: Successfully set Environment variables from Imds
[2026-02-21 05:06:17.000]  [AggregateHeartbeat] ErrorCode:0 INFO: Completed heartbeat aggregation.
[2026-02-21 05:06:47.000]  [WriteStatusToFile] ErrorCode:0 INFO: Sending the status.
[2026-02-21 05:06:47.000]  [WriteStatusToFile] ErrorCode:0 INFO: Done Sending the status.
[2026-02-21 05:06:47.000]  [WriteHeartbeatToFile] ErrorCode:0 INFO: Sending the heartbeat.
[2026-02-21 05:06:47.000]  [WriteHeartbeatToFile] ErrorCode:0 INFO: Done Sending the heartbeat.
[2026-02-21 05:07:17.000]  [WriteStatusToFile] ErrorCode:0 INFO: Sending the status.
[2026-02-21 05:07:17.000]  [WriteStatusToFile] ErrorCode:0 INFO: Done Sending the status.
[2026-02-21 05:07:17.000]  [WriteHeartbeatToFile] ErrorCode:0 INFO: Sending the heartbeat.
[2026-02-21 05:07:17.000]  [WriteHeartbeatToFile] ErrorCode:0 INFO: Done Sending the heartbeat.
[2026-02-21 05:07:17.000]  [FindProcessById] ErrorCode:0 INFO: Attempt to find the process MetricsExtension.Native.exe with ID: 5392.
[2026-02-21 05:07:17.000]  [FindProcessById] ErrorCode:0 INFO: Running Process MetricsExtension.Native.exe found. ID: 5392.
[2026-02-21 05:07:17.000]  [StartMetricsExtension] ErrorCode:0 ERROR: Metrics extension is already running
[2026-02-21 05:07:47.000]  [WriteStatusToFile] ErrorCode:0 INFO: Sending the status.
[2026-02-21 05:07:47.000]  [WriteStatusToFile] ErrorCode:0 INFO: Done Sending the status.
[2026-02-21 05:07:47.000]  [WriteHeartbeatToFile] ErrorCode:0 INFO: Sending the heartbeat.
[2026-02-21 05:07:47.000]  [WriteHeartbeatToFile] ErrorCode:0 INFO: Done Sending the heartbeat.
[2026-02-21 05:08:17.000]  [WriteStatusToFile] ErrorCode:0 INFO: Sending the status.
[2026-02-21 05:08:17.000]  [WriteStatusToFile] ErrorCode:0 INFO: Done Sending the status.
[2026-02-21 05:08:17.000]  [WriteHeartbeatToFile] ErrorCode:0 INFO: Sending the heartbeat.
[2026-02-21 05:08:17.000]  [WriteHeartbeatToFile] ErrorCode:0 INFO: Done Sending the heartbeat.
[2026-02-21 05:08:17.000]  [FindProcessById] ErrorCode:0 INFO: Attempt to find the process MetricsExtension.Native.exe with ID: 5392.
[2026-02-21 05:08:17.000]  [FindProcessById] ErrorCode:0 INFO: Running Process MetricsExtension.Native.exe found. ID: 5392.
[2026-02-21 05:08:17.000]  [StartMetricsExtension] ErrorCode:0 ERROR: Metrics extension is already running
[2026-02-21 05:08:47.000]  [WriteStatusToFile] ErrorCode:0 INFO: Sending the status.
[2026-02-21 05:08:47.000]  [WriteStatusToFile] ErrorCode:0 INFO: Done Sending the status.
[2026-02-21 05:08:47.000]  [WriteHeartbeatToFile] ErrorCode:0 INFO: Sending the heartbeat.
[2026-02-21 05:08:47.000]  [WriteHeartbeatToFile] ErrorCode:0 INFO: Done Sending the heartbeat.
[2026-02-21 05:09:17.000]  [WriteStatusToFile] ErrorCode:0 INFO: Sending the status.
[2026-02-21 05:09:17.000]  [WriteStatusToFile] ErrorCode:0 INFO: Done Sending the status.
[2026-02-21 05:09:17.000]  [WriteHeartbeatToFile] ErrorCode:0 INFO: Sending the heartbeat.
[2026-02-21 05:09:17.000]  [WriteHeartbeatToFile] ErrorCode:0 INFO: Done Sending the heartbeat.
[2026-02-21 05:09:17.000]  [FindProcessById] ErrorCode:0 INFO: Attempt to find the process MetricsExtension.Native.exe with ID: 5392.
[2026-02-21 05:09:17.000]  [FindProcessById] ErrorCode:0 INFO: Running Process MetricsExtension.Native.exe found. ID: 5392.
[2026-02-21 05:09:17.000]  [StartMetricsExtension] ErrorCode:0 ERROR: Metrics extension is already running
[2026-02-21 05:09:47.000]  [WriteStatusToFile] ErrorCode:0 INFO: Sending the status.
[2026-02-21 05:09:47.000]  [WriteStatusToFile] ErrorCode:0 INFO: Done Sending the status.
[2026-02-21 05:09:47.000]  [WriteHeartbeatToFile] ErrorCode:0 INFO: Sending the heartbeat.
[2026-02-21 05:09:47.000]  [WriteHeartbeatToFile] ErrorCode:0 INFO: Done Sending the heartbeat.
[2026-02-21 05:10:17.000]  [WriteStatusToFile] ErrorCode:0 INFO: Sending the status.
[2026-02-21 05:10:17.000]  [WriteStatusToFile] ErrorCode:0 INFO: Done Sending the status.
[2026-02-21 05:10:17.000]  [WriteHeartbeatToFile] ErrorCode:0 INFO: Sending the heartbeat.
[2026-02-21 05:10:17.000]  [WriteHeartbeatToFile] ErrorCode:0 INFO: Done Sending the heartbeat.
[2026-02-21 05:10:17.000]  [FindProcessById] ErrorCode:0 INFO: Attempt to find the process MetricsExtension.Native.exe with ID: 5392.
[2026-02-21 05:10:17.000]  [FindProcessById] ErrorCode:0 INFO: Running Process MetricsExtension.Native.exe found. ID: 5392.
[2026-02-21 05:10:17.000]  [StartMetricsExtension] ErrorCode:0 ERROR: Metrics extension is already running
[2026-02-21 05:10:47.000]  [WriteStatusToFile] ErrorCode:0 INFO: Sending the status.
[2026-02-21 05:10:47.000]  [WriteStatusToFile] ErrorCode:0 INFO: Done Sending the status.
[2026-02-21 05:10:47.000]  [WriteHeartbeatToFile] ErrorCode:0 INFO: Sending the heartbeat.
[2026-02-21 05:10:47.000]  [WriteHeartbeatToFile] ErrorCode:0 INFO: Done Sending the heartbeat.
[2026-02-21 05:11:17.000]  [WriteStatusToFile] ErrorCode:0 INFO: Sending the status.
[2026-02-21 05:11:17.000]  [WriteStatusToFile] ErrorCode:0 INFO: Done Sending the status.
[2026-02-21 05:11:17.000]  [WriteHeartbeatToFile] ErrorCode:0 INFO: Sending the heartbeat.
[2026-02-21 05:11:17.000]  [WriteHeartbeatToFile] ErrorCode:0 INFO: Done Sending the heartbeat.
[2026-02-21 05:11:17.000]  [FindProcessById] ErrorCode:0 INFO: Attempt to find the process MetricsExtension.Native.exe with ID: 5392.
[2026-02-21 05:11:17.000]  [FindProcessById] ErrorCode:0 INFO: Running Process MetricsExtension.Native.exe found. ID: 5392.
[2026-02-21 05:11:17.000]  [StartMetricsExtension] ErrorCode:0 ERROR: Metrics extension is already running
[2026-02-21 05:11:17.000]  [AggregateHeartbeat] ErrorCode:0 INFO: Start heartbeat aggregation.
[2026-02-21 05:11:17.000]  [QueryRegValueDWORD] ErrorCode:0 INFO: Query Registry for Key:SOFTWARE\Microsoft\Windows Azure\CurrentVersion\AzureMonitorAgentExtension\47.4.1.0, Name:MaServiceProcess
[2026-02-21 05:11:17.000]  [QueryRegValueDWORD] ErrorCode:0 INFO: Query Registry for Key:SOFTWARE\Microsoft\Windows Azure\CurrentVersion\AzureMonitorAgentExtension\47.4.1.0, Name:MaServiceProcess, Value:2228
[2026-02-21 05:11:17.000]  [FindProcessById] ErrorCode:0 INFO: Attempt to find the process MonAgentLauncher.exe with ID: 2228.
[2026-02-21 05:11:17.000]  [FindProcessById] ErrorCode:0 INFO: Running Process MonAgentLauncher.exe found. ID: 2228.
[2026-02-21 05:11:17.000]  [CheckIfMAServiceIsRunByExtension] ErrorCode:0 INFO: The MA process is running based on the m_registry
[2026-02-21 05:11:17.000]  [QueryRegValueDWORD] ErrorCode:0 INFO: Query Registry for Key:SOFTWARE\Microsoft\Windows Azure\CurrentVersion\AzureMonitorAgentExtension\47.4.1.0, Name:AMAMultitenantServiceProcess
[2026-02-21 05:11:17.000]  [QueryRegValueDWORD] ErrorCode:0 ERROR: RegQueryValueExA: failed to query REG_DWORD value, Key:SOFTWARE\Microsoft\Windows Azure\CurrentVersion\AzureMonitorAgentExtension\47.4.1.0, name=AMAMultitenantServiceProcess, error=2, type=0
[2026-02-21 05:11:17.000]  [CheckIfMAServiceIsRunByExtension] ErrorCode:1205 INFO: Unable to read the m_registry for MA process. Assume it is not running.
[2026-02-21 05:11:17.000]  [AggregateHeartbeat] ErrorCode:0 INFO: Configured MA Service is not running on the node.
[2026-02-21 05:11:17.000]  [SetImdsEnvironmentVariable] ErrorCode:0 INFO: Querying IMDS information
[2026-02-21 05:11:17.000]  [SetImdsEnvironmentVariable] ErrorCode:-1 INFO: Preparing to call IMDS. Endpoint: http://169.254.169.254
[2026-02-21 05:11:17.000]  [QueryIMDSEndpoint] ErrorCode:0 INFO: Queried IMDS successfully.
[2026-02-21 05:11:17.000]  [GetValueFromJsonOrDefault] ErrorCode:0 INFO: Read Imds response field with Name:location Value: westus2
[2026-02-21 05:11:17.000]  [GetValueFromJsonOrDefault] ErrorCode:0 INFO: Read Imds response field with Name:name Value: amawin
[2026-02-21 05:11:17.000]  [GetValueFromJsonOrDefault] ErrorCode:0 INFO: Read Imds response field with Name:subscriptionId Value: 351651ce-5feb-4e59-975d-f1f344e2b717
[2026-02-21 05:11:17.000]  [GetValueFromJsonOrDefault] ErrorCode:0 INFO: Read Imds response field with Name:vmId Value: 22afd636-aec1-4782-9055-f85ea283dc20
[2026-02-21 05:11:17.000]  [GetValueFromJsonOrDefault] ErrorCode:0 INFO: Read Imds response field with Name:vmScaleSetName Value: 
[2026-02-21 05:11:17.000]  [GetValueFromJsonOrDefault] ErrorCode:0 INFO: Read Imds response field with Name:resourceGroupName Value: AMAWin_group
[2026-02-21 05:11:17.000]  [GetValueFromJsonOrDefault] ErrorCode:0 INFO: Read Imds response field with Name:osType Value: Windows
[2026-02-21 05:11:17.000]  [GetValueFromJsonOrDefault] ErrorCode:0 INFO: Read Imds response field with Name:resourceId Value: /subscriptions/351651ce-5feb-4e59-975d-f1f344e2b717/resourceGroups/AMAWin_group/providers/Microsoft.Compute/virtualMachines/amawin
[2026-02-21 05:11:17.000]  [GetValueFromJsonOrDefault] ErrorCode:0 INFO: Read Imds response field with Name:azEnvironment Value: AzurePublicCloud
[2026-02-21 05:11:17.000]  [SetImdsEnvironmentVariable] ErrorCode:0 INFO: Successfully set Environment variables from Imds
[2026-02-21 05:11:17.000]  [AggregateHeartbeat] ErrorCode:0 INFO: Completed heartbeat aggregation.
[2026-02-21 05:11:47.000]  [WriteStatusToFile] ErrorCode:0 INFO: Sending the status.
[2026-02-21 05:11:47.000]  [WriteStatusToFile] ErrorCode:0 INFO: Done Sending the status.
[2026-02-21 05:11:47.000]  [WriteHeartbeatToFile] ErrorCode:0 INFO: Sending the heartbeat.
[2026-02-21 05:11:47.000]  [WriteHeartbeatToFile] ErrorCode:0 INFO: Done Sending the heartbeat.
[2026-02-21 05:12:17.000]  [WriteStatusToFile] ErrorCode:0 INFO: Sending the status.
[2026-02-21 05:12:17.000]  [WriteStatusToFile] ErrorCode:0 INFO: Done Sending the status.
[2026-02-21 05:12:17.000]  [WriteHeartbeatToFile] ErrorCode:0 INFO: Sending the heartbeat.
[2026-02-21 05:12:17.000]  [WriteHeartbeatToFile] ErrorCode:0 INFO: Done Sending the heartbeat.
[2026-02-21 05:12:17.000]  [FindProcessById] ErrorCode:0 INFO: Attempt to find the process MetricsExtension.Native.exe with ID: 5392.
[2026-02-21 05:12:17.000]  [FindProcessById] ErrorCode:0 INFO: Running Process MetricsExtension.Native.exe found. ID: 5392.
[2026-02-21 05:12:17.000]  [StartMetricsExtension] ErrorCode:0 ERROR: Metrics extension is already running
[2026-02-21 05:12:47.000]  [WriteStatusToFile] ErrorCode:0 INFO: Sending the status.
[2026-02-21 05:12:47.000]  [WriteStatusToFile] ErrorCode:0 INFO: Done Sending the status.
[2026-02-21 05:12:47.000]  [WriteHeartbeatToFile] ErrorCode:0 INFO: Sending the heartbeat.
[2026-02-21 05:12:47.000]  [WriteHeartbeatToFile] ErrorCode:0 INFO: Done Sending the heartbeat.
[2026-02-21 05:13:17.000]  [WriteStatusToFile] ErrorCode:0 INFO: Sending the status.
[2026-02-21 05:13:17.000]  [WriteStatusToFile] ErrorCode:0 INFO: Done Sending the status.
[2026-02-21 05:13:17.000]  [WriteHeartbeatToFile] ErrorCode:0 INFO: Sending the heartbeat.
[2026-02-21 05:13:17.000]  [WriteHeartbeatToFile] ErrorCode:0 INFO: Done Sending the heartbeat.
[2026-02-21 05:13:17.000]  [FindProcessById] ErrorCode:0 INFO: Attempt to find the process MetricsExtension.Native.exe with ID: 5392.
[2026-02-21 05:13:17.000]  [FindProcessById] ErrorCode:0 INFO: Running Process MetricsExtension.Native.exe found. ID: 5392.
[2026-02-21 05:13:17.000]  [StartMetricsExtension] ErrorCode:0 ERROR: Metrics extension is already running
[2026-02-21 05:13:47.000]  [WriteStatusToFile] ErrorCode:0 INFO: Sending the status.
[2026-02-21 05:13:47.000]  [WriteStatusToFile] ErrorCode:0 INFO: Done Sending the status.
[2026-02-21 05:13:47.000]  [WriteHeartbeatToFile] ErrorCode:0 INFO: Sending the heartbeat.
[2026-02-21 05:13:47.000]  [WriteHeartbeatToFile] ErrorCode:0 INFO: Done Sending the heartbeat.
[2026-02-21 05:14:17.000]  [WriteStatusToFile] ErrorCode:0 INFO: Sending the status.
[2026-02-21 05:14:17.000]  [WriteStatusToFile] ErrorCode:0 INFO: Done Sending the status.
[2026-02-21 05:14:17.000]  [WriteHeartbeatToFile] ErrorCode:0 INFO: Sending the heartbeat.
[2026-02-21 05:14:17.000]  [WriteHeartbeatToFile] ErrorCode:0 INFO: Done Sending the heartbeat.
[2026-02-21 05:14:17.000]  [FindProcessById] ErrorCode:0 INFO: Attempt to find the process MetricsExtension.Native.exe with ID: 5392.
[2026-02-21 05:14:17.000]  [FindProcessById] ErrorCode:0 INFO: Running Process MetricsExtension.Native.exe found. ID: 5392.
[2026-02-21 05:14:17.000]  [StartMetricsExtension] ErrorCode:0 ERROR: Metrics extension is already running
[2026-02-21 05:14:47.000]  [WriteStatusToFile] ErrorCode:0 INFO: Sending the status.
[2026-02-21 05:14:47.000]  [WriteStatusToFile] ErrorCode:0 INFO: Done Sending the status.
[2026-02-21 05:14:47.000]  [WriteHeartbeatToFile] ErrorCode:0 INFO: Sending the heartbeat.
[2026-02-21 05:14:47.000]  [WriteHeartbeatToFile] ErrorCode:0 INFO: Done Sending the heartbeat.
[2026-02-21 05:15:17.000]  [WriteStatusToFile] ErrorCode:0 INFO: Sending the status.
[2026-02-21 05:15:17.000]  [WriteStatusToFile] ErrorCode:0 INFO: Done Sending the status.
[2026-02-21 05:15:17.000]  [WriteHeartbeatToFile] ErrorCode:0 INFO: Sending the heartbeat.
[2026-02-21 05:15:17.000]  [WriteHeartbeatToFile] ErrorCode:0 INFO: Done Sending the heartbeat.
[2026-02-21 05:15:17.000]  [FindProcessById] ErrorCode:0 INFO: Attempt to find the process MetricsExtension.Native.exe with ID: 5392.
[2026-02-21 05:15:17.000]  [FindProcessById] ErrorCode:0 INFO: Running Process MetricsExtension.Native.exe found. ID: 5392.
[2026-02-21 05:15:17.000]  [StartMetricsExtension] ErrorCode:0 ERROR: Metrics extension is already running
[2026-02-21 05:15:47.000]  [WriteStatusToFile] ErrorCode:0 INFO: Sending the status.
[2026-02-21 05:15:47.000]  [WriteStatusToFile] ErrorCode:0 INFO: Done Sending the status.
[2026-02-21 05:15:47.000]  [WriteHeartbeatToFile] ErrorCode:0 INFO: Sending the heartbeat.
[2026-02-21 05:15:47.000]  [WriteHeartbeatToFile] ErrorCode:0 INFO: Done Sending the heartbeat.
[2026-02-21 05:16:17.000]  [WriteStatusToFile] ErrorCode:0 INFO: Sending the status.
[2026-02-21 05:16:17.000]  [WriteStatusToFile] ErrorCode:0 INFO: Done Sending the status.
[2026-02-21 05:16:17.000]  [WriteHeartbeatToFile] ErrorCode:0 INFO: Sending the heartbeat.
[2026-02-21 05:16:17.000]  [WriteHeartbeatToFile] ErrorCode:0 INFO: Done Sending the heartbeat.
[2026-02-21 05:16:17.000]  [FindProcessById] ErrorCode:0 INFO: Attempt to find the process MetricsExtension.Native.exe with ID: 5392.
[2026-02-21 05:16:17.000]  [FindProcessById] ErrorCode:0 INFO: Running Process MetricsExtension.Native.exe found. ID: 5392.
[2026-02-21 05:16:17.000]  [StartMetricsExtension] ErrorCode:0 ERROR: Metrics extension is already running
[2026-02-21 05:16:17.000]  [AggregateHeartbeat] ErrorCode:0 INFO: Start heartbeat aggregation.
[2026-02-21 05:16:17.000]  [QueryRegValueDWORD] ErrorCode:0 INFO: Query Registry for Key:SOFTWARE\Microsoft\Windows Azure\CurrentVersion\AzureMonitorAgentExtension\47.4.1.0, Name:MaServiceProcess
[2026-02-21 05:16:17.000]  [QueryRegValueDWORD] ErrorCode:0 INFO: Query Registry for Key:SOFTWARE\Microsoft\Windows Azure\CurrentVersion\AzureMonitorAgentExtension\47.4.1.0, Name:MaServiceProcess, Value:2228
[2026-02-21 05:16:17.000]  [FindProcessById] ErrorCode:0 INFO: Attempt to find the process MonAgentLauncher.exe with ID: 2228.
[2026-02-21 05:16:17.000]  [FindProcessById] ErrorCode:0 INFO: Running Process MonAgentLauncher.exe found. ID: 2228.
[2026-02-21 05:16:17.000]  [CheckIfMAServiceIsRunByExtension] ErrorCode:0 INFO: The MA process is running based on the m_registry
[2026-02-21 05:16:17.000]  [QueryRegValueDWORD] ErrorCode:0 INFO: Query Registry for Key:SOFTWARE\Microsoft\Windows Azure\CurrentVersion\AzureMonitorAgentExtension\47.4.1.0, Name:AMAMultitenantServiceProcess
[2026-02-21 05:16:17.000]  [QueryRegValueDWORD] ErrorCode:0 ERROR: RegQueryValueExA: failed to query REG_DWORD value, Key:SOFTWARE\Microsoft\Windows Azure\CurrentVersion\AzureMonitorAgentExtension\47.4.1.0, name=AMAMultitenantServiceProcess, error=2, type=0
[2026-02-21 05:16:17.000]  [CheckIfMAServiceIsRunByExtension] ErrorCode:1205 INFO: Unable to read the m_registry for MA process. Assume it is not running.
[2026-02-21 05:16:17.000]  [AggregateHeartbeat] ErrorCode:0 INFO: Configured MA Service is not running on the node.
[2026-02-21 05:16:17.000]  [SetImdsEnvironmentVariable] ErrorCode:0 INFO: Querying IMDS information
[2026-02-21 05:16:17.000]  [SetImdsEnvironmentVariable] ErrorCode:-1 INFO: Preparing to call IMDS. Endpoint: http://169.254.169.254
[2026-02-21 05:16:17.000]  [QueryIMDSEndpoint] ErrorCode:0 INFO: Queried IMDS successfully.
[2026-02-21 05:16:17.000]  [GetValueFromJsonOrDefault] ErrorCode:0 INFO: Read Imds response field with Name:location Value: westus2
[2026-02-21 05:16:17.000]  [GetValueFromJsonOrDefault] ErrorCode:0 INFO: Read Imds response field with Name:name Value: amawin
[2026-02-21 05:16:17.000]  [GetValueFromJsonOrDefault] ErrorCode:0 INFO: Read Imds response field with Name:subscriptionId Value: 351651ce-5feb-4e59-975d-f1f344e2b717
[2026-02-21 05:16:17.000]  [GetValueFromJsonOrDefault] ErrorCode:0 INFO: Read Imds response field with Name:vmId Value: 22afd636-aec1-4782-9055-f85ea283dc20
[2026-02-21 05:16:17.000]  [GetValueFromJsonOrDefault] ErrorCode:0 INFO: Read Imds response field with Name:vmScaleSetName Value: 
[2026-02-21 05:16:17.000]  [GetValueFromJsonOrDefault] ErrorCode:0 INFO: Read Imds response field with Name:resourceGroupName Value: AMAWin_group
[2026-02-21 05:16:17.000]  [GetValueFromJsonOrDefault] ErrorCode:0 INFO: Read Imds response field with Name:osType Value: Windows
[2026-02-21 05:16:17.000]  [GetValueFromJsonOrDefault] ErrorCode:0 INFO: Read Imds response field with Name:resourceId Value: /subscriptions/351651ce-5feb-4e59-975d-f1f344e2b717/resourceGroups/AMAWin_group/providers/Microsoft.Compute/virtualMachines/amawin
[2026-02-21 05:16:17.000]  [GetValueFromJsonOrDefault] ErrorCode:0 INFO: Read Imds response field with Name:azEnvironment Value: AzurePublicCloud
[2026-02-21 05:16:17.000]  [SetImdsEnvironmentVariable] ErrorCode:0 INFO: Successfully set Environment variables from Imds
[2026-02-21 05:16:17.000]  [AggregateHeartbeat] ErrorCode:0 INFO: Completed heartbeat aggregation.
[2026-02-21 05:16:47.000]  [WriteStatusToFile] ErrorCode:0 INFO: Sending the status.
[2026-02-21 05:16:47.000]  [WriteStatusToFile] ErrorCode:0 INFO: Done Sending the status.
[2026-02-21 05:16:47.000]  [WriteHeartbeatToFile] ErrorCode:0 INFO: Sending the heartbeat.
[2026-02-21 05:16:47.000]  [WriteHeartbeatToFile] ErrorCode:0 INFO: Done Sending the heartbeat.
[2026-02-21 05:17:17.000]  [WriteStatusToFile] ErrorCode:0 INFO: Sending the status.
[2026-02-21 05:17:17.000]  [WriteStatusToFile] ErrorCode:0 INFO: Done Sending the status.
[2026-02-21 05:17:17.000]  [WriteHeartbeatToFile] ErrorCode:0 INFO: Sending the heartbeat.
[2026-02-21 05:17:17.000]  [WriteHeartbeatToFile] ErrorCode:0 INFO: Done Sending the heartbeat.
[2026-02-21 05:17:17.000]  [FindProcessById] ErrorCode:0 INFO: Attempt to find the process MetricsExtension.Native.exe with ID: 5392.
[2026-02-21 05:17:17.000]  [FindProcessById] ErrorCode:0 INFO: Running Process MetricsExtension.Native.exe found. ID: 5392.
[2026-02-21 05:17:17.000]  [StartMetricsExtension] ErrorCode:0 ERROR: Metrics extension is already running
[2026-02-21 05:17:47.000]  [WriteStatusToFile] ErrorCode:0 INFO: Sending the status.
[2026-02-21 05:17:47.000]  [WriteStatusToFile] ErrorCode:0 INFO: Done Sending the status.
[2026-02-21 05:17:47.000]  [WriteHeartbeatToFile] ErrorCode:0 INFO: Sending the heartbeat.
[2026-02-21 05:17:47.000]  [WriteHeartbeatToFile] ErrorCode:0 INFO: Done Sending the heartbeat.
[2026-02-21 05:18:17.000]  [WriteStatusToFile] ErrorCode:0 INFO: Sending the status.
[2026-02-21 05:18:17.000]  [WriteStatusToFile] ErrorCode:0 INFO: Done Sending the status.
[2026-02-21 05:18:17.000]  [WriteHeartbeatToFile] ErrorCode:0 INFO: Sending the heartbeat.
[2026-02-21 05:18:17.000]  [WriteHeartbeatToFile] ErrorCode:0 INFO: Done Sending the heartbeat.
[2026-02-21 05:18:17.000]  [FindProcessById] ErrorCode:0 INFO: Attempt to find the process MetricsExtension.Native.exe with ID: 5392.
[2026-02-21 05:18:17.000]  [FindProcessById] ErrorCode:0 INFO: Running Process MetricsExtension.Native.exe found. ID: 5392.
[2026-02-21 05:18:17.000]  [StartMetricsExtension] ErrorCode:0 ERROR: Metrics extension is already running
[2026-02-21 05:18:47.000]  [WriteStatusToFile] ErrorCode:0 INFO: Sending the status.
[2026-02-21 05:18:47.000]  [WriteStatusToFile] ErrorCode:0 INFO: Done Sending the status.
[2026-02-21 05:18:47.000]  [WriteHeartbeatToFile] ErrorCode:0 INFO: Sending the heartbeat.
[2026-02-21 05:18:47.000]  [WriteHeartbeatToFile] ErrorCode:0 INFO: Done Sending the heartbeat.
[2026-02-21 05:19:17.000]  [WriteStatusToFile] ErrorCode:0 INFO: Sending the status.
[2026-02-21 05:19:17.000]  [WriteStatusToFile] ErrorCode:0 INFO: Done Sending the status.
[2026-02-21 05:19:17.000]  [WriteHeartbeatToFile] ErrorCode:0 INFO: Sending the heartbeat.
[2026-02-21 05:19:17.000]  [WriteHeartbeatToFile] ErrorCode:0 INFO: Done Sending the heartbeat.
[2026-02-21 05:19:17.000]  [FindProcessById] ErrorCode:0 INFO: Attempt to find the process MetricsExtension.Native.exe with ID: 5392.
[2026-02-21 05:19:17.000]  [FindProcessById] ErrorCode:0 INFO: Running Process MetricsExtension.Native.exe found. ID: 5392.
[2026-02-21 05:19:17.000]  [StartMetricsExtension] ErrorCode:0 ERROR: Metrics extension is already running
[2026-02-21 05:19:47.000]  [WriteStatusToFile] ErrorCode:0 INFO: Sending the status.
[2026-02-21 05:19:47.000]  [WriteStatusToFile] ErrorCode:0 INFO: Done Sending the status.
[2026-02-21 05:19:47.000]  [WriteHeartbeatToFile] ErrorCode:0 INFO: Sending the heartbeat.
[2026-02-21 05:19:47.000]  [WriteHeartbeatToFile] ErrorCode:0 INFO: Done Sending the heartbeat.
[2026-02-21 05:20:17.000]  [WriteStatusToFile] ErrorCode:0 INFO: Sending the status.
[2026-02-21 05:20:17.000]  [WriteStatusToFile] ErrorCode:0 INFO: Done Sending the status.
[2026-02-21 05:20:17.000]  [WriteHeartbeatToFile] ErrorCode:0 INFO: Sending the heartbeat.
[2026-02-21 05:20:17.000]  [WriteHeartbeatToFile] ErrorCode:0 INFO: Done Sending the heartbeat.
[2026-02-21 05:20:17.000]  [FindProcessById] ErrorCode:0 INFO: Attempt to find the process MetricsExtension.Native.exe with ID: 5392.
[2026-02-21 05:20:17.000]  [FindProcessById] ErrorCode:0 INFO: Running Process MetricsExtension.Native.exe found. ID: 5392.
[2026-02-21 05:20:17.000]  [StartMetricsExtension] ErrorCode:0 ERROR: Metrics extension is already running
[2026-02-21 05:20:47.000]  [WriteStatusToFile] ErrorCode:0 INFO: Sending the status.
[2026-02-21 05:20:47.000]  [WriteStatusToFile] ErrorCode:0 INFO: Done Sending the status.
[2026-02-21 05:20:47.000]  [WriteHeartbeatToFile] ErrorCode:0 INFO: Sending the heartbeat.
[2026-02-21 05:20:47.000]  [WriteHeartbeatToFile] ErrorCode:0 INFO: Done Sending the heartbeat.
[2026-02-21 05:21:17.000]  [WriteStatusToFile] ErrorCode:0 INFO: Sending the status.
[2026-02-21 05:21:17.000]  [WriteStatusToFile] ErrorCode:0 INFO: Done Sending the status.
[2026-02-21 05:21:17.000]  [WriteHeartbeatToFile] ErrorCode:0 INFO: Sending the heartbeat.
[2026-02-21 05:21:17.000]  [FindProcessById] ErrorCode:0 INFO: Attempt to find the process MetricsExtension.Native.exe with ID: 5392.
[2026-02-21 05:21:17.000]  [WriteHeartbeatToFile] ErrorCode:0 INFO: Done Sending the heartbeat.
[2026-02-21 05:21:17.000]  [FindProcessById] ErrorCode:0 INFO: Running Process MetricsExtension.Native.exe found. ID: 5392.
[2026-02-21 05:21:17.000]  [StartMetricsExtension] ErrorCode:0 ERROR: Metrics extension is already running
[2026-02-21 05:21:17.000]  [AggregateHeartbeat] ErrorCode:0 INFO: Start heartbeat aggregation.
[2026-02-21 05:21:17.000]  [QueryRegValueDWORD] ErrorCode:0 INFO: Query Registry for Key:SOFTWARE\Microsoft\Windows Azure\CurrentVersion\AzureMonitorAgentExtension\47.4.1.0, Name:MaServiceProcess
[2026-02-21 05:21:17.000]  [QueryRegValueDWORD] ErrorCode:0 INFO: Query Registry for Key:SOFTWARE\Microsoft\Windows Azure\CurrentVersion\AzureMonitorAgentExtension\47.4.1.0, Name:MaServiceProcess, Value:2228
[2026-02-21 05:21:17.000]  [FindProcessById] ErrorCode:0 INFO: Attempt to find the process MonAgentLauncher.exe with ID: 2228.
[2026-02-21 05:21:17.000]  [FindProcessById] ErrorCode:0 INFO: Running Process MonAgentLauncher.exe found. ID: 2228.
[2026-02-21 05:21:17.000]  [CheckIfMAServiceIsRunByExtension] ErrorCode:0 INFO: The MA process is running based on the m_registry
[2026-02-21 05:21:17.000]  [QueryRegValueDWORD] ErrorCode:0 INFO: Query Registry for Key:SOFTWARE\Microsoft\Windows Azure\CurrentVersion\AzureMonitorAgentExtension\47.4.1.0, Name:AMAMultitenantServiceProcess
[2026-02-21 05:21:17.000]  [QueryRegValueDWORD] ErrorCode:0 ERROR: RegQueryValueExA: failed to query REG_DWORD value, Key:SOFTWARE\Microsoft\Windows Azure\CurrentVersion\AzureMonitorAgentExtension\47.4.1.0, name=AMAMultitenantServiceProcess, error=2, type=0
[2026-02-21 05:21:17.000]  [CheckIfMAServiceIsRunByExtension] ErrorCode:1205 INFO: Unable to read the m_registry for MA process. Assume it is not running.
[2026-02-21 05:21:17.000]  [AggregateHeartbeat] ErrorCode:0 INFO: Configured MA Service is not running on the node.
[2026-02-21 05:21:17.000]  [SetImdsEnvironmentVariable] ErrorCode:0 INFO: Querying IMDS information
[2026-02-21 05:21:17.000]  [SetImdsEnvironmentVariable] ErrorCode:-1 INFO: Preparing to call IMDS. Endpoint: http://169.254.169.254
[2026-02-21 05:21:17.000]  [QueryIMDSEndpoint] ErrorCode:0 INFO: Queried IMDS successfully.
[2026-02-21 05:21:17.000]  [GetValueFromJsonOrDefault] ErrorCode:0 INFO: Read Imds response field with Name:location Value: westus2
[2026-02-21 05:21:17.000]  [GetValueFromJsonOrDefault] ErrorCode:0 INFO: Read Imds response field with Name:name Value: amawin
[2026-02-21 05:21:17.000]  [GetValueFromJsonOrDefault] ErrorCode:0 INFO: Read Imds response field with Name:subscriptionId Value: 351651ce-5feb-4e59-975d-f1f344e2b717
[2026-02-21 05:21:17.000]  [GetValueFromJsonOrDefault] ErrorCode:0 INFO: Read Imds response field with Name:vmId Value: 22afd636-aec1-4782-9055-f85ea283dc20
[2026-02-21 05:21:17.000]  [GetValueFromJsonOrDefault] ErrorCode:0 INFO: Read Imds response field with Name:vmScaleSetName Value: 
[2026-02-21 05:21:17.000]  [GetValueFromJsonOrDefault] ErrorCode:0 INFO: Read Imds response field with Name:resourceGroupName Value: AMAWin_group
[2026-02-21 05:21:17.000]  [GetValueFromJsonOrDefault] ErrorCode:0 INFO: Read Imds response field with Name:osType Value: Windows
[2026-02-21 05:21:17.000]  [GetValueFromJsonOrDefault] ErrorCode:0 INFO: Read Imds response field with Name:resourceId Value: /subscriptions/351651ce-5feb-4e59-975d-f1f344e2b717/resourceGroups/AMAWin_group/providers/Microsoft.Compute/virtualMachines/amawin
[2026-02-21 05:21:17.000]  [GetValueFromJsonOrDefault] ErrorCode:0 INFO: Read Imds response field with Name:azEnvironment Value: AzurePublicCloud
[2026-02-21 05:21:17.000]  [SetImdsEnvironmentVariable] ErrorCode:0 INFO: Successfully set Environment variables from Imds
[2026-02-21 05:21:17.000]  [AggregateHeartbeat] ErrorCode:0 INFO: Completed heartbeat aggregation.
[2026-02-21 05:21:47.000]  [WriteStatusToFile] ErrorCode:0 INFO: Sending the status.
[2026-02-21 05:21:47.000]  [WriteStatusToFile] ErrorCode:0 INFO: Done Sending the status.
[2026-02-21 05:21:47.000]  [WriteHeartbeatToFile] ErrorCode:0 INFO: Sending the heartbeat.
[2026-02-21 05:21:47.000]  [WriteHeartbeatToFile] ErrorCode:0 INFO: Done Sending the heartbeat.
[2026-02-21 05:22:17.000]  [WriteStatusToFile] ErrorCode:0 INFO: Sending the status.
[2026-02-21 05:22:17.000]  [WriteStatusToFile] ErrorCode:0 INFO: Done Sending the status.
[2026-02-21 05:22:17.000]  [WriteHeartbeatToFile] ErrorCode:0 INFO: Sending the heartbeat.
[2026-02-21 05:22:17.000]  [WriteHeartbeatToFile] ErrorCode:0 INFO: Done Sending the heartbeat.
[2026-02-21 05:22:17.000]  [FindProcessById] ErrorCode:0 INFO: Attempt to find the process MetricsExtension.Native.exe with ID: 5392.
[2026-02-21 05:22:17.000]  [FindProcessById] ErrorCode:0 INFO: Running Process MetricsExtension.Native.exe found. ID: 5392.
[2026-02-21 05:22:17.000]  [StartMetricsExtension] ErrorCode:0 ERROR: Metrics extension is already running
[2026-02-21 05:22:47.000]  [WriteStatusToFile] ErrorCode:0 INFO: Sending the status.
[2026-02-21 05:22:47.000]  [WriteStatusToFile] ErrorCode:0 INFO: Done Sending the status.
[2026-02-21 05:22:47.000]  [WriteHeartbeatToFile] ErrorCode:0 INFO: Sending the heartbeat.
[2026-02-21 05:22:47.000]  [WriteHeartbeatToFile] ErrorCode:0 INFO: Done Sending the heartbeat.
[2026-02-21 05:23:17.000]  [WriteStatusToFile] ErrorCode:0 INFO: Sending the status.
[2026-02-21 05:23:17.000]  [WriteStatusToFile] ErrorCode:0 INFO: Done Sending the status.
[2026-02-21 05:23:17.000]  [WriteHeartbeatToFile] ErrorCode:0 INFO: Sending the heartbeat.
[2026-02-21 05:23:17.000]  [WriteHeartbeatToFile] ErrorCode:0 INFO: Done Sending the heartbeat.
[2026-02-21 05:23:17.000]  [FindProcessById] ErrorCode:0 INFO: Attempt to find the process MetricsExtension.Native.exe with ID: 5392.
[2026-02-21 05:23:17.000]  [FindProcessById] ErrorCode:0 INFO: Running Process MetricsExtension.Native.exe found. ID: 5392.
[2026-02-21 05:23:17.000]  [StartMetricsExtension] ErrorCode:0 ERROR: Metrics extension is already running
[2026-02-21 05:23:47.000]  [WriteStatusToFile] ErrorCode:0 INFO: Sending the status.
[2026-02-21 05:23:47.000]  [WriteStatusToFile] ErrorCode:0 INFO: Done Sending the status.
[2026-02-21 05:23:47.000]  [WriteHeartbeatToFile] ErrorCode:0 INFO: Sending the heartbeat.
[2026-02-21 05:23:47.000]  [WriteHeartbeatToFile] ErrorCode:0 INFO: Done Sending the heartbeat.
[2026-02-21 05:24:17.000]  [WriteStatusToFile] ErrorCode:0 INFO: Sending the status.
[2026-02-21 05:24:17.000]  [WriteStatusToFile] ErrorCode:0 INFO: Done Sending the status.
[2026-02-21 05:24:17.000]  [WriteHeartbeatToFile] ErrorCode:0 INFO: Sending the heartbeat.
[2026-02-21 05:24:17.000]  [FindProcessById] ErrorCode:0 INFO: Attempt to find the process MetricsExtension.Native.exe with ID: 5392.
[2026-02-21 05:24:17.000]  [WriteHeartbeatToFile] ErrorCode:0 INFO: Done Sending the heartbeat.
[2026-02-21 05:24:17.000]  [FindProcessById] ErrorCode:0 INFO: Running Process MetricsExtension.Native.exe found. ID: 5392.
[2026-02-21 05:24:17.000]  [StartMetricsExtension] ErrorCode:0 ERROR: Metrics extension is already running
[2026-02-21 05:24:47.000]  [WriteStatusToFile] ErrorCode:0 INFO: Sending the status.
[2026-02-21 05:24:47.000]  [WriteStatusToFile] ErrorCode:0 INFO: Done Sending the status.
[2026-02-21 05:24:47.000]  [WriteHeartbeatToFile] ErrorCode:0 INFO: Sending the heartbeat.
[2026-02-21 05:24:47.000]  [WriteHeartbeatToFile] ErrorCode:0 INFO: Done Sending the heartbeat.
[2026-02-21 05:25:17.000]  [WriteStatusToFile] ErrorCode:0 INFO: Sending the status.
[2026-02-21 05:25:17.000]  [FindProcessById] ErrorCode:0 INFO: Attempt to find the process MetricsExtension.Native.exe with ID: 5392.
[2026-02-21 05:25:17.000]  [WriteStatusToFile] ErrorCode:0 INFO: Done Sending the status.
[2026-02-21 05:25:17.000]  [FindProcessById] ErrorCode:0 INFO: Running Process MetricsExtension.Native.exe found. ID: 5392.
[2026-02-21 05:25:17.000]  [StartMetricsExtension] ErrorCode:0 ERROR: Metrics extension is already running
[2026-02-21 05:25:17.000]  [WriteHeartbeatToFile] ErrorCode:0 INFO: Sending the heartbeat.
[2026-02-21 05:25:17.000]  [WriteHeartbeatToFile] ErrorCode:0 INFO: Done Sending the heartbeat.
[2026-02-21 05:25:47.000]  [WriteStatusToFile] ErrorCode:0 INFO: Sending the status.
[2026-02-21 05:25:47.000]  [WriteStatusToFile] ErrorCode:0 INFO: Done Sending the status.
[2026-02-21 05:25:47.000]  [WriteHeartbeatToFile] ErrorCode:0 INFO: Sending the heartbeat.
[2026-02-21 05:25:47.000]  [WriteHeartbeatToFile] ErrorCode:0 INFO: Done Sending the heartbeat.
[2026-02-21 05:26:17.000]  [FindProcessById] ErrorCode:0 INFO: Attempt to find the process MetricsExtension.Native.exe with ID: 5392.
[2026-02-21 05:26:17.000]  [FindProcessById] ErrorCode:0 INFO: Running Process MetricsExtension.Native.exe found. ID: 5392.
[2026-02-21 05:26:17.000]  [StartMetricsExtension] ErrorCode:0 ERROR: Metrics extension is already running
[2026-02-21 05:26:17.000]  [AggregateHeartbeat] ErrorCode:0 INFO: Start heartbeat aggregation.
[2026-02-21 05:26:17.000]  [QueryRegValueDWORD] ErrorCode:0 INFO: Query Registry for Key:SOFTWARE\Microsoft\Windows Azure\CurrentVersion\AzureMonitorAgentExtension\47.4.1.0, Name:MaServiceProcess
[2026-02-21 05:26:17.000]  [QueryRegValueDWORD] ErrorCode:0 INFO: Query Registry for Key:SOFTWARE\Microsoft\Windows Azure\CurrentVersion\AzureMonitorAgentExtension\47.4.1.0, Name:MaServiceProcess, Value:2228
[2026-02-21 05:26:17.000]  [FindProcessById] ErrorCode:0 INFO: Attempt to find the process MonAgentLauncher.exe with ID: 2228.
[2026-02-21 05:26:17.000]  [FindProcessById] ErrorCode:0 INFO: Running Process MonAgentLauncher.exe found. ID: 2228.
[2026-02-21 05:26:17.000]  [CheckIfMAServiceIsRunByExtension] ErrorCode:0 INFO: The MA process is running based on the m_registry
[2026-02-21 05:26:17.000]  [QueryRegValueDWORD] ErrorCode:0 INFO: Query Registry for Key:SOFTWARE\Microsoft\Windows Azure\CurrentVersion\AzureMonitorAgentExtension\47.4.1.0, Name:AMAMultitenantServiceProcess
[2026-02-21 05:26:17.000]  [QueryRegValueDWORD] ErrorCode:0 ERROR: RegQueryValueExA: failed to query REG_DWORD value, Key:SOFTWARE\Microsoft\Windows Azure\CurrentVersion\AzureMonitorAgentExtension\47.4.1.0, name=AMAMultitenantServiceProcess, error=2, type=0
[2026-02-21 05:26:17.000]  [CheckIfMAServiceIsRunByExtension] ErrorCode:1205 INFO: Unable to read the m_registry for MA process. Assume it is not running.
[2026-02-21 05:26:17.000]  [AggregateHeartbeat] ErrorCode:0 INFO: Configured MA Service is not running on the node.
[2026-02-21 05:26:17.000]  [SetImdsEnvironmentVariable] ErrorCode:0 INFO: Querying IMDS information
[2026-02-21 05:26:17.000]  [SetImdsEnvironmentVariable] ErrorCode:-1 INFO: Preparing to call IMDS. Endpoint: http://169.254.169.254
[2026-02-21 05:26:17.000]  [WriteStatusToFile] ErrorCode:0 INFO: Sending the status.
[2026-02-21 05:26:17.000]  [WriteStatusToFile] ErrorCode:0 INFO: Done Sending the status.
[2026-02-21 05:26:17.000]  [WriteHeartbeatToFile] ErrorCode:0 INFO: Sending the heartbeat.
[2026-02-21 05:26:17.000]  [WriteHeartbeatToFile] ErrorCode:0 INFO: Done Sending the heartbeat.
[2026-02-21 05:26:17.000]  [QueryIMDSEndpoint] ErrorCode:0 INFO: Queried IMDS successfully.
[2026-02-21 05:26:17.000]  [GetValueFromJsonOrDefault] ErrorCode:0 INFO: Read Imds response field with Name:location Value: westus2
[2026-02-21 05:26:17.000]  [GetValueFromJsonOrDefault] ErrorCode:0 INFO: Read Imds response field with Name:name Value: amawin
[2026-02-21 05:26:17.000]  [GetValueFromJsonOrDefault] ErrorCode:0 INFO: Read Imds response field with Name:subscriptionId Value: 351651ce-5feb-4e59-975d-f1f344e2b717
[2026-02-21 05:26:17.000]  [GetValueFromJsonOrDefault] ErrorCode:0 INFO: Read Imds response field with Name:vmId Value: 22afd636-aec1-4782-9055-f85ea283dc20
[2026-02-21 05:26:17.000]  [GetValueFromJsonOrDefault] ErrorCode:0 INFO: Read Imds response field with Name:vmScaleSetName Value: 
[2026-02-21 05:26:17.000]  [GetValueFromJsonOrDefault] ErrorCode:0 INFO: Read Imds response field with Name:resourceGroupName Value: AMAWin_group
[2026-02-21 05:26:17.000]  [GetValueFromJsonOrDefault] ErrorCode:0 INFO: Read Imds response field with Name:osType Value: Windows
[2026-02-21 05:26:17.000]  [GetValueFromJsonOrDefault] ErrorCode:0 INFO: Read Imds response field with Name:resourceId Value: /subscriptions/351651ce-5feb-4e59-975d-f1f344e2b717/resourceGroups/AMAWin_group/providers/Microsoft.Compute/virtualMachines/amawin
[2026-02-21 05:26:17.000]  [GetValueFromJsonOrDefault] ErrorCode:0 INFO: Read Imds response field with Name:azEnvironment Value: AzurePublicCloud
[2026-02-21 05:26:17.000]  [SetImdsEnvironmentVariable] ErrorCode:0 INFO: Successfully set Environment variables from Imds
[2026-02-21 05:26:17.000]  [AggregateHeartbeat] ErrorCode:0 INFO: Completed heartbeat aggregation.
[2026-02-21 05:26:47.000]  [WriteStatusToFile] ErrorCode:0 INFO: Sending the status.
[2026-02-21 05:26:47.000]  [WriteStatusToFile] ErrorCode:0 INFO: Done Sending the status.
[2026-02-21 05:26:47.000]  [WriteHeartbeatToFile] ErrorCode:0 INFO: Sending the heartbeat.
[2026-02-21 05:26:47.000]  [WriteHeartbeatToFile] ErrorCode:0 INFO: Done Sending the heartbeat.
[2026-02-21 05:27:17.000]  [WriteStatusToFile] ErrorCode:0 INFO: Sending the status.
[2026-02-21 05:27:17.000]  [WriteStatusToFile] ErrorCode:0 INFO: Done Sending the status.
[2026-02-21 05:27:17.000]  [WriteHeartbeatToFile] ErrorCode:0 INFO: Sending the heartbeat.
[2026-02-21 05:27:17.000]  [WriteHeartbeatToFile] ErrorCode:0 INFO: Done Sending the heartbeat.
[2026-02-21 05:27:17.000]  [FindProcessById] ErrorCode:0 INFO: Attempt to find the process MetricsExtension.Native.exe with ID: 5392.
[2026-02-21 05:27:17.000]  [FindProcessById] ErrorCode:0 INFO: Running Process MetricsExtension.Native.exe found. ID: 5392.
[2026-02-21 05:27:17.000]  [StartMetricsExtension] ErrorCode:0 ERROR: Metrics extension is already running
[2026-02-21 05:27:47.000]  [WriteStatusToFile] ErrorCode:0 INFO: Sending the status.
[2026-02-21 05:27:47.000]  [WriteStatusToFile] ErrorCode:0 INFO: Done Sending the status.
[2026-02-21 05:27:47.000]  [WriteHeartbeatToFile] ErrorCode:0 INFO: Sending the heartbeat.
[2026-02-21 05:27:47.000]  [WriteHeartbeatToFile] ErrorCode:0 INFO: Done Sending the heartbeat.
[2026-02-21 05:28:17.000]  [WriteStatusToFile] ErrorCode:0 INFO: Sending the status.
[2026-02-21 05:28:17.000]  [WriteStatusToFile] ErrorCode:0 INFO: Done Sending the status.
[2026-02-21 05:28:17.000]  [WriteHeartbeatToFile] ErrorCode:0 INFO: Sending the heartbeat.
[2026-02-21 05:28:17.000]  [WriteHeartbeatToFile] ErrorCode:0 INFO: Done Sending the heartbeat.
[2026-02-21 05:28:17.000]  [FindProcessById] ErrorCode:0 INFO: Attempt to find the process MetricsExtension.Native.exe with ID: 5392.
[2026-02-21 05:28:17.000]  [FindProcessById] ErrorCode:0 INFO: Running Process MetricsExtension.Native.exe found. ID: 5392.
[2026-02-21 05:28:17.000]  [StartMetricsExtension] ErrorCode:0 ERROR: Metrics extension is already running
[2026-02-21 05:28:47.000]  [WriteStatusToFile] ErrorCode:0 INFO: Sending the status.
[2026-02-21 05:28:47.000]  [WriteStatusToFile] ErrorCode:0 INFO: Done Sending the status.
[2026-02-21 05:28:47.000]  [WriteHeartbeatToFile] ErrorCode:0 INFO: Sending the heartbeat.
[2026-02-21 05:28:47.000]  [WriteHeartbeatToFile] ErrorCode:0 INFO: Done Sending the heartbeat.
[2026-02-21 05:29:17.000]  [WriteStatusToFile] ErrorCode:0 INFO: Sending the status.
[2026-02-21 05:29:17.000]  [WriteStatusToFile] ErrorCode:0 INFO: Done Sending the status.
[2026-02-21 05:29:17.000]  [WriteHeartbeatToFile] ErrorCode:0 INFO: Sending the heartbeat.
[2026-02-21 05:29:17.000]  [FindProcessById] ErrorCode:0 INFO: Attempt to find the process MetricsExtension.Native.exe with ID: 5392.
[2026-02-21 05:29:17.000]  [WriteHeartbeatToFile] ErrorCode:0 INFO: Done Sending the heartbeat.
[2026-02-21 05:29:17.000]  [FindProcessById] ErrorCode:0 INFO: Running Process MetricsExtension.Native.exe found. ID: 5392.
[2026-02-21 05:29:17.000]  [StartMetricsExtension] ErrorCode:0 ERROR: Metrics extension is already running
[2026-02-21 05:29:47.000]  [WriteStatusToFile] ErrorCode:0 INFO: Sending the status.
[2026-02-21 05:29:47.000]  [WriteStatusToFile] ErrorCode:0 INFO: Done Sending the status.
[2026-02-21 05:29:47.000]  [WriteHeartbeatToFile] ErrorCode:0 INFO: Sending the heartbeat.
[2026-02-21 05:29:47.000]  [WriteHeartbeatToFile] ErrorCode:0 INFO: Done Sending the heartbeat.
[2026-02-21 05:30:17.000]  [WriteStatusToFile] ErrorCode:0 INFO: Sending the status.
[2026-02-21 05:30:17.000]  [FindProcessById] ErrorCode:0 INFO: Attempt to find the process MetricsExtension.Native.exe with ID: 5392.
[2026-02-21 05:30:17.000]  [WriteStatusToFile] ErrorCode:0 INFO: Done Sending the status.
[2026-02-21 05:30:17.000]  [FindProcessById] ErrorCode:0 INFO: Running Process MetricsExtension.Native.exe found. ID: 5392.
[2026-02-21 05:30:17.000]  [StartMetricsExtension] ErrorCode:0 ERROR: Metrics extension is already running
[2026-02-21 05:30:17.000]  [WriteHeartbeatToFile] ErrorCode:0 INFO: Sending the heartbeat.
[2026-02-21 05:30:17.000]  [WriteHeartbeatToFile] ErrorCode:0 INFO: Done Sending the heartbeat.
[2026-02-21 05:30:47.000]  [WriteStatusToFile] ErrorCode:0 INFO: Sending the status.
[2026-02-21 05:30:47.000]  [WriteStatusToFile] ErrorCode:0 INFO: Done Sending the status.
[2026-02-21 05:30:47.000]  [WriteHeartbeatToFile] ErrorCode:0 INFO: Sending the heartbeat.
[2026-02-21 05:30:47.000]  [WriteHeartbeatToFile] ErrorCode:0 INFO: Done Sending the heartbeat.
[2026-02-21 05:31:17.000]  [FindProcessById] ErrorCode:0 INFO: Attempt to find the process MetricsExtension.Native.exe with ID: 5392.
[2026-02-21 05:31:17.000]  [FindProcessById] ErrorCode:0 INFO: Running Process MetricsExtension.Native.exe found. ID: 5392.
[2026-02-21 05:31:17.000]  [StartMetricsExtension] ErrorCode:0 ERROR: Metrics extension is already running
[2026-02-21 05:31:17.000]  [AggregateHeartbeat] ErrorCode:0 INFO: Start heartbeat aggregation.
[2026-02-21 05:31:17.000]  [QueryRegValueDWORD] ErrorCode:0 INFO: Query Registry for Key:SOFTWARE\Microsoft\Windows Azure\CurrentVersion\AzureMonitorAgentExtension\47.4.1.0, Name:MaServiceProcess
[2026-02-21 05:31:17.000]  [QueryRegValueDWORD] ErrorCode:0 INFO: Query Registry for Key:SOFTWARE\Microsoft\Windows Azure\CurrentVersion\AzureMonitorAgentExtension\47.4.1.0, Name:MaServiceProcess, Value:2228
[2026-02-21 05:31:17.000]  [FindProcessById] ErrorCode:0 INFO: Attempt to find the process MonAgentLauncher.exe with ID: 2228.
[2026-02-21 05:31:17.000]  [FindProcessById] ErrorCode:0 INFO: Running Process MonAgentLauncher.exe found. ID: 2228.
[2026-02-21 05:31:17.000]  [CheckIfMAServiceIsRunByExtension] ErrorCode:0 INFO: The MA process is running based on the m_registry
[2026-02-21 05:31:17.000]  [QueryRegValueDWORD] ErrorCode:0 INFO: Query Registry for Key:SOFTWARE\Microsoft\Windows Azure\CurrentVersion\AzureMonitorAgentExtension\47.4.1.0, Name:AMAMultitenantServiceProcess
[2026-02-21 05:31:17.000]  [QueryRegValueDWORD] ErrorCode:0 ERROR: RegQueryValueExA: failed to query REG_DWORD value, Key:SOFTWARE\Microsoft\Windows Azure\CurrentVersion\AzureMonitorAgentExtension\47.4.1.0, name=AMAMultitenantServiceProcess, error=2, type=0
[2026-02-21 05:31:17.000]  [CheckIfMAServiceIsRunByExtension] ErrorCode:1205 INFO: Unable to read the m_registry for MA process. Assume it is not running.
[2026-02-21 05:31:17.000]  [AggregateHeartbeat] ErrorCode:0 INFO: Configured MA Service is not running on the node.
[2026-02-21 05:31:17.000]  [SetImdsEnvironmentVariable] ErrorCode:0 INFO: Querying IMDS information
[2026-02-21 05:31:17.000]  [SetImdsEnvironmentVariable] ErrorCode:-1 INFO: Preparing to call IMDS. Endpoint: http://169.254.169.254
[2026-02-21 05:31:17.000]  [WriteStatusToFile] ErrorCode:0 INFO: Sending the status.
[2026-02-21 05:31:17.000]  [WriteStatusToFile] ErrorCode:0 INFO: Done Sending the status.
[2026-02-21 05:31:17.000]  [WriteHeartbeatToFile] ErrorCode:0 INFO: Sending the heartbeat.
[2026-02-21 05:31:17.000]  [WriteHeartbeatToFile] ErrorCode:0 INFO: Done Sending the heartbeat.
[2026-02-21 05:31:17.000]  [QueryIMDSEndpoint] ErrorCode:0 INFO: Queried IMDS successfully.
[2026-02-21 05:31:17.000]  [GetValueFromJsonOrDefault] ErrorCode:0 INFO: Read Imds response field with Name:location Value: westus2
[2026-02-21 05:31:17.000]  [GetValueFromJsonOrDefault] ErrorCode:0 INFO: Read Imds response field with Name:name Value: amawin
[2026-02-21 05:31:17.000]  [GetValueFromJsonOrDefault] ErrorCode:0 INFO: Read Imds response field with Name:subscriptionId Value: 351651ce-5feb-4e59-975d-f1f344e2b717
[2026-02-21 05:31:17.000]  [GetValueFromJsonOrDefault] ErrorCode:0 INFO: Read Imds response field with Name:vmId Value: 22afd636-aec1-4782-9055-f85ea283dc20
[2026-02-21 05:31:17.000]  [GetValueFromJsonOrDefault] ErrorCode:0 INFO: Read Imds response field with Name:vmScaleSetName Value: 
[2026-02-21 05:31:17.000]  [GetValueFromJsonOrDefault] ErrorCode:0 INFO: Read Imds response field with Name:resourceGroupName Value: AMAWin_group
[2026-02-21 05:31:17.000]  [GetValueFromJsonOrDefault] ErrorCode:0 INFO: Read Imds response field with Name:osType Value: Windows
[2026-02-21 05:31:17.000]  [GetValueFromJsonOrDefault] ErrorCode:0 INFO: Read Imds response field with Name:resourceId Value: /subscriptions/351651ce-5feb-4e59-975d-f1f344e2b717/resourceGroups/AMAWin_group/providers/Microsoft.Compute/virtualMachines/amawin
[2026-02-21 05:31:17.000]  [GetValueFromJsonOrDefault] ErrorCode:0 INFO: Read Imds response field with Name:azEnvironment Value: AzurePublicCloud
[2026-02-21 05:31:17.000]  [SetImdsEnvironmentVariable] ErrorCode:0 INFO: Successfully set Environment variables from Imds
[2026-02-21 05:31:17.000]  [AggregateHeartbeat] ErrorCode:0 INFO: Completed heartbeat aggregation.
[2026-02-21 05:31:47.000]  [WriteStatusToFile] ErrorCode:0 INFO: Sending the status.
[2026-02-21 05:31:47.000]  [WriteStatusToFile] ErrorCode:0 INFO: Done Sending the status.
[2026-02-21 05:31:47.000]  [WriteHeartbeatToFile] ErrorCode:0 INFO: Sending the heartbeat.
[2026-02-21 05:31:47.000]  [WriteHeartbeatToFile] ErrorCode:0 INFO: Done Sending the heartbeat.
[2026-02-21 05:32:17.000]  [WriteStatusToFile] ErrorCode:0 INFO: Sending the status.
[2026-02-21 05:32:17.000]  [WriteStatusToFile] ErrorCode:0 INFO: Done Sending the status.
[2026-02-21 05:32:17.000]  [WriteHeartbeatToFile] ErrorCode:0 INFO: Sending the heartbeat.
[2026-02-21 05:32:17.000]  [FindProcessById] ErrorCode:0 INFO: Attempt to find the process MetricsExtension.Native.exe with ID: 5392.
[2026-02-21 05:32:17.000]  [WriteHeartbeatToFile] ErrorCode:0 INFO: Done Sending the heartbeat.
[2026-02-21 05:32:17.000]  [FindProcessById] ErrorCode:0 INFO: Running Process MetricsExtension.Native.exe found. ID: 5392.
[2026-02-21 05:32:17.000]  [StartMetricsExtension] ErrorCode:0 ERROR: Metrics extension is already running
[2026-02-21 05:32:47.000]  [WriteStatusToFile] ErrorCode:0 INFO: Sending the status.
[2026-02-21 05:32:47.000]  [WriteStatusToFile] ErrorCode:0 INFO: Done Sending the status.
[2026-02-21 05:32:47.000]  [WriteHeartbeatToFile] ErrorCode:0 INFO: Sending the heartbeat.
[2026-02-21 05:32:47.000]  [WriteHeartbeatToFile] ErrorCode:0 INFO: Done Sending the heartbeat.
[2026-02-21 05:33:17.000]  [WriteStatusToFile] ErrorCode:0 INFO: Sending the status.
[2026-02-21 05:33:17.000]  [WriteStatusToFile] ErrorCode:0 INFO: Done Sending the status.
[2026-02-21 05:33:17.000]  [WriteHeartbeatToFile] ErrorCode:0 INFO: Sending the heartbeat.
[2026-02-21 05:33:17.000]  [FindProcessById] ErrorCode:0 INFO: Attempt to find the process MetricsExtension.Native.exe with ID: 5392.
[2026-02-21 05:33:17.000]  [WriteHeartbeatToFile] ErrorCode:0 INFO: Done Sending the heartbeat.
[2026-02-21 05:33:17.000]  [FindProcessById] ErrorCode:0 INFO: Running Process MetricsExtension.Native.exe found. ID: 5392.
[2026-02-21 05:33:17.000]  [StartMetricsExtension] ErrorCode:0 ERROR: Metrics extension is already running
[2026-02-21 05:33:47.000]  [WriteStatusToFile] ErrorCode:0 INFO: Sending the status.
[2026-02-21 05:33:47.000]  [WriteStatusToFile] ErrorCode:0 INFO: Done Sending the status.
[2026-02-21 05:33:47.000]  [WriteHeartbeatToFile] ErrorCode:0 INFO: Sending the heartbeat.
[2026-02-21 05:33:47.000]  [WriteHeartbeatToFile] ErrorCode:0 INFO: Done Sending the heartbeat.
[2026-02-21 05:34:17.000]  [WriteStatusToFile] ErrorCode:0 INFO: Sending the status.
[2026-02-21 05:34:17.000]  [FindProcessById] ErrorCode:0 INFO: Attempt to find the process MetricsExtension.Native.exe with ID: 5392.
[2026-02-21 05:34:17.000]  [WriteStatusToFile] ErrorCode:0 INFO: Done Sending the status.
[2026-02-21 05:34:17.000]  [FindProcessById] ErrorCode:0 INFO: Running Process MetricsExtension.Native.exe found. ID: 5392.
[2026-02-21 05:34:17.000]  [StartMetricsExtension] ErrorCode:0 ERROR: Metrics extension is already running
[2026-02-21 05:34:17.000]  [WriteHeartbeatToFile] ErrorCode:0 INFO: Sending the heartbeat.
[2026-02-21 05:34:17.000]  [WriteHeartbeatToFile] ErrorCode:0 INFO: Done Sending the heartbeat.
[2026-02-21 05:34:47.000]  [WriteStatusToFile] ErrorCode:0 INFO: Sending the status.
[2026-02-21 05:34:47.000]  [WriteStatusToFile] ErrorCode:0 INFO: Done Sending the status.
[2026-02-21 05:34:47.000]  [WriteHeartbeatToFile] ErrorCode:0 INFO: Sending the heartbeat.
[2026-02-21 05:34:47.000]  [WriteHeartbeatToFile] ErrorCode:0 INFO: Done Sending the heartbeat.
[2026-02-21 05:35:17.000]  [FindProcessById] ErrorCode:0 INFO: Attempt to find the process MetricsExtension.Native.exe with ID: 5392.
[2026-02-21 05:35:17.000]  [FindProcessById] ErrorCode:0 INFO: Running Process MetricsExtension.Native.exe found. ID: 5392.
[2026-02-21 05:35:17.000]  [StartMetricsExtension] ErrorCode:0 ERROR: Metrics extension is already running
[2026-02-21 05:35:17.000]  [WriteStatusToFile] ErrorCode:0 INFO: Sending the status.
[2026-02-21 05:35:17.000]  [WriteStatusToFile] ErrorCode:0 INFO: Done Sending the status.
[2026-02-21 05:35:17.000]  [WriteHeartbeatToFile] ErrorCode:0 INFO: Sending the heartbeat.
[2026-02-21 05:35:17.000]  [WriteHeartbeatToFile] ErrorCode:0 INFO: Done Sending the heartbeat.
[2026-02-21 05:35:47.000]  [WriteStatusToFile] ErrorCode:0 INFO: Sending the status.
[2026-02-21 05:35:47.000]  [WriteStatusToFile] ErrorCode:0 INFO: Done Sending the status.
[2026-02-21 05:35:47.000]  [WriteHeartbeatToFile] ErrorCode:0 INFO: Sending the heartbeat.
[2026-02-21 05:35:47.000]  [WriteHeartbeatToFile] ErrorCode:0 INFO: Done Sending the heartbeat.
[2026-02-21 05:36:17.000]  [FindProcessById] ErrorCode:0 INFO: Attempt to find the process MetricsExtension.Native.exe with ID: 5392.
[2026-02-21 05:36:17.000]  [FindProcessById] ErrorCode:0 INFO: Running Process MetricsExtension.Native.exe found. ID: 5392.
[2026-02-21 05:36:17.000]  [StartMetricsExtension] ErrorCode:0 ERROR: Metrics extension is already running
[2026-02-21 05:36:17.000]  [AggregateHeartbeat] ErrorCode:0 INFO: Start heartbeat aggregation.
[2026-02-21 05:36:17.000]  [QueryRegValueDWORD] ErrorCode:0 INFO: Query Registry for Key:SOFTWARE\Microsoft\Windows Azure\CurrentVersion\AzureMonitorAgentExtension\47.4.1.0, Name:MaServiceProcess
[2026-02-21 05:36:17.000]  [QueryRegValueDWORD] ErrorCode:0 INFO: Query Registry for Key:SOFTWARE\Microsoft\Windows Azure\CurrentVersion\AzureMonitorAgentExtension\47.4.1.0, Name:MaServiceProcess, Value:2228
[2026-02-21 05:36:17.000]  [FindProcessById] ErrorCode:0 INFO: Attempt to find the process MonAgentLauncher.exe with ID: 2228.
[2026-02-21 05:36:17.000]  [FindProcessById] ErrorCode:0 INFO: Running Process MonAgentLauncher.exe found. ID: 2228.
[2026-02-21 05:36:17.000]  [CheckIfMAServiceIsRunByExtension] ErrorCode:0 INFO: The MA process is running based on the m_registry
[2026-02-21 05:36:17.000]  [QueryRegValueDWORD] ErrorCode:0 INFO: Query Registry for Key:SOFTWARE\Microsoft\Windows Azure\CurrentVersion\AzureMonitorAgentExtension\47.4.1.0, Name:AMAMultitenantServiceProcess
[2026-02-21 05:36:17.000]  [QueryRegValueDWORD] ErrorCode:0 ERROR: RegQueryValueExA: failed to query REG_DWORD value, Key:SOFTWARE\Microsoft\Windows Azure\CurrentVersion\AzureMonitorAgentExtension\47.4.1.0, name=AMAMultitenantServiceProcess, error=2, type=0
[2026-02-21 05:36:17.000]  [CheckIfMAServiceIsRunByExtension] ErrorCode:1205 INFO: Unable to read the m_registry for MA process. Assume it is not running.
[2026-02-21 05:36:17.000]  [AggregateHeartbeat] ErrorCode:0 INFO: Configured MA Service is not running on the node.
[2026-02-21 05:36:17.000]  [SetImdsEnvironmentVariable] ErrorCode:0 INFO: Querying IMDS information
[2026-02-21 05:36:17.000]  [SetImdsEnvironmentVariable] ErrorCode:-1 INFO: Preparing to call IMDS. Endpoint: http://169.254.169.254
[2026-02-21 05:36:17.000]  [WriteStatusToFile] ErrorCode:0 INFO: Sending the status.
[2026-02-21 05:36:17.000]  [WriteStatusToFile] ErrorCode:0 INFO: Done Sending the status.
[2026-02-21 05:36:17.000]  [WriteHeartbeatToFile] ErrorCode:0 INFO: Sending the heartbeat.
[2026-02-21 05:36:17.000]  [WriteHeartbeatToFile] ErrorCode:0 INFO: Done Sending the heartbeat.
[2026-02-21 05:36:17.000]  [QueryIMDSEndpoint] ErrorCode:0 INFO: Queried IMDS successfully.
[2026-02-21 05:36:17.000]  [GetValueFromJsonOrDefault] ErrorCode:0 INFO: Read Imds response field with Name:location Value: westus2
[2026-02-21 05:36:17.000]  [GetValueFromJsonOrDefault] ErrorCode:0 INFO: Read Imds response field with Name:name Value: amawin
[2026-02-21 05:36:17.000]  [GetValueFromJsonOrDefault] ErrorCode:0 INFO: Read Imds response field with Name:subscriptionId Value: 351651ce-5feb-4e59-975d-f1f344e2b717
[2026-02-21 05:36:17.000]  [GetValueFromJsonOrDefault] ErrorCode:0 INFO: Read Imds response field with Name:vmId Value: 22afd636-aec1-4782-9055-f85ea283dc20
[2026-02-21 05:36:17.000]  [GetValueFromJsonOrDefault] ErrorCode:0 INFO: Read Imds response field with Name:vmScaleSetName Value: 
[2026-02-21 05:36:17.000]  [GetValueFromJsonOrDefault] ErrorCode:0 INFO: Read Imds response field with Name:resourceGroupName Value: AMAWin_group
[2026-02-21 05:36:17.000]  [GetValueFromJsonOrDefault] ErrorCode:0 INFO: Read Imds response field with Name:osType Value: Windows
[2026-02-21 05:36:17.000]  [GetValueFromJsonOrDefault] ErrorCode:0 INFO: Read Imds response field with Name:resourceId Value: /subscriptions/351651ce-5feb-4e59-975d-f1f344e2b717/resourceGroups/AMAWin_group/providers/Microsoft.Compute/virtualMachines/amawin
[2026-02-21 05:36:17.000]  [GetValueFromJsonOrDefault] ErrorCode:0 INFO: Read Imds response field with Name:azEnvironment Value: AzurePublicCloud
[2026-02-21 05:36:17.000]  [SetImdsEnvironmentVariable] ErrorCode:0 INFO: Successfully set Environment variables from Imds
[2026-02-21 05:36:17.000]  [AggregateHeartbeat] ErrorCode:0 INFO: Completed heartbeat aggregation.
[2026-02-21 05:36:47.000]  [WriteStatusToFile] ErrorCode:0 INFO: Sending the status.
[2026-02-21 05:36:47.000]  [WriteStatusToFile] ErrorCode:0 INFO: Done Sending the status.
[2026-02-21 05:36:47.000]  [WriteHeartbeatToFile] ErrorCode:0 INFO: Sending the heartbeat.
[2026-02-21 05:36:47.000]  [WriteHeartbeatToFile] ErrorCode:0 INFO: Done Sending the heartbeat.
[2026-02-21 05:37:17.000]  [WriteStatusToFile] ErrorCode:0 INFO: Sending the status.
[2026-02-21 05:37:17.000]  [WriteStatusToFile] ErrorCode:0 INFO: Done Sending the status.
[2026-02-21 05:37:17.000]  [WriteHeartbeatToFile] ErrorCode:0 INFO: Sending the heartbeat.
[2026-02-21 05:37:17.000]  [WriteHeartbeatToFile] ErrorCode:0 INFO: Done Sending the heartbeat.
[2026-02-21 05:37:17.000]  [FindProcessById] ErrorCode:0 INFO: Attempt to find the process MetricsExtension.Native.exe with ID: 5392.
[2026-02-21 05:37:17.000]  [FindProcessById] ErrorCode:0 INFO: Running Process MetricsExtension.Native.exe found. ID: 5392.
[2026-02-21 05:37:17.000]  [StartMetricsExtension] ErrorCode:0 ERROR: Metrics extension is already running
[2026-02-21 05:37:47.000]  [WriteStatusToFile] ErrorCode:0 INFO: Sending the status.
[2026-02-21 05:37:47.000]  [WriteStatusToFile] ErrorCode:0 INFO: Done Sending the status.
[2026-02-21 05:37:47.000]  [WriteHeartbeatToFile] ErrorCode:0 INFO: Sending the heartbeat.
[2026-02-21 05:37:47.000]  [WriteHeartbeatToFile] ErrorCode:0 INFO: Done Sending the heartbeat.
[2026-02-21 05:38:17.000]  [WriteStatusToFile] ErrorCode:0 INFO: Sending the status.
[2026-02-21 05:38:17.000]  [WriteStatusToFile] ErrorCode:0 INFO: Done Sending the status.
[2026-02-21 05:38:17.000]  [WriteHeartbeatToFile] ErrorCode:0 INFO: Sending the heartbeat.
[2026-02-21 05:38:17.000]  [FindProcessById] ErrorCode:0 INFO: Attempt to find the process MetricsExtension.Native.exe with ID: 5392.
[2026-02-21 05:38:17.000]  [WriteHeartbeatToFile] ErrorCode:0 INFO: Done Sending the heartbeat.
[2026-02-21 05:38:17.000]  [FindProcessById] ErrorCode:0 INFO: Running Process MetricsExtension.Native.exe found. ID: 5392.
[2026-02-21 05:38:17.000]  [StartMetricsExtension] ErrorCode:0 ERROR: Metrics extension is already running
[2026-02-21 05:38:47.000]  [WriteStatusToFile] ErrorCode:0 INFO: Sending the status.
[2026-02-21 05:38:47.000]  [WriteStatusToFile] ErrorCode:0 INFO: Done Sending the status.
[2026-02-21 05:38:47.000]  [WriteHeartbeatToFile] ErrorCode:0 INFO: Sending the heartbeat.
[2026-02-21 05:38:47.000]  [WriteHeartbeatToFile] ErrorCode:0 INFO: Done Sending the heartbeat.
[2026-02-21 05:39:17.000]  [WriteStatusToFile] ErrorCode:0 INFO: Sending the status.
[2026-02-21 05:39:17.000]  [FindProcessById] ErrorCode:0 INFO: Attempt to find the process MetricsExtension.Native.exe with ID: 5392.
[2026-02-21 05:39:17.000]  [WriteStatusToFile] ErrorCode:0 INFO: Done Sending the status.
[2026-02-21 05:39:17.000]  [FindProcessById] ErrorCode:0 INFO: Running Process MetricsExtension.Native.exe found. ID: 5392.
[2026-02-21 05:39:17.000]  [StartMetricsExtension] ErrorCode:0 ERROR: Metrics extension is already running
[2026-02-21 05:39:17.000]  [WriteHeartbeatToFile] ErrorCode:0 INFO: Sending the heartbeat.
[2026-02-21 05:39:17.000]  [WriteHeartbeatToFile] ErrorCode:0 INFO: Done Sending the heartbeat.
[2026-02-21 05:39:47.000]  [WriteStatusToFile] ErrorCode:0 INFO: Sending the status.
[2026-02-21 05:39:47.000]  [WriteStatusToFile] ErrorCode:0 INFO: Done Sending the status.
[2026-02-21 05:39:47.000]  [WriteHeartbeatToFile] ErrorCode:0 INFO: Sending the heartbeat.
[2026-02-21 05:39:47.000]  [WriteHeartbeatToFile] ErrorCode:0 INFO: Done Sending the heartbeat.
[2026-02-21 05:40:17.000]  [FindProcessById] ErrorCode:0 INFO: Attempt to find the process MetricsExtension.Native.exe with ID: 5392.
[2026-02-21 05:40:17.000]  [FindProcessById] ErrorCode:0 INFO: Running Process MetricsExtension.Native.exe found. ID: 5392.
[2026-02-21 05:40:17.000]  [StartMetricsExtension] ErrorCode:0 ERROR: Metrics extension is already running
[2026-02-21 05:40:17.000]  [WriteStatusToFile] ErrorCode:0 INFO: Sending the status.
[2026-02-21 05:40:17.000]  [WriteStatusToFile] ErrorCode:0 INFO: Done Sending the status.
[2026-02-21 05:40:17.000]  [WriteHeartbeatToFile] ErrorCode:0 INFO: Sending the heartbeat.
[2026-02-21 05:40:17.000]  [WriteHeartbeatToFile] ErrorCode:0 INFO: Done Sending the heartbeat.
[2026-02-21 05:40:47.000]  [WriteStatusToFile] ErrorCode:0 INFO: Sending the status.
[2026-02-21 05:40:47.000]  [WriteStatusToFile] ErrorCode:0 INFO: Done Sending the status.
[2026-02-21 05:40:47.000]  [WriteHeartbeatToFile] ErrorCode:0 INFO: Sending the heartbeat.
[2026-02-21 05:40:47.000]  [WriteHeartbeatToFile] ErrorCode:0 INFO: Done Sending the heartbeat.
[2026-02-21 05:41:17.000]  [FindProcessById] ErrorCode:0 INFO: Attempt to find the process MetricsExtension.Native.exe with ID: 5392.
[2026-02-21 05:41:17.000]  [FindProcessById] ErrorCode:0 INFO: Running Process MetricsExtension.Native.exe found. ID: 5392.
[2026-02-21 05:41:17.000]  [StartMetricsExtension] ErrorCode:0 ERROR: Metrics extension is already running
[2026-02-21 05:41:17.000]  [AggregateHeartbeat] ErrorCode:0 INFO: Start heartbeat aggregation.
[2026-02-21 05:41:17.000]  [QueryRegValueDWORD] ErrorCode:0 INFO: Query Registry for Key:SOFTWARE\Microsoft\Windows Azure\CurrentVersion\AzureMonitorAgentExtension\47.4.1.0, Name:MaServiceProcess
[2026-02-21 05:41:17.000]  [QueryRegValueDWORD] ErrorCode:0 INFO: Query Registry for Key:SOFTWARE\Microsoft\Windows Azure\CurrentVersion\AzureMonitorAgentExtension\47.4.1.0, Name:MaServiceProcess, Value:2228
[2026-02-21 05:41:17.000]  [FindProcessById] ErrorCode:0 INFO: Attempt to find the process MonAgentLauncher.exe with ID: 2228.
[2026-02-21 05:41:17.000]  [FindProcessById] ErrorCode:0 INFO: Running Process MonAgentLauncher.exe found. ID: 2228.
[2026-02-21 05:41:17.000]  [CheckIfMAServiceIsRunByExtension] ErrorCode:0 INFO: The MA process is running based on the m_registry
[2026-02-21 05:41:17.000]  [QueryRegValueDWORD] ErrorCode:0 INFO: Query Registry for Key:SOFTWARE\Microsoft\Windows Azure\CurrentVersion\AzureMonitorAgentExtension\47.4.1.0, Name:AMAMultitenantServiceProcess
[2026-02-21 05:41:17.000]  [QueryRegValueDWORD] ErrorCode:0 ERROR: RegQueryValueExA: failed to query REG_DWORD value, Key:SOFTWARE\Microsoft\Windows Azure\CurrentVersion\AzureMonitorAgentExtension\47.4.1.0, name=AMAMultitenantServiceProcess, error=2, type=0
[2026-02-21 05:41:17.000]  [CheckIfMAServiceIsRunByExtension] ErrorCode:1205 INFO: Unable to read the m_registry for MA process. Assume it is not running.
[2026-02-21 05:41:17.000]  [AggregateHeartbeat] ErrorCode:0 INFO: Configured MA Service is not running on the node.
[2026-02-21 05:41:17.000]  [SetImdsEnvironmentVariable] ErrorCode:0 INFO: Querying IMDS information
[2026-02-21 05:41:17.000]  [SetImdsEnvironmentVariable] ErrorCode:-1 INFO: Preparing to call IMDS. Endpoint: http://169.254.169.254
[2026-02-21 05:41:17.000]  [WriteStatusToFile] ErrorCode:0 INFO: Sending the status.
[2026-02-21 05:41:17.000]  [WriteStatusToFile] ErrorCode:0 INFO: Done Sending the status.
[2026-02-21 05:41:18.000]  [WriteHeartbeatToFile] ErrorCode:0 INFO: Sending the heartbeat.
[2026-02-21 05:41:18.000]  [WriteHeartbeatToFile] ErrorCode:0 INFO: Done Sending the heartbeat.
[2026-02-21 05:41:18.000]  [QueryIMDSEndpoint] ErrorCode:0 INFO: Queried IMDS successfully.
[2026-02-21 05:41:18.000]  [GetValueFromJsonOrDefault] ErrorCode:0 INFO: Read Imds response field with Name:location Value: westus2
[2026-02-21 05:41:18.000]  [GetValueFromJsonOrDefault] ErrorCode:0 INFO: Read Imds response field with Name:name Value: amawin
[2026-02-21 05:41:18.000]  [GetValueFromJsonOrDefault] ErrorCode:0 INFO: Read Imds response field with Name:subscriptionId Value: 351651ce-5feb-4e59-975d-f1f344e2b717
[2026-02-21 05:41:18.000]  [GetValueFromJsonOrDefault] ErrorCode:0 INFO: Read Imds response field with Name:vmId Value: 22afd636-aec1-4782-9055-f85ea283dc20
[2026-02-21 05:41:18.000]  [GetValueFromJsonOrDefault] ErrorCode:0 INFO: Read Imds response field with Name:vmScaleSetName Value: 
[2026-02-21 05:41:18.000]  [GetValueFromJsonOrDefault] ErrorCode:0 INFO: Read Imds response field with Name:resourceGroupName Value: AMAWin_group
[2026-02-21 05:41:18.000]  [GetValueFromJsonOrDefault] ErrorCode:0 INFO: Read Imds response field with Name:osType Value: Windows
[2026-02-21 05:41:18.000]  [GetValueFromJsonOrDefault] ErrorCode:0 INFO: Read Imds response field with Name:resourceId Value: /subscriptions/351651ce-5feb-4e59-975d-f1f344e2b717/resourceGroups/AMAWin_group/providers/Microsoft.Compute/virtualMachines/amawin
[2026-02-21 05:41:18.000]  [GetValueFromJsonOrDefault] ErrorCode:0 INFO: Read Imds response field with Name:azEnvironment Value: AzurePublicCloud
[2026-02-21 05:41:18.000]  [SetImdsEnvironmentVariable] ErrorCode:0 INFO: Successfully set Environment variables from Imds
[2026-02-21 05:41:18.000]  [AggregateHeartbeat] ErrorCode:0 INFO: Completed heartbeat aggregation.
[2026-02-21 05:41:48.000]  [WriteStatusToFile] ErrorCode:0 INFO: Sending the status.
[2026-02-21 05:41:48.000]  [WriteStatusToFile] ErrorCode:0 INFO: Done Sending the status.
[2026-02-21 05:41:48.000]  [WriteHeartbeatToFile] ErrorCode:0 INFO: Sending the heartbeat.
[2026-02-21 05:41:48.000]  [WriteHeartbeatToFile] ErrorCode:0 INFO: Done Sending the heartbeat.
[2026-02-21 05:42:18.000]  [WriteStatusToFile] ErrorCode:0 INFO: Sending the status.
[2026-02-21 05:42:18.000]  [FindProcessById] ErrorCode:0 INFO: Attempt to find the process MetricsExtension.Native.exe with ID: 5392.
[2026-02-21 05:42:18.000]  [WriteStatusToFile] ErrorCode:0 INFO: Done Sending the status.
[2026-02-21 05:42:18.000]  [FindProcessById] ErrorCode:0 INFO: Running Process MetricsExtension.Native.exe found. ID: 5392.
[2026-02-21 05:42:18.000]  [StartMetricsExtension] ErrorCode:0 ERROR: Metrics extension is already running
[2026-02-21 05:42:18.000]  [WriteHeartbeatToFile] ErrorCode:0 INFO: Sending the heartbeat.
[2026-02-21 05:42:18.000]  [WriteHeartbeatToFile] ErrorCode:0 INFO: Done Sending the heartbeat.
[2026-02-21 05:42:48.000]  [WriteStatusToFile] ErrorCode:0 INFO: Sending the status.
[2026-02-21 05:42:48.000]  [WriteStatusToFile] ErrorCode:0 INFO: Done Sending the status.
[2026-02-21 05:42:48.000]  [WriteHeartbeatToFile] ErrorCode:0 INFO: Sending the heartbeat.
[2026-02-21 05:42:48.000]  [WriteHeartbeatToFile] ErrorCode:0 INFO: Done Sending the heartbeat.
[2026-02-21 05:43:18.000]  [FindProcessById] ErrorCode:0 INFO: Attempt to find the process MetricsExtension.Native.exe with ID: 5392.
[2026-02-21 05:43:18.000]  [FindProcessById] ErrorCode:0 INFO: Running Process MetricsExtension.Native.exe found. ID: 5392.
[2026-02-21 05:43:18.000]  [StartMetricsExtension] ErrorCode:0 ERROR: Metrics extension is already running
[2026-02-21 05:43:18.000]  [WriteStatusToFile] ErrorCode:0 INFO: Sending the status.
[2026-02-21 05:43:18.000]  [WriteStatusToFile] ErrorCode:0 INFO: Done Sending the status.
[2026-02-21 05:43:18.000]  [WriteHeartbeatToFile] ErrorCode:0 INFO: Sending the heartbeat.
[2026-02-21 05:43:18.000]  [WriteHeartbeatToFile] ErrorCode:0 INFO: Done Sending the heartbeat.
[2026-02-21 05:43:48.000]  [WriteStatusToFile] ErrorCode:0 INFO: Sending the status.
[2026-02-21 05:43:48.000]  [WriteStatusToFile] ErrorCode:0 INFO: Done Sending the status.
[2026-02-21 05:43:48.000]  [WriteHeartbeatToFile] ErrorCode:0 INFO: Sending the heartbeat.
[2026-02-21 05:43:48.000]  [WriteHeartbeatToFile] ErrorCode:0 INFO: Done Sending the heartbeat.
[2026-02-21 05:44:18.000]  [FindProcessById] ErrorCode:0 INFO: Attempt to find the process MetricsExtension.Native.exe with ID: 5392.
[2026-02-21 05:44:18.000]  [FindProcessById] ErrorCode:0 INFO: Running Process MetricsExtension.Native.exe found. ID: 5392.
[2026-02-21 05:44:18.000]  [StartMetricsExtension] ErrorCode:0 ERROR: Metrics extension is already running
[2026-02-21 05:44:18.000]  [WriteStatusToFile] ErrorCode:0 INFO: Sending the status.
[2026-02-21 05:44:18.000]  [WriteStatusToFile] ErrorCode:0 INFO: Done Sending the status.
[2026-02-21 05:44:18.000]  [WriteHeartbeatToFile] ErrorCode:0 INFO: Sending the heartbeat.
[2026-02-21 05:44:18.000]  [WriteHeartbeatToFile] ErrorCode:0 INFO: Done Sending the heartbeat.
[2026-02-21 05:44:48.000]  [WriteStatusToFile] ErrorCode:0 INFO: Sending the status.
[2026-02-21 05:44:48.000]  [WriteStatusToFile] ErrorCode:0 INFO: Done Sending the status.
[2026-02-21 05:44:48.000]  [WriteHeartbeatToFile] ErrorCode:0 INFO: Sending the heartbeat.
[2026-02-21 05:44:48.000]  [WriteHeartbeatToFile] ErrorCode:0 INFO: Done Sending the heartbeat.
[2026-02-21 05:45:18.000]  [FindProcessById] ErrorCode:0 INFO: Attempt to find the process MetricsExtension.Native.exe with ID: 5392.
[2026-02-21 05:45:18.000]  [FindProcessById] ErrorCode:0 INFO: Running Process MetricsExtension.Native.exe found. ID: 5392.
[2026-02-21 05:45:18.000]  [StartMetricsExtension] ErrorCode:0 ERROR: Metrics extension is already running
[2026-02-21 05:45:18.000]  [WriteStatusToFile] ErrorCode:0 INFO: Sending the status.
[2026-02-21 05:45:18.000]  [WriteStatusToFile] ErrorCode:0 INFO: Done Sending the status.
[2026-02-21 05:45:18.000]  [WriteHeartbeatToFile] ErrorCode:0 INFO: Sending the heartbeat.
[2026-02-21 05:45:18.000]  [WriteHeartbeatToFile] ErrorCode:0 INFO: Done Sending the heartbeat.
[2026-02-21 05:45:48.000]  [WriteStatusToFile] ErrorCode:0 INFO: Sending the status.
[2026-02-21 05:45:48.000]  [WriteStatusToFile] ErrorCode:0 INFO: Done Sending the status.
[2026-02-21 05:45:48.000]  [WriteHeartbeatToFile] ErrorCode:0 INFO: Sending the heartbeat.
[2026-02-21 05:45:48.000]  [WriteHeartbeatToFile] ErrorCode:0 INFO: Done Sending the heartbeat.
[2026-02-21 05:46:18.000]  [FindProcessById] ErrorCode:0 INFO: Attempt to find the process MetricsExtension.Native.exe with ID: 5392.
[2026-02-21 05:46:18.000]  [FindProcessById] ErrorCode:0 INFO: Running Process MetricsExtension.Native.exe found. ID: 5392.
[2026-02-21 05:46:18.000]  [StartMetricsExtension] ErrorCode:0 ERROR: Metrics extension is already running
[2026-02-21 05:46:18.000]  [AggregateHeartbeat] ErrorCode:0 INFO: Start heartbeat aggregation.
[2026-02-21 05:46:18.000]  [QueryRegValueDWORD] ErrorCode:0 INFO: Query Registry for Key:SOFTWARE\Microsoft\Windows Azure\CurrentVersion\AzureMonitorAgentExtension\47.4.1.0, Name:MaServiceProcess
[2026-02-21 05:46:18.000]  [QueryRegValueDWORD] ErrorCode:0 INFO: Query Registry for Key:SOFTWARE\Microsoft\Windows Azure\CurrentVersion\AzureMonitorAgentExtension\47.4.1.0, Name:MaServiceProcess, Value:2228
[2026-02-21 05:46:18.000]  [FindProcessById] ErrorCode:0 INFO: Attempt to find the process MonAgentLauncher.exe with ID: 2228.
[2026-02-21 05:46:18.000]  [FindProcessById] ErrorCode:0 INFO: Running Process MonAgentLauncher.exe found. ID: 2228.
[2026-02-21 05:46:18.000]  [CheckIfMAServiceIsRunByExtension] ErrorCode:0 INFO: The MA process is running based on the m_registry
[2026-02-21 05:46:18.000]  [QueryRegValueDWORD] ErrorCode:0 INFO: Query Registry for Key:SOFTWARE\Microsoft\Windows Azure\CurrentVersion\AzureMonitorAgentExtension\47.4.1.0, Name:AMAMultitenantServiceProcess
[2026-02-21 05:46:18.000]  [QueryRegValueDWORD] ErrorCode:0 ERROR: RegQueryValueExA: failed to query REG_DWORD value, Key:SOFTWARE\Microsoft\Windows Azure\CurrentVersion\AzureMonitorAgentExtension\47.4.1.0, name=AMAMultitenantServiceProcess, error=2, type=0
[2026-02-21 05:46:18.000]  [CheckIfMAServiceIsRunByExtension] ErrorCode:1205 INFO: Unable to read the m_registry for MA process. Assume it is not running.
[2026-02-21 05:46:18.000]  [AggregateHeartbeat] ErrorCode:0 INFO: Configured MA Service is not running on the node.
[2026-02-21 05:46:18.000]  [SetImdsEnvironmentVariable] ErrorCode:0 INFO: Querying IMDS information
[2026-02-21 05:46:18.000]  [SetImdsEnvironmentVariable] ErrorCode:-1 INFO: Preparing to call IMDS. Endpoint: http://169.254.169.254
[2026-02-21 05:46:18.000]  [WriteStatusToFile] ErrorCode:0 INFO: Sending the status.
[2026-02-21 05:46:18.000]  [WriteStatusToFile] ErrorCode:0 INFO: Done Sending the status.
[2026-02-21 05:46:18.000]  [QueryIMDSEndpoint] ErrorCode:0 INFO: Queried IMDS successfully.
[2026-02-21 05:46:18.000]  [GetValueFromJsonOrDefault] ErrorCode:0 INFO: Read Imds response field with Name:location Value: westus2
[2026-02-21 05:46:18.000]  [GetValueFromJsonOrDefault] ErrorCode:0 INFO: Read Imds response field with Name:name Value: amawin
[2026-02-21 05:46:18.000]  [GetValueFromJsonOrDefault] ErrorCode:0 INFO: Read Imds response field with Name:subscriptionId Value: 351651ce-5feb-4e59-975d-f1f344e2b717
[2026-02-21 05:46:18.000]  [GetValueFromJsonOrDefault] ErrorCode:0 INFO: Read Imds response field with Name:vmId Value: 22afd636-aec1-4782-9055-f85ea283dc20
[2026-02-21 05:46:18.000]  [GetValueFromJsonOrDefault] ErrorCode:0 INFO: Read Imds response field with Name:vmScaleSetName Value: 
[2026-02-21 05:46:18.000]  [GetValueFromJsonOrDefault] ErrorCode:0 INFO: Read Imds response field with Name:resourceGroupName Value: AMAWin_group
[2026-02-21 05:46:18.000]  [GetValueFromJsonOrDefault] ErrorCode:0 INFO: Read Imds response field with Name:osType Value: Windows
[2026-02-21 05:46:18.000]  [GetValueFromJsonOrDefault] ErrorCode:0 INFO: Read Imds response field with Name:resourceId Value: /subscriptions/351651ce-5feb-4e59-975d-f1f344e2b717/resourceGroups/AMAWin_group/providers/Microsoft.Compute/virtualMachines/amawin
[2026-02-21 05:46:18.000]  [GetValueFromJsonOrDefault] ErrorCode:0 INFO: Read Imds response field with Name:azEnvironment Value: AzurePublicCloud
[2026-02-21 05:46:18.000]  [SetImdsEnvironmentVariable] ErrorCode:0 INFO: Successfully set Environment variables from Imds
[2026-02-21 05:46:18.000]  [AggregateHeartbeat] ErrorCode:0 INFO: Completed heartbeat aggregation.
[2026-02-21 05:46:18.000]  [WriteHeartbeatToFile] ErrorCode:0 INFO: Sending the heartbeat.
[2026-02-21 05:46:18.000]  [WriteHeartbeatToFile] ErrorCode:0 INFO: Done Sending the heartbeat.
[2026-02-21 05:46:48.000]  [WriteStatusToFile] ErrorCode:0 INFO: Sending the status.
[2026-02-21 05:46:48.000]  [WriteStatusToFile] ErrorCode:0 INFO: Done Sending the status.
[2026-02-21 05:46:48.000]  [WriteHeartbeatToFile] ErrorCode:0 INFO: Sending the heartbeat.
[2026-02-21 05:46:48.000]  [WriteHeartbeatToFile] ErrorCode:0 INFO: Done Sending the heartbeat.
[2026-02-21 05:47:18.000]  [FindProcessById] ErrorCode:0 INFO: Attempt to find the process MetricsExtension.Native.exe with ID: 5392.
[2026-02-21 05:47:18.000]  [FindProcessById] ErrorCode:0 INFO: Running Process MetricsExtension.Native.exe found. ID: 5392.
[2026-02-21 05:47:18.000]  [StartMetricsExtension] ErrorCode:0 ERROR: Metrics extension is already running
[2026-02-21 05:47:18.000]  [WriteStatusToFile] ErrorCode:0 INFO: Sending the status.
[2026-02-21 05:47:18.000]  [WriteStatusToFile] ErrorCode:0 INFO: Done Sending the status.
[2026-02-21 05:47:18.000]  [WriteHeartbeatToFile] ErrorCode:0 INFO: Sending the heartbeat.
[2026-02-21 05:47:18.000]  [WriteHeartbeatToFile] ErrorCode:0 INFO: Done Sending the heartbeat.
[2026-02-21 05:47:48.000]  [WriteStatusToFile] ErrorCode:0 INFO: Sending the status.
[2026-02-21 05:47:48.000]  [WriteStatusToFile] ErrorCode:0 INFO: Done Sending the status.
[2026-02-21 05:47:48.000]  [WriteHeartbeatToFile] ErrorCode:0 INFO: Sending the heartbeat.
[2026-02-21 05:47:48.000]  [WriteHeartbeatToFile] ErrorCode:0 INFO: Done Sending the heartbeat.
[2026-02-21 05:48:18.000]  [FindProcessById] ErrorCode:0 INFO: Attempt to find the process MetricsExtension.Native.exe with ID: 5392.
[2026-02-21 05:48:18.000]  [FindProcessById] ErrorCode:0 INFO: Running Process MetricsExtension.Native.exe found. ID: 5392.
[2026-02-21 05:48:18.000]  [StartMetricsExtension] ErrorCode:0 ERROR: Metrics extension is already running
[2026-02-21 05:48:18.000]  [WriteStatusToFile] ErrorCode:0 INFO: Sending the status.
[2026-02-21 05:48:18.000]  [WriteStatusToFile] ErrorCode:0 INFO: Done Sending the status.
[2026-02-21 05:48:18.000]  [WriteHeartbeatToFile] ErrorCode:0 INFO: Sending the heartbeat.
[2026-02-21 05:48:18.000]  [WriteHeartbeatToFile] ErrorCode:0 INFO: Done Sending the heartbeat.
[2026-02-21 05:48:48.000]  [WriteStatusToFile] ErrorCode:0 INFO: Sending the status.
[2026-02-21 05:48:48.000]  [WriteStatusToFile] ErrorCode:0 INFO: Done Sending the status.
[2026-02-21 05:48:48.000]  [WriteHeartbeatToFile] ErrorCode:0 INFO: Sending the heartbeat.
[2026-02-21 05:48:48.000]  [WriteHeartbeatToFile] ErrorCode:0 INFO: Done Sending the heartbeat.
[2026-02-21 05:49:18.000]  [FindProcessById] ErrorCode:0 INFO: Attempt to find the process MetricsExtension.Native.exe with ID: 5392.
[2026-02-21 05:49:18.000]  [FindProcessById] ErrorCode:0 INFO: Running Process MetricsExtension.Native.exe found. ID: 5392.
[2026-02-21 05:49:18.000]  [StartMetricsExtension] ErrorCode:0 ERROR: Metrics extension is already running
[2026-02-21 05:49:18.000]  [WriteStatusToFile] ErrorCode:0 INFO: Sending the status.
[2026-02-21 05:49:18.000]  [WriteStatusToFile] ErrorCode:0 INFO: Done Sending the status.
[2026-02-21 05:49:18.000]  [WriteHeartbeatToFile] ErrorCode:0 INFO: Sending the heartbeat.
[2026-02-21 05:49:18.000]  [WriteHeartbeatToFile] ErrorCode:0 INFO: Done Sending the heartbeat.
[2026-02-21 05:49:48.000]  [WriteStatusToFile] ErrorCode:0 INFO: Sending the status.
[2026-02-21 05:49:48.000]  [WriteStatusToFile] ErrorCode:0 INFO: Done Sending the status.
[2026-02-21 05:49:48.000]  [WriteHeartbeatToFile] ErrorCode:0 INFO: Sending the heartbeat.
[2026-02-21 05:49:48.000]  [WriteHeartbeatToFile] ErrorCode:0 INFO: Done Sending the heartbeat.
[2026-02-21 05:50:18.000]  [FindProcessById] ErrorCode:0 INFO: Attempt to find the process MetricsExtension.Native.exe with ID: 5392.
[2026-02-21 05:50:18.000]  [FindProcessById] ErrorCode:0 INFO: Running Process MetricsExtension.Native.exe found. ID: 5392.
[2026-02-21 05:50:18.000]  [StartMetricsExtension] ErrorCode:0 ERROR: Metrics extension is already running
[2026-02-21 05:50:18.000]  [WriteStatusToFile] ErrorCode:0 INFO: Sending the status.
[2026-02-21 05:50:18.000]  [WriteStatusToFile] ErrorCode:0 INFO: Done Sending the status.
[2026-02-21 05:50:18.000]  [WriteHeartbeatToFile] ErrorCode:0 INFO: Sending the heartbeat.
[2026-02-21 05:50:18.000]  [WriteHeartbeatToFile] ErrorCode:0 INFO: Done Sending the heartbeat.
[2026-02-21 05:50:48.000]  [WriteStatusToFile] ErrorCode:0 INFO: Sending the status.
[2026-02-21 05:50:48.000]  [WriteStatusToFile] ErrorCode:0 INFO: Done Sending the status.
[2026-02-21 05:50:48.000]  [WriteHeartbeatToFile] ErrorCode:0 INFO: Sending the heartbeat.
[2026-02-21 05:50:48.000]  [WriteHeartbeatToFile] ErrorCode:0 INFO: Done Sending the heartbeat.
[2026-02-21 05:51:18.000]  [FindProcessById] ErrorCode:0 INFO: Attempt to find the process MetricsExtension.Native.exe with ID: 5392.
[2026-02-21 05:51:18.000]  [FindProcessById] ErrorCode:0 INFO: Running Process MetricsExtension.Native.exe found. ID: 5392.
[2026-02-21 05:51:18.000]  [StartMetricsExtension] ErrorCode:0 ERROR: Metrics extension is already running
[2026-02-21 05:51:18.000]  [AggregateHeartbeat] ErrorCode:0 INFO: Start heartbeat aggregation.
[2026-02-21 05:51:18.000]  [QueryRegValueDWORD] ErrorCode:0 INFO: Query Registry for Key:SOFTWARE\Microsoft\Windows Azure\CurrentVersion\AzureMonitorAgentExtension\47.4.1.0, Name:MaServiceProcess
[2026-02-21 05:51:18.000]  [QueryRegValueDWORD] ErrorCode:0 INFO: Query Registry for Key:SOFTWARE\Microsoft\Windows Azure\CurrentVersion\AzureMonitorAgentExtension\47.4.1.0, Name:MaServiceProcess, Value:2228
[2026-02-21 05:51:18.000]  [FindProcessById] ErrorCode:0 INFO: Attempt to find the process MonAgentLauncher.exe with ID: 2228.
[2026-02-21 05:51:18.000]  [FindProcessById] ErrorCode:0 INFO: Running Process MonAgentLauncher.exe found. ID: 2228.
[2026-02-21 05:51:18.000]  [CheckIfMAServiceIsRunByExtension] ErrorCode:0 INFO: The MA process is running based on the m_registry
[2026-02-21 05:51:18.000]  [QueryRegValueDWORD] ErrorCode:0 INFO: Query Registry for Key:SOFTWARE\Microsoft\Windows Azure\CurrentVersion\AzureMonitorAgentExtension\47.4.1.0, Name:AMAMultitenantServiceProcess
[2026-02-21 05:51:18.000]  [QueryRegValueDWORD] ErrorCode:0 ERROR: RegQueryValueExA: failed to query REG_DWORD value, Key:SOFTWARE\Microsoft\Windows Azure\CurrentVersion\AzureMonitorAgentExtension\47.4.1.0, name=AMAMultitenantServiceProcess, error=2, type=0
[2026-02-21 05:51:18.000]  [CheckIfMAServiceIsRunByExtension] ErrorCode:1205 INFO: Unable to read the m_registry for MA process. Assume it is not running.
[2026-02-21 05:51:18.000]  [AggregateHeartbeat] ErrorCode:0 INFO: Configured MA Service is not running on the node.
[2026-02-21 05:51:18.000]  [SetImdsEnvironmentVariable] ErrorCode:0 INFO: Querying IMDS information
[2026-02-21 05:51:18.000]  [SetImdsEnvironmentVariable] ErrorCode:-1 INFO: Preparing to call IMDS. Endpoint: http://169.254.169.254
[2026-02-21 05:51:18.000]  [QueryIMDSEndpoint] ErrorCode:0 INFO: Queried IMDS successfully.
[2026-02-21 05:51:18.000]  [GetValueFromJsonOrDefault] ErrorCode:0 INFO: Read Imds response field with Name:location Value: westus2
[2026-02-21 05:51:18.000]  [GetValueFromJsonOrDefault] ErrorCode:0 INFO: Read Imds response field with Name:name Value: amawin
[2026-02-21 05:51:18.000]  [GetValueFromJsonOrDefault] ErrorCode:0 INFO: Read Imds response field with Name:subscriptionId Value: 351651ce-5feb-4e59-975d-f1f344e2b717
[2026-02-21 05:51:18.000]  [GetValueFromJsonOrDefault] ErrorCode:0 INFO: Read Imds response field with Name:vmId Value: 22afd636-aec1-4782-9055-f85ea283dc20
[2026-02-21 05:51:18.000]  [GetValueFromJsonOrDefault] ErrorCode:0 INFO: Read Imds response field with Name:vmScaleSetName Value: 
[2026-02-21 05:51:18.000]  [GetValueFromJsonOrDefault] ErrorCode:0 INFO: Read Imds response field with Name:resourceGroupName Value: AMAWin_group
[2026-02-21 05:51:18.000]  [GetValueFromJsonOrDefault] ErrorCode:0 INFO: Read Imds response field with Name:osType Value: Windows
[2026-02-21 05:51:18.000]  [GetValueFromJsonOrDefault] ErrorCode:0 INFO: Read Imds response field with Name:resourceId Value: /subscriptions/351651ce-5feb-4e59-975d-f1f344e2b717/resourceGroups/AMAWin_group/providers/Microsoft.Compute/virtualMachines/amawin
[2026-02-21 05:51:18.000]  [GetValueFromJsonOrDefault] ErrorCode:0 INFO: Read Imds response field with Name:azEnvironment Value: AzurePublicCloud
[2026-02-21 05:51:18.000]  [SetImdsEnvironmentVariable] ErrorCode:0 INFO: Successfully set Environment variables from Imds
[2026-02-21 05:51:18.000]  [AggregateHeartbeat] ErrorCode:0 INFO: Completed heartbeat aggregation.
[2026-02-21 05:51:18.000]  [WriteStatusToFile] ErrorCode:0 INFO: Sending the status.
[2026-02-21 05:51:18.000]  [WriteStatusToFile] ErrorCode:0 INFO: Done Sending the status.
[2026-02-21 05:51:18.000]  [WriteHeartbeatToFile] ErrorCode:0 INFO: Sending the heartbeat.
[2026-02-21 05:51:18.000]  [WriteHeartbeatToFile] ErrorCode:0 INFO: Done Sending the heartbeat.
[2026-02-21 05:51:48.000]  [WriteStatusToFile] ErrorCode:0 INFO: Sending the status.
[2026-02-21 05:51:48.000]  [WriteStatusToFile] ErrorCode:0 INFO: Done Sending the status.
[2026-02-21 05:51:48.000]  [WriteHeartbeatToFile] ErrorCode:0 INFO: Sending the heartbeat.
[2026-02-21 05:51:48.000]  [WriteHeartbeatToFile] ErrorCode:0 INFO: Done Sending the heartbeat.
[2026-02-21 05:52:18.000]  [FindProcessById] ErrorCode:0 INFO: Attempt to find the process MetricsExtension.Native.exe with ID: 5392.
[2026-02-21 05:52:18.000]  [FindProcessById] ErrorCode:0 INFO: Running Process MetricsExtension.Native.exe found. ID: 5392.
[2026-02-21 05:52:18.000]  [StartMetricsExtension] ErrorCode:0 ERROR: Metrics extension is already running
[2026-02-21 05:52:18.000]  [WriteStatusToFile] ErrorCode:0 INFO: Sending the status.
[2026-02-21 05:52:18.000]  [WriteStatusToFile] ErrorCode:0 INFO: Done Sending the status.
[2026-02-21 05:52:18.000]  [WriteHeartbeatToFile] ErrorCode:0 INFO: Sending the heartbeat.
[2026-02-21 05:52:18.000]  [WriteHeartbeatToFile] ErrorCode:0 INFO: Done Sending the heartbeat.
[2026-02-21 05:52:48.000]  [WriteStatusToFile] ErrorCode:0 INFO: Sending the status.
[2026-02-21 05:52:48.000]  [WriteStatusToFile] ErrorCode:0 INFO: Done Sending the status.
[2026-02-21 05:52:48.000]  [WriteHeartbeatToFile] ErrorCode:0 INFO: Sending the heartbeat.
[2026-02-21 05:52:48.000]  [WriteHeartbeatToFile] ErrorCode:0 INFO: Done Sending the heartbeat.
[2026-02-21 05:53:18.000]  [FindProcessById] ErrorCode:0 INFO: Attempt to find the process MetricsExtension.Native.exe with ID: 5392.
[2026-02-21 05:53:18.000]  [FindProcessById] ErrorCode:0 INFO: Running Process MetricsExtension.Native.exe found. ID: 5392.
[2026-02-21 05:53:18.000]  [StartMetricsExtension] ErrorCode:0 ERROR: Metrics extension is already running
[2026-02-21 05:53:18.000]  [WriteStatusToFile] ErrorCode:0 INFO: Sending the status.
[2026-02-21 05:53:18.000]  [WriteStatusToFile] ErrorCode:0 INFO: Done Sending the status.
[2026-02-21 05:53:18.000]  [WriteHeartbeatToFile] ErrorCode:0 INFO: Sending the heartbeat.
[2026-02-21 05:53:18.000]  [WriteHeartbeatToFile] ErrorCode:0 INFO: Done Sending the heartbeat.
