[2024-10-27 01:46:06.000]  [QueryRegValueDWORD] ErrorCode:0 INFO: Query Registry for Key:SOFTWARE\Microsoft\Windows Azure\CurrentVersion\AzureMonitorAgentExtension\46.19.3.0, Name:AMAMultitenantServiceProcess
[2024-10-27 01:46:06.000]  [QueryRegValueDWORD] ErrorCode:0 ERROR: RegQueryValueExA: failed to query REG_DWORD value, Key:SOFTWARE\Microsoft\Windows Azure\CurrentVersion\AzureMonitorAgentExtension\46.19.3.0, name=AMAMultitenantServiceProcess, error=2, type=0
[2024-10-27 01:46:06.000]  [CheckIfMAServiceIsRunByExtension] ErrorCode:1205 INFO: Unable to read the m_registry for MA process. Assume it is not running.
[2024-10-27 01:46:06.000]  [AggregateHeartbeat] ErrorCode:0 INFO: Configured MA Service is not running on the node.
[2024-10-27 01:46:06.000]  [SetImdsEnvironmentVariable] ErrorCode:0 INFO: Querying IMDS information
[2024-10-27 01:46:06.000]  [SetImdsEnvironmentVariable] ErrorCode:-1 INFO: Preparing to call IMDS
[2024-10-27 01:46:06.000]  [QueryIMDSEndpoint] ErrorCode:0 INFO: Queried IMDS successfully.
[2024-10-27 01:46:06.000]  [GetValueFromJsonOrDefault] ErrorCode:0 INFO: Read Imds response field with Name:location Value: westus2
[2024-10-27 01:46:06.000]  [GetValueFromJsonOrDefault] ErrorCode:0 INFO: Read Imds response field with Name:name Value: amawin
[2024-10-27 01:46:06.000]  [GetValueFromJsonOrDefault] ErrorCode:0 INFO: Read Imds response field with Name:subscriptionId Value: 351651ce-5feb-4e59-975d-f1f344e2b717
[2024-10-27 01:46:06.000]  [GetValueFromJsonOrDefault] ErrorCode:0 INFO: Read Imds response field with Name:vmId Value: 22afd636-aec1-4782-9055-f85ea283dc20
[2024-10-27 01:46:06.000]  [GetValueFromJsonOrDefault] ErrorCode:0 INFO: Read Imds response field with Name:vmScaleSetName Value: 
[2024-10-27 01:46:06.000]  [GetValueFromJsonOrDefault] ErrorCode:0 INFO: Read Imds response field with Name:resourceGroupName Value: AMAWin_group
[2024-10-27 01:46:06.000]  [GetValueFromJsonOrDefault] ErrorCode:0 INFO: Read Imds response field with Name:osType Value: Windows
[2024-10-27 01:46:06.000]  [GetValueFromJsonOrDefault] ErrorCode:0 INFO: Read Imds response field with Name:resourceId Value: /subscriptions/351651ce-5feb-4e59-975d-f1f344e2b717/resourceGroups/AMAWin_group/providers/Microsoft.Compute/virtualMachines/amawin
[2024-10-27 01:46:06.000]  [GetValueFromJsonOrDefault] ErrorCode:0 INFO: Read Imds response field with Name:azEnvironment Value: AzurePublicCloud
[2024-10-27 01:46:06.000]  [SetImdsEnvironmentVariable] ErrorCode:0 INFO: Successfully set Environment variables from Imds
[2024-10-27 01:46:06.000]  [AggregateHeartbeat] ErrorCode:0 INFO: Completed heartbeat aggregation.
[2024-10-27 01:46:28.000]  [WriteStatusToFile] ErrorCode:0 INFO: Sending the status.
[2024-10-27 01:46:28.000]  [WriteHeartbeatToFile] ErrorCode:0 INFO: Sending the heartbeat.
[2024-10-27 01:46:28.000]  [WriteStatusToFile] ErrorCode:0 INFO: Done Sending the status.
[2024-10-27 01:46:28.000]  [WriteHeartbeatToFile] ErrorCode:0 INFO: Done Sending the heartbeat.
[2024-10-27 01:46:58.000]  [WriteStatusToFile] ErrorCode:0 INFO: Sending the status.
[2024-10-27 01:46:58.000]  [WriteHeartbeatToFile] ErrorCode:0 INFO: Sending the heartbeat.
[2024-10-27 01:46:58.000]  [WriteHeartbeatToFile] ErrorCode:0 INFO: Done Sending the heartbeat.
[2024-10-27 01:46:58.000]  [WriteStatusToFile] ErrorCode:0 INFO: Done Sending the status.
[2024-10-27 01:47:28.000]  [WriteHeartbeatToFile] ErrorCode:0 INFO: Sending the heartbeat.
[2024-10-27 01:47:28.000]  [WriteStatusToFile] ErrorCode:0 INFO: Sending the status.
[2024-10-27 01:47:28.000]  [WriteStatusToFile] ErrorCode:0 INFO: Done Sending the status.
[2024-10-27 01:47:28.000]  [WriteHeartbeatToFile] ErrorCode:0 INFO: Done Sending the heartbeat.
[2024-10-27 01:47:58.000]  [WriteHeartbeatToFile] ErrorCode:0 INFO: Sending the heartbeat.
[2024-10-27 01:47:58.000]  [WriteStatusToFile] ErrorCode:0 INFO: Sending the status.
[2024-10-27 01:47:58.000]  [WriteHeartbeatToFile] ErrorCode:0 INFO: Done Sending the heartbeat.
[2024-10-27 01:47:58.000]  [WriteStatusToFile] ErrorCode:0 INFO: Done Sending the status.
[2024-10-27 01:48:28.000]  [WriteStatusToFile] ErrorCode:0 INFO: Sending the status.
[2024-10-27 01:48:28.000]  [WriteStatusToFile] ErrorCode:0 INFO: Done Sending the status.
[2024-10-27 01:48:28.000]  [WriteHeartbeatToFile] ErrorCode:0 INFO: Sending the heartbeat.
[2024-10-27 01:48:28.000]  [WriteHeartbeatToFile] ErrorCode:0 INFO: Done Sending the heartbeat.
[2024-10-27 01:48:58.000]  [WriteStatusToFile] ErrorCode:0 INFO: Sending the status.
[2024-10-27 01:48:58.000]  [WriteStatusToFile] ErrorCode:0 INFO: Done Sending the status.
[2024-10-27 01:48:58.000]  [WriteHeartbeatToFile] ErrorCode:0 INFO: Sending the heartbeat.
[2024-10-27 01:48:58.000]  [WriteHeartbeatToFile] ErrorCode:0 INFO: Done Sending the heartbeat.
[2024-10-27 01:49:28.000]  [WriteStatusToFile] ErrorCode:0 INFO: Sending the status.
[2024-10-27 01:49:28.000]  [WriteStatusToFile] ErrorCode:0 INFO: Done Sending the status.
[2024-10-27 01:49:28.000]  [WriteHeartbeatToFile] ErrorCode:0 INFO: Sending the heartbeat.
[2024-10-27 01:49:28.000]  [WriteHeartbeatToFile] ErrorCode:0 INFO: Done Sending the heartbeat.
[2024-10-27 01:49:58.000]  [WriteStatusToFile] ErrorCode:0 INFO: Sending the status.
[2024-10-27 01:49:58.000]  [WriteStatusToFile] ErrorCode:0 INFO: Done Sending the status.
[2024-10-27 01:49:58.000]  [WriteHeartbeatToFile] ErrorCode:0 INFO: Sending the heartbeat.
[2024-10-27 01:49:58.000]  [WriteHeartbeatToFile] ErrorCode:0 INFO: Done Sending the heartbeat.
[2024-10-27 01:50:28.000]  [WriteStatusToFile] ErrorCode:0 INFO: Sending the status.
[2024-10-27 01:50:28.000]  [WriteStatusToFile] ErrorCode:0 INFO: Done Sending the status.
[2024-10-27 01:50:28.000]  [WriteHeartbeatToFile] ErrorCode:0 INFO: Sending the heartbeat.
[2024-10-27 01:50:28.000]  [WriteHeartbeatToFile] ErrorCode:0 INFO: Done Sending the heartbeat.
[2024-10-27 01:50:58.000]  [WriteStatusToFile] ErrorCode:0 INFO: Sending the status.
[2024-10-27 01:50:58.000]  [WriteStatusToFile] ErrorCode:0 INFO: Done Sending the status.
[2024-10-27 01:50:58.000]  [WriteHeartbeatToFile] ErrorCode:0 INFO: Sending the heartbeat.
[2024-10-27 01:50:58.000]  [WriteHeartbeatToFile] ErrorCode:0 INFO: Done Sending the heartbeat.
[2024-10-27 01:51:06.000]  [AggregateHeartbeat] ErrorCode:0 INFO: Start heartbeat aggregation.
[2024-10-27 01:51:06.000]  [QueryRegValueDWORD] ErrorCode:0 INFO: Query Registry for Key:SOFTWARE\Microsoft\Windows Azure\CurrentVersion\AzureMonitorAgentExtension\46.19.3.0, Name:MaServiceProcess
[2024-10-27 01:51:06.000]  [QueryRegValueDWORD] ErrorCode:0 INFO: Query Registry for Key:SOFTWARE\Microsoft\Windows Azure\CurrentVersion\AzureMonitorAgentExtension\46.19.3.0, Name:MaServiceProcess, Value:6028
[2024-10-27 01:51:06.000]  [FindProcessById] ErrorCode:0 INFO: Attempt to find the process MonAgentLauncher.exe with ID: 6028.
[2024-10-27 01:51:06.000]  [FindProcessById] ErrorCode:0 INFO: Running Process MonAgentLauncher.exe found. ID: 6028.
[2024-10-27 01:51:06.000]  [CheckIfMAServiceIsRunByExtension] ErrorCode:0 INFO: The MA process is running based on the m_registry
[2024-10-27 01:51:06.000]  [QueryRegValueDWORD] ErrorCode:0 INFO: Query Registry for Key:SOFTWARE\Microsoft\Windows Azure\CurrentVersion\AzureMonitorAgentExtension\46.19.3.0, Name:AMAMultitenantServiceProcess
[2024-10-27 01:51:06.000]  [QueryRegValueDWORD] ErrorCode:0 ERROR: RegQueryValueExA: failed to query REG_DWORD value, Key:SOFTWARE\Microsoft\Windows Azure\CurrentVersion\AzureMonitorAgentExtension\46.19.3.0, name=AMAMultitenantServiceProcess, error=2, type=0
[2024-10-27 01:51:06.000]  [CheckIfMAServiceIsRunByExtension] ErrorCode:1205 INFO: Unable to read the m_registry for MA process. Assume it is not running.
[2024-10-27 01:51:06.000]  [AggregateHeartbeat] ErrorCode:0 INFO: Configured MA Service is not running on the node.
[2024-10-27 01:51:06.000]  [SetImdsEnvironmentVariable] ErrorCode:0 INFO: Querying IMDS information
[2024-10-27 01:51:06.000]  [SetImdsEnvironmentVariable] ErrorCode:-1 INFO: Preparing to call IMDS
[2024-10-27 01:51:06.000]  [QueryIMDSEndpoint] ErrorCode:0 INFO: Queried IMDS successfully.
[2024-10-27 01:51:06.000]  [GetValueFromJsonOrDefault] ErrorCode:0 INFO: Read Imds response field with Name:location Value: westus2
[2024-10-27 01:51:06.000]  [GetValueFromJsonOrDefault] ErrorCode:0 INFO: Read Imds response field with Name:name Value: amawin
[2024-10-27 01:51:06.000]  [GetValueFromJsonOrDefault] ErrorCode:0 INFO: Read Imds response field with Name:subscriptionId Value: 351651ce-5feb-4e59-975d-f1f344e2b717
[2024-10-27 01:51:06.000]  [GetValueFromJsonOrDefault] ErrorCode:0 INFO: Read Imds response field with Name:vmId Value: 22afd636-aec1-4782-9055-f85ea283dc20
[2024-10-27 01:51:06.000]  [GetValueFromJsonOrDefault] ErrorCode:0 INFO: Read Imds response field with Name:vmScaleSetName Value: 
[2024-10-27 01:51:06.000]  [GetValueFromJsonOrDefault] ErrorCode:0 INFO: Read Imds response field with Name:resourceGroupName Value: AMAWin_group
[2024-10-27 01:51:06.000]  [GetValueFromJsonOrDefault] ErrorCode:0 INFO: Read Imds response field with Name:osType Value: Windows
[2024-10-27 01:51:06.000]  [GetValueFromJsonOrDefault] ErrorCode:0 INFO: Read Imds response field with Name:resourceId Value: /subscriptions/351651ce-5feb-4e59-975d-f1f344e2b717/resourceGroups/AMAWin_group/providers/Microsoft.Compute/virtualMachines/amawin
[2024-10-27 01:51:06.000]  [GetValueFromJsonOrDefault] ErrorCode:0 INFO: Read Imds response field with Name:azEnvironment Value: AzurePublicCloud
[2024-10-27 01:51:06.000]  [SetImdsEnvironmentVariable] ErrorCode:0 INFO: Successfully set Environment variables from Imds
[2024-10-27 01:51:06.000]  [AggregateHeartbeat] ErrorCode:0 INFO: Completed heartbeat aggregation.
[2024-10-27 01:51:28.000]  [WriteStatusToFile] ErrorCode:0 INFO: Sending the status.
[2024-10-27 01:51:28.000]  [WriteStatusToFile] ErrorCode:0 INFO: Done Sending the status.
[2024-10-27 01:51:28.000]  [WriteHeartbeatToFile] ErrorCode:0 INFO: Sending the heartbeat.
[2024-10-27 01:51:28.000]  [WriteHeartbeatToFile] ErrorCode:0 INFO: Done Sending the heartbeat.
[2024-10-27 01:51:58.000]  [WriteStatusToFile] ErrorCode:0 INFO: Sending the status.
[2024-10-27 01:51:58.000]  [WriteStatusToFile] ErrorCode:0 INFO: Done Sending the status.
[2024-10-27 01:51:58.000]  [WriteHeartbeatToFile] ErrorCode:0 INFO: Sending the heartbeat.
[2024-10-27 01:51:58.000]  [WriteHeartbeatToFile] ErrorCode:0 INFO: Done Sending the heartbeat.
[2024-10-27 01:52:28.000]  [WriteStatusToFile] ErrorCode:0 INFO: Sending the status.
[2024-10-27 01:52:28.000]  [WriteStatusToFile] ErrorCode:0 INFO: Done Sending the status.
[2024-10-27 01:52:28.000]  [WriteHeartbeatToFile] ErrorCode:0 INFO: Sending the heartbeat.
[2024-10-27 01:52:28.000]  [WriteHeartbeatToFile] ErrorCode:0 INFO: Done Sending the heartbeat.
[2024-10-27 01:52:58.000]  [WriteStatusToFile] ErrorCode:0 INFO: Sending the status.
[2024-10-27 01:52:58.000]  [WriteStatusToFile] ErrorCode:0 INFO: Done Sending the status.
[2024-10-27 01:52:58.000]  [WriteHeartbeatToFile] ErrorCode:0 INFO: Sending the heartbeat.
[2024-10-27 01:52:58.000]  [WriteHeartbeatToFile] ErrorCode:0 INFO: Done Sending the heartbeat.
[2024-10-27 01:53:28.000]  [WriteStatusToFile] ErrorCode:0 INFO: Sending the status.
[2024-10-27 01:53:28.000]  [WriteStatusToFile] ErrorCode:0 INFO: Done Sending the status.
[2024-10-27 01:53:28.000]  [WriteHeartbeatToFile] ErrorCode:0 INFO: Sending the heartbeat.
[2024-10-27 01:53:28.000]  [WriteHeartbeatToFile] ErrorCode:0 INFO: Done Sending the heartbeat.
[2024-10-27 01:53:58.000]  [WriteStatusToFile] ErrorCode:0 INFO: Sending the status.
[2024-10-27 01:53:58.000]  [WriteStatusToFile] ErrorCode:0 INFO: Done Sending the status.
[2024-10-27 01:53:58.000]  [WriteHeartbeatToFile] ErrorCode:0 INFO: Sending the heartbeat.
[2024-10-27 01:53:58.000]  [WriteHeartbeatToFile] ErrorCode:0 INFO: Done Sending the heartbeat.
[2024-10-27 01:54:28.000]  [WriteStatusToFile] ErrorCode:0 INFO: Sending the status.
[2024-10-27 01:54:28.000]  [WriteStatusToFile] ErrorCode:0 INFO: Done Sending the status.
[2024-10-27 01:54:28.000]  [WriteHeartbeatToFile] ErrorCode:0 INFO: Sending the heartbeat.
[2024-10-27 01:54:28.000]  [WriteHeartbeatToFile] ErrorCode:0 INFO: Done Sending the heartbeat.
[2024-10-27 01:54:58.000]  [WriteStatusToFile] ErrorCode:0 INFO: Sending the status.
[2024-10-27 01:54:58.000]  [WriteStatusToFile] ErrorCode:0 INFO: Done Sending the status.
[2024-10-27 01:54:58.000]  [WriteHeartbeatToFile] ErrorCode:0 INFO: Sending the heartbeat.
[2024-10-27 01:54:58.000]  [WriteHeartbeatToFile] ErrorCode:0 INFO: Done Sending the heartbeat.
[2024-10-27 01:55:28.000]  [WriteStatusToFile] ErrorCode:0 INFO: Sending the status.
[2024-10-27 01:55:28.000]  [WriteStatusToFile] ErrorCode:0 INFO: Done Sending the status.
[2024-10-27 01:55:28.000]  [WriteHeartbeatToFile] ErrorCode:0 INFO: Sending the heartbeat.
[2024-10-27 01:55:28.000]  [WriteHeartbeatToFile] ErrorCode:0 INFO: Done Sending the heartbeat.
[2024-10-27 01:55:58.000]  [WriteStatusToFile] ErrorCode:0 INFO: Sending the status.
[2024-10-27 01:55:58.000]  [WriteStatusToFile] ErrorCode:0 INFO: Done Sending the status.
[2024-10-27 01:55:58.000]  [WriteHeartbeatToFile] ErrorCode:0 INFO: Sending the heartbeat.
[2024-10-27 01:55:58.000]  [WriteHeartbeatToFile] ErrorCode:0 INFO: Done Sending the heartbeat.
[2024-10-27 01:56:06.000]  [AggregateHeartbeat] ErrorCode:0 INFO: Start heartbeat aggregation.
[2024-10-27 01:56:06.000]  [QueryRegValueDWORD] ErrorCode:0 INFO: Query Registry for Key:SOFTWARE\Microsoft\Windows Azure\CurrentVersion\AzureMonitorAgentExtension\46.19.3.0, Name:MaServiceProcess
[2024-10-27 01:56:06.000]  [QueryRegValueDWORD] ErrorCode:0 INFO: Query Registry for Key:SOFTWARE\Microsoft\Windows Azure\CurrentVersion\AzureMonitorAgentExtension\46.19.3.0, Name:MaServiceProcess, Value:6028
[2024-10-27 01:56:06.000]  [FindProcessById] ErrorCode:0 INFO: Attempt to find the process MonAgentLauncher.exe with ID: 6028.
[2024-10-27 01:56:06.000]  [FindProcessById] ErrorCode:0 INFO: Running Process MonAgentLauncher.exe found. ID: 6028.
[2024-10-27 01:56:06.000]  [CheckIfMAServiceIsRunByExtension] ErrorCode:0 INFO: The MA process is running based on the m_registry
[2024-10-27 01:56:06.000]  [QueryRegValueDWORD] ErrorCode:0 INFO: Query Registry for Key:SOFTWARE\Microsoft\Windows Azure\CurrentVersion\AzureMonitorAgentExtension\46.19.3.0, Name:AMAMultitenantServiceProcess
[2024-10-27 01:56:06.000]  [QueryRegValueDWORD] ErrorCode:0 ERROR: RegQueryValueExA: failed to query REG_DWORD value, Key:SOFTWARE\Microsoft\Windows Azure\CurrentVersion\AzureMonitorAgentExtension\46.19.3.0, name=AMAMultitenantServiceProcess, error=2, type=0
[2024-10-27 01:56:06.000]  [CheckIfMAServiceIsRunByExtension] ErrorCode:1205 INFO: Unable to read the m_registry for MA process. Assume it is not running.
[2024-10-27 01:56:06.000]  [AggregateHeartbeat] ErrorCode:0 INFO: Configured MA Service is not running on the node.
[2024-10-27 01:56:06.000]  [SetImdsEnvironmentVariable] ErrorCode:0 INFO: Querying IMDS information
[2024-10-27 01:56:06.000]  [SetImdsEnvironmentVariable] ErrorCode:-1 INFO: Preparing to call IMDS
[2024-10-27 01:56:06.000]  [QueryIMDSEndpoint] ErrorCode:0 INFO: Queried IMDS successfully.
[2024-10-27 01:56:06.000]  [GetValueFromJsonOrDefault] ErrorCode:0 INFO: Read Imds response field with Name:location Value: westus2
[2024-10-27 01:56:06.000]  [GetValueFromJsonOrDefault] ErrorCode:0 INFO: Read Imds response field with Name:name Value: amawin
[2024-10-27 01:56:06.000]  [GetValueFromJsonOrDefault] ErrorCode:0 INFO: Read Imds response field with Name:subscriptionId Value: 351651ce-5feb-4e59-975d-f1f344e2b717
[2024-10-27 01:56:06.000]  [GetValueFromJsonOrDefault] ErrorCode:0 INFO: Read Imds response field with Name:vmId Value: 22afd636-aec1-4782-9055-f85ea283dc20
[2024-10-27 01:56:06.000]  [GetValueFromJsonOrDefault] ErrorCode:0 INFO: Read Imds response field with Name:vmScaleSetName Value: 
[2024-10-27 01:56:06.000]  [GetValueFromJsonOrDefault] ErrorCode:0 INFO: Read Imds response field with Name:resourceGroupName Value: AMAWin_group
[2024-10-27 01:56:06.000]  [GetValueFromJsonOrDefault] ErrorCode:0 INFO: Read Imds response field with Name:osType Value: Windows
[2024-10-27 01:56:06.000]  [GetValueFromJsonOrDefault] ErrorCode:0 INFO: Read Imds response field with Name:resourceId Value: /subscriptions/351651ce-5feb-4e59-975d-f1f344e2b717/resourceGroups/AMAWin_group/providers/Microsoft.Compute/virtualMachines/amawin
[2024-10-27 01:56:06.000]  [GetValueFromJsonOrDefault] ErrorCode:0 INFO: Read Imds response field with Name:azEnvironment Value: AzurePublicCloud
[2024-10-27 01:56:06.000]  [SetImdsEnvironmentVariable] ErrorCode:0 INFO: Successfully set Environment variables from Imds
[2024-10-27 01:56:06.000]  [AggregateHeartbeat] ErrorCode:0 INFO: Completed heartbeat aggregation.
[2024-10-27 01:56:28.000]  [WriteStatusToFile] ErrorCode:0 INFO: Sending the status.
[2024-10-27 01:56:28.000]  [WriteStatusToFile] ErrorCode:0 INFO: Done Sending the status.
[2024-10-27 01:56:28.000]  [WriteHeartbeatToFile] ErrorCode:0 INFO: Sending the heartbeat.
[2024-10-27 01:56:28.000]  [WriteHeartbeatToFile] ErrorCode:0 INFO: Done Sending the heartbeat.
[2024-10-27 01:56:58.000]  [WriteStatusToFile] ErrorCode:0 INFO: Sending the status.
[2024-10-27 01:56:58.000]  [WriteStatusToFile] ErrorCode:0 INFO: Done Sending the status.
[2024-10-27 01:56:58.000]  [WriteHeartbeatToFile] ErrorCode:0 INFO: Sending the heartbeat.
[2024-10-27 01:56:58.000]  [WriteHeartbeatToFile] ErrorCode:0 INFO: Done Sending the heartbeat.
[2024-10-27 01:57:28.000]  [WriteStatusToFile] ErrorCode:0 INFO: Sending the status.
[2024-10-27 01:57:28.000]  [WriteStatusToFile] ErrorCode:0 INFO: Done Sending the status.
[2024-10-27 01:57:28.000]  [WriteHeartbeatToFile] ErrorCode:0 INFO: Sending the heartbeat.
[2024-10-27 01:57:28.000]  [WriteHeartbeatToFile] ErrorCode:0 INFO: Done Sending the heartbeat.
[2024-10-27 01:57:58.000]  [WriteStatusToFile] ErrorCode:0 INFO: Sending the status.
[2024-10-27 01:57:58.000]  [WriteStatusToFile] ErrorCode:0 INFO: Done Sending the status.
[2024-10-27 01:57:58.000]  [WriteHeartbeatToFile] ErrorCode:0 INFO: Sending the heartbeat.
[2024-10-27 01:57:58.000]  [WriteHeartbeatToFile] ErrorCode:0 INFO: Done Sending the heartbeat.
[2024-10-27 01:58:28.000]  [WriteStatusToFile] ErrorCode:0 INFO: Sending the status.
[2024-10-27 01:58:28.000]  [WriteStatusToFile] ErrorCode:0 INFO: Done Sending the status.
[2024-10-27 01:58:28.000]  [WriteHeartbeatToFile] ErrorCode:0 INFO: Sending the heartbeat.
[2024-10-27 01:58:28.000]  [WriteHeartbeatToFile] ErrorCode:0 INFO: Done Sending the heartbeat.
[2024-10-27 01:58:58.000]  [WriteStatusToFile] ErrorCode:0 INFO: Sending the status.
[2024-10-27 01:58:58.000]  [WriteStatusToFile] ErrorCode:0 INFO: Done Sending the status.
[2024-10-27 01:58:58.000]  [WriteHeartbeatToFile] ErrorCode:0 INFO: Sending the heartbeat.
[2024-10-27 01:58:58.000]  [WriteHeartbeatToFile] ErrorCode:0 INFO: Done Sending the heartbeat.
[2024-10-27 01:59:28.000]  [WriteStatusToFile] ErrorCode:0 INFO: Sending the status.
[2024-10-27 01:59:28.000]  [WriteStatusToFile] ErrorCode:0 INFO: Done Sending the status.
[2024-10-27 01:59:28.000]  [WriteHeartbeatToFile] ErrorCode:0 INFO: Sending the heartbeat.
[2024-10-27 01:59:28.000]  [WriteHeartbeatToFile] ErrorCode:0 INFO: Done Sending the heartbeat.
[2024-10-27 01:59:58.000]  [WriteStatusToFile] ErrorCode:0 INFO: Sending the status.
[2024-10-27 01:59:58.000]  [WriteStatusToFile] ErrorCode:0 INFO: Done Sending the status.
[2024-10-27 01:59:58.000]  [WriteHeartbeatToFile] ErrorCode:0 INFO: Sending the heartbeat.
[2024-10-27 01:59:58.000]  [WriteHeartbeatToFile] ErrorCode:0 INFO: Done Sending the heartbeat.
[2024-10-27 02:00:28.000]  [WriteStatusToFile] ErrorCode:0 INFO: Sending the status.
[2024-10-27 02:00:28.000]  [WriteStatusToFile] ErrorCode:0 INFO: Done Sending the status.
[2024-10-27 02:00:28.000]  [WriteHeartbeatToFile] ErrorCode:0 INFO: Sending the heartbeat.
[2024-10-27 02:00:28.000]  [WriteHeartbeatToFile] ErrorCode:0 INFO: Done Sending the heartbeat.
[2024-10-27 02:00:58.000]  [WriteStatusToFile] ErrorCode:0 INFO: Sending the status.
[2024-10-27 02:00:58.000]  [WriteStatusToFile] ErrorCode:0 INFO: Done Sending the status.
[2024-10-27 02:00:58.000]  [WriteHeartbeatToFile] ErrorCode:0 INFO: Sending the heartbeat.
[2024-10-27 02:00:58.000]  [WriteHeartbeatToFile] ErrorCode:0 INFO: Done Sending the heartbeat.
[2024-10-27 02:01:06.000]  [AggregateHeartbeat] ErrorCode:0 INFO: Start heartbeat aggregation.
[2024-10-27 02:01:06.000]  [QueryRegValueDWORD] ErrorCode:0 INFO: Query Registry for Key:SOFTWARE\Microsoft\Windows Azure\CurrentVersion\AzureMonitorAgentExtension\46.19.3.0, Name:MaServiceProcess
[2024-10-27 02:01:06.000]  [QueryRegValueDWORD] ErrorCode:0 INFO: Query Registry for Key:SOFTWARE\Microsoft\Windows Azure\CurrentVersion\AzureMonitorAgentExtension\46.19.3.0, Name:MaServiceProcess, Value:6028
[2024-10-27 02:01:06.000]  [FindProcessById] ErrorCode:0 INFO: Attempt to find the process MonAgentLauncher.exe with ID: 6028.
[2024-10-27 02:01:06.000]  [FindProcessById] ErrorCode:0 INFO: Running Process MonAgentLauncher.exe found. ID: 6028.
[2024-10-27 02:01:06.000]  [CheckIfMAServiceIsRunByExtension] ErrorCode:0 INFO: The MA process is running based on the m_registry
[2024-10-27 02:01:06.000]  [QueryRegValueDWORD] ErrorCode:0 INFO: Query Registry for Key:SOFTWARE\Microsoft\Windows Azure\CurrentVersion\AzureMonitorAgentExtension\46.19.3.0, Name:AMAMultitenantServiceProcess
[2024-10-27 02:01:06.000]  [QueryRegValueDWORD] ErrorCode:0 ERROR: RegQueryValueExA: failed to query REG_DWORD value, Key:SOFTWARE\Microsoft\Windows Azure\CurrentVersion\AzureMonitorAgentExtension\46.19.3.0, name=AMAMultitenantServiceProcess, error=2, type=0
[2024-10-27 02:01:06.000]  [CheckIfMAServiceIsRunByExtension] ErrorCode:1205 INFO: Unable to read the m_registry for MA process. Assume it is not running.
[2024-10-27 02:01:06.000]  [AggregateHeartbeat] ErrorCode:0 INFO: Configured MA Service is not running on the node.
[2024-10-27 02:01:06.000]  [SetImdsEnvironmentVariable] ErrorCode:0 INFO: Querying IMDS information
[2024-10-27 02:01:06.000]  [SetImdsEnvironmentVariable] ErrorCode:-1 INFO: Preparing to call IMDS
[2024-10-27 02:01:06.000]  [QueryIMDSEndpoint] ErrorCode:0 INFO: Queried IMDS successfully.
[2024-10-27 02:01:06.000]  [GetValueFromJsonOrDefault] ErrorCode:0 INFO: Read Imds response field with Name:location Value: westus2
[2024-10-27 02:01:06.000]  [GetValueFromJsonOrDefault] ErrorCode:0 INFO: Read Imds response field with Name:name Value: amawin
[2024-10-27 02:01:06.000]  [GetValueFromJsonOrDefault] ErrorCode:0 INFO: Read Imds response field with Name:subscriptionId Value: 351651ce-5feb-4e59-975d-f1f344e2b717
[2024-10-27 02:01:06.000]  [GetValueFromJsonOrDefault] ErrorCode:0 INFO: Read Imds response field with Name:vmId Value: 22afd636-aec1-4782-9055-f85ea283dc20
[2024-10-27 02:01:06.000]  [GetValueFromJsonOrDefault] ErrorCode:0 INFO: Read Imds response field with Name:vmScaleSetName Value: 
[2024-10-27 02:01:06.000]  [GetValueFromJsonOrDefault] ErrorCode:0 INFO: Read Imds response field with Name:resourceGroupName Value: AMAWin_group
[2024-10-27 02:01:06.000]  [GetValueFromJsonOrDefault] ErrorCode:0 INFO: Read Imds response field with Name:osType Value: Windows
[2024-10-27 02:01:06.000]  [GetValueFromJsonOrDefault] ErrorCode:0 INFO: Read Imds response field with Name:resourceId Value: /subscriptions/351651ce-5feb-4e59-975d-f1f344e2b717/resourceGroups/AMAWin_group/providers/Microsoft.Compute/virtualMachines/amawin
[2024-10-27 02:01:06.000]  [GetValueFromJsonOrDefault] ErrorCode:0 INFO: Read Imds response field with Name:azEnvironment Value: AzurePublicCloud
[2024-10-27 02:01:06.000]  [SetImdsEnvironmentVariable] ErrorCode:0 INFO: Successfully set Environment variables from Imds
[2024-10-27 02:01:06.000]  [AggregateHeartbeat] ErrorCode:0 INFO: Completed heartbeat aggregation.
[2024-10-27 02:01:28.000]  [WriteStatusToFile] ErrorCode:0 INFO: Sending the status.
[2024-10-27 02:01:28.000]  [WriteStatusToFile] ErrorCode:0 INFO: Done Sending the status.
[2024-10-27 02:01:28.000]  [WriteHeartbeatToFile] ErrorCode:0 INFO: Sending the heartbeat.
[2024-10-27 02:01:28.000]  [WriteHeartbeatToFile] ErrorCode:0 INFO: Done Sending the heartbeat.
[2024-10-27 02:01:58.000]  [WriteStatusToFile] ErrorCode:0 INFO: Sending the status.
[2024-10-27 02:01:58.000]  [WriteStatusToFile] ErrorCode:0 INFO: Done Sending the status.
[2024-10-27 02:01:58.000]  [WriteHeartbeatToFile] ErrorCode:0 INFO: Sending the heartbeat.
[2024-10-27 02:01:58.000]  [WriteHeartbeatToFile] ErrorCode:0 INFO: Done Sending the heartbeat.
[2024-10-27 02:02:28.000]  [WriteStatusToFile] ErrorCode:0 INFO: Sending the status.
[2024-10-27 02:02:28.000]  [WriteStatusToFile] ErrorCode:0 INFO: Done Sending the status.
[2024-10-27 02:02:28.000]  [WriteHeartbeatToFile] ErrorCode:0 INFO: Sending the heartbeat.
[2024-10-27 02:02:28.000]  [WriteHeartbeatToFile] ErrorCode:0 INFO: Done Sending the heartbeat.
[2024-10-27 02:02:58.000]  [WriteStatusToFile] ErrorCode:0 INFO: Sending the status.
[2024-10-27 02:02:58.000]  [WriteStatusToFile] ErrorCode:0 INFO: Done Sending the status.
[2024-10-27 02:02:58.000]  [WriteHeartbeatToFile] ErrorCode:0 INFO: Sending the heartbeat.
[2024-10-27 02:02:58.000]  [WriteHeartbeatToFile] ErrorCode:0 INFO: Done Sending the heartbeat.
[2024-10-27 02:03:28.000]  [WriteStatusToFile] ErrorCode:0 INFO: Sending the status.
[2024-10-27 02:03:28.000]  [WriteStatusToFile] ErrorCode:0 INFO: Done Sending the status.
[2024-10-27 02:03:28.000]  [WriteHeartbeatToFile] ErrorCode:0 INFO: Sending the heartbeat.
[2024-10-27 02:03:28.000]  [WriteHeartbeatToFile] ErrorCode:0 INFO: Done Sending the heartbeat.
[2024-10-27 02:03:58.000]  [WriteStatusToFile] ErrorCode:0 INFO: Sending the status.
[2024-10-27 02:03:58.000]  [WriteStatusToFile] ErrorCode:0 INFO: Done Sending the status.
[2024-10-27 02:03:58.000]  [WriteHeartbeatToFile] ErrorCode:0 INFO: Sending the heartbeat.
[2024-10-27 02:03:58.000]  [WriteHeartbeatToFile] ErrorCode:0 INFO: Done Sending the heartbeat.
[2024-10-27 02:04:28.000]  [WriteStatusToFile] ErrorCode:0 INFO: Sending the status.
[2024-10-27 02:04:28.000]  [WriteStatusToFile] ErrorCode:0 INFO: Done Sending the status.
[2024-10-27 02:04:28.000]  [WriteHeartbeatToFile] ErrorCode:0 INFO: Sending the heartbeat.
[2024-10-27 02:04:28.000]  [WriteHeartbeatToFile] ErrorCode:0 INFO: Done Sending the heartbeat.
[2024-10-27 02:04:58.000]  [WriteStatusToFile] ErrorCode:0 INFO: Sending the status.
[2024-10-27 02:04:58.000]  [WriteStatusToFile] ErrorCode:0 INFO: Done Sending the status.
[2024-10-27 02:04:58.000]  [WriteHeartbeatToFile] ErrorCode:0 INFO: Sending the heartbeat.
[2024-10-27 02:04:58.000]  [WriteHeartbeatToFile] ErrorCode:0 INFO: Done Sending the heartbeat.
[2024-10-27 02:05:28.000]  [WriteStatusToFile] ErrorCode:0 INFO: Sending the status.
[2024-10-27 02:05:28.000]  [WriteStatusToFile] ErrorCode:0 INFO: Done Sending the status.
[2024-10-27 02:05:28.000]  [WriteHeartbeatToFile] ErrorCode:0 INFO: Sending the heartbeat.
[2024-10-27 02:05:28.000]  [WriteHeartbeatToFile] ErrorCode:0 INFO: Done Sending the heartbeat.
[2024-10-27 02:05:58.000]  [WriteStatusToFile] ErrorCode:0 INFO: Sending the status.
[2024-10-27 02:05:58.000]  [WriteStatusToFile] ErrorCode:0 INFO: Done Sending the status.
[2024-10-27 02:05:58.000]  [WriteHeartbeatToFile] ErrorCode:0 INFO: Sending the heartbeat.
[2024-10-27 02:05:58.000]  [WriteHeartbeatToFile] ErrorCode:0 INFO: Done Sending the heartbeat.
[2024-10-27 02:06:06.000]  [AggregateHeartbeat] ErrorCode:0 INFO: Start heartbeat aggregation.
[2024-10-27 02:06:06.000]  [QueryRegValueDWORD] ErrorCode:0 INFO: Query Registry for Key:SOFTWARE\Microsoft\Windows Azure\CurrentVersion\AzureMonitorAgentExtension\46.19.3.0, Name:MaServiceProcess
[2024-10-27 02:06:06.000]  [QueryRegValueDWORD] ErrorCode:0 INFO: Query Registry for Key:SOFTWARE\Microsoft\Windows Azure\CurrentVersion\AzureMonitorAgentExtension\46.19.3.0, Name:MaServiceProcess, Value:6028
[2024-10-27 02:06:06.000]  [FindProcessById] ErrorCode:0 INFO: Attempt to find the process MonAgentLauncher.exe with ID: 6028.
[2024-10-27 02:06:06.000]  [FindProcessById] ErrorCode:0 INFO: Running Process MonAgentLauncher.exe found. ID: 6028.
[2024-10-27 02:06:06.000]  [CheckIfMAServiceIsRunByExtension] ErrorCode:0 INFO: The MA process is running based on the m_registry
[2024-10-27 02:06:06.000]  [QueryRegValueDWORD] ErrorCode:0 INFO: Query Registry for Key:SOFTWARE\Microsoft\Windows Azure\CurrentVersion\AzureMonitorAgentExtension\46.19.3.0, Name:AMAMultitenantServiceProcess
[2024-10-27 02:06:06.000]  [QueryRegValueDWORD] ErrorCode:0 ERROR: RegQueryValueExA: failed to query REG_DWORD value, Key:SOFTWARE\Microsoft\Windows Azure\CurrentVersion\AzureMonitorAgentExtension\46.19.3.0, name=AMAMultitenantServiceProcess, error=2, type=0
[2024-10-27 02:06:06.000]  [CheckIfMAServiceIsRunByExtension] ErrorCode:1205 INFO: Unable to read the m_registry for MA process. Assume it is not running.
[2024-10-27 02:06:06.000]  [AggregateHeartbeat] ErrorCode:0 INFO: Configured MA Service is not running on the node.
[2024-10-27 02:06:06.000]  [SetImdsEnvironmentVariable] ErrorCode:0 INFO: Querying IMDS information
[2024-10-27 02:06:06.000]  [SetImdsEnvironmentVariable] ErrorCode:-1 INFO: Preparing to call IMDS
[2024-10-27 02:06:06.000]  [QueryIMDSEndpoint] ErrorCode:0 INFO: Queried IMDS successfully.
[2024-10-27 02:06:06.000]  [GetValueFromJsonOrDefault] ErrorCode:0 INFO: Read Imds response field with Name:location Value: westus2
[2024-10-27 02:06:06.000]  [GetValueFromJsonOrDefault] ErrorCode:0 INFO: Read Imds response field with Name:name Value: amawin
[2024-10-27 02:06:06.000]  [GetValueFromJsonOrDefault] ErrorCode:0 INFO: Read Imds response field with Name:subscriptionId Value: 351651ce-5feb-4e59-975d-f1f344e2b717
[2024-10-27 02:06:06.000]  [GetValueFromJsonOrDefault] ErrorCode:0 INFO: Read Imds response field with Name:vmId Value: 22afd636-aec1-4782-9055-f85ea283dc20
[2024-10-27 02:06:06.000]  [GetValueFromJsonOrDefault] ErrorCode:0 INFO: Read Imds response field with Name:vmScaleSetName Value: 
[2024-10-27 02:06:06.000]  [GetValueFromJsonOrDefault] ErrorCode:0 INFO: Read Imds response field with Name:resourceGroupName Value: AMAWin_group
[2024-10-27 02:06:06.000]  [GetValueFromJsonOrDefault] ErrorCode:0 INFO: Read Imds response field with Name:osType Value: Windows
[2024-10-27 02:06:06.000]  [GetValueFromJsonOrDefault] ErrorCode:0 INFO: Read Imds response field with Name:resourceId Value: /subscriptions/351651ce-5feb-4e59-975d-f1f344e2b717/resourceGroups/AMAWin_group/providers/Microsoft.Compute/virtualMachines/amawin
[2024-10-27 02:06:06.000]  [GetValueFromJsonOrDefault] ErrorCode:0 INFO: Read Imds response field with Name:azEnvironment Value: AzurePublicCloud
[2024-10-27 02:06:06.000]  [SetImdsEnvironmentVariable] ErrorCode:0 INFO: Successfully set Environment variables from Imds
[2024-10-27 02:06:06.000]  [AggregateHeartbeat] ErrorCode:0 INFO: Completed heartbeat aggregation.
[2024-10-27 02:06:28.000]  [WriteStatusToFile] ErrorCode:0 INFO: Sending the status.
[2024-10-27 02:06:28.000]  [WriteStatusToFile] ErrorCode:0 INFO: Done Sending the status.
[2024-10-27 02:06:28.000]  [WriteHeartbeatToFile] ErrorCode:0 INFO: Sending the heartbeat.
[2024-10-27 02:06:28.000]  [WriteHeartbeatToFile] ErrorCode:0 INFO: Done Sending the heartbeat.
[2024-10-27 02:06:58.000]  [WriteStatusToFile] ErrorCode:0 INFO: Sending the status.
[2024-10-27 02:06:58.000]  [WriteStatusToFile] ErrorCode:0 INFO: Done Sending the status.
[2024-10-27 02:06:58.000]  [WriteHeartbeatToFile] ErrorCode:0 INFO: Sending the heartbeat.
[2024-10-27 02:06:58.000]  [WriteHeartbeatToFile] ErrorCode:0 INFO: Done Sending the heartbeat.
[2024-10-27 02:07:28.000]  [WriteStatusToFile] ErrorCode:0 INFO: Sending the status.
[2024-10-27 02:07:28.000]  [WriteStatusToFile] ErrorCode:0 INFO: Done Sending the status.
[2024-10-27 02:07:28.000]  [WriteHeartbeatToFile] ErrorCode:0 INFO: Sending the heartbeat.
[2024-10-27 02:07:28.000]  [WriteHeartbeatToFile] ErrorCode:0 INFO: Done Sending the heartbeat.
[2024-10-27 02:07:58.000]  [WriteStatusToFile] ErrorCode:0 INFO: Sending the status.
[2024-10-27 02:07:58.000]  [WriteStatusToFile] ErrorCode:0 INFO: Done Sending the status.
[2024-10-27 02:07:58.000]  [WriteHeartbeatToFile] ErrorCode:0 INFO: Sending the heartbeat.
[2024-10-27 02:07:58.000]  [WriteHeartbeatToFile] ErrorCode:0 INFO: Done Sending the heartbeat.
[2024-10-27 02:08:28.000]  [WriteStatusToFile] ErrorCode:0 INFO: Sending the status.
[2024-10-27 02:08:28.000]  [WriteStatusToFile] ErrorCode:0 INFO: Done Sending the status.
[2024-10-27 02:08:28.000]  [WriteHeartbeatToFile] ErrorCode:0 INFO: Sending the heartbeat.
[2024-10-27 02:08:28.000]  [WriteHeartbeatToFile] ErrorCode:0 INFO: Done Sending the heartbeat.
[2024-10-27 02:08:58.000]  [WriteStatusToFile] ErrorCode:0 INFO: Sending the status.
[2024-10-27 02:08:58.000]  [WriteStatusToFile] ErrorCode:0 INFO: Done Sending the status.
[2024-10-27 02:08:58.000]  [WriteHeartbeatToFile] ErrorCode:0 INFO: Sending the heartbeat.
[2024-10-27 02:08:58.000]  [WriteHeartbeatToFile] ErrorCode:0 INFO: Done Sending the heartbeat.
[2024-10-27 02:09:28.000]  [WriteStatusToFile] ErrorCode:0 INFO: Sending the status.
[2024-10-27 02:09:28.000]  [WriteStatusToFile] ErrorCode:0 INFO: Done Sending the status.
[2024-10-27 02:09:28.000]  [WriteHeartbeatToFile] ErrorCode:0 INFO: Sending the heartbeat.
[2024-10-27 02:09:28.000]  [WriteHeartbeatToFile] ErrorCode:0 INFO: Done Sending the heartbeat.
[2024-10-27 02:09:58.000]  [WriteStatusToFile] ErrorCode:0 INFO: Sending the status.
[2024-10-27 02:09:58.000]  [WriteStatusToFile] ErrorCode:0 INFO: Done Sending the status.
[2024-10-27 02:09:58.000]  [WriteHeartbeatToFile] ErrorCode:0 INFO: Sending the heartbeat.
[2024-10-27 02:09:58.000]  [WriteHeartbeatToFile] ErrorCode:0 INFO: Done Sending the heartbeat.
[2024-10-27 02:10:28.000]  [WriteStatusToFile] ErrorCode:0 INFO: Sending the status.
[2024-10-27 02:10:28.000]  [WriteStatusToFile] ErrorCode:0 INFO: Done Sending the status.
[2024-10-27 02:10:28.000]  [WriteHeartbeatToFile] ErrorCode:0 INFO: Sending the heartbeat.
[2024-10-27 02:10:28.000]  [WriteHeartbeatToFile] ErrorCode:0 INFO: Done Sending the heartbeat.
[2024-10-27 02:10:58.000]  [WriteStatusToFile] ErrorCode:0 INFO: Sending the status.
[2024-10-27 02:10:58.000]  [WriteStatusToFile] ErrorCode:0 INFO: Done Sending the status.
[2024-10-27 02:10:58.000]  [WriteHeartbeatToFile] ErrorCode:0 INFO: Sending the heartbeat.
[2024-10-27 02:10:58.000]  [WriteHeartbeatToFile] ErrorCode:0 INFO: Done Sending the heartbeat.
[2024-10-27 02:11:06.000]  [AggregateHeartbeat] ErrorCode:0 INFO: Start heartbeat aggregation.
[2024-10-27 02:11:06.000]  [QueryRegValueDWORD] ErrorCode:0 INFO: Query Registry for Key:SOFTWARE\Microsoft\Windows Azure\CurrentVersion\AzureMonitorAgentExtension\46.19.3.0, Name:MaServiceProcess
[2024-10-27 02:11:06.000]  [QueryRegValueDWORD] ErrorCode:0 INFO: Query Registry for Key:SOFTWARE\Microsoft\Windows Azure\CurrentVersion\AzureMonitorAgentExtension\46.19.3.0, Name:MaServiceProcess, Value:6028
[2024-10-27 02:11:06.000]  [FindProcessById] ErrorCode:0 INFO: Attempt to find the process MonAgentLauncher.exe with ID: 6028.
[2024-10-27 02:11:06.000]  [FindProcessById] ErrorCode:0 INFO: Running Process MonAgentLauncher.exe found. ID: 6028.
[2024-10-27 02:11:06.000]  [CheckIfMAServiceIsRunByExtension] ErrorCode:0 INFO: The MA process is running based on the m_registry
[2024-10-27 02:11:06.000]  [QueryRegValueDWORD] ErrorCode:0 INFO: Query Registry for Key:SOFTWARE\Microsoft\Windows Azure\CurrentVersion\AzureMonitorAgentExtension\46.19.3.0, Name:AMAMultitenantServiceProcess
[2024-10-27 02:11:06.000]  [QueryRegValueDWORD] ErrorCode:0 ERROR: RegQueryValueExA: failed to query REG_DWORD value, Key:SOFTWARE\Microsoft\Windows Azure\CurrentVersion\AzureMonitorAgentExtension\46.19.3.0, name=AMAMultitenantServiceProcess, error=2, type=0
[2024-10-27 02:11:06.000]  [CheckIfMAServiceIsRunByExtension] ErrorCode:1205 INFO: Unable to read the m_registry for MA process. Assume it is not running.
[2024-10-27 02:11:06.000]  [AggregateHeartbeat] ErrorCode:0 INFO: Configured MA Service is not running on the node.
[2024-10-27 02:11:06.000]  [SetImdsEnvironmentVariable] ErrorCode:0 INFO: Querying IMDS information
[2024-10-27 02:11:06.000]  [SetImdsEnvironmentVariable] ErrorCode:-1 INFO: Preparing to call IMDS
[2024-10-27 02:11:06.000]  [QueryIMDSEndpoint] ErrorCode:0 INFO: Queried IMDS successfully.
[2024-10-27 02:11:06.000]  [GetValueFromJsonOrDefault] ErrorCode:0 INFO: Read Imds response field with Name:location Value: westus2
[2024-10-27 02:11:06.000]  [GetValueFromJsonOrDefault] ErrorCode:0 INFO: Read Imds response field with Name:name Value: amawin
[2024-10-27 02:11:06.000]  [GetValueFromJsonOrDefault] ErrorCode:0 INFO: Read Imds response field with Name:subscriptionId Value: 351651ce-5feb-4e59-975d-f1f344e2b717
[2024-10-27 02:11:06.000]  [GetValueFromJsonOrDefault] ErrorCode:0 INFO: Read Imds response field with Name:vmId Value: 22afd636-aec1-4782-9055-f85ea283dc20
[2024-10-27 02:11:06.000]  [GetValueFromJsonOrDefault] ErrorCode:0 INFO: Read Imds response field with Name:vmScaleSetName Value: 
[2024-10-27 02:11:06.000]  [GetValueFromJsonOrDefault] ErrorCode:0 INFO: Read Imds response field with Name:resourceGroupName Value: AMAWin_group
[2024-10-27 02:11:06.000]  [GetValueFromJsonOrDefault] ErrorCode:0 INFO: Read Imds response field with Name:osType Value: Windows
[2024-10-27 02:11:06.000]  [GetValueFromJsonOrDefault] ErrorCode:0 INFO: Read Imds response field with Name:resourceId Value: /subscriptions/351651ce-5feb-4e59-975d-f1f344e2b717/resourceGroups/AMAWin_group/providers/Microsoft.Compute/virtualMachines/amawin
[2024-10-27 02:11:06.000]  [GetValueFromJsonOrDefault] ErrorCode:0 INFO: Read Imds response field with Name:azEnvironment Value: AzurePublicCloud
[2024-10-27 02:11:06.000]  [SetImdsEnvironmentVariable] ErrorCode:0 INFO: Successfully set Environment variables from Imds
[2024-10-27 02:11:06.000]  [AggregateHeartbeat] ErrorCode:0 INFO: Completed heartbeat aggregation.
[2024-10-27 02:11:28.000]  [WriteStatusToFile] ErrorCode:0 INFO: Sending the status.
[2024-10-27 02:11:28.000]  [WriteStatusToFile] ErrorCode:0 INFO: Done Sending the status.
[2024-10-27 02:11:28.000]  [WriteHeartbeatToFile] ErrorCode:0 INFO: Sending the heartbeat.
[2024-10-27 02:11:28.000]  [WriteHeartbeatToFile] ErrorCode:0 INFO: Done Sending the heartbeat.
[2024-10-27 02:11:58.000]  [WriteStatusToFile] ErrorCode:0 INFO: Sending the status.
[2024-10-27 02:11:58.000]  [WriteStatusToFile] ErrorCode:0 INFO: Done Sending the status.
[2024-10-27 02:11:58.000]  [WriteHeartbeatToFile] ErrorCode:0 INFO: Sending the heartbeat.
[2024-10-27 02:11:58.000]  [WriteHeartbeatToFile] ErrorCode:0 INFO: Done Sending the heartbeat.
[2024-10-27 02:12:28.000]  [WriteStatusToFile] ErrorCode:0 INFO: Sending the status.
[2024-10-27 02:12:28.000]  [WriteStatusToFile] ErrorCode:0 INFO: Done Sending the status.
[2024-10-27 02:12:28.000]  [WriteHeartbeatToFile] ErrorCode:0 INFO: Sending the heartbeat.
[2024-10-27 02:12:28.000]  [WriteHeartbeatToFile] ErrorCode:0 INFO: Done Sending the heartbeat.
[2024-10-27 02:12:58.000]  [WriteStatusToFile] ErrorCode:0 INFO: Sending the status.
[2024-10-27 02:12:58.000]  [WriteStatusToFile] ErrorCode:0 INFO: Done Sending the status.
[2024-10-27 02:12:58.000]  [WriteHeartbeatToFile] ErrorCode:0 INFO: Sending the heartbeat.
[2024-10-27 02:12:58.000]  [WriteHeartbeatToFile] ErrorCode:0 INFO: Done Sending the heartbeat.
[2024-10-27 02:13:28.000]  [WriteStatusToFile] ErrorCode:0 INFO: Sending the status.
[2024-10-27 02:13:28.000]  [WriteStatusToFile] ErrorCode:0 INFO: Done Sending the status.
[2024-10-27 02:13:28.000]  [WriteHeartbeatToFile] ErrorCode:0 INFO: Sending the heartbeat.
[2024-10-27 02:13:28.000]  [WriteHeartbeatToFile] ErrorCode:0 INFO: Done Sending the heartbeat.
[2024-10-27 02:13:58.000]  [WriteStatusToFile] ErrorCode:0 INFO: Sending the status.
[2024-10-27 02:13:58.000]  [WriteStatusToFile] ErrorCode:0 INFO: Done Sending the status.
[2024-10-27 02:13:58.000]  [WriteHeartbeatToFile] ErrorCode:0 INFO: Sending the heartbeat.
[2024-10-27 02:13:58.000]  [WriteHeartbeatToFile] ErrorCode:0 INFO: Done Sending the heartbeat.
[2024-10-27 02:14:28.000]  [WriteStatusToFile] ErrorCode:0 INFO: Sending the status.
[2024-10-27 02:14:28.000]  [WriteStatusToFile] ErrorCode:0 INFO: Done Sending the status.
[2024-10-27 02:14:28.000]  [WriteHeartbeatToFile] ErrorCode:0 INFO: Sending the heartbeat.
[2024-10-27 02:14:28.000]  [WriteHeartbeatToFile] ErrorCode:0 INFO: Done Sending the heartbeat.
[2024-10-27 02:14:58.000]  [WriteStatusToFile] ErrorCode:0 INFO: Sending the status.
[2024-10-27 02:14:58.000]  [WriteStatusToFile] ErrorCode:0 INFO: Done Sending the status.
[2024-10-27 02:14:58.000]  [WriteHeartbeatToFile] ErrorCode:0 INFO: Sending the heartbeat.
[2024-10-27 02:14:58.000]  [WriteHeartbeatToFile] ErrorCode:0 INFO: Done Sending the heartbeat.
[2024-10-27 02:15:28.000]  [WriteStatusToFile] ErrorCode:0 INFO: Sending the status.
[2024-10-27 02:15:28.000]  [WriteStatusToFile] ErrorCode:0 INFO: Done Sending the status.
[2024-10-27 02:15:28.000]  [WriteHeartbeatToFile] ErrorCode:0 INFO: Sending the heartbeat.
[2024-10-27 02:15:28.000]  [WriteHeartbeatToFile] ErrorCode:0 INFO: Done Sending the heartbeat.
[2024-10-27 02:15:58.000]  [WriteStatusToFile] ErrorCode:0 INFO: Sending the status.
[2024-10-27 02:15:58.000]  [WriteStatusToFile] ErrorCode:0 INFO: Done Sending the status.
[2024-10-27 02:15:58.000]  [WriteHeartbeatToFile] ErrorCode:0 INFO: Sending the heartbeat.
[2024-10-27 02:15:58.000]  [WriteHeartbeatToFile] ErrorCode:0 INFO: Done Sending the heartbeat.
[2024-10-27 02:16:06.000]  [AggregateHeartbeat] ErrorCode:0 INFO: Start heartbeat aggregation.
[2024-10-27 02:16:06.000]  [QueryRegValueDWORD] ErrorCode:0 INFO: Query Registry for Key:SOFTWARE\Microsoft\Windows Azure\CurrentVersion\AzureMonitorAgentExtension\46.19.3.0, Name:MaServiceProcess
[2024-10-27 02:16:06.000]  [QueryRegValueDWORD] ErrorCode:0 INFO: Query Registry for Key:SOFTWARE\Microsoft\Windows Azure\CurrentVersion\AzureMonitorAgentExtension\46.19.3.0, Name:MaServiceProcess, Value:6028
[2024-10-27 02:16:06.000]  [FindProcessById] ErrorCode:0 INFO: Attempt to find the process MonAgentLauncher.exe with ID: 6028.
[2024-10-27 02:16:06.000]  [FindProcessById] ErrorCode:0 INFO: Running Process MonAgentLauncher.exe found. ID: 6028.
[2024-10-27 02:16:06.000]  [CheckIfMAServiceIsRunByExtension] ErrorCode:0 INFO: The MA process is running based on the m_registry
[2024-10-27 02:16:06.000]  [QueryRegValueDWORD] ErrorCode:0 INFO: Query Registry for Key:SOFTWARE\Microsoft\Windows Azure\CurrentVersion\AzureMonitorAgentExtension\46.19.3.0, Name:AMAMultitenantServiceProcess
[2024-10-27 02:16:06.000]  [QueryRegValueDWORD] ErrorCode:0 ERROR: RegQueryValueExA: failed to query REG_DWORD value, Key:SOFTWARE\Microsoft\Windows Azure\CurrentVersion\AzureMonitorAgentExtension\46.19.3.0, name=AMAMultitenantServiceProcess, error=2, type=0
[2024-10-27 02:16:06.000]  [CheckIfMAServiceIsRunByExtension] ErrorCode:1205 INFO: Unable to read the m_registry for MA process. Assume it is not running.
[2024-10-27 02:16:06.000]  [AggregateHeartbeat] ErrorCode:0 INFO: Configured MA Service is not running on the node.
[2024-10-27 02:16:06.000]  [SetImdsEnvironmentVariable] ErrorCode:0 INFO: Querying IMDS information
[2024-10-27 02:16:06.000]  [SetImdsEnvironmentVariable] ErrorCode:-1 INFO: Preparing to call IMDS
[2024-10-27 02:16:07.000]  [QueryIMDSEndpoint] ErrorCode:0 INFO: Queried IMDS successfully.
[2024-10-27 02:16:07.000]  [GetValueFromJsonOrDefault] ErrorCode:0 INFO: Read Imds response field with Name:location Value: westus2
[2024-10-27 02:16:07.000]  [GetValueFromJsonOrDefault] ErrorCode:0 INFO: Read Imds response field with Name:name Value: amawin
[2024-10-27 02:16:07.000]  [GetValueFromJsonOrDefault] ErrorCode:0 INFO: Read Imds response field with Name:subscriptionId Value: 351651ce-5feb-4e59-975d-f1f344e2b717
[2024-10-27 02:16:07.000]  [GetValueFromJsonOrDefault] ErrorCode:0 INFO: Read Imds response field with Name:vmId Value: 22afd636-aec1-4782-9055-f85ea283dc20
[2024-10-27 02:16:07.000]  [GetValueFromJsonOrDefault] ErrorCode:0 INFO: Read Imds response field with Name:vmScaleSetName Value: 
[2024-10-27 02:16:07.000]  [GetValueFromJsonOrDefault] ErrorCode:0 INFO: Read Imds response field with Name:resourceGroupName Value: AMAWin_group
[2024-10-27 02:16:07.000]  [GetValueFromJsonOrDefault] ErrorCode:0 INFO: Read Imds response field with Name:osType Value: Windows
[2024-10-27 02:16:07.000]  [GetValueFromJsonOrDefault] ErrorCode:0 INFO: Read Imds response field with Name:resourceId Value: /subscriptions/351651ce-5feb-4e59-975d-f1f344e2b717/resourceGroups/AMAWin_group/providers/Microsoft.Compute/virtualMachines/amawin
[2024-10-27 02:16:07.000]  [GetValueFromJsonOrDefault] ErrorCode:0 INFO: Read Imds response field with Name:azEnvironment Value: AzurePublicCloud
[2024-10-27 02:16:07.000]  [SetImdsEnvironmentVariable] ErrorCode:0 INFO: Successfully set Environment variables from Imds
[2024-10-27 02:16:07.000]  [AggregateHeartbeat] ErrorCode:0 INFO: Completed heartbeat aggregation.
[2024-10-27 02:16:28.000]  [WriteStatusToFile] ErrorCode:0 INFO: Sending the status.
[2024-10-27 02:16:28.000]  [WriteStatusToFile] ErrorCode:0 INFO: Done Sending the status.
[2024-10-27 02:16:28.000]  [WriteHeartbeatToFile] ErrorCode:0 INFO: Sending the heartbeat.
[2024-10-27 02:16:28.000]  [WriteHeartbeatToFile] ErrorCode:0 INFO: Done Sending the heartbeat.
[2024-10-27 02:16:58.000]  [WriteStatusToFile] ErrorCode:0 INFO: Sending the status.
[2024-10-27 02:16:58.000]  [WriteStatusToFile] ErrorCode:0 INFO: Done Sending the status.
[2024-10-27 02:16:58.000]  [WriteHeartbeatToFile] ErrorCode:0 INFO: Sending the heartbeat.
[2024-10-27 02:16:58.000]  [WriteHeartbeatToFile] ErrorCode:0 INFO: Done Sending the heartbeat.
[2024-10-27 02:17:28.000]  [WriteStatusToFile] ErrorCode:0 INFO: Sending the status.
[2024-10-27 02:17:28.000]  [WriteStatusToFile] ErrorCode:0 INFO: Done Sending the status.
[2024-10-27 02:17:28.000]  [WriteHeartbeatToFile] ErrorCode:0 INFO: Sending the heartbeat.
[2024-10-27 02:17:28.000]  [WriteHeartbeatToFile] ErrorCode:0 INFO: Done Sending the heartbeat.
[2024-10-27 02:17:58.000]  [WriteStatusToFile] ErrorCode:0 INFO: Sending the status.
[2024-10-27 02:17:58.000]  [WriteStatusToFile] ErrorCode:0 INFO: Done Sending the status.
[2024-10-27 02:17:58.000]  [WriteHeartbeatToFile] ErrorCode:0 INFO: Sending the heartbeat.
[2024-10-27 02:17:58.000]  [WriteHeartbeatToFile] ErrorCode:0 INFO: Done Sending the heartbeat.
[2024-10-27 02:18:28.000]  [WriteStatusToFile] ErrorCode:0 INFO: Sending the status.
[2024-10-27 02:18:28.000]  [WriteStatusToFile] ErrorCode:0 INFO: Done Sending the status.
[2024-10-27 02:18:28.000]  [WriteHeartbeatToFile] ErrorCode:0 INFO: Sending the heartbeat.
[2024-10-27 02:18:28.000]  [WriteHeartbeatToFile] ErrorCode:0 INFO: Done Sending the heartbeat.
[2024-10-27 02:18:58.000]  [WriteStatusToFile] ErrorCode:0 INFO: Sending the status.
[2024-10-27 02:18:58.000]  [WriteStatusToFile] ErrorCode:0 INFO: Done Sending the status.
[2024-10-27 02:18:58.000]  [WriteHeartbeatToFile] ErrorCode:0 INFO: Sending the heartbeat.
[2024-10-27 02:18:58.000]  [WriteHeartbeatToFile] ErrorCode:0 INFO: Done Sending the heartbeat.
[2024-10-27 02:19:28.000]  [WriteStatusToFile] ErrorCode:0 INFO: Sending the status.
[2024-10-27 02:19:28.000]  [WriteStatusToFile] ErrorCode:0 INFO: Done Sending the status.
[2024-10-27 02:19:28.000]  [WriteHeartbeatToFile] ErrorCode:0 INFO: Sending the heartbeat.
[2024-10-27 02:19:28.000]  [WriteHeartbeatToFile] ErrorCode:0 INFO: Done Sending the heartbeat.
[2024-10-27 02:19:58.000]  [WriteStatusToFile] ErrorCode:0 INFO: Sending the status.
[2024-10-27 02:19:58.000]  [WriteStatusToFile] ErrorCode:0 INFO: Done Sending the status.
[2024-10-27 02:19:58.000]  [WriteHeartbeatToFile] ErrorCode:0 INFO: Sending the heartbeat.
[2024-10-27 02:19:58.000]  [WriteHeartbeatToFile] ErrorCode:0 INFO: Done Sending the heartbeat.
[2024-10-27 02:20:28.000]  [WriteStatusToFile] ErrorCode:0 INFO: Sending the status.
[2024-10-27 02:20:28.000]  [WriteStatusToFile] ErrorCode:0 INFO: Done Sending the status.
[2024-10-27 02:20:28.000]  [WriteHeartbeatToFile] ErrorCode:0 INFO: Sending the heartbeat.
[2024-10-27 02:20:28.000]  [WriteHeartbeatToFile] ErrorCode:0 INFO: Done Sending the heartbeat.
[2024-10-27 02:20:58.000]  [WriteStatusToFile] ErrorCode:0 INFO: Sending the status.
[2024-10-27 02:20:58.000]  [WriteStatusToFile] ErrorCode:0 INFO: Done Sending the status.
[2024-10-27 02:20:58.000]  [WriteHeartbeatToFile] ErrorCode:0 INFO: Sending the heartbeat.
[2024-10-27 02:20:58.000]  [WriteHeartbeatToFile] ErrorCode:0 INFO: Done Sending the heartbeat.
[2024-10-27 02:21:07.000]  [AggregateHeartbeat] ErrorCode:0 INFO: Start heartbeat aggregation.
[2024-10-27 02:21:07.000]  [QueryRegValueDWORD] ErrorCode:0 INFO: Query Registry for Key:SOFTWARE\Microsoft\Windows Azure\CurrentVersion\AzureMonitorAgentExtension\46.19.3.0, Name:MaServiceProcess
[2024-10-27 02:21:07.000]  [QueryRegValueDWORD] ErrorCode:0 INFO: Query Registry for Key:SOFTWARE\Microsoft\Windows Azure\CurrentVersion\AzureMonitorAgentExtension\46.19.3.0, Name:MaServiceProcess, Value:6028
[2024-10-27 02:21:07.000]  [FindProcessById] ErrorCode:0 INFO: Attempt to find the process MonAgentLauncher.exe with ID: 6028.
[2024-10-27 02:21:07.000]  [FindProcessById] ErrorCode:0 INFO: Running Process MonAgentLauncher.exe found. ID: 6028.
[2024-10-27 02:21:07.000]  [CheckIfMAServiceIsRunByExtension] ErrorCode:0 INFO: The MA process is running based on the m_registry
[2024-10-27 02:21:07.000]  [QueryRegValueDWORD] ErrorCode:0 INFO: Query Registry for Key:SOFTWARE\Microsoft\Windows Azure\CurrentVersion\AzureMonitorAgentExtension\46.19.3.0, Name:AMAMultitenantServiceProcess
[2024-10-27 02:21:07.000]  [QueryRegValueDWORD] ErrorCode:0 ERROR: RegQueryValueExA: failed to query REG_DWORD value, Key:SOFTWARE\Microsoft\Windows Azure\CurrentVersion\AzureMonitorAgentExtension\46.19.3.0, name=AMAMultitenantServiceProcess, error=2, type=0
[2024-10-27 02:21:07.000]  [CheckIfMAServiceIsRunByExtension] ErrorCode:1205 INFO: Unable to read the m_registry for MA process. Assume it is not running.
[2024-10-27 02:21:07.000]  [AggregateHeartbeat] ErrorCode:0 INFO: Configured MA Service is not running on the node.
[2024-10-27 02:21:07.000]  [SetImdsEnvironmentVariable] ErrorCode:0 INFO: Querying IMDS information
[2024-10-27 02:21:07.000]  [SetImdsEnvironmentVariable] ErrorCode:-1 INFO: Preparing to call IMDS
[2024-10-27 02:21:07.000]  [QueryIMDSEndpoint] ErrorCode:0 INFO: Queried IMDS successfully.
[2024-10-27 02:21:07.000]  [GetValueFromJsonOrDefault] ErrorCode:0 INFO: Read Imds response field with Name:location Value: westus2
[2024-10-27 02:21:07.000]  [GetValueFromJsonOrDefault] ErrorCode:0 INFO: Read Imds response field with Name:name Value: amawin
[2024-10-27 02:21:07.000]  [GetValueFromJsonOrDefault] ErrorCode:0 INFO: Read Imds response field with Name:subscriptionId Value: 351651ce-5feb-4e59-975d-f1f344e2b717
[2024-10-27 02:21:07.000]  [GetValueFromJsonOrDefault] ErrorCode:0 INFO: Read Imds response field with Name:vmId Value: 22afd636-aec1-4782-9055-f85ea283dc20
[2024-10-27 02:21:07.000]  [GetValueFromJsonOrDefault] ErrorCode:0 INFO: Read Imds response field with Name:vmScaleSetName Value: 
[2024-10-27 02:21:07.000]  [GetValueFromJsonOrDefault] ErrorCode:0 INFO: Read Imds response field with Name:resourceGroupName Value: AMAWin_group
[2024-10-27 02:21:07.000]  [GetValueFromJsonOrDefault] ErrorCode:0 INFO: Read Imds response field with Name:osType Value: Windows
[2024-10-27 02:21:07.000]  [GetValueFromJsonOrDefault] ErrorCode:0 INFO: Read Imds response field with Name:resourceId Value: /subscriptions/351651ce-5feb-4e59-975d-f1f344e2b717/resourceGroups/AMAWin_group/providers/Microsoft.Compute/virtualMachines/amawin
[2024-10-27 02:21:07.000]  [GetValueFromJsonOrDefault] ErrorCode:0 INFO: Read Imds response field with Name:azEnvironment Value: AzurePublicCloud
[2024-10-27 02:21:07.000]  [SetImdsEnvironmentVariable] ErrorCode:0 INFO: Successfully set Environment variables from Imds
[2024-10-27 02:21:07.000]  [AggregateHeartbeat] ErrorCode:0 INFO: Completed heartbeat aggregation.
[2024-10-27 02:21:28.000]  [WriteStatusToFile] ErrorCode:0 INFO: Sending the status.
[2024-10-27 02:21:28.000]  [WriteStatusToFile] ErrorCode:0 INFO: Done Sending the status.
[2024-10-27 02:21:28.000]  [WriteHeartbeatToFile] ErrorCode:0 INFO: Sending the heartbeat.
[2024-10-27 02:21:28.000]  [WriteHeartbeatToFile] ErrorCode:0 INFO: Done Sending the heartbeat.
[2024-10-27 02:21:58.000]  [WriteStatusToFile] ErrorCode:0 INFO: Sending the status.
[2024-10-27 02:21:58.000]  [WriteStatusToFile] ErrorCode:0 INFO: Done Sending the status.
[2024-10-27 02:21:58.000]  [WriteHeartbeatToFile] ErrorCode:0 INFO: Sending the heartbeat.
[2024-10-27 02:21:58.000]  [WriteHeartbeatToFile] ErrorCode:0 INFO: Done Sending the heartbeat.
[2024-10-27 02:22:28.000]  [WriteStatusToFile] ErrorCode:0 INFO: Sending the status.
[2024-10-27 02:22:28.000]  [WriteStatusToFile] ErrorCode:0 INFO: Done Sending the status.
[2024-10-27 02:22:28.000]  [WriteHeartbeatToFile] ErrorCode:0 INFO: Sending the heartbeat.
[2024-10-27 02:22:28.000]  [WriteHeartbeatToFile] ErrorCode:0 INFO: Done Sending the heartbeat.
[2024-10-27 02:22:58.000]  [WriteStatusToFile] ErrorCode:0 INFO: Sending the status.
[2024-10-27 02:22:58.000]  [WriteStatusToFile] ErrorCode:0 INFO: Done Sending the status.
[2024-10-27 02:22:58.000]  [WriteHeartbeatToFile] ErrorCode:0 INFO: Sending the heartbeat.
[2024-10-27 02:22:58.000]  [WriteHeartbeatToFile] ErrorCode:0 INFO: Done Sending the heartbeat.
[2024-10-27 02:23:28.000]  [WriteStatusToFile] ErrorCode:0 INFO: Sending the status.
[2024-10-27 02:23:28.000]  [WriteStatusToFile] ErrorCode:0 INFO: Done Sending the status.
[2024-10-27 02:23:28.000]  [WriteHeartbeatToFile] ErrorCode:0 INFO: Sending the heartbeat.
[2024-10-27 02:23:28.000]  [WriteHeartbeatToFile] ErrorCode:0 INFO: Done Sending the heartbeat.
[2024-10-27 02:23:58.000]  [WriteStatusToFile] ErrorCode:0 INFO: Sending the status.
[2024-10-27 02:23:58.000]  [WriteStatusToFile] ErrorCode:0 INFO: Done Sending the status.
[2024-10-27 02:23:58.000]  [WriteHeartbeatToFile] ErrorCode:0 INFO: Sending the heartbeat.
[2024-10-27 02:23:58.000]  [WriteHeartbeatToFile] ErrorCode:0 INFO: Done Sending the heartbeat.
[2024-10-27 02:24:28.000]  [WriteStatusToFile] ErrorCode:0 INFO: Sending the status.
[2024-10-27 02:24:28.000]  [WriteStatusToFile] ErrorCode:0 INFO: Done Sending the status.
[2024-10-27 02:24:28.000]  [WriteHeartbeatToFile] ErrorCode:0 INFO: Sending the heartbeat.
[2024-10-27 02:24:28.000]  [WriteHeartbeatToFile] ErrorCode:0 INFO: Done Sending the heartbeat.
[2024-10-27 02:24:58.000]  [WriteStatusToFile] ErrorCode:0 INFO: Sending the status.
[2024-10-27 02:24:58.000]  [WriteStatusToFile] ErrorCode:0 INFO: Done Sending the status.
[2024-10-27 02:24:58.000]  [WriteHeartbeatToFile] ErrorCode:0 INFO: Sending the heartbeat.
[2024-10-27 02:24:58.000]  [WriteHeartbeatToFile] ErrorCode:0 INFO: Done Sending the heartbeat.
[2024-10-27 02:25:28.000]  [WriteStatusToFile] ErrorCode:0 INFO: Sending the status.
[2024-10-27 02:25:28.000]  [WriteStatusToFile] ErrorCode:0 INFO: Done Sending the status.
[2024-10-27 02:25:28.000]  [WriteHeartbeatToFile] ErrorCode:0 INFO: Sending the heartbeat.
[2024-10-27 02:25:28.000]  [WriteHeartbeatToFile] ErrorCode:0 INFO: Done Sending the heartbeat.
[2024-10-27 02:25:58.000]  [WriteStatusToFile] ErrorCode:0 INFO: Sending the status.
[2024-10-27 02:25:58.000]  [WriteStatusToFile] ErrorCode:0 INFO: Done Sending the status.
[2024-10-27 02:25:58.000]  [WriteHeartbeatToFile] ErrorCode:0 INFO: Sending the heartbeat.
[2024-10-27 02:25:58.000]  [WriteHeartbeatToFile] ErrorCode:0 INFO: Done Sending the heartbeat.
[2024-10-27 02:26:07.000]  [AggregateHeartbeat] ErrorCode:0 INFO: Start heartbeat aggregation.
[2024-10-27 02:26:07.000]  [QueryRegValueDWORD] ErrorCode:0 INFO: Query Registry for Key:SOFTWARE\Microsoft\Windows Azure\CurrentVersion\AzureMonitorAgentExtension\46.19.3.0, Name:MaServiceProcess
[2024-10-27 02:26:07.000]  [QueryRegValueDWORD] ErrorCode:0 INFO: Query Registry for Key:SOFTWARE\Microsoft\Windows Azure\CurrentVersion\AzureMonitorAgentExtension\46.19.3.0, Name:MaServiceProcess, Value:6028
[2024-10-27 02:26:07.000]  [FindProcessById] ErrorCode:0 INFO: Attempt to find the process MonAgentLauncher.exe with ID: 6028.
[2024-10-27 02:26:07.000]  [FindProcessById] ErrorCode:0 INFO: Running Process MonAgentLauncher.exe found. ID: 6028.
[2024-10-27 02:26:07.000]  [CheckIfMAServiceIsRunByExtension] ErrorCode:0 INFO: The MA process is running based on the m_registry
[2024-10-27 02:26:07.000]  [QueryRegValueDWORD] ErrorCode:0 INFO: Query Registry for Key:SOFTWARE\Microsoft\Windows Azure\CurrentVersion\AzureMonitorAgentExtension\46.19.3.0, Name:AMAMultitenantServiceProcess
[2024-10-27 02:26:07.000]  [QueryRegValueDWORD] ErrorCode:0 ERROR: RegQueryValueExA: failed to query REG_DWORD value, Key:SOFTWARE\Microsoft\Windows Azure\CurrentVersion\AzureMonitorAgentExtension\46.19.3.0, name=AMAMultitenantServiceProcess, error=2, type=0
[2024-10-27 02:26:07.000]  [CheckIfMAServiceIsRunByExtension] ErrorCode:1205 INFO: Unable to read the m_registry for MA process. Assume it is not running.
[2024-10-27 02:26:07.000]  [AggregateHeartbeat] ErrorCode:0 INFO: Configured MA Service is not running on the node.
[2024-10-27 02:26:07.000]  [SetImdsEnvironmentVariable] ErrorCode:0 INFO: Querying IMDS information
[2024-10-27 02:26:07.000]  [SetImdsEnvironmentVariable] ErrorCode:-1 INFO: Preparing to call IMDS
[2024-10-27 02:26:07.000]  [QueryIMDSEndpoint] ErrorCode:0 INFO: Queried IMDS successfully.
[2024-10-27 02:26:07.000]  [GetValueFromJsonOrDefault] ErrorCode:0 INFO: Read Imds response field with Name:location Value: westus2
[2024-10-27 02:26:07.000]  [GetValueFromJsonOrDefault] ErrorCode:0 INFO: Read Imds response field with Name:name Value: amawin
[2024-10-27 02:26:07.000]  [GetValueFromJsonOrDefault] ErrorCode:0 INFO: Read Imds response field with Name:subscriptionId Value: 351651ce-5feb-4e59-975d-f1f344e2b717
[2024-10-27 02:26:07.000]  [GetValueFromJsonOrDefault] ErrorCode:0 INFO: Read Imds response field with Name:vmId Value: 22afd636-aec1-4782-9055-f85ea283dc20
[2024-10-27 02:26:07.000]  [GetValueFromJsonOrDefault] ErrorCode:0 INFO: Read Imds response field with Name:vmScaleSetName Value: 
[2024-10-27 02:26:07.000]  [GetValueFromJsonOrDefault] ErrorCode:0 INFO: Read Imds response field with Name:resourceGroupName Value: AMAWin_group
[2024-10-27 02:26:07.000]  [GetValueFromJsonOrDefault] ErrorCode:0 INFO: Read Imds response field with Name:osType Value: Windows
[2024-10-27 02:26:07.000]  [GetValueFromJsonOrDefault] ErrorCode:0 INFO: Read Imds response field with Name:resourceId Value: /subscriptions/351651ce-5feb-4e59-975d-f1f344e2b717/resourceGroups/AMAWin_group/providers/Microsoft.Compute/virtualMachines/amawin
[2024-10-27 02:26:07.000]  [GetValueFromJsonOrDefault] ErrorCode:0 INFO: Read Imds response field with Name:azEnvironment Value: AzurePublicCloud
[2024-10-27 02:26:07.000]  [SetImdsEnvironmentVariable] ErrorCode:0 INFO: Successfully set Environment variables from Imds
[2024-10-27 02:26:07.000]  [AggregateHeartbeat] ErrorCode:0 INFO: Completed heartbeat aggregation.
[2024-10-27 02:26:28.000]  [WriteStatusToFile] ErrorCode:0 INFO: Sending the status.
[2024-10-27 02:26:28.000]  [WriteStatusToFile] ErrorCode:0 INFO: Done Sending the status.
[2024-10-27 02:26:28.000]  [WriteHeartbeatToFile] ErrorCode:0 INFO: Sending the heartbeat.
[2024-10-27 02:26:28.000]  [WriteHeartbeatToFile] ErrorCode:0 INFO: Done Sending the heartbeat.
[2024-10-27 02:26:58.000]  [WriteStatusToFile] ErrorCode:0 INFO: Sending the status.
[2024-10-27 02:26:58.000]  [WriteStatusToFile] ErrorCode:0 INFO: Done Sending the status.
[2024-10-27 02:26:58.000]  [WriteHeartbeatToFile] ErrorCode:0 INFO: Sending the heartbeat.
[2024-10-27 02:26:58.000]  [WriteHeartbeatToFile] ErrorCode:0 INFO: Done Sending the heartbeat.
[2024-10-27 02:27:28.000]  [WriteStatusToFile] ErrorCode:0 INFO: Sending the status.
[2024-10-27 02:27:28.000]  [WriteStatusToFile] ErrorCode:0 INFO: Done Sending the status.
[2024-10-27 02:27:28.000]  [WriteHeartbeatToFile] ErrorCode:0 INFO: Sending the heartbeat.
[2024-10-27 02:27:28.000]  [WriteHeartbeatToFile] ErrorCode:0 INFO: Done Sending the heartbeat.
[2024-10-27 02:27:58.000]  [WriteStatusToFile] ErrorCode:0 INFO: Sending the status.
[2024-10-27 02:27:58.000]  [WriteStatusToFile] ErrorCode:0 INFO: Done Sending the status.
[2024-10-27 02:27:58.000]  [WriteHeartbeatToFile] ErrorCode:0 INFO: Sending the heartbeat.
[2024-10-27 02:27:58.000]  [WriteHeartbeatToFile] ErrorCode:0 INFO: Done Sending the heartbeat.
[2024-10-27 02:28:28.000]  [WriteStatusToFile] ErrorCode:0 INFO: Sending the status.
[2024-10-27 02:28:28.000]  [WriteStatusToFile] ErrorCode:0 INFO: Done Sending the status.
[2024-10-27 02:28:28.000]  [WriteHeartbeatToFile] ErrorCode:0 INFO: Sending the heartbeat.
[2024-10-27 02:28:28.000]  [WriteHeartbeatToFile] ErrorCode:0 INFO: Done Sending the heartbeat.
[2024-10-27 02:28:58.000]  [WriteStatusToFile] ErrorCode:0 INFO: Sending the status.
[2024-10-27 02:28:58.000]  [WriteStatusToFile] ErrorCode:0 INFO: Done Sending the status.
[2024-10-27 02:28:58.000]  [WriteHeartbeatToFile] ErrorCode:0 INFO: Sending the heartbeat.
[2024-10-27 02:28:58.000]  [WriteHeartbeatToFile] ErrorCode:0 INFO: Done Sending the heartbeat.
[2024-10-27 02:29:28.000]  [WriteStatusToFile] ErrorCode:0 INFO: Sending the status.
[2024-10-27 02:29:28.000]  [WriteStatusToFile] ErrorCode:0 INFO: Done Sending the status.
[2024-10-27 02:29:28.000]  [WriteHeartbeatToFile] ErrorCode:0 INFO: Sending the heartbeat.
[2024-10-27 02:29:28.000]  [WriteHeartbeatToFile] ErrorCode:0 INFO: Done Sending the heartbeat.
[2024-10-27 02:29:58.000]  [WriteStatusToFile] ErrorCode:0 INFO: Sending the status.
[2024-10-27 02:29:58.000]  [WriteStatusToFile] ErrorCode:0 INFO: Done Sending the status.
[2024-10-27 02:29:58.000]  [WriteHeartbeatToFile] ErrorCode:0 INFO: Sending the heartbeat.
[2024-10-27 02:29:58.000]  [WriteHeartbeatToFile] ErrorCode:0 INFO: Done Sending the heartbeat.
[2024-10-27 02:30:28.000]  [WriteStatusToFile] ErrorCode:0 INFO: Sending the status.
[2024-10-27 02:30:28.000]  [WriteStatusToFile] ErrorCode:0 INFO: Done Sending the status.
[2024-10-27 02:30:28.000]  [WriteHeartbeatToFile] ErrorCode:0 INFO: Sending the heartbeat.
[2024-10-27 02:30:28.000]  [WriteHeartbeatToFile] ErrorCode:0 INFO: Done Sending the heartbeat.
[2024-10-27 02:30:58.000]  [WriteStatusToFile] ErrorCode:0 INFO: Sending the status.
[2024-10-27 02:30:58.000]  [WriteStatusToFile] ErrorCode:0 INFO: Done Sending the status.
[2024-10-27 02:30:58.000]  [WriteHeartbeatToFile] ErrorCode:0 INFO: Sending the heartbeat.
[2024-10-27 02:30:58.000]  [WriteHeartbeatToFile] ErrorCode:0 INFO: Done Sending the heartbeat.
[2024-10-27 02:31:07.000]  [AggregateHeartbeat] ErrorCode:0 INFO: Start heartbeat aggregation.
[2024-10-27 02:31:07.000]  [QueryRegValueDWORD] ErrorCode:0 INFO: Query Registry for Key:SOFTWARE\Microsoft\Windows Azure\CurrentVersion\AzureMonitorAgentExtension\46.19.3.0, Name:MaServiceProcess
[2024-10-27 02:31:07.000]  [QueryRegValueDWORD] ErrorCode:0 INFO: Query Registry for Key:SOFTWARE\Microsoft\Windows Azure\CurrentVersion\AzureMonitorAgentExtension\46.19.3.0, Name:MaServiceProcess, Value:6028
[2024-10-27 02:31:07.000]  [FindProcessById] ErrorCode:0 INFO: Attempt to find the process MonAgentLauncher.exe with ID: 6028.
[2024-10-27 02:31:07.000]  [FindProcessById] ErrorCode:0 INFO: Running Process MonAgentLauncher.exe found. ID: 6028.
[2024-10-27 02:31:07.000]  [CheckIfMAServiceIsRunByExtension] ErrorCode:0 INFO: The MA process is running based on the m_registry
[2024-10-27 02:31:07.000]  [QueryRegValueDWORD] ErrorCode:0 INFO: Query Registry for Key:SOFTWARE\Microsoft\Windows Azure\CurrentVersion\AzureMonitorAgentExtension\46.19.3.0, Name:AMAMultitenantServiceProcess
[2024-10-27 02:31:07.000]  [QueryRegValueDWORD] ErrorCode:0 ERROR: RegQueryValueExA: failed to query REG_DWORD value, Key:SOFTWARE\Microsoft\Windows Azure\CurrentVersion\AzureMonitorAgentExtension\46.19.3.0, name=AMAMultitenantServiceProcess, error=2, type=0
[2024-10-27 02:31:07.000]  [CheckIfMAServiceIsRunByExtension] ErrorCode:1205 INFO: Unable to read the m_registry for MA process. Assume it is not running.
[2024-10-27 02:31:07.000]  [AggregateHeartbeat] ErrorCode:0 INFO: Configured MA Service is not running on the node.
[2024-10-27 02:31:07.000]  [SetImdsEnvironmentVariable] ErrorCode:0 INFO: Querying IMDS information
[2024-10-27 02:31:07.000]  [SetImdsEnvironmentVariable] ErrorCode:-1 INFO: Preparing to call IMDS
[2024-10-27 02:31:07.000]  [QueryIMDSEndpoint] ErrorCode:0 INFO: Queried IMDS successfully.
[2024-10-27 02:31:07.000]  [GetValueFromJsonOrDefault] ErrorCode:0 INFO: Read Imds response field with Name:location Value: westus2
[2024-10-27 02:31:07.000]  [GetValueFromJsonOrDefault] ErrorCode:0 INFO: Read Imds response field with Name:name Value: amawin
[2024-10-27 02:31:07.000]  [GetValueFromJsonOrDefault] ErrorCode:0 INFO: Read Imds response field with Name:subscriptionId Value: 351651ce-5feb-4e59-975d-f1f344e2b717
[2024-10-27 02:31:07.000]  [GetValueFromJsonOrDefault] ErrorCode:0 INFO: Read Imds response field with Name:vmId Value: 22afd636-aec1-4782-9055-f85ea283dc20
[2024-10-27 02:31:07.000]  [GetValueFromJsonOrDefault] ErrorCode:0 INFO: Read Imds response field with Name:vmScaleSetName Value: 
[2024-10-27 02:31:07.000]  [GetValueFromJsonOrDefault] ErrorCode:0 INFO: Read Imds response field with Name:resourceGroupName Value: AMAWin_group
[2024-10-27 02:31:07.000]  [GetValueFromJsonOrDefault] ErrorCode:0 INFO: Read Imds response field with Name:osType Value: Windows
[2024-10-27 02:31:07.000]  [GetValueFromJsonOrDefault] ErrorCode:0 INFO: Read Imds response field with Name:resourceId Value: /subscriptions/351651ce-5feb-4e59-975d-f1f344e2b717/resourceGroups/AMAWin_group/providers/Microsoft.Compute/virtualMachines/amawin
[2024-10-27 02:31:07.000]  [GetValueFromJsonOrDefault] ErrorCode:0 INFO: Read Imds response field with Name:azEnvironment Value: AzurePublicCloud
[2024-10-27 02:31:07.000]  [SetImdsEnvironmentVariable] ErrorCode:0 INFO: Successfully set Environment variables from Imds
[2024-10-27 02:31:07.000]  [AggregateHeartbeat] ErrorCode:0 INFO: Completed heartbeat aggregation.
[2024-10-27 02:31:28.000]  [WriteStatusToFile] ErrorCode:0 INFO: Sending the status.
[2024-10-27 02:31:28.000]  [WriteStatusToFile] ErrorCode:0 INFO: Done Sending the status.
[2024-10-27 02:31:28.000]  [WriteHeartbeatToFile] ErrorCode:0 INFO: Sending the heartbeat.
[2024-10-27 02:31:28.000]  [WriteHeartbeatToFile] ErrorCode:0 INFO: Done Sending the heartbeat.
[2024-10-27 02:31:58.000]  [WriteStatusToFile] ErrorCode:0 INFO: Sending the status.
[2024-10-27 02:31:58.000]  [WriteStatusToFile] ErrorCode:0 INFO: Done Sending the status.
[2024-10-27 02:31:58.000]  [WriteHeartbeatToFile] ErrorCode:0 INFO: Sending the heartbeat.
[2024-10-27 02:31:58.000]  [WriteHeartbeatToFile] ErrorCode:0 INFO: Done Sending the heartbeat.
[2024-10-27 02:32:28.000]  [WriteStatusToFile] ErrorCode:0 INFO: Sending the status.
[2024-10-27 02:32:28.000]  [WriteStatusToFile] ErrorCode:0 INFO: Done Sending the status.
[2024-10-27 02:32:28.000]  [WriteHeartbeatToFile] ErrorCode:0 INFO: Sending the heartbeat.
[2024-10-27 02:32:28.000]  [WriteHeartbeatToFile] ErrorCode:0 INFO: Done Sending the heartbeat.
[2024-10-27 02:32:58.000]  [WriteStatusToFile] ErrorCode:0 INFO: Sending the status.
[2024-10-27 02:32:58.000]  [WriteStatusToFile] ErrorCode:0 INFO: Done Sending the status.
[2024-10-27 02:32:58.000]  [WriteHeartbeatToFile] ErrorCode:0 INFO: Sending the heartbeat.
[2024-10-27 02:32:58.000]  [WriteHeartbeatToFile] ErrorCode:0 INFO: Done Sending the heartbeat.
[2024-10-27 02:33:28.000]  [WriteStatusToFile] ErrorCode:0 INFO: Sending the status.
[2024-10-27 02:33:28.000]  [WriteStatusToFile] ErrorCode:0 INFO: Done Sending the status.
[2024-10-27 02:33:28.000]  [WriteHeartbeatToFile] ErrorCode:0 INFO: Sending the heartbeat.
[2024-10-27 02:33:28.000]  [WriteHeartbeatToFile] ErrorCode:0 INFO: Done Sending the heartbeat.
[2024-10-27 02:33:58.000]  [WriteStatusToFile] ErrorCode:0 INFO: Sending the status.
[2024-10-27 02:33:58.000]  [WriteStatusToFile] ErrorCode:0 INFO: Done Sending the status.
[2024-10-27 02:33:58.000]  [WriteHeartbeatToFile] ErrorCode:0 INFO: Sending the heartbeat.
[2024-10-27 02:33:58.000]  [WriteHeartbeatToFile] ErrorCode:0 INFO: Done Sending the heartbeat.
[2024-10-27 02:34:28.000]  [WriteStatusToFile] ErrorCode:0 INFO: Sending the status.
[2024-10-27 02:34:28.000]  [WriteStatusToFile] ErrorCode:0 INFO: Done Sending the status.
[2024-10-27 02:34:28.000]  [WriteHeartbeatToFile] ErrorCode:0 INFO: Sending the heartbeat.
[2024-10-27 02:34:28.000]  [WriteHeartbeatToFile] ErrorCode:0 INFO: Done Sending the heartbeat.
[2024-10-27 02:34:58.000]  [WriteStatusToFile] ErrorCode:0 INFO: Sending the status.
[2024-10-27 02:34:58.000]  [WriteStatusToFile] ErrorCode:0 INFO: Done Sending the status.
[2024-10-27 02:34:58.000]  [WriteHeartbeatToFile] ErrorCode:0 INFO: Sending the heartbeat.
[2024-10-27 02:34:58.000]  [WriteHeartbeatToFile] ErrorCode:0 INFO: Done Sending the heartbeat.
[2024-10-27 02:35:28.000]  [WriteStatusToFile] ErrorCode:0 INFO: Sending the status.
[2024-10-27 02:35:28.000]  [WriteStatusToFile] ErrorCode:0 INFO: Done Sending the status.
[2024-10-27 02:35:28.000]  [WriteHeartbeatToFile] ErrorCode:0 INFO: Sending the heartbeat.
[2024-10-27 02:35:28.000]  [WriteHeartbeatToFile] ErrorCode:0 INFO: Done Sending the heartbeat.
[2024-10-27 02:35:58.000]  [WriteStatusToFile] ErrorCode:0 INFO: Sending the status.
[2024-10-27 02:35:58.000]  [WriteStatusToFile] ErrorCode:0 INFO: Done Sending the status.
[2024-10-27 02:35:58.000]  [WriteHeartbeatToFile] ErrorCode:0 INFO: Sending the heartbeat.
[2024-10-27 02:35:58.000]  [WriteHeartbeatToFile] ErrorCode:0 INFO: Done Sending the heartbeat.
[2024-10-27 02:36:07.000]  [AggregateHeartbeat] ErrorCode:0 INFO: Start heartbeat aggregation.
[2024-10-27 02:36:07.000]  [QueryRegValueDWORD] ErrorCode:0 INFO: Query Registry for Key:SOFTWARE\Microsoft\Windows Azure\CurrentVersion\AzureMonitorAgentExtension\46.19.3.0, Name:MaServiceProcess
[2024-10-27 02:36:07.000]  [QueryRegValueDWORD] ErrorCode:0 INFO: Query Registry for Key:SOFTWARE\Microsoft\Windows Azure\CurrentVersion\AzureMonitorAgentExtension\46.19.3.0, Name:MaServiceProcess, Value:6028
[2024-10-27 02:36:07.000]  [FindProcessById] ErrorCode:0 INFO: Attempt to find the process MonAgentLauncher.exe with ID: 6028.
[2024-10-27 02:36:07.000]  [FindProcessById] ErrorCode:0 INFO: Running Process MonAgentLauncher.exe found. ID: 6028.
[2024-10-27 02:36:07.000]  [CheckIfMAServiceIsRunByExtension] ErrorCode:0 INFO: The MA process is running based on the m_registry
[2024-10-27 02:36:07.000]  [QueryRegValueDWORD] ErrorCode:0 INFO: Query Registry for Key:SOFTWARE\Microsoft\Windows Azure\CurrentVersion\AzureMonitorAgentExtension\46.19.3.0, Name:AMAMultitenantServiceProcess
[2024-10-27 02:36:07.000]  [QueryRegValueDWORD] ErrorCode:0 ERROR: RegQueryValueExA: failed to query REG_DWORD value, Key:SOFTWARE\Microsoft\Windows Azure\CurrentVersion\AzureMonitorAgentExtension\46.19.3.0, name=AMAMultitenantServiceProcess, error=2, type=0
[2024-10-27 02:36:07.000]  [CheckIfMAServiceIsRunByExtension] ErrorCode:1205 INFO: Unable to read the m_registry for MA process. Assume it is not running.
[2024-10-27 02:36:07.000]  [AggregateHeartbeat] ErrorCode:0 INFO: Configured MA Service is not running on the node.
[2024-10-27 02:36:07.000]  [SetImdsEnvironmentVariable] ErrorCode:0 INFO: Querying IMDS information
[2024-10-27 02:36:07.000]  [SetImdsEnvironmentVariable] ErrorCode:-1 INFO: Preparing to call IMDS
[2024-10-27 02:36:07.000]  [QueryIMDSEndpoint] ErrorCode:0 INFO: Queried IMDS successfully.
[2024-10-27 02:36:07.000]  [GetValueFromJsonOrDefault] ErrorCode:0 INFO: Read Imds response field with Name:location Value: westus2
[2024-10-27 02:36:07.000]  [GetValueFromJsonOrDefault] ErrorCode:0 INFO: Read Imds response field with Name:name Value: amawin
[2024-10-27 02:36:07.000]  [GetValueFromJsonOrDefault] ErrorCode:0 INFO: Read Imds response field with Name:subscriptionId Value: 351651ce-5feb-4e59-975d-f1f344e2b717
[2024-10-27 02:36:07.000]  [GetValueFromJsonOrDefault] ErrorCode:0 INFO: Read Imds response field with Name:vmId Value: 22afd636-aec1-4782-9055-f85ea283dc20
[2024-10-27 02:36:07.000]  [GetValueFromJsonOrDefault] ErrorCode:0 INFO: Read Imds response field with Name:vmScaleSetName Value: 
[2024-10-27 02:36:07.000]  [GetValueFromJsonOrDefault] ErrorCode:0 INFO: Read Imds response field with Name:resourceGroupName Value: AMAWin_group
[2024-10-27 02:36:07.000]  [GetValueFromJsonOrDefault] ErrorCode:0 INFO: Read Imds response field with Name:osType Value: Windows
[2024-10-27 02:36:07.000]  [GetValueFromJsonOrDefault] ErrorCode:0 INFO: Read Imds response field with Name:resourceId Value: /subscriptions/351651ce-5feb-4e59-975d-f1f344e2b717/resourceGroups/AMAWin_group/providers/Microsoft.Compute/virtualMachines/amawin
[2024-10-27 02:36:07.000]  [GetValueFromJsonOrDefault] ErrorCode:0 INFO: Read Imds response field with Name:azEnvironment Value: AzurePublicCloud
[2024-10-27 02:36:07.000]  [SetImdsEnvironmentVariable] ErrorCode:0 INFO: Successfully set Environment variables from Imds
[2024-10-27 02:36:07.000]  [AggregateHeartbeat] ErrorCode:0 INFO: Completed heartbeat aggregation.
[2024-10-27 02:36:28.000]  [WriteStatusToFile] ErrorCode:0 INFO: Sending the status.
[2024-10-27 02:36:28.000]  [WriteStatusToFile] ErrorCode:0 INFO: Done Sending the status.
[2024-10-27 02:36:28.000]  [WriteHeartbeatToFile] ErrorCode:0 INFO: Sending the heartbeat.
[2024-10-27 02:36:28.000]  [WriteHeartbeatToFile] ErrorCode:0 INFO: Done Sending the heartbeat.
[2024-10-27 02:36:58.000]  [WriteStatusToFile] ErrorCode:0 INFO: Sending the status.
[2024-10-27 02:36:58.000]  [WriteStatusToFile] ErrorCode:0 INFO: Done Sending the status.
[2024-10-27 02:36:58.000]  [WriteHeartbeatToFile] ErrorCode:0 INFO: Sending the heartbeat.
[2024-10-27 02:36:58.000]  [WriteHeartbeatToFile] ErrorCode:0 INFO: Done Sending the heartbeat.
[2024-10-27 02:37:28.000]  [WriteStatusToFile] ErrorCode:0 INFO: Sending the status.
[2024-10-27 02:37:28.000]  [WriteStatusToFile] ErrorCode:0 INFO: Done Sending the status.
[2024-10-27 02:37:28.000]  [WriteHeartbeatToFile] ErrorCode:0 INFO: Sending the heartbeat.
[2024-10-27 02:37:28.000]  [WriteHeartbeatToFile] ErrorCode:0 INFO: Done Sending the heartbeat.
[2024-10-27 02:37:58.000]  [WriteStatusToFile] ErrorCode:0 INFO: Sending the status.
[2024-10-27 02:37:58.000]  [WriteStatusToFile] ErrorCode:0 INFO: Done Sending the status.
[2024-10-27 02:37:58.000]  [WriteHeartbeatToFile] ErrorCode:0 INFO: Sending the heartbeat.
[2024-10-27 02:37:58.000]  [WriteHeartbeatToFile] ErrorCode:0 INFO: Done Sending the heartbeat.
[2024-10-27 02:38:28.000]  [WriteStatusToFile] ErrorCode:0 INFO: Sending the status.
[2024-10-27 02:38:28.000]  [WriteStatusToFile] ErrorCode:0 INFO: Done Sending the status.
[2024-10-27 02:38:29.000]  [WriteHeartbeatToFile] ErrorCode:0 INFO: Sending the heartbeat.
[2024-10-27 02:38:29.000]  [WriteHeartbeatToFile] ErrorCode:0 INFO: Done Sending the heartbeat.
[2024-10-27 02:38:58.000]  [WriteStatusToFile] ErrorCode:0 INFO: Sending the status.
[2024-10-27 02:38:58.000]  [WriteStatusToFile] ErrorCode:0 INFO: Done Sending the status.
[2024-10-27 02:38:59.000]  [WriteHeartbeatToFile] ErrorCode:0 INFO: Sending the heartbeat.
[2024-10-27 02:38:59.000]  [WriteHeartbeatToFile] ErrorCode:0 INFO: Done Sending the heartbeat.
[2024-10-27 02:39:29.000]  [WriteStatusToFile] ErrorCode:0 INFO: Sending the status.
[2024-10-27 02:39:29.000]  [WriteStatusToFile] ErrorCode:0 INFO: Done Sending the status.
[2024-10-27 02:39:29.000]  [WriteHeartbeatToFile] ErrorCode:0 INFO: Sending the heartbeat.
[2024-10-27 02:39:29.000]  [WriteHeartbeatToFile] ErrorCode:0 INFO: Done Sending the heartbeat.
[2024-10-27 02:39:59.000]  [WriteStatusToFile] ErrorCode:0 INFO: Sending the status.
[2024-10-27 02:39:59.000]  [WriteStatusToFile] ErrorCode:0 INFO: Done Sending the status.
[2024-10-27 02:39:59.000]  [WriteHeartbeatToFile] ErrorCode:0 INFO: Sending the heartbeat.
[2024-10-27 02:39:59.000]  [WriteHeartbeatToFile] ErrorCode:0 INFO: Done Sending the heartbeat.
[2024-10-27 02:40:29.000]  [WriteStatusToFile] ErrorCode:0 INFO: Sending the status.
[2024-10-27 02:40:29.000]  [WriteStatusToFile] ErrorCode:0 INFO: Done Sending the status.
[2024-10-27 02:40:29.000]  [WriteHeartbeatToFile] ErrorCode:0 INFO: Sending the heartbeat.
[2024-10-27 02:40:29.000]  [WriteHeartbeatToFile] ErrorCode:0 INFO: Done Sending the heartbeat.
[2024-10-27 02:40:59.000]  [WriteStatusToFile] ErrorCode:0 INFO: Sending the status.
[2024-10-27 02:40:59.000]  [WriteStatusToFile] ErrorCode:0 INFO: Done Sending the status.
[2024-10-27 02:40:59.000]  [WriteHeartbeatToFile] ErrorCode:0 INFO: Sending the heartbeat.
[2024-10-27 02:40:59.000]  [WriteHeartbeatToFile] ErrorCode:0 INFO: Done Sending the heartbeat.
[2024-10-27 02:41:07.000]  [AggregateHeartbeat] ErrorCode:0 INFO: Start heartbeat aggregation.
[2024-10-27 02:41:07.000]  [QueryRegValueDWORD] ErrorCode:0 INFO: Query Registry for Key:SOFTWARE\Microsoft\Windows Azure\CurrentVersion\AzureMonitorAgentExtension\46.19.3.0, Name:MaServiceProcess
[2024-10-27 02:41:07.000]  [QueryRegValueDWORD] ErrorCode:0 INFO: Query Registry for Key:SOFTWARE\Microsoft\Windows Azure\CurrentVersion\AzureMonitorAgentExtension\46.19.3.0, Name:MaServiceProcess, Value:6028
[2024-10-27 02:41:07.000]  [FindProcessById] ErrorCode:0 INFO: Attempt to find the process MonAgentLauncher.exe with ID: 6028.
[2024-10-27 02:41:07.000]  [FindProcessById] ErrorCode:0 INFO: Running Process MonAgentLauncher.exe found. ID: 6028.
[2024-10-27 02:41:07.000]  [CheckIfMAServiceIsRunByExtension] ErrorCode:0 INFO: The MA process is running based on the m_registry
[2024-10-27 02:41:07.000]  [QueryRegValueDWORD] ErrorCode:0 INFO: Query Registry for Key:SOFTWARE\Microsoft\Windows Azure\CurrentVersion\AzureMonitorAgentExtension\46.19.3.0, Name:AMAMultitenantServiceProcess
[2024-10-27 02:41:07.000]  [QueryRegValueDWORD] ErrorCode:0 ERROR: RegQueryValueExA: failed to query REG_DWORD value, Key:SOFTWARE\Microsoft\Windows Azure\CurrentVersion\AzureMonitorAgentExtension\46.19.3.0, name=AMAMultitenantServiceProcess, error=2, type=0
[2024-10-27 02:41:07.000]  [CheckIfMAServiceIsRunByExtension] ErrorCode:1205 INFO: Unable to read the m_registry for MA process. Assume it is not running.
[2024-10-27 02:41:07.000]  [AggregateHeartbeat] ErrorCode:0 INFO: Configured MA Service is not running on the node.
[2024-10-27 02:41:07.000]  [SetImdsEnvironmentVariable] ErrorCode:0 INFO: Querying IMDS information
[2024-10-27 02:41:07.000]  [SetImdsEnvironmentVariable] ErrorCode:-1 INFO: Preparing to call IMDS
[2024-10-27 02:41:07.000]  [QueryIMDSEndpoint] ErrorCode:0 INFO: Queried IMDS successfully.
[2024-10-27 02:41:07.000]  [GetValueFromJsonOrDefault] ErrorCode:0 INFO: Read Imds response field with Name:location Value: westus2
[2024-10-27 02:41:07.000]  [GetValueFromJsonOrDefault] ErrorCode:0 INFO: Read Imds response field with Name:name Value: amawin
[2024-10-27 02:41:07.000]  [GetValueFromJsonOrDefault] ErrorCode:0 INFO: Read Imds response field with Name:subscriptionId Value: 351651ce-5feb-4e59-975d-f1f344e2b717
[2024-10-27 02:41:07.000]  [GetValueFromJsonOrDefault] ErrorCode:0 INFO: Read Imds response field with Name:vmId Value: 22afd636-aec1-4782-9055-f85ea283dc20
[2024-10-27 02:41:07.000]  [GetValueFromJsonOrDefault] ErrorCode:0 INFO: Read Imds response field with Name:vmScaleSetName Value: 
[2024-10-27 02:41:07.000]  [GetValueFromJsonOrDefault] ErrorCode:0 INFO: Read Imds response field with Name:resourceGroupName Value: AMAWin_group
[2024-10-27 02:41:07.000]  [GetValueFromJsonOrDefault] ErrorCode:0 INFO: Read Imds response field with Name:osType Value: Windows
[2024-10-27 02:41:07.000]  [GetValueFromJsonOrDefault] ErrorCode:0 INFO: Read Imds response field with Name:resourceId Value: /subscriptions/351651ce-5feb-4e59-975d-f1f344e2b717/resourceGroups/AMAWin_group/providers/Microsoft.Compute/virtualMachines/amawin
[2024-10-27 02:41:07.000]  [GetValueFromJsonOrDefault] ErrorCode:0 INFO: Read Imds response field with Name:azEnvironment Value: AzurePublicCloud
[2024-10-27 02:41:07.000]  [SetImdsEnvironmentVariable] ErrorCode:0 INFO: Successfully set Environment variables from Imds
[2024-10-27 02:41:07.000]  [AggregateHeartbeat] ErrorCode:0 INFO: Completed heartbeat aggregation.
[2024-10-27 02:41:29.000]  [WriteStatusToFile] ErrorCode:0 INFO: Sending the status.
[2024-10-27 02:41:29.000]  [WriteStatusToFile] ErrorCode:0 INFO: Done Sending the status.
[2024-10-27 02:41:29.000]  [WriteHeartbeatToFile] ErrorCode:0 INFO: Sending the heartbeat.
[2024-10-27 02:41:29.000]  [WriteHeartbeatToFile] ErrorCode:0 INFO: Done Sending the heartbeat.
[2024-10-27 02:41:59.000]  [WriteStatusToFile] ErrorCode:0 INFO: Sending the status.
[2024-10-27 02:41:59.000]  [WriteStatusToFile] ErrorCode:0 INFO: Done Sending the status.
[2024-10-27 02:41:59.000]  [WriteHeartbeatToFile] ErrorCode:0 INFO: Sending the heartbeat.
[2024-10-27 02:41:59.000]  [WriteHeartbeatToFile] ErrorCode:0 INFO: Done Sending the heartbeat.
[2024-10-27 02:42:29.000]  [WriteStatusToFile] ErrorCode:0 INFO: Sending the status.
[2024-10-27 02:42:29.000]  [WriteStatusToFile] ErrorCode:0 INFO: Done Sending the status.
[2024-10-27 02:42:29.000]  [WriteHeartbeatToFile] ErrorCode:0 INFO: Sending the heartbeat.
[2024-10-27 02:42:29.000]  [WriteHeartbeatToFile] ErrorCode:0 INFO: Done Sending the heartbeat.
[2024-10-27 02:42:59.000]  [WriteStatusToFile] ErrorCode:0 INFO: Sending the status.
[2024-10-27 02:42:59.000]  [WriteStatusToFile] ErrorCode:0 INFO: Done Sending the status.
[2024-10-27 02:42:59.000]  [WriteHeartbeatToFile] ErrorCode:0 INFO: Sending the heartbeat.
[2024-10-27 02:42:59.000]  [WriteHeartbeatToFile] ErrorCode:0 INFO: Done Sending the heartbeat.
[2024-10-27 02:43:29.000]  [WriteStatusToFile] ErrorCode:0 INFO: Sending the status.
[2024-10-27 02:43:29.000]  [WriteStatusToFile] ErrorCode:0 INFO: Done Sending the status.
[2024-10-27 02:43:29.000]  [WriteHeartbeatToFile] ErrorCode:0 INFO: Sending the heartbeat.
[2024-10-27 02:43:29.000]  [WriteHeartbeatToFile] ErrorCode:0 INFO: Done Sending the heartbeat.
[2024-10-27 02:43:59.000]  [WriteStatusToFile] ErrorCode:0 INFO: Sending the status.
[2024-10-27 02:43:59.000]  [WriteStatusToFile] ErrorCode:0 INFO: Done Sending the status.
[2024-10-27 02:43:59.000]  [WriteHeartbeatToFile] ErrorCode:0 INFO: Sending the heartbeat.
[2024-10-27 02:43:59.000]  [WriteHeartbeatToFile] ErrorCode:0 INFO: Done Sending the heartbeat.
[2024-10-27 02:44:29.000]  [WriteStatusToFile] ErrorCode:0 INFO: Sending the status.
[2024-10-27 02:44:29.000]  [WriteStatusToFile] ErrorCode:0 INFO: Done Sending the status.
[2024-10-27 02:44:29.000]  [WriteHeartbeatToFile] ErrorCode:0 INFO: Sending the heartbeat.
[2024-10-27 02:44:29.000]  [WriteHeartbeatToFile] ErrorCode:0 INFO: Done Sending the heartbeat.
[2024-10-27 02:44:59.000]  [WriteStatusToFile] ErrorCode:0 INFO: Sending the status.
[2024-10-27 02:44:59.000]  [WriteStatusToFile] ErrorCode:0 INFO: Done Sending the status.
[2024-10-27 02:44:59.000]  [WriteHeartbeatToFile] ErrorCode:0 INFO: Sending the heartbeat.
[2024-10-27 02:44:59.000]  [WriteHeartbeatToFile] ErrorCode:0 INFO: Done Sending the heartbeat.
[2024-10-27 02:45:29.000]  [WriteStatusToFile] ErrorCode:0 INFO: Sending the status.
[2024-10-27 02:45:29.000]  [WriteStatusToFile] ErrorCode:0 INFO: Done Sending the status.
[2024-10-27 02:45:29.000]  [WriteHeartbeatToFile] ErrorCode:0 INFO: Sending the heartbeat.
[2024-10-27 02:45:29.000]  [WriteHeartbeatToFile] ErrorCode:0 INFO: Done Sending the heartbeat.
[2024-10-27 02:45:59.000]  [WriteStatusToFile] ErrorCode:0 INFO: Sending the status.
[2024-10-27 02:45:59.000]  [WriteStatusToFile] ErrorCode:0 INFO: Done Sending the status.
[2024-10-27 02:45:59.000]  [WriteHeartbeatToFile] ErrorCode:0 INFO: Sending the heartbeat.
[2024-10-27 02:45:59.000]  [WriteHeartbeatToFile] ErrorCode:0 INFO: Done Sending the heartbeat.
[2024-10-27 02:46:07.000]  [AggregateHeartbeat] ErrorCode:0 INFO: Start heartbeat aggregation.
[2024-10-27 02:46:07.000]  [QueryRegValueDWORD] ErrorCode:0 INFO: Query Registry for Key:SOFTWARE\Microsoft\Windows Azure\CurrentVersion\AzureMonitorAgentExtension\46.19.3.0, Name:MaServiceProcess
[2024-10-27 02:46:07.000]  [QueryRegValueDWORD] ErrorCode:0 INFO: Query Registry for Key:SOFTWARE\Microsoft\Windows Azure\CurrentVersion\AzureMonitorAgentExtension\46.19.3.0, Name:MaServiceProcess, Value:6028
[2024-10-27 02:46:07.000]  [FindProcessById] ErrorCode:0 INFO: Attempt to find the process MonAgentLauncher.exe with ID: 6028.
[2024-10-27 02:46:07.000]  [FindProcessById] ErrorCode:0 INFO: Running Process MonAgentLauncher.exe found. ID: 6028.
[2024-10-27 02:46:07.000]  [CheckIfMAServiceIsRunByExtension] ErrorCode:0 INFO: The MA process is running based on the m_registry
[2024-10-27 02:46:07.000]  [QueryRegValueDWORD] ErrorCode:0 INFO: Query Registry for Key:SOFTWARE\Microsoft\Windows Azure\CurrentVersion\AzureMonitorAgentExtension\46.19.3.0, Name:AMAMultitenantServiceProcess
[2024-10-27 02:46:07.000]  [QueryRegValueDWORD] ErrorCode:0 ERROR: RegQueryValueExA: failed to query REG_DWORD value, Key:SOFTWARE\Microsoft\Windows Azure\CurrentVersion\AzureMonitorAgentExtension\46.19.3.0, name=AMAMultitenantServiceProcess, error=2, type=0
[2024-10-27 02:46:07.000]  [CheckIfMAServiceIsRunByExtension] ErrorCode:1205 INFO: Unable to read the m_registry for MA process. Assume it is not running.
[2024-10-27 02:46:07.000]  [AggregateHeartbeat] ErrorCode:0 INFO: Configured MA Service is not running on the node.
[2024-10-27 02:46:07.000]  [SetImdsEnvironmentVariable] ErrorCode:0 INFO: Querying IMDS information
[2024-10-27 02:46:07.000]  [SetImdsEnvironmentVariable] ErrorCode:-1 INFO: Preparing to call IMDS
[2024-10-27 02:46:07.000]  [QueryIMDSEndpoint] ErrorCode:0 INFO: Queried IMDS successfully.
[2024-10-27 02:46:07.000]  [GetValueFromJsonOrDefault] ErrorCode:0 INFO: Read Imds response field with Name:location Value: westus2
[2024-10-27 02:46:07.000]  [GetValueFromJsonOrDefault] ErrorCode:0 INFO: Read Imds response field with Name:name Value: amawin
[2024-10-27 02:46:07.000]  [GetValueFromJsonOrDefault] ErrorCode:0 INFO: Read Imds response field with Name:subscriptionId Value: 351651ce-5feb-4e59-975d-f1f344e2b717
[2024-10-27 02:46:07.000]  [GetValueFromJsonOrDefault] ErrorCode:0 INFO: Read Imds response field with Name:vmId Value: 22afd636-aec1-4782-9055-f85ea283dc20
[2024-10-27 02:46:07.000]  [GetValueFromJsonOrDefault] ErrorCode:0 INFO: Read Imds response field with Name:vmScaleSetName Value: 
[2024-10-27 02:46:07.000]  [GetValueFromJsonOrDefault] ErrorCode:0 INFO: Read Imds response field with Name:resourceGroupName Value: AMAWin_group
[2024-10-27 02:46:07.000]  [GetValueFromJsonOrDefault] ErrorCode:0 INFO: Read Imds response field with Name:osType Value: Windows
[2024-10-27 02:46:07.000]  [GetValueFromJsonOrDefault] ErrorCode:0 INFO: Read Imds response field with Name:resourceId Value: /subscriptions/351651ce-5feb-4e59-975d-f1f344e2b717/resourceGroups/AMAWin_group/providers/Microsoft.Compute/virtualMachines/amawin
[2024-10-27 02:46:07.000]  [GetValueFromJsonOrDefault] ErrorCode:0 INFO: Read Imds response field with Name:azEnvironment Value: AzurePublicCloud
[2024-10-27 02:46:07.000]  [SetImdsEnvironmentVariable] ErrorCode:0 INFO: Successfully set Environment variables from Imds
[2024-10-27 02:46:07.000]  [AggregateHeartbeat] ErrorCode:0 INFO: Completed heartbeat aggregation.
[2024-10-27 02:46:29.000]  [WriteStatusToFile] ErrorCode:0 INFO: Sending the status.
[2024-10-27 02:46:29.000]  [WriteStatusToFile] ErrorCode:0 INFO: Done Sending the status.
[2024-10-27 02:46:29.000]  [WriteHeartbeatToFile] ErrorCode:0 INFO: Sending the heartbeat.
[2024-10-27 02:46:29.000]  [WriteHeartbeatToFile] ErrorCode:0 INFO: Done Sending the heartbeat.
[2024-10-27 02:46:59.000]  [WriteStatusToFile] ErrorCode:0 INFO: Sending the status.
[2024-10-27 02:46:59.000]  [WriteStatusToFile] ErrorCode:0 INFO: Done Sending the status.
[2024-10-27 02:46:59.000]  [WriteHeartbeatToFile] ErrorCode:0 INFO: Sending the heartbeat.
[2024-10-27 02:46:59.000]  [WriteHeartbeatToFile] ErrorCode:0 INFO: Done Sending the heartbeat.
[2024-10-27 02:47:29.000]  [WriteStatusToFile] ErrorCode:0 INFO: Sending the status.
[2024-10-27 02:47:29.000]  [WriteStatusToFile] ErrorCode:0 INFO: Done Sending the status.
[2024-10-27 02:47:29.000]  [WriteHeartbeatToFile] ErrorCode:0 INFO: Sending the heartbeat.
[2024-10-27 02:47:29.000]  [WriteHeartbeatToFile] ErrorCode:0 INFO: Done Sending the heartbeat.
[2024-10-27 02:47:59.000]  [WriteStatusToFile] ErrorCode:0 INFO: Sending the status.
[2024-10-27 02:47:59.000]  [WriteStatusToFile] ErrorCode:0 INFO: Done Sending the status.
[2024-10-27 02:47:59.000]  [WriteHeartbeatToFile] ErrorCode:0 INFO: Sending the heartbeat.
[2024-10-27 02:47:59.000]  [WriteHeartbeatToFile] ErrorCode:0 INFO: Done Sending the heartbeat.
[2024-10-27 02:48:29.000]  [WriteStatusToFile] ErrorCode:0 INFO: Sending the status.
[2024-10-27 02:48:29.000]  [WriteStatusToFile] ErrorCode:0 INFO: Done Sending the status.
[2024-10-27 02:48:29.000]  [WriteHeartbeatToFile] ErrorCode:0 INFO: Sending the heartbeat.
[2024-10-27 02:48:29.000]  [WriteHeartbeatToFile] ErrorCode:0 INFO: Done Sending the heartbeat.
[2024-10-27 02:48:59.000]  [WriteStatusToFile] ErrorCode:0 INFO: Sending the status.
[2024-10-27 02:48:59.000]  [WriteStatusToFile] ErrorCode:0 INFO: Done Sending the status.
[2024-10-27 02:48:59.000]  [WriteHeartbeatToFile] ErrorCode:0 INFO: Sending the heartbeat.
[2024-10-27 02:48:59.000]  [WriteHeartbeatToFile] ErrorCode:0 INFO: Done Sending the heartbeat.
[2024-10-27 02:49:29.000]  [WriteStatusToFile] ErrorCode:0 INFO: Sending the status.
[2024-10-27 02:49:29.000]  [WriteStatusToFile] ErrorCode:0 INFO: Done Sending the status.
[2024-10-27 02:49:29.000]  [WriteHeartbeatToFile] ErrorCode:0 INFO: Sending the heartbeat.
[2024-10-27 02:49:29.000]  [WriteHeartbeatToFile] ErrorCode:0 INFO: Done Sending the heartbeat.
[2024-10-27 02:49:59.000]  [WriteStatusToFile] ErrorCode:0 INFO: Sending the status.
[2024-10-27 02:49:59.000]  [WriteStatusToFile] ErrorCode:0 INFO: Done Sending the status.
[2024-10-27 02:49:59.000]  [WriteHeartbeatToFile] ErrorCode:0 INFO: Sending the heartbeat.
[2024-10-27 02:49:59.000]  [WriteHeartbeatToFile] ErrorCode:0 INFO: Done Sending the heartbeat.
[2024-10-27 02:50:29.000]  [WriteStatusToFile] ErrorCode:0 INFO: Sending the status.
[2024-10-27 02:50:29.000]  [WriteStatusToFile] ErrorCode:0 INFO: Done Sending the status.
[2024-10-27 02:50:29.000]  [WriteHeartbeatToFile] ErrorCode:0 INFO: Sending the heartbeat.
[2024-10-27 02:50:29.000]  [WriteHeartbeatToFile] ErrorCode:0 INFO: Done Sending the heartbeat.
[2024-10-27 02:50:59.000]  [WriteStatusToFile] ErrorCode:0 INFO: Sending the status.
[2024-10-27 02:50:59.000]  [WriteStatusToFile] ErrorCode:0 INFO: Done Sending the status.
[2024-10-27 02:50:59.000]  [WriteHeartbeatToFile] ErrorCode:0 INFO: Sending the heartbeat.
[2024-10-27 02:50:59.000]  [WriteHeartbeatToFile] ErrorCode:0 INFO: Done Sending the heartbeat.
[2024-10-27 02:51:07.000]  [AggregateHeartbeat] ErrorCode:0 INFO: Start heartbeat aggregation.
[2024-10-27 02:51:07.000]  [QueryRegValueDWORD] ErrorCode:0 INFO: Query Registry for Key:SOFTWARE\Microsoft\Windows Azure\CurrentVersion\AzureMonitorAgentExtension\46.19.3.0, Name:MaServiceProcess
[2024-10-27 02:51:07.000]  [QueryRegValueDWORD] ErrorCode:0 INFO: Query Registry for Key:SOFTWARE\Microsoft\Windows Azure\CurrentVersion\AzureMonitorAgentExtension\46.19.3.0, Name:MaServiceProcess, Value:6028
[2024-10-27 02:51:07.000]  [FindProcessById] ErrorCode:0 INFO: Attempt to find the process MonAgentLauncher.exe with ID: 6028.
[2024-10-27 02:51:07.000]  [FindProcessById] ErrorCode:0 INFO: Running Process MonAgentLauncher.exe found. ID: 6028.
[2024-10-27 02:51:07.000]  [CheckIfMAServiceIsRunByExtension] ErrorCode:0 INFO: The MA process is running based on the m_registry
[2024-10-27 02:51:07.000]  [QueryRegValueDWORD] ErrorCode:0 INFO: Query Registry for Key:SOFTWARE\Microsoft\Windows Azure\CurrentVersion\AzureMonitorAgentExtension\46.19.3.0, Name:AMAMultitenantServiceProcess
[2024-10-27 02:51:07.000]  [QueryRegValueDWORD] ErrorCode:0 ERROR: RegQueryValueExA: failed to query REG_DWORD value, Key:SOFTWARE\Microsoft\Windows Azure\CurrentVersion\AzureMonitorAgentExtension\46.19.3.0, name=AMAMultitenantServiceProcess, error=2, type=0
[2024-10-27 02:51:07.000]  [CheckIfMAServiceIsRunByExtension] ErrorCode:1205 INFO: Unable to read the m_registry for MA process. Assume it is not running.
[2024-10-27 02:51:07.000]  [AggregateHeartbeat] ErrorCode:0 INFO: Configured MA Service is not running on the node.
[2024-10-27 02:51:07.000]  [SetImdsEnvironmentVariable] ErrorCode:0 INFO: Querying IMDS information
[2024-10-27 02:51:07.000]  [SetImdsEnvironmentVariable] ErrorCode:-1 INFO: Preparing to call IMDS
[2024-10-27 02:51:07.000]  [QueryIMDSEndpoint] ErrorCode:0 INFO: Queried IMDS successfully.
[2024-10-27 02:51:07.000]  [GetValueFromJsonOrDefault] ErrorCode:0 INFO: Read Imds response field with Name:location Value: westus2
[2024-10-27 02:51:07.000]  [GetValueFromJsonOrDefault] ErrorCode:0 INFO: Read Imds response field with Name:name Value: amawin
[2024-10-27 02:51:07.000]  [GetValueFromJsonOrDefault] ErrorCode:0 INFO: Read Imds response field with Name:subscriptionId Value: 351651ce-5feb-4e59-975d-f1f344e2b717
[2024-10-27 02:51:07.000]  [GetValueFromJsonOrDefault] ErrorCode:0 INFO: Read Imds response field with Name:vmId Value: 22afd636-aec1-4782-9055-f85ea283dc20
[2024-10-27 02:51:07.000]  [GetValueFromJsonOrDefault] ErrorCode:0 INFO: Read Imds response field with Name:vmScaleSetName Value: 
[2024-10-27 02:51:07.000]  [GetValueFromJsonOrDefault] ErrorCode:0 INFO: Read Imds response field with Name:resourceGroupName Value: AMAWin_group
[2024-10-27 02:51:07.000]  [GetValueFromJsonOrDefault] ErrorCode:0 INFO: Read Imds response field with Name:osType Value: Windows
[2024-10-27 02:51:07.000]  [GetValueFromJsonOrDefault] ErrorCode:0 INFO: Read Imds response field with Name:resourceId Value: /subscriptions/351651ce-5feb-4e59-975d-f1f344e2b717/resourceGroups/AMAWin_group/providers/Microsoft.Compute/virtualMachines/amawin
[2024-10-27 02:51:07.000]  [GetValueFromJsonOrDefault] ErrorCode:0 INFO: Read Imds response field with Name:azEnvironment Value: AzurePublicCloud
[2024-10-27 02:51:07.000]  [SetImdsEnvironmentVariable] ErrorCode:0 INFO: Successfully set Environment variables from Imds
[2024-10-27 02:51:07.000]  [AggregateHeartbeat] ErrorCode:0 INFO: Completed heartbeat aggregation.
[2024-10-27 02:51:29.000]  [WriteStatusToFile] ErrorCode:0 INFO: Sending the status.
[2024-10-27 02:51:29.000]  [WriteStatusToFile] ErrorCode:0 INFO: Done Sending the status.
[2024-10-27 02:51:29.000]  [WriteHeartbeatToFile] ErrorCode:0 INFO: Sending the heartbeat.
[2024-10-27 02:51:29.000]  [WriteHeartbeatToFile] ErrorCode:0 INFO: Done Sending the heartbeat.
[2024-10-27 02:51:59.000]  [WriteStatusToFile] ErrorCode:0 INFO: Sending the status.
[2024-10-27 02:51:59.000]  [WriteStatusToFile] ErrorCode:0 INFO: Done Sending the status.
[2024-10-27 02:51:59.000]  [WriteHeartbeatToFile] ErrorCode:0 INFO: Sending the heartbeat.
[2024-10-27 02:51:59.000]  [WriteHeartbeatToFile] ErrorCode:0 INFO: Done Sending the heartbeat.
[2024-10-27 02:52:29.000]  [WriteStatusToFile] ErrorCode:0 INFO: Sending the status.
[2024-10-27 02:52:29.000]  [WriteStatusToFile] ErrorCode:0 INFO: Done Sending the status.
[2024-10-27 02:52:29.000]  [WriteHeartbeatToFile] ErrorCode:0 INFO: Sending the heartbeat.
[2024-10-27 02:52:29.000]  [WriteHeartbeatToFile] ErrorCode:0 INFO: Done Sending the heartbeat.
[2024-10-27 02:52:59.000]  [WriteStatusToFile] ErrorCode:0 INFO: Sending the status.
[2024-10-27 02:52:59.000]  [WriteStatusToFile] ErrorCode:0 INFO: Done Sending the status.
[2024-10-27 02:52:59.000]  [WriteHeartbeatToFile] ErrorCode:0 INFO: Sending the heartbeat.
[2024-10-27 02:52:59.000]  [WriteHeartbeatToFile] ErrorCode:0 INFO: Done Sending the heartbeat.
[2024-10-27 02:53:29.000]  [WriteStatusToFile] ErrorCode:0 INFO: Sending the status.
[2024-10-27 02:53:29.000]  [WriteStatusToFile] ErrorCode:0 INFO: Done Sending the status.
[2024-10-27 02:53:29.000]  [WriteHeartbeatToFile] ErrorCode:0 INFO: Sending the heartbeat.
[2024-10-27 02:53:29.000]  [WriteHeartbeatToFile] ErrorCode:0 INFO: Done Sending the heartbeat.
[2024-10-27 02:53:59.000]  [WriteStatusToFile] ErrorCode:0 INFO: Sending the status.
[2024-10-27 02:53:59.000]  [WriteStatusToFile] ErrorCode:0 INFO: Done Sending the status.
[2024-10-27 02:53:59.000]  [WriteHeartbeatToFile] ErrorCode:0 INFO: Sending the heartbeat.
[2024-10-27 02:53:59.000]  [WriteHeartbeatToFile] ErrorCode:0 INFO: Done Sending the heartbeat.
[2024-10-27 02:54:29.000]  [WriteStatusToFile] ErrorCode:0 INFO: Sending the status.
[2024-10-27 02:54:29.000]  [WriteStatusToFile] ErrorCode:0 INFO: Done Sending the status.
[2024-10-27 02:54:29.000]  [WriteHeartbeatToFile] ErrorCode:0 INFO: Sending the heartbeat.
[2024-10-27 02:54:29.000]  [WriteHeartbeatToFile] ErrorCode:0 INFO: Done Sending the heartbeat.
[2024-10-27 02:54:59.000]  [WriteStatusToFile] ErrorCode:0 INFO: Sending the status.
[2024-10-27 02:54:59.000]  [WriteStatusToFile] ErrorCode:0 INFO: Done Sending the status.
[2024-10-27 02:54:59.000]  [WriteHeartbeatToFile] ErrorCode:0 INFO: Sending the heartbeat.
[2024-10-27 02:54:59.000]  [WriteHeartbeatToFile] ErrorCode:0 INFO: Done Sending the heartbeat.
[2024-10-27 02:55:29.000]  [WriteStatusToFile] ErrorCode:0 INFO: Sending the status.
[2024-10-27 02:55:29.000]  [WriteStatusToFile] ErrorCode:0 INFO: Done Sending the status.
[2024-10-27 02:55:29.000]  [WriteHeartbeatToFile] ErrorCode:0 INFO: Sending the heartbeat.
[2024-10-27 02:55:29.000]  [WriteHeartbeatToFile] ErrorCode:0 INFO: Done Sending the heartbeat.
[2024-10-27 02:55:59.000]  [WriteStatusToFile] ErrorCode:0 INFO: Sending the status.
[2024-10-27 02:55:59.000]  [WriteStatusToFile] ErrorCode:0 INFO: Done Sending the status.
[2024-10-27 02:55:59.000]  [WriteHeartbeatToFile] ErrorCode:0 INFO: Sending the heartbeat.
[2024-10-27 02:55:59.000]  [WriteHeartbeatToFile] ErrorCode:0 INFO: Done Sending the heartbeat.
[2024-10-27 02:56:07.000]  [AggregateHeartbeat] ErrorCode:0 INFO: Start heartbeat aggregation.
[2024-10-27 02:56:07.000]  [QueryRegValueDWORD] ErrorCode:0 INFO: Query Registry for Key:SOFTWARE\Microsoft\Windows Azure\CurrentVersion\AzureMonitorAgentExtension\46.19.3.0, Name:MaServiceProcess
[2024-10-27 02:56:07.000]  [QueryRegValueDWORD] ErrorCode:0 INFO: Query Registry for Key:SOFTWARE\Microsoft\Windows Azure\CurrentVersion\AzureMonitorAgentExtension\46.19.3.0, Name:MaServiceProcess, Value:6028
[2024-10-27 02:56:07.000]  [FindProcessById] ErrorCode:0 INFO: Attempt to find the process MonAgentLauncher.exe with ID: 6028.
[2024-10-27 02:56:07.000]  [FindProcessById] ErrorCode:0 INFO: Running Process MonAgentLauncher.exe found. ID: 6028.
[2024-10-27 02:56:07.000]  [CheckIfMAServiceIsRunByExtension] ErrorCode:0 INFO: The MA process is running based on the m_registry
[2024-10-27 02:56:07.000]  [QueryRegValueDWORD] ErrorCode:0 INFO: Query Registry for Key:SOFTWARE\Microsoft\Windows Azure\CurrentVersion\AzureMonitorAgentExtension\46.19.3.0, Name:AMAMultitenantServiceProcess
[2024-10-27 02:56:07.000]  [QueryRegValueDWORD] ErrorCode:0 ERROR: RegQueryValueExA: failed to query REG_DWORD value, Key:SOFTWARE\Microsoft\Windows Azure\CurrentVersion\AzureMonitorAgentExtension\46.19.3.0, name=AMAMultitenantServiceProcess, error=2, type=0
[2024-10-27 02:56:07.000]  [CheckIfMAServiceIsRunByExtension] ErrorCode:1205 INFO: Unable to read the m_registry for MA process. Assume it is not running.
[2024-10-27 02:56:07.000]  [AggregateHeartbeat] ErrorCode:0 INFO: Configured MA Service is not running on the node.
[2024-10-27 02:56:07.000]  [SetImdsEnvironmentVariable] ErrorCode:0 INFO: Querying IMDS information
[2024-10-27 02:56:07.000]  [SetImdsEnvironmentVariable] ErrorCode:-1 INFO: Preparing to call IMDS
[2024-10-27 02:56:07.000]  [QueryIMDSEndpoint] ErrorCode:0 INFO: Queried IMDS successfully.
[2024-10-27 02:56:07.000]  [GetValueFromJsonOrDefault] ErrorCode:0 INFO: Read Imds response field with Name:location Value: westus2
[2024-10-27 02:56:07.000]  [GetValueFromJsonOrDefault] ErrorCode:0 INFO: Read Imds response field with Name:name Value: amawin
[2024-10-27 02:56:07.000]  [GetValueFromJsonOrDefault] ErrorCode:0 INFO: Read Imds response field with Name:subscriptionId Value: 351651ce-5feb-4e59-975d-f1f344e2b717
[2024-10-27 02:56:07.000]  [GetValueFromJsonOrDefault] ErrorCode:0 INFO: Read Imds response field with Name:vmId Value: 22afd636-aec1-4782-9055-f85ea283dc20
[2024-10-27 02:56:07.000]  [GetValueFromJsonOrDefault] ErrorCode:0 INFO: Read Imds response field with Name:vmScaleSetName Value: 
[2024-10-27 02:56:07.000]  [GetValueFromJsonOrDefault] ErrorCode:0 INFO: Read Imds response field with Name:resourceGroupName Value: AMAWin_group
[2024-10-27 02:56:07.000]  [GetValueFromJsonOrDefault] ErrorCode:0 INFO: Read Imds response field with Name:osType Value: Windows
[2024-10-27 02:56:07.000]  [GetValueFromJsonOrDefault] ErrorCode:0 INFO: Read Imds response field with Name:resourceId Value: /subscriptions/351651ce-5feb-4e59-975d-f1f344e2b717/resourceGroups/AMAWin_group/providers/Microsoft.Compute/virtualMachines/amawin
[2024-10-27 02:56:07.000]  [GetValueFromJsonOrDefault] ErrorCode:0 INFO: Read Imds response field with Name:azEnvironment Value: AzurePublicCloud
[2024-10-27 02:56:07.000]  [SetImdsEnvironmentVariable] ErrorCode:0 INFO: Successfully set Environment variables from Imds
[2024-10-27 02:56:07.000]  [AggregateHeartbeat] ErrorCode:0 INFO: Completed heartbeat aggregation.
[2024-10-27 02:56:29.000]  [WriteStatusToFile] ErrorCode:0 INFO: Sending the status.
[2024-10-27 02:56:29.000]  [WriteStatusToFile] ErrorCode:0 INFO: Done Sending the status.
[2024-10-27 02:56:29.000]  [WriteHeartbeatToFile] ErrorCode:0 INFO: Sending the heartbeat.
[2024-10-27 02:56:29.000]  [WriteHeartbeatToFile] ErrorCode:0 INFO: Done Sending the heartbeat.
[2024-10-27 02:56:59.000]  [WriteStatusToFile] ErrorCode:0 INFO: Sending the status.
[2024-10-27 02:56:59.000]  [WriteStatusToFile] ErrorCode:0 INFO: Done Sending the status.
[2024-10-27 02:56:59.000]  [WriteHeartbeatToFile] ErrorCode:0 INFO: Sending the heartbeat.
[2024-10-27 02:56:59.000]  [WriteHeartbeatToFile] ErrorCode:0 INFO: Done Sending the heartbeat.
[2024-10-27 02:57:29.000]  [WriteStatusToFile] ErrorCode:0 INFO: Sending the status.
[2024-10-27 02:57:29.000]  [WriteStatusToFile] ErrorCode:0 INFO: Done Sending the status.
[2024-10-27 02:57:29.000]  [WriteHeartbeatToFile] ErrorCode:0 INFO: Sending the heartbeat.
[2024-10-27 02:57:29.000]  [WriteHeartbeatToFile] ErrorCode:0 INFO: Done Sending the heartbeat.
[2024-10-27 02:57:59.000]  [WriteStatusToFile] ErrorCode:0 INFO: Sending the status.
[2024-10-27 02:57:59.000]  [WriteStatusToFile] ErrorCode:0 INFO: Done Sending the status.
[2024-10-27 02:57:59.000]  [WriteHeartbeatToFile] ErrorCode:0 INFO: Sending the heartbeat.
[2024-10-27 02:57:59.000]  [WriteHeartbeatToFile] ErrorCode:0 INFO: Done Sending the heartbeat.
[2024-10-27 02:58:29.000]  [WriteStatusToFile] ErrorCode:0 INFO: Sending the status.
[2024-10-27 02:58:29.000]  [WriteStatusToFile] ErrorCode:0 INFO: Done Sending the status.
[2024-10-27 02:58:29.000]  [WriteHeartbeatToFile] ErrorCode:0 INFO: Sending the heartbeat.
[2024-10-27 02:58:29.000]  [WriteHeartbeatToFile] ErrorCode:0 INFO: Done Sending the heartbeat.
[2024-10-27 02:58:59.000]  [WriteStatusToFile] ErrorCode:0 INFO: Sending the status.
[2024-10-27 02:58:59.000]  [WriteStatusToFile] ErrorCode:0 INFO: Done Sending the status.
[2024-10-27 02:58:59.000]  [WriteHeartbeatToFile] ErrorCode:0 INFO: Sending the heartbeat.
[2024-10-27 02:58:59.000]  [WriteHeartbeatToFile] ErrorCode:0 INFO: Done Sending the heartbeat.
[2024-10-27 02:59:29.000]  [WriteStatusToFile] ErrorCode:0 INFO: Sending the status.
[2024-10-27 02:59:29.000]  [WriteStatusToFile] ErrorCode:0 INFO: Done Sending the status.
[2024-10-27 02:59:29.000]  [WriteHeartbeatToFile] ErrorCode:0 INFO: Sending the heartbeat.
[2024-10-27 02:59:29.000]  [WriteHeartbeatToFile] ErrorCode:0 INFO: Done Sending the heartbeat.
[2024-10-27 02:59:59.000]  [WriteStatusToFile] ErrorCode:0 INFO: Sending the status.
[2024-10-27 02:59:59.000]  [WriteStatusToFile] ErrorCode:0 INFO: Done Sending the status.
[2024-10-27 02:59:59.000]  [WriteHeartbeatToFile] ErrorCode:0 INFO: Sending the heartbeat.
[2024-10-27 02:59:59.000]  [WriteHeartbeatToFile] ErrorCode:0 INFO: Done Sending the heartbeat.
[2024-10-27 03:00:29.000]  [WriteStatusToFile] ErrorCode:0 INFO: Sending the status.
[2024-10-27 03:00:29.000]  [WriteStatusToFile] ErrorCode:0 INFO: Done Sending the status.
[2024-10-27 03:00:29.000]  [WriteHeartbeatToFile] ErrorCode:0 INFO: Sending the heartbeat.
[2024-10-27 03:00:29.000]  [WriteHeartbeatToFile] ErrorCode:0 INFO: Done Sending the heartbeat.
[2024-10-27 03:00:59.000]  [WriteStatusToFile] ErrorCode:0 INFO: Sending the status.
[2024-10-27 03:00:59.000]  [WriteStatusToFile] ErrorCode:0 INFO: Done Sending the status.
[2024-10-27 03:00:59.000]  [WriteHeartbeatToFile] ErrorCode:0 INFO: Sending the heartbeat.
[2024-10-27 03:00:59.000]  [WriteHeartbeatToFile] ErrorCode:0 INFO: Done Sending the heartbeat.
[2024-10-27 03:01:07.000]  [AggregateHeartbeat] ErrorCode:0 INFO: Start heartbeat aggregation.
[2024-10-27 03:01:07.000]  [QueryRegValueDWORD] ErrorCode:0 INFO: Query Registry for Key:SOFTWARE\Microsoft\Windows Azure\CurrentVersion\AzureMonitorAgentExtension\46.19.3.0, Name:MaServiceProcess
[2024-10-27 03:01:07.000]  [QueryRegValueDWORD] ErrorCode:0 INFO: Query Registry for Key:SOFTWARE\Microsoft\Windows Azure\CurrentVersion\AzureMonitorAgentExtension\46.19.3.0, Name:MaServiceProcess, Value:6028
[2024-10-27 03:01:07.000]  [FindProcessById] ErrorCode:0 INFO: Attempt to find the process MonAgentLauncher.exe with ID: 6028.
[2024-10-27 03:01:07.000]  [FindProcessById] ErrorCode:0 INFO: Running Process MonAgentLauncher.exe found. ID: 6028.
[2024-10-27 03:01:07.000]  [CheckIfMAServiceIsRunByExtension] ErrorCode:0 INFO: The MA process is running based on the m_registry
[2024-10-27 03:01:07.000]  [QueryRegValueDWORD] ErrorCode:0 INFO: Query Registry for Key:SOFTWARE\Microsoft\Windows Azure\CurrentVersion\AzureMonitorAgentExtension\46.19.3.0, Name:AMAMultitenantServiceProcess
[2024-10-27 03:01:07.000]  [QueryRegValueDWORD] ErrorCode:0 ERROR: RegQueryValueExA: failed to query REG_DWORD value, Key:SOFTWARE\Microsoft\Windows Azure\CurrentVersion\AzureMonitorAgentExtension\46.19.3.0, name=AMAMultitenantServiceProcess, error=2, type=0
[2024-10-27 03:01:07.000]  [CheckIfMAServiceIsRunByExtension] ErrorCode:1205 INFO: Unable to read the m_registry for MA process. Assume it is not running.
[2024-10-27 03:01:07.000]  [AggregateHeartbeat] ErrorCode:0 INFO: Configured MA Service is not running on the node.
[2024-10-27 03:01:07.000]  [SetImdsEnvironmentVariable] ErrorCode:0 INFO: Querying IMDS information
[2024-10-27 03:01:07.000]  [SetImdsEnvironmentVariable] ErrorCode:-1 INFO: Preparing to call IMDS
[2024-10-27 03:01:07.000]  [QueryIMDSEndpoint] ErrorCode:0 INFO: Queried IMDS successfully.
[2024-10-27 03:01:07.000]  [GetValueFromJsonOrDefault] ErrorCode:0 INFO: Read Imds response field with Name:location Value: westus2
[2024-10-27 03:01:07.000]  [GetValueFromJsonOrDefault] ErrorCode:0 INFO: Read Imds response field with Name:name Value: amawin
[2024-10-27 03:01:07.000]  [GetValueFromJsonOrDefault] ErrorCode:0 INFO: Read Imds response field with Name:subscriptionId Value: 351651ce-5feb-4e59-975d-f1f344e2b717
[2024-10-27 03:01:07.000]  [GetValueFromJsonOrDefault] ErrorCode:0 INFO: Read Imds response field with Name:vmId Value: 22afd636-aec1-4782-9055-f85ea283dc20
[2024-10-27 03:01:07.000]  [GetValueFromJsonOrDefault] ErrorCode:0 INFO: Read Imds response field with Name:vmScaleSetName Value: 
[2024-10-27 03:01:07.000]  [GetValueFromJsonOrDefault] ErrorCode:0 INFO: Read Imds response field with Name:resourceGroupName Value: AMAWin_group
[2024-10-27 03:01:07.000]  [GetValueFromJsonOrDefault] ErrorCode:0 INFO: Read Imds response field with Name:osType Value: Windows
[2024-10-27 03:01:07.000]  [GetValueFromJsonOrDefault] ErrorCode:0 INFO: Read Imds response field with Name:resourceId Value: /subscriptions/351651ce-5feb-4e59-975d-f1f344e2b717/resourceGroups/AMAWin_group/providers/Microsoft.Compute/virtualMachines/amawin
[2024-10-27 03:01:07.000]  [GetValueFromJsonOrDefault] ErrorCode:0 INFO: Read Imds response field with Name:azEnvironment Value: AzurePublicCloud
[2024-10-27 03:01:07.000]  [SetImdsEnvironmentVariable] ErrorCode:0 INFO: Successfully set Environment variables from Imds
[2024-10-27 03:01:07.000]  [AggregateHeartbeat] ErrorCode:0 INFO: Completed heartbeat aggregation.
[2024-10-27 03:01:29.000]  [WriteStatusToFile] ErrorCode:0 INFO: Sending the status.
[2024-10-27 03:01:29.000]  [WriteStatusToFile] ErrorCode:0 INFO: Done Sending the status.
[2024-10-27 03:01:29.000]  [WriteHeartbeatToFile] ErrorCode:0 INFO: Sending the heartbeat.
[2024-10-27 03:01:29.000]  [WriteHeartbeatToFile] ErrorCode:0 INFO: Done Sending the heartbeat.
[2024-10-27 03:01:59.000]  [WriteStatusToFile] ErrorCode:0 INFO: Sending the status.
[2024-10-27 03:01:59.000]  [WriteStatusToFile] ErrorCode:0 INFO: Done Sending the status.
[2024-10-27 03:01:59.000]  [WriteHeartbeatToFile] ErrorCode:0 INFO: Sending the heartbeat.
[2024-10-27 03:01:59.000]  [WriteHeartbeatToFile] ErrorCode:0 INFO: Done Sending the heartbeat.
[2024-10-27 03:02:29.000]  [WriteStatusToFile] ErrorCode:0 INFO: Sending the status.
[2024-10-27 03:02:29.000]  [WriteStatusToFile] ErrorCode:0 INFO: Done Sending the status.
[2024-10-27 03:02:29.000]  [WriteHeartbeatToFile] ErrorCode:0 INFO: Sending the heartbeat.
[2024-10-27 03:02:29.000]  [WriteHeartbeatToFile] ErrorCode:0 INFO: Done Sending the heartbeat.
[2024-10-27 03:02:59.000]  [WriteStatusToFile] ErrorCode:0 INFO: Sending the status.
[2024-10-27 03:02:59.000]  [WriteStatusToFile] ErrorCode:0 INFO: Done Sending the status.
[2024-10-27 03:02:59.000]  [WriteHeartbeatToFile] ErrorCode:0 INFO: Sending the heartbeat.
[2024-10-27 03:02:59.000]  [WriteHeartbeatToFile] ErrorCode:0 INFO: Done Sending the heartbeat.
[2024-10-27 03:03:29.000]  [WriteStatusToFile] ErrorCode:0 INFO: Sending the status.
[2024-10-27 03:03:29.000]  [WriteStatusToFile] ErrorCode:0 INFO: Done Sending the status.
[2024-10-27 03:03:29.000]  [WriteHeartbeatToFile] ErrorCode:0 INFO: Sending the heartbeat.
[2024-10-27 03:03:29.000]  [WriteHeartbeatToFile] ErrorCode:0 INFO: Done Sending the heartbeat.
[2024-10-27 03:03:59.000]  [WriteStatusToFile] ErrorCode:0 INFO: Sending the status.
[2024-10-27 03:03:59.000]  [WriteStatusToFile] ErrorCode:0 INFO: Done Sending the status.
[2024-10-27 03:03:59.000]  [WriteHeartbeatToFile] ErrorCode:0 INFO: Sending the heartbeat.
[2024-10-27 03:03:59.000]  [WriteHeartbeatToFile] ErrorCode:0 INFO: Done Sending the heartbeat.
[2024-10-27 03:04:29.000]  [WriteStatusToFile] ErrorCode:0 INFO: Sending the status.
[2024-10-27 03:04:29.000]  [WriteStatusToFile] ErrorCode:0 INFO: Done Sending the status.
[2024-10-27 03:04:29.000]  [WriteHeartbeatToFile] ErrorCode:0 INFO: Sending the heartbeat.
[2024-10-27 03:04:29.000]  [WriteHeartbeatToFile] ErrorCode:0 INFO: Done Sending the heartbeat.
[2024-10-27 03:04:59.000]  [WriteStatusToFile] ErrorCode:0 INFO: Sending the status.
[2024-10-27 03:04:59.000]  [WriteHeartbeatToFile] ErrorCode:0 INFO: Sending the heartbeat.
[2024-10-27 03:04:59.000]  [WriteStatusToFile] ErrorCode:0 INFO: Done Sending the status.
[2024-10-27 03:04:59.000]  [WriteHeartbeatToFile] ErrorCode:0 INFO: Done Sending the heartbeat.
[2024-10-27 03:05:29.000]  [WriteStatusToFile] ErrorCode:0 INFO: Sending the status.
[2024-10-27 03:05:29.000]  [WriteHeartbeatToFile] ErrorCode:0 INFO: Sending the heartbeat.
[2024-10-27 03:05:29.000]  [WriteStatusToFile] ErrorCode:0 INFO: Done Sending the status.
[2024-10-27 03:05:29.000]  [WriteHeartbeatToFile] ErrorCode:0 INFO: Done Sending the heartbeat.
[2024-10-27 03:05:59.000]  [WriteStatusToFile] ErrorCode:0 INFO: Sending the status.
[2024-10-27 03:05:59.000]  [WriteHeartbeatToFile] ErrorCode:0 INFO: Sending the heartbeat.
[2024-10-27 03:05:59.000]  [WriteStatusToFile] ErrorCode:0 INFO: Done Sending the status.
[2024-10-27 03:05:59.000]  [WriteHeartbeatToFile] ErrorCode:0 INFO: Done Sending the heartbeat.
[2024-10-27 03:06:07.000]  [AggregateHeartbeat] ErrorCode:0 INFO: Start heartbeat aggregation.
[2024-10-27 03:06:07.000]  [QueryRegValueDWORD] ErrorCode:0 INFO: Query Registry for Key:SOFTWARE\Microsoft\Windows Azure\CurrentVersion\AzureMonitorAgentExtension\46.19.3.0, Name:MaServiceProcess
[2024-10-27 03:06:07.000]  [QueryRegValueDWORD] ErrorCode:0 INFO: Query Registry for Key:SOFTWARE\Microsoft\Windows Azure\CurrentVersion\AzureMonitorAgentExtension\46.19.3.0, Name:MaServiceProcess, Value:6028
[2024-10-27 03:06:07.000]  [FindProcessById] ErrorCode:0 INFO: Attempt to find the process MonAgentLauncher.exe with ID: 6028.
[2024-10-27 03:06:07.000]  [FindProcessById] ErrorCode:0 INFO: Running Process MonAgentLauncher.exe found. ID: 6028.
[2024-10-27 03:06:07.000]  [CheckIfMAServiceIsRunByExtension] ErrorCode:0 INFO: The MA process is running based on the m_registry
[2024-10-27 03:06:07.000]  [QueryRegValueDWORD] ErrorCode:0 INFO: Query Registry for Key:SOFTWARE\Microsoft\Windows Azure\CurrentVersion\AzureMonitorAgentExtension\46.19.3.0, Name:AMAMultitenantServiceProcess
[2024-10-27 03:06:07.000]  [QueryRegValueDWORD] ErrorCode:0 ERROR: RegQueryValueExA: failed to query REG_DWORD value, Key:SOFTWARE\Microsoft\Windows Azure\CurrentVersion\AzureMonitorAgentExtension\46.19.3.0, name=AMAMultitenantServiceProcess, error=2, type=0
[2024-10-27 03:06:07.000]  [CheckIfMAServiceIsRunByExtension] ErrorCode:1205 INFO: Unable to read the m_registry for MA process. Assume it is not running.
[2024-10-27 03:06:07.000]  [AggregateHeartbeat] ErrorCode:0 INFO: Configured MA Service is not running on the node.
[2024-10-27 03:06:07.000]  [SetImdsEnvironmentVariable] ErrorCode:0 INFO: Querying IMDS information
[2024-10-27 03:06:07.000]  [SetImdsEnvironmentVariable] ErrorCode:-1 INFO: Preparing to call IMDS
[2024-10-27 03:06:07.000]  [QueryIMDSEndpoint] ErrorCode:0 INFO: Queried IMDS successfully.
[2024-10-27 03:06:07.000]  [GetValueFromJsonOrDefault] ErrorCode:0 INFO: Read Imds response field with Name:location Value: westus2
[2024-10-27 03:06:07.000]  [GetValueFromJsonOrDefault] ErrorCode:0 INFO: Read Imds response field with Name:name Value: amawin
[2024-10-27 03:06:07.000]  [GetValueFromJsonOrDefault] ErrorCode:0 INFO: Read Imds response field with Name:subscriptionId Value: 351651ce-5feb-4e59-975d-f1f344e2b717
[2024-10-27 03:06:07.000]  [GetValueFromJsonOrDefault] ErrorCode:0 INFO: Read Imds response field with Name:vmId Value: 22afd636-aec1-4782-9055-f85ea283dc20
[2024-10-27 03:06:07.000]  [GetValueFromJsonOrDefault] ErrorCode:0 INFO: Read Imds response field with Name:vmScaleSetName Value: 
[2024-10-27 03:06:07.000]  [GetValueFromJsonOrDefault] ErrorCode:0 INFO: Read Imds response field with Name:resourceGroupName Value: AMAWin_group
[2024-10-27 03:06:07.000]  [GetValueFromJsonOrDefault] ErrorCode:0 INFO: Read Imds response field with Name:osType Value: Windows
[2024-10-27 03:06:07.000]  [GetValueFromJsonOrDefault] ErrorCode:0 INFO: Read Imds response field with Name:resourceId Value: /subscriptions/351651ce-5feb-4e59-975d-f1f344e2b717/resourceGroups/AMAWin_group/providers/Microsoft.Compute/virtualMachines/amawin
[2024-10-27 03:06:07.000]  [GetValueFromJsonOrDefault] ErrorCode:0 INFO: Read Imds response field with Name:azEnvironment Value: AzurePublicCloud
[2024-10-27 03:06:07.000]  [SetImdsEnvironmentVariable] ErrorCode:0 INFO: Successfully set Environment variables from Imds
[2024-10-27 03:06:07.000]  [AggregateHeartbeat] ErrorCode:0 INFO: Completed heartbeat aggregation.
[2024-10-27 03:06:29.000]  [WriteStatusToFile] ErrorCode:0 INFO: Sending the status.
[2024-10-27 03:06:29.000]  [WriteHeartbeatToFile] ErrorCode:0 INFO: Sending the heartbeat.
[2024-10-27 03:06:29.000]  [WriteStatusToFile] ErrorCode:0 INFO: Done Sending the status.
[2024-10-27 03:06:29.000]  [WriteHeartbeatToFile] ErrorCode:0 INFO: Done Sending the heartbeat.
[2024-10-27 03:06:59.000]  [WriteStatusToFile] ErrorCode:0 INFO: Sending the status.
[2024-10-27 03:06:59.000]  [WriteHeartbeatToFile] ErrorCode:0 INFO: Sending the heartbeat.
[2024-10-27 03:06:59.000]  [WriteStatusToFile] ErrorCode:0 INFO: Done Sending the status.
[2024-10-27 03:06:59.000]  [WriteHeartbeatToFile] ErrorCode:0 INFO: Done Sending the heartbeat.
[2024-10-27 03:07:29.000]  [WriteHeartbeatToFile] ErrorCode:0 INFO: Sending the heartbeat.
[2024-10-27 03:07:29.000]  [WriteStatusToFile] ErrorCode:0 INFO: Sending the status.
[2024-10-27 03:07:29.000]  [WriteStatusToFile] ErrorCode:0 INFO: Done Sending the status.
[2024-10-27 03:07:29.000]  [WriteHeartbeatToFile] ErrorCode:0 INFO: Done Sending the heartbeat.
[2024-10-27 03:07:59.000]  [WriteHeartbeatToFile] ErrorCode:0 INFO: Sending the heartbeat.
[2024-10-27 03:07:59.000]  [WriteStatusToFile] ErrorCode:0 INFO: Sending the status.
[2024-10-27 03:07:59.000]  [WriteStatusToFile] ErrorCode:0 INFO: Done Sending the status.
[2024-10-27 03:07:59.000]  [WriteHeartbeatToFile] ErrorCode:0 INFO: Done Sending the heartbeat.
[2024-10-27 03:08:29.000]  [WriteHeartbeatToFile] ErrorCode:0 INFO: Sending the heartbeat.
[2024-10-27 03:08:29.000]  [WriteStatusToFile] ErrorCode:0 INFO: Sending the status.
[2024-10-27 03:08:29.000]  [WriteHeartbeatToFile] ErrorCode:0 INFO: Done Sending the heartbeat.
[2024-10-27 03:08:29.000]  [WriteStatusToFile] ErrorCode:0 INFO: Done Sending the status.
[2024-10-27 03:08:59.000]  [WriteStatusToFile] ErrorCode:0 INFO: Sending the status.
[2024-10-27 03:08:59.000]  [WriteHeartbeatToFile] ErrorCode:0 INFO: Sending the heartbeat.
[2024-10-27 03:08:59.000]  [WriteStatusToFile] ErrorCode:0 INFO: Done Sending the status.
[2024-10-27 03:08:59.000]  [WriteHeartbeatToFile] ErrorCode:0 INFO: Done Sending the heartbeat.
[2024-10-27 03:09:29.000]  [WriteHeartbeatToFile] ErrorCode:0 INFO: Sending the heartbeat.
[2024-10-27 03:09:29.000]  [WriteStatusToFile] ErrorCode:0 INFO: Sending the status.
[2024-10-27 03:09:29.000]  [WriteStatusToFile] ErrorCode:0 INFO: Done Sending the status.
[2024-10-27 03:09:29.000]  [WriteHeartbeatToFile] ErrorCode:0 INFO: Done Sending the heartbeat.
[2024-10-27 03:09:59.000]  [WriteStatusToFile] ErrorCode:0 INFO: Sending the status.
[2024-10-27 03:09:59.000]  [WriteHeartbeatToFile] ErrorCode:0 INFO: Sending the heartbeat.
[2024-10-27 03:09:59.000]  [WriteHeartbeatToFile] ErrorCode:0 INFO: Done Sending the heartbeat.
[2024-10-27 03:09:59.000]  [WriteStatusToFile] ErrorCode:0 INFO: Done Sending the status.
[2024-10-27 03:10:29.000]  [WriteHeartbeatToFile] ErrorCode:0 INFO: Sending the heartbeat.
[2024-10-27 03:10:29.000]  [WriteStatusToFile] ErrorCode:0 INFO: Sending the status.
[2024-10-27 03:10:29.000]  [WriteStatusToFile] ErrorCode:0 INFO: Done Sending the status.
[2024-10-27 03:10:29.000]  [WriteHeartbeatToFile] ErrorCode:0 INFO: Done Sending the heartbeat.
[2024-10-27 03:10:59.000]  [WriteStatusToFile] ErrorCode:0 INFO: Sending the status.
[2024-10-27 03:10:59.000]  [WriteHeartbeatToFile] ErrorCode:0 INFO: Sending the heartbeat.
[2024-10-27 03:10:59.000]  [WriteStatusToFile] ErrorCode:0 INFO: Done Sending the status.
[2024-10-27 03:10:59.000]  [WriteHeartbeatToFile] ErrorCode:0 INFO: Done Sending the heartbeat.
[2024-10-27 03:11:07.000]  [AggregateHeartbeat] ErrorCode:0 INFO: Start heartbeat aggregation.
[2024-10-27 03:11:07.000]  [QueryRegValueDWORD] ErrorCode:0 INFO: Query Registry for Key:SOFTWARE\Microsoft\Windows Azure\CurrentVersion\AzureMonitorAgentExtension\46.19.3.0, Name:MaServiceProcess
[2024-10-27 03:11:07.000]  [QueryRegValueDWORD] ErrorCode:0 INFO: Query Registry for Key:SOFTWARE\Microsoft\Windows Azure\CurrentVersion\AzureMonitorAgentExtension\46.19.3.0, Name:MaServiceProcess, Value:6028
[2024-10-27 03:11:07.000]  [FindProcessById] ErrorCode:0 INFO: Attempt to find the process MonAgentLauncher.exe with ID: 6028.
[2024-10-27 03:11:07.000]  [FindProcessById] ErrorCode:0 INFO: Running Process MonAgentLauncher.exe found. ID: 6028.
[2024-10-27 03:11:07.000]  [CheckIfMAServiceIsRunByExtension] ErrorCode:0 INFO: The MA process is running based on the m_registry
[2024-10-27 03:11:07.000]  [QueryRegValueDWORD] ErrorCode:0 INFO: Query Registry for Key:SOFTWARE\Microsoft\Windows Azure\CurrentVersion\AzureMonitorAgentExtension\46.19.3.0, Name:AMAMultitenantServiceProcess
[2024-10-27 03:11:07.000]  [QueryRegValueDWORD] ErrorCode:0 ERROR: RegQueryValueExA: failed to query REG_DWORD value, Key:SOFTWARE\Microsoft\Windows Azure\CurrentVersion\AzureMonitorAgentExtension\46.19.3.0, name=AMAMultitenantServiceProcess, error=2, type=0
[2024-10-27 03:11:07.000]  [CheckIfMAServiceIsRunByExtension] ErrorCode:1205 INFO: Unable to read the m_registry for MA process. Assume it is not running.
[2024-10-27 03:11:07.000]  [AggregateHeartbeat] ErrorCode:0 INFO: Configured MA Service is not running on the node.
[2024-10-27 03:11:07.000]  [SetImdsEnvironmentVariable] ErrorCode:0 INFO: Querying IMDS information
[2024-10-27 03:11:07.000]  [SetImdsEnvironmentVariable] ErrorCode:-1 INFO: Preparing to call IMDS
[2024-10-27 03:11:07.000]  [QueryIMDSEndpoint] ErrorCode:0 INFO: Queried IMDS successfully.
[2024-10-27 03:11:07.000]  [GetValueFromJsonOrDefault] ErrorCode:0 INFO: Read Imds response field with Name:location Value: westus2
[2024-10-27 03:11:07.000]  [GetValueFromJsonOrDefault] ErrorCode:0 INFO: Read Imds response field with Name:name Value: amawin
[2024-10-27 03:11:07.000]  [GetValueFromJsonOrDefault] ErrorCode:0 INFO: Read Imds response field with Name:subscriptionId Value: 351651ce-5feb-4e59-975d-f1f344e2b717
[2024-10-27 03:11:07.000]  [GetValueFromJsonOrDefault] ErrorCode:0 INFO: Read Imds response field with Name:vmId Value: 22afd636-aec1-4782-9055-f85ea283dc20
[2024-10-27 03:11:07.000]  [GetValueFromJsonOrDefault] ErrorCode:0 INFO: Read Imds response field with Name:vmScaleSetName Value: 
[2024-10-27 03:11:07.000]  [GetValueFromJsonOrDefault] ErrorCode:0 INFO: Read Imds response field with Name:resourceGroupName Value: AMAWin_group
[2024-10-27 03:11:07.000]  [GetValueFromJsonOrDefault] ErrorCode:0 INFO: Read Imds response field with Name:osType Value: Windows
[2024-10-27 03:11:07.000]  [GetValueFromJsonOrDefault] ErrorCode:0 INFO: Read Imds response field with Name:resourceId Value: /subscriptions/351651ce-5feb-4e59-975d-f1f344e2b717/resourceGroups/AMAWin_group/providers/Microsoft.Compute/virtualMachines/amawin
[2024-10-27 03:11:07.000]  [GetValueFromJsonOrDefault] ErrorCode:0 INFO: Read Imds response field with Name:azEnvironment Value: AzurePublicCloud
[2024-10-27 03:11:07.000]  [SetImdsEnvironmentVariable] ErrorCode:0 INFO: Successfully set Environment variables from Imds
[2024-10-27 03:11:07.000]  [AggregateHeartbeat] ErrorCode:0 INFO: Completed heartbeat aggregation.
[2024-10-27 03:11:29.000]  [WriteHeartbeatToFile] ErrorCode:0 INFO: Sending the heartbeat.
[2024-10-27 03:11:29.000]  [WriteStatusToFile] ErrorCode:0 INFO: Sending the status.
[2024-10-27 03:11:29.000]  [WriteStatusToFile] ErrorCode:0 INFO: Done Sending the status.
[2024-10-27 03:11:29.000]  [WriteHeartbeatToFile] ErrorCode:0 INFO: Done Sending the heartbeat.
[2024-10-27 03:11:59.000]  [WriteStatusToFile] ErrorCode:0 INFO: Sending the status.
[2024-10-27 03:11:59.000]  [WriteHeartbeatToFile] ErrorCode:0 INFO: Sending the heartbeat.
[2024-10-27 03:11:59.000]  [WriteStatusToFile] ErrorCode:0 INFO: Done Sending the status.
[2024-10-27 03:11:59.000]  [WriteHeartbeatToFile] ErrorCode:0 INFO: Done Sending the heartbeat.
[2024-10-27 03:12:29.000]  [WriteStatusToFile] ErrorCode:0 INFO: Sending the status.
[2024-10-27 03:12:29.000]  [WriteHeartbeatToFile] ErrorCode:0 INFO: Sending the heartbeat.
[2024-10-27 03:12:29.000]  [WriteStatusToFile] ErrorCode:0 INFO: Done Sending the status.
[2024-10-27 03:12:29.000]  [WriteHeartbeatToFile] ErrorCode:0 INFO: Done Sending the heartbeat.
[2024-10-27 03:12:59.000]  [WriteHeartbeatToFile] ErrorCode:0 INFO: Sending the heartbeat.
[2024-10-27 03:12:59.000]  [WriteStatusToFile] ErrorCode:0 INFO: Sending the status.
[2024-10-27 03:12:59.000]  [WriteHeartbeatToFile] ErrorCode:0 INFO: Done Sending the heartbeat.
[2024-10-27 03:12:59.000]  [WriteStatusToFile] ErrorCode:0 INFO: Done Sending the status.
[2024-10-27 03:13:29.000]  [WriteHeartbeatToFile] ErrorCode:0 INFO: Sending the heartbeat.
[2024-10-27 03:13:29.000]  [WriteStatusToFile] ErrorCode:0 INFO: Sending the status.
[2024-10-27 03:13:29.000]  [WriteHeartbeatToFile] ErrorCode:0 INFO: Done Sending the heartbeat.
[2024-10-27 03:13:29.000]  [WriteStatusToFile] ErrorCode:0 INFO: Done Sending the status.
[2024-10-27 03:13:59.000]  [WriteStatusToFile] ErrorCode:0 INFO: Sending the status.
[2024-10-27 03:13:59.000]  [WriteHeartbeatToFile] ErrorCode:0 INFO: Sending the heartbeat.
[2024-10-27 03:13:59.000]  [WriteStatusToFile] ErrorCode:0 INFO: Done Sending the status.
[2024-10-27 03:13:59.000]  [WriteHeartbeatToFile] ErrorCode:0 INFO: Done Sending the heartbeat.
[2024-10-27 03:14:29.000]  [WriteStatusToFile] ErrorCode:0 INFO: Sending the status.
[2024-10-27 03:14:29.000]  [WriteHeartbeatToFile] ErrorCode:0 INFO: Sending the heartbeat.
[2024-10-27 03:14:29.000]  [WriteHeartbeatToFile] ErrorCode:0 INFO: Done Sending the heartbeat.
[2024-10-27 03:14:29.000]  [WriteStatusToFile] ErrorCode:0 INFO: Done Sending the status.
[2024-10-27 03:14:59.000]  [WriteStatusToFile] ErrorCode:0 INFO: Sending the status.
[2024-10-27 03:14:59.000]  [WriteHeartbeatToFile] ErrorCode:0 INFO: Sending the heartbeat.
[2024-10-27 03:14:59.000]  [WriteStatusToFile] ErrorCode:0 INFO: Done Sending the status.
[2024-10-27 03:14:59.000]  [WriteHeartbeatToFile] ErrorCode:0 INFO: Done Sending the heartbeat.
[2024-10-27 03:15:29.000]  [WriteStatusToFile] ErrorCode:0 INFO: Sending the status.
[2024-10-27 03:15:29.000]  [WriteHeartbeatToFile] ErrorCode:0 INFO: Sending the heartbeat.
[2024-10-27 03:15:29.000]  [WriteStatusToFile] ErrorCode:0 INFO: Done Sending the status.
[2024-10-27 03:15:29.000]  [WriteHeartbeatToFile] ErrorCode:0 INFO: Done Sending the heartbeat.
[2024-10-27 03:15:59.000]  [WriteHeartbeatToFile] ErrorCode:0 INFO: Sending the heartbeat.
[2024-10-27 03:15:59.000]  [WriteStatusToFile] ErrorCode:0 INFO: Sending the status.
[2024-10-27 03:15:59.000]  [WriteStatusToFile] ErrorCode:0 INFO: Done Sending the status.
[2024-10-27 03:15:59.000]  [WriteHeartbeatToFile] ErrorCode:0 INFO: Done Sending the heartbeat.
[2024-10-27 03:16:07.000]  [AggregateHeartbeat] ErrorCode:0 INFO: Start heartbeat aggregation.
[2024-10-27 03:16:07.000]  [QueryRegValueDWORD] ErrorCode:0 INFO: Query Registry for Key:SOFTWARE\Microsoft\Windows Azure\CurrentVersion\AzureMonitorAgentExtension\46.19.3.0, Name:MaServiceProcess
[2024-10-27 03:16:07.000]  [QueryRegValueDWORD] ErrorCode:0 INFO: Query Registry for Key:SOFTWARE\Microsoft\Windows Azure\CurrentVersion\AzureMonitorAgentExtension\46.19.3.0, Name:MaServiceProcess, Value:6028
[2024-10-27 03:16:07.000]  [FindProcessById] ErrorCode:0 INFO: Attempt to find the process MonAgentLauncher.exe with ID: 6028.
[2024-10-27 03:16:07.000]  [FindProcessById] ErrorCode:0 INFO: Running Process MonAgentLauncher.exe found. ID: 6028.
[2024-10-27 03:16:07.000]  [CheckIfMAServiceIsRunByExtension] ErrorCode:0 INFO: The MA process is running based on the m_registry
[2024-10-27 03:16:07.000]  [QueryRegValueDWORD] ErrorCode:0 INFO: Query Registry for Key:SOFTWARE\Microsoft\Windows Azure\CurrentVersion\AzureMonitorAgentExtension\46.19.3.0, Name:AMAMultitenantServiceProcess
[2024-10-27 03:16:07.000]  [QueryRegValueDWORD] ErrorCode:0 ERROR: RegQueryValueExA: failed to query REG_DWORD value, Key:SOFTWARE\Microsoft\Windows Azure\CurrentVersion\AzureMonitorAgentExtension\46.19.3.0, name=AMAMultitenantServiceProcess, error=2, type=0
[2024-10-27 03:16:07.000]  [CheckIfMAServiceIsRunByExtension] ErrorCode:1205 INFO: Unable to read the m_registry for MA process. Assume it is not running.
[2024-10-27 03:16:07.000]  [AggregateHeartbeat] ErrorCode:0 INFO: Configured MA Service is not running on the node.
[2024-10-27 03:16:07.000]  [SetImdsEnvironmentVariable] ErrorCode:0 INFO: Querying IMDS information
[2024-10-27 03:16:07.000]  [SetImdsEnvironmentVariable] ErrorCode:-1 INFO: Preparing to call IMDS
[2024-10-27 03:16:07.000]  [QueryIMDSEndpoint] ErrorCode:0 INFO: Queried IMDS successfully.
[2024-10-27 03:16:07.000]  [GetValueFromJsonOrDefault] ErrorCode:0 INFO: Read Imds response field with Name:location Value: westus2
[2024-10-27 03:16:07.000]  [GetValueFromJsonOrDefault] ErrorCode:0 INFO: Read Imds response field with Name:name Value: amawin
[2024-10-27 03:16:07.000]  [GetValueFromJsonOrDefault] ErrorCode:0 INFO: Read Imds response field with Name:subscriptionId Value: 351651ce-5feb-4e59-975d-f1f344e2b717
[2024-10-27 03:16:07.000]  [GetValueFromJsonOrDefault] ErrorCode:0 INFO: Read Imds response field with Name:vmId Value: 22afd636-aec1-4782-9055-f85ea283dc20
[2024-10-27 03:16:07.000]  [GetValueFromJsonOrDefault] ErrorCode:0 INFO: Read Imds response field with Name:vmScaleSetName Value: 
[2024-10-27 03:16:07.000]  [GetValueFromJsonOrDefault] ErrorCode:0 INFO: Read Imds response field with Name:resourceGroupName Value: AMAWin_group
[2024-10-27 03:16:07.000]  [GetValueFromJsonOrDefault] ErrorCode:0 INFO: Read Imds response field with Name:osType Value: Windows
[2024-10-27 03:16:07.000]  [GetValueFromJsonOrDefault] ErrorCode:0 INFO: Read Imds response field with Name:resourceId Value: /subscriptions/351651ce-5feb-4e59-975d-f1f344e2b717/resourceGroups/AMAWin_group/providers/Microsoft.Compute/virtualMachines/amawin
[2024-10-27 03:16:07.000]  [GetValueFromJsonOrDefault] ErrorCode:0 INFO: Read Imds response field with Name:azEnvironment Value: AzurePublicCloud
[2024-10-27 03:16:07.000]  [SetImdsEnvironmentVariable] ErrorCode:0 INFO: Successfully set Environment variables from Imds
[2024-10-27 03:16:07.000]  [AggregateHeartbeat] ErrorCode:0 INFO: Completed heartbeat aggregation.
[2024-10-27 03:16:29.000]  [WriteStatusToFile] ErrorCode:0 INFO: Sending the status.
[2024-10-27 03:16:29.000]  [WriteHeartbeatToFile] ErrorCode:0 INFO: Sending the heartbeat.
[2024-10-27 03:16:29.000]  [WriteStatusToFile] ErrorCode:0 INFO: Done Sending the status.
[2024-10-27 03:16:29.000]  [WriteHeartbeatToFile] ErrorCode:0 INFO: Done Sending the heartbeat.
[2024-10-27 03:16:59.000]  [WriteHeartbeatToFile] ErrorCode:0 INFO: Sending the heartbeat.
[2024-10-27 03:16:59.000]  [WriteStatusToFile] ErrorCode:0 INFO: Sending the status.
[2024-10-27 03:16:59.000]  [WriteStatusToFile] ErrorCode:0 INFO: Done Sending the status.
[2024-10-27 03:16:59.000]  [WriteHeartbeatToFile] ErrorCode:0 INFO: Done Sending the heartbeat.
[2024-10-27 03:17:29.000]  [WriteHeartbeatToFile] ErrorCode:0 INFO: Sending the heartbeat.
[2024-10-27 03:17:29.000]  [WriteStatusToFile] ErrorCode:0 INFO: Sending the status.
[2024-10-27 03:17:29.000]  [WriteStatusToFile] ErrorCode:0 INFO: Done Sending the status.
[2024-10-27 03:17:29.000]  [WriteHeartbeatToFile] ErrorCode:0 INFO: Done Sending the heartbeat.
[2024-10-27 03:17:59.000]  [WriteStatusToFile] ErrorCode:0 INFO: Sending the status.
[2024-10-27 03:17:59.000]  [WriteHeartbeatToFile] ErrorCode:0 INFO: Sending the heartbeat.
[2024-10-27 03:17:59.000]  [WriteStatusToFile] ErrorCode:0 INFO: Done Sending the status.
[2024-10-27 03:17:59.000]  [WriteHeartbeatToFile] ErrorCode:0 INFO: Done Sending the heartbeat.
[2024-10-27 03:18:29.000]  [WriteStatusToFile] ErrorCode:0 INFO: Sending the status.
[2024-10-27 03:18:29.000]  [WriteHeartbeatToFile] ErrorCode:0 INFO: Sending the heartbeat.
[2024-10-27 03:18:29.000]  [WriteHeartbeatToFile] ErrorCode:0 INFO: Done Sending the heartbeat.
[2024-10-27 03:18:29.000]  [WriteStatusToFile] ErrorCode:0 INFO: Done Sending the status.
[2024-10-27 03:18:59.000]  [WriteStatusToFile] ErrorCode:0 INFO: Sending the status.
[2024-10-27 03:18:59.000]  [WriteHeartbeatToFile] ErrorCode:0 INFO: Sending the heartbeat.
[2024-10-27 03:18:59.000]  [WriteHeartbeatToFile] ErrorCode:0 INFO: Done Sending the heartbeat.
[2024-10-27 03:18:59.000]  [WriteStatusToFile] ErrorCode:0 INFO: Done Sending the status.
[2024-10-27 03:19:29.000]  [WriteStatusToFile] ErrorCode:0 INFO: Sending the status.
[2024-10-27 03:19:29.000]  [WriteHeartbeatToFile] ErrorCode:0 INFO: Sending the heartbeat.
[2024-10-27 03:19:29.000]  [WriteHeartbeatToFile] ErrorCode:0 INFO: Done Sending the heartbeat.
[2024-10-27 03:19:29.000]  [WriteStatusToFile] ErrorCode:0 INFO: Done Sending the status.
[2024-10-27 03:19:59.000]  [WriteStatusToFile] ErrorCode:0 INFO: Sending the status.
[2024-10-27 03:19:59.000]  [WriteHeartbeatToFile] ErrorCode:0 INFO: Sending the heartbeat.
[2024-10-27 03:19:59.000]  [WriteStatusToFile] ErrorCode:0 INFO: Done Sending the status.
[2024-10-27 03:19:59.000]  [WriteHeartbeatToFile] ErrorCode:0 INFO: Done Sending the heartbeat.
[2024-10-27 03:20:29.000]  [WriteStatusToFile] ErrorCode:0 INFO: Sending the status.
[2024-10-27 03:20:29.000]  [WriteHeartbeatToFile] ErrorCode:0 INFO: Sending the heartbeat.
[2024-10-27 03:20:29.000]  [WriteHeartbeatToFile] ErrorCode:0 INFO: Done Sending the heartbeat.
[2024-10-27 03:20:29.000]  [WriteStatusToFile] ErrorCode:0 INFO: Done Sending the status.
[2024-10-27 03:20:59.000]  [WriteStatusToFile] ErrorCode:0 INFO: Sending the status.
[2024-10-27 03:20:59.000]  [WriteHeartbeatToFile] ErrorCode:0 INFO: Sending the heartbeat.
[2024-10-27 03:20:59.000]  [WriteStatusToFile] ErrorCode:0 INFO: Done Sending the status.
[2024-10-27 03:20:59.000]  [WriteHeartbeatToFile] ErrorCode:0 INFO: Done Sending the heartbeat.
[2024-10-27 03:21:07.000]  [AggregateHeartbeat] ErrorCode:0 INFO: Start heartbeat aggregation.
[2024-10-27 03:21:07.000]  [QueryRegValueDWORD] ErrorCode:0 INFO: Query Registry for Key:SOFTWARE\Microsoft\Windows Azure\CurrentVersion\AzureMonitorAgentExtension\46.19.3.0, Name:MaServiceProcess
[2024-10-27 03:21:07.000]  [QueryRegValueDWORD] ErrorCode:0 INFO: Query Registry for Key:SOFTWARE\Microsoft\Windows Azure\CurrentVersion\AzureMonitorAgentExtension\46.19.3.0, Name:MaServiceProcess, Value:6028
[2024-10-27 03:21:07.000]  [FindProcessById] ErrorCode:0 INFO: Attempt to find the process MonAgentLauncher.exe with ID: 6028.
[2024-10-27 03:21:07.000]  [FindProcessById] ErrorCode:0 INFO: Running Process MonAgentLauncher.exe found. ID: 6028.
[2024-10-27 03:21:07.000]  [CheckIfMAServiceIsRunByExtension] ErrorCode:0 INFO: The MA process is running based on the m_registry
[2024-10-27 03:21:07.000]  [QueryRegValueDWORD] ErrorCode:0 INFO: Query Registry for Key:SOFTWARE\Microsoft\Windows Azure\CurrentVersion\AzureMonitorAgentExtension\46.19.3.0, Name:AMAMultitenantServiceProcess
[2024-10-27 03:21:07.000]  [QueryRegValueDWORD] ErrorCode:0 ERROR: RegQueryValueExA: failed to query REG_DWORD value, Key:SOFTWARE\Microsoft\Windows Azure\CurrentVersion\AzureMonitorAgentExtension\46.19.3.0, name=AMAMultitenantServiceProcess, error=2, type=0
[2024-10-27 03:21:07.000]  [CheckIfMAServiceIsRunByExtension] ErrorCode:1205 INFO: Unable to read the m_registry for MA process. Assume it is not running.
[2024-10-27 03:21:07.000]  [AggregateHeartbeat] ErrorCode:0 INFO: Configured MA Service is not running on the node.
[2024-10-27 03:21:07.000]  [SetImdsEnvironmentVariable] ErrorCode:0 INFO: Querying IMDS information
[2024-10-27 03:21:07.000]  [SetImdsEnvironmentVariable] ErrorCode:-1 INFO: Preparing to call IMDS
[2024-10-27 03:21:07.000]  [QueryIMDSEndpoint] ErrorCode:0 INFO: Queried IMDS successfully.
[2024-10-27 03:21:07.000]  [GetValueFromJsonOrDefault] ErrorCode:0 INFO: Read Imds response field with Name:location Value: westus2
[2024-10-27 03:21:07.000]  [GetValueFromJsonOrDefault] ErrorCode:0 INFO: Read Imds response field with Name:name Value: amawin
[2024-10-27 03:21:07.000]  [GetValueFromJsonOrDefault] ErrorCode:0 INFO: Read Imds response field with Name:subscriptionId Value: 351651ce-5feb-4e59-975d-f1f344e2b717
[2024-10-27 03:21:07.000]  [GetValueFromJsonOrDefault] ErrorCode:0 INFO: Read Imds response field with Name:vmId Value: 22afd636-aec1-4782-9055-f85ea283dc20
[2024-10-27 03:21:07.000]  [GetValueFromJsonOrDefault] ErrorCode:0 INFO: Read Imds response field with Name:vmScaleSetName Value: 
[2024-10-27 03:21:07.000]  [GetValueFromJsonOrDefault] ErrorCode:0 INFO: Read Imds response field with Name:resourceGroupName Value: AMAWin_group
[2024-10-27 03:21:07.000]  [GetValueFromJsonOrDefault] ErrorCode:0 INFO: Read Imds response field with Name:osType Value: Windows
[2024-10-27 03:21:07.000]  [GetValueFromJsonOrDefault] ErrorCode:0 INFO: Read Imds response field with Name:resourceId Value: /subscriptions/351651ce-5feb-4e59-975d-f1f344e2b717/resourceGroups/AMAWin_group/providers/Microsoft.Compute/virtualMachines/amawin
[2024-10-27 03:21:07.000]  [GetValueFromJsonOrDefault] ErrorCode:0 INFO: Read Imds response field with Name:azEnvironment Value: AzurePublicCloud
[2024-10-27 03:21:07.000]  [SetImdsEnvironmentVariable] ErrorCode:0 INFO: Successfully set Environment variables from Imds
[2024-10-27 03:21:07.000]  [AggregateHeartbeat] ErrorCode:0 INFO: Completed heartbeat aggregation.
[2024-10-27 03:21:29.000]  [WriteHeartbeatToFile] ErrorCode:0 INFO: Sending the heartbeat.
[2024-10-27 03:21:29.000]  [WriteStatusToFile] ErrorCode:0 INFO: Sending the status.
[2024-10-27 03:21:29.000]  [WriteHeartbeatToFile] ErrorCode:0 INFO: Done Sending the heartbeat.
[2024-10-27 03:21:29.000]  [WriteStatusToFile] ErrorCode:0 INFO: Done Sending the status.
[2024-10-27 03:21:59.000]  [WriteHeartbeatToFile] ErrorCode:0 INFO: Sending the heartbeat.
[2024-10-27 03:21:59.000]  [WriteStatusToFile] ErrorCode:0 INFO: Sending the status.
[2024-10-27 03:21:59.000]  [WriteStatusToFile] ErrorCode:0 INFO: Done Sending the status.
[2024-10-27 03:21:59.000]  [WriteHeartbeatToFile] ErrorCode:0 INFO: Done Sending the heartbeat.
[2024-10-27 03:22:29.000]  [WriteStatusToFile] ErrorCode:0 INFO: Sending the status.
[2024-10-27 03:22:29.000]  [WriteHeartbeatToFile] ErrorCode:0 INFO: Sending the heartbeat.
[2024-10-27 03:22:29.000]  [WriteHeartbeatToFile] ErrorCode:0 INFO: Done Sending the heartbeat.
[2024-10-27 03:22:29.000]  [WriteStatusToFile] ErrorCode:0 INFO: Done Sending the status.
[2024-10-27 03:22:59.000]  [WriteHeartbeatToFile] ErrorCode:0 INFO: Sending the heartbeat.
[2024-10-27 03:22:59.000]  [WriteStatusToFile] ErrorCode:0 INFO: Sending the status.
[2024-10-27 03:22:59.000]  [WriteHeartbeatToFile] ErrorCode:0 INFO: Done Sending the heartbeat.
[2024-10-27 03:22:59.000]  [WriteStatusToFile] ErrorCode:0 INFO: Done Sending the status.
[2024-10-27 03:23:29.000]  [WriteHeartbeatToFile] ErrorCode:0 INFO: Sending the heartbeat.
[2024-10-27 03:23:29.000]  [WriteStatusToFile] ErrorCode:0 INFO: Sending the status.
[2024-10-27 03:23:29.000]  [WriteHeartbeatToFile] ErrorCode:0 INFO: Done Sending the heartbeat.
[2024-10-27 03:23:29.000]  [WriteStatusToFile] ErrorCode:0 INFO: Done Sending the status.
[2024-10-27 03:23:59.000]  [WriteHeartbeatToFile] ErrorCode:0 INFO: Sending the heartbeat.
[2024-10-27 03:23:59.000]  [WriteStatusToFile] ErrorCode:0 INFO: Sending the status.
[2024-10-27 03:23:59.000]  [WriteStatusToFile] ErrorCode:0 INFO: Done Sending the status.
[2024-10-27 03:23:59.000]  [WriteHeartbeatToFile] ErrorCode:0 INFO: Done Sending the heartbeat.
[2024-10-27 03:24:29.000]  [WriteHeartbeatToFile] ErrorCode:0 INFO: Sending the heartbeat.
[2024-10-27 03:24:29.000]  [WriteStatusToFile] ErrorCode:0 INFO: Sending the status.
[2024-10-27 03:24:29.000]  [WriteStatusToFile] ErrorCode:0 INFO: Done Sending the status.
[2024-10-27 03:24:29.000]  [WriteHeartbeatToFile] ErrorCode:0 INFO: Done Sending the heartbeat.
[2024-10-27 03:24:59.000]  [WriteHeartbeatToFile] ErrorCode:0 INFO: Sending the heartbeat.
[2024-10-27 03:24:59.000]  [WriteStatusToFile] ErrorCode:0 INFO: Sending the status.
[2024-10-27 03:24:59.000]  [WriteStatusToFile] ErrorCode:0 INFO: Done Sending the status.
[2024-10-27 03:24:59.000]  [WriteHeartbeatToFile] ErrorCode:0 INFO: Done Sending the heartbeat.
[2024-10-27 03:25:29.000]  [WriteStatusToFile] ErrorCode:0 INFO: Sending the status.
[2024-10-27 03:25:29.000]  [WriteHeartbeatToFile] ErrorCode:0 INFO: Sending the heartbeat.
[2024-10-27 03:25:29.000]  [WriteStatusToFile] ErrorCode:0 INFO: Done Sending the status.
[2024-10-27 03:25:29.000]  [WriteHeartbeatToFile] ErrorCode:0 INFO: Done Sending the heartbeat.
[2024-10-27 03:25:59.000]  [WriteStatusToFile] ErrorCode:0 INFO: Sending the status.
[2024-10-27 03:25:59.000]  [WriteHeartbeatToFile] ErrorCode:0 INFO: Sending the heartbeat.
[2024-10-27 03:25:59.000]  [WriteHeartbeatToFile] ErrorCode:0 INFO: Done Sending the heartbeat.
[2024-10-27 03:25:59.000]  [WriteStatusToFile] ErrorCode:0 INFO: Done Sending the status.
[2024-10-27 03:26:07.000]  [AggregateHeartbeat] ErrorCode:0 INFO: Start heartbeat aggregation.
[2024-10-27 03:26:07.000]  [QueryRegValueDWORD] ErrorCode:0 INFO: Query Registry for Key:SOFTWARE\Microsoft\Windows Azure\CurrentVersion\AzureMonitorAgentExtension\46.19.3.0, Name:MaServiceProcess
[2024-10-27 03:26:07.000]  [QueryRegValueDWORD] ErrorCode:0 INFO: Query Registry for Key:SOFTWARE\Microsoft\Windows Azure\CurrentVersion\AzureMonitorAgentExtension\46.19.3.0, Name:MaServiceProcess, Value:6028
[2024-10-27 03:26:07.000]  [FindProcessById] ErrorCode:0 INFO: Attempt to find the process MonAgentLauncher.exe with ID: 6028.
[2024-10-27 03:26:07.000]  [FindProcessById] ErrorCode:0 INFO: Running Process MonAgentLauncher.exe found. ID: 6028.
[2024-10-27 03:26:07.000]  [CheckIfMAServiceIsRunByExtension] ErrorCode:0 INFO: The MA process is running based on the m_registry
[2024-10-27 03:26:07.000]  [QueryRegValueDWORD] ErrorCode:0 INFO: Query Registry for Key:SOFTWARE\Microsoft\Windows Azure\CurrentVersion\AzureMonitorAgentExtension\46.19.3.0, Name:AMAMultitenantServiceProcess
[2024-10-27 03:26:07.000]  [QueryRegValueDWORD] ErrorCode:0 ERROR: RegQueryValueExA: failed to query REG_DWORD value, Key:SOFTWARE\Microsoft\Windows Azure\CurrentVersion\AzureMonitorAgentExtension\46.19.3.0, name=AMAMultitenantServiceProcess, error=2, type=0
[2024-10-27 03:26:07.000]  [CheckIfMAServiceIsRunByExtension] ErrorCode:1205 INFO: Unable to read the m_registry for MA process. Assume it is not running.
[2024-10-27 03:26:07.000]  [AggregateHeartbeat] ErrorCode:0 INFO: Configured MA Service is not running on the node.
[2024-10-27 03:26:07.000]  [SetImdsEnvironmentVariable] ErrorCode:0 INFO: Querying IMDS information
[2024-10-27 03:26:07.000]  [SetImdsEnvironmentVariable] ErrorCode:-1 INFO: Preparing to call IMDS
[2024-10-27 03:26:07.000]  [QueryIMDSEndpoint] ErrorCode:0 INFO: Queried IMDS successfully.
[2024-10-27 03:26:07.000]  [GetValueFromJsonOrDefault] ErrorCode:0 INFO: Read Imds response field with Name:location Value: westus2
[2024-10-27 03:26:07.000]  [GetValueFromJsonOrDefault] ErrorCode:0 INFO: Read Imds response field with Name:name Value: amawin
[2024-10-27 03:26:07.000]  [GetValueFromJsonOrDefault] ErrorCode:0 INFO: Read Imds response field with Name:subscriptionId Value: 351651ce-5feb-4e59-975d-f1f344e2b717
[2024-10-27 03:26:07.000]  [GetValueFromJsonOrDefault] ErrorCode:0 INFO: Read Imds response field with Name:vmId Value: 22afd636-aec1-4782-9055-f85ea283dc20
[2024-10-27 03:26:07.000]  [GetValueFromJsonOrDefault] ErrorCode:0 INFO: Read Imds response field with Name:vmScaleSetName Value: 
[2024-10-27 03:26:07.000]  [GetValueFromJsonOrDefault] ErrorCode:0 INFO: Read Imds response field with Name:resourceGroupName Value: AMAWin_group
[2024-10-27 03:26:07.000]  [GetValueFromJsonOrDefault] ErrorCode:0 INFO: Read Imds response field with Name:osType Value: Windows
[2024-10-27 03:26:07.000]  [GetValueFromJsonOrDefault] ErrorCode:0 INFO: Read Imds response field with Name:resourceId Value: /subscriptions/351651ce-5feb-4e59-975d-f1f344e2b717/resourceGroups/AMAWin_group/providers/Microsoft.Compute/virtualMachines/amawin
[2024-10-27 03:26:07.000]  [GetValueFromJsonOrDefault] ErrorCode:0 INFO: Read Imds response field with Name:azEnvironment Value: AzurePublicCloud
[2024-10-27 03:26:07.000]  [SetImdsEnvironmentVariable] ErrorCode:0 INFO: Successfully set Environment variables from Imds
[2024-10-27 03:26:07.000]  [AggregateHeartbeat] ErrorCode:0 INFO: Completed heartbeat aggregation.
[2024-10-27 03:26:29.000]  [WriteHeartbeatToFile] ErrorCode:0 INFO: Sending the heartbeat.
[2024-10-27 03:26:29.000]  [WriteStatusToFile] ErrorCode:0 INFO: Sending the status.
[2024-10-27 03:26:29.000]  [WriteStatusToFile] ErrorCode:0 INFO: Done Sending the status.
[2024-10-27 03:26:29.000]  [WriteHeartbeatToFile] ErrorCode:0 INFO: Done Sending the heartbeat.
[2024-10-27 03:26:59.000]  [WriteHeartbeatToFile] ErrorCode:0 INFO: Sending the heartbeat.
[2024-10-27 03:26:59.000]  [WriteStatusToFile] ErrorCode:0 INFO: Sending the status.
[2024-10-27 03:26:59.000]  [WriteStatusToFile] ErrorCode:0 INFO: Done Sending the status.
[2024-10-27 03:26:59.000]  [WriteHeartbeatToFile] ErrorCode:0 INFO: Done Sending the heartbeat.
[2024-10-27 03:27:29.000]  [WriteHeartbeatToFile] ErrorCode:0 INFO: Sending the heartbeat.
[2024-10-27 03:27:29.000]  [WriteStatusToFile] ErrorCode:0 INFO: Sending the status.
[2024-10-27 03:27:29.000]  [WriteStatusToFile] ErrorCode:0 INFO: Done Sending the status.
[2024-10-27 03:27:29.000]  [WriteHeartbeatToFile] ErrorCode:0 INFO: Done Sending the heartbeat.
[2024-10-27 03:27:59.000]  [WriteStatusToFile] ErrorCode:0 INFO: Sending the status.
[2024-10-27 03:27:59.000]  [WriteHeartbeatToFile] ErrorCode:0 INFO: Sending the heartbeat.
[2024-10-27 03:27:59.000]  [WriteHeartbeatToFile] ErrorCode:0 INFO: Done Sending the heartbeat.
[2024-10-27 03:27:59.000]  [WriteStatusToFile] ErrorCode:0 INFO: Done Sending the status.
[2024-10-27 03:28:29.000]  [WriteHeartbeatToFile] ErrorCode:0 INFO: Sending the heartbeat.
[2024-10-27 03:28:29.000]  [WriteStatusToFile] ErrorCode:0 INFO: Sending the status.
[2024-10-27 03:28:29.000]  [WriteStatusToFile] ErrorCode:0 INFO: Done Sending the status.
[2024-10-27 03:28:29.000]  [WriteHeartbeatToFile] ErrorCode:0 INFO: Done Sending the heartbeat.
[2024-10-27 03:28:59.000]  [WriteStatusToFile] ErrorCode:0 INFO: Sending the status.
[2024-10-27 03:28:59.000]  [WriteHeartbeatToFile] ErrorCode:0 INFO: Sending the heartbeat.
[2024-10-27 03:28:59.000]  [WriteHeartbeatToFile] ErrorCode:0 INFO: Done Sending the heartbeat.
[2024-10-27 03:28:59.000]  [WriteStatusToFile] ErrorCode:0 INFO: Done Sending the status.
[2024-10-27 03:29:29.000]  [WriteStatusToFile] ErrorCode:0 INFO: Sending the status.
[2024-10-27 03:29:29.000]  [WriteHeartbeatToFile] ErrorCode:0 INFO: Sending the heartbeat.
[2024-10-27 03:29:29.000]  [WriteStatusToFile] ErrorCode:0 INFO: Done Sending the status.
[2024-10-27 03:29:29.000]  [WriteHeartbeatToFile] ErrorCode:0 INFO: Done Sending the heartbeat.
[2024-10-27 03:29:59.000]  [WriteHeartbeatToFile] ErrorCode:0 INFO: Sending the heartbeat.
[2024-10-27 03:29:59.000]  [WriteStatusToFile] ErrorCode:0 INFO: Sending the status.
[2024-10-27 03:29:59.000]  [WriteStatusToFile] ErrorCode:0 INFO: Done Sending the status.
[2024-10-27 03:29:59.000]  [WriteHeartbeatToFile] ErrorCode:0 INFO: Done Sending the heartbeat.
[2024-10-27 03:30:29.000]  [WriteStatusToFile] ErrorCode:0 INFO: Sending the status.
[2024-10-27 03:30:29.000]  [WriteHeartbeatToFile] ErrorCode:0 INFO: Sending the heartbeat.
[2024-10-27 03:30:29.000]  [WriteHeartbeatToFile] ErrorCode:0 INFO: Done Sending the heartbeat.
[2024-10-27 03:30:29.000]  [WriteStatusToFile] ErrorCode:0 INFO: Done Sending the status.
[2024-10-27 03:30:59.000]  [WriteStatusToFile] ErrorCode:0 INFO: Sending the status.
[2024-10-27 03:30:59.000]  [WriteHeartbeatToFile] ErrorCode:0 INFO: Sending the heartbeat.
[2024-10-27 03:30:59.000]  [WriteStatusToFile] ErrorCode:0 INFO: Done Sending the status.
[2024-10-27 03:30:59.000]  [WriteHeartbeatToFile] ErrorCode:0 INFO: Done Sending the heartbeat.
[2024-10-27 03:31:07.000]  [AggregateHeartbeat] ErrorCode:0 INFO: Start heartbeat aggregation.
[2024-10-27 03:31:07.000]  [QueryRegValueDWORD] ErrorCode:0 INFO: Query Registry for Key:SOFTWARE\Microsoft\Windows Azure\CurrentVersion\AzureMonitorAgentExtension\46.19.3.0, Name:MaServiceProcess
[2024-10-27 03:31:07.000]  [QueryRegValueDWORD] ErrorCode:0 INFO: Query Registry for Key:SOFTWARE\Microsoft\Windows Azure\CurrentVersion\AzureMonitorAgentExtension\46.19.3.0, Name:MaServiceProcess, Value:6028
[2024-10-27 03:31:07.000]  [FindProcessById] ErrorCode:0 INFO: Attempt to find the process MonAgentLauncher.exe with ID: 6028.
[2024-10-27 03:31:07.000]  [FindProcessById] ErrorCode:0 INFO: Running Process MonAgentLauncher.exe found. ID: 6028.
[2024-10-27 03:31:07.000]  [CheckIfMAServiceIsRunByExtension] ErrorCode:0 INFO: The MA process is running based on the m_registry
[2024-10-27 03:31:07.000]  [QueryRegValueDWORD] ErrorCode:0 INFO: Query Registry for Key:SOFTWARE\Microsoft\Windows Azure\CurrentVersion\AzureMonitorAgentExtension\46.19.3.0, Name:AMAMultitenantServiceProcess
[2024-10-27 03:31:07.000]  [QueryRegValueDWORD] ErrorCode:0 ERROR: RegQueryValueExA: failed to query REG_DWORD value, Key:SOFTWARE\Microsoft\Windows Azure\CurrentVersion\AzureMonitorAgentExtension\46.19.3.0, name=AMAMultitenantServiceProcess, error=2, type=0
[2024-10-27 03:31:07.000]  [CheckIfMAServiceIsRunByExtension] ErrorCode:1205 INFO: Unable to read the m_registry for MA process. Assume it is not running.
[2024-10-27 03:31:07.000]  [AggregateHeartbeat] ErrorCode:0 INFO: Configured MA Service is not running on the node.
[2024-10-27 03:31:07.000]  [SetImdsEnvironmentVariable] ErrorCode:0 INFO: Querying IMDS information
[2024-10-27 03:31:07.000]  [SetImdsEnvironmentVariable] ErrorCode:-1 INFO: Preparing to call IMDS
[2024-10-27 03:31:07.000]  [QueryIMDSEndpoint] ErrorCode:0 INFO: Queried IMDS successfully.
[2024-10-27 03:31:07.000]  [GetValueFromJsonOrDefault] ErrorCode:0 INFO: Read Imds response field with Name:location Value: westus2
[2024-10-27 03:31:07.000]  [GetValueFromJsonOrDefault] ErrorCode:0 INFO: Read Imds response field with Name:name Value: amawin
[2024-10-27 03:31:07.000]  [GetValueFromJsonOrDefault] ErrorCode:0 INFO: Read Imds response field with Name:subscriptionId Value: 351651ce-5feb-4e59-975d-f1f344e2b717
[2024-10-27 03:31:07.000]  [GetValueFromJsonOrDefault] ErrorCode:0 INFO: Read Imds response field with Name:vmId Value: 22afd636-aec1-4782-9055-f85ea283dc20
[2024-10-27 03:31:07.000]  [GetValueFromJsonOrDefault] ErrorCode:0 INFO: Read Imds response field with Name:vmScaleSetName Value: 
[2024-10-27 03:31:07.000]  [GetValueFromJsonOrDefault] ErrorCode:0 INFO: Read Imds response field with Name:resourceGroupName Value: AMAWin_group
[2024-10-27 03:31:07.000]  [GetValueFromJsonOrDefault] ErrorCode:0 INFO: Read Imds response field with Name:osType Value: Windows
[2024-10-27 03:31:07.000]  [GetValueFromJsonOrDefault] ErrorCode:0 INFO: Read Imds response field with Name:resourceId Value: /subscriptions/351651ce-5feb-4e59-975d-f1f344e2b717/resourceGroups/AMAWin_group/providers/Microsoft.Compute/virtualMachines/amawin
[2024-10-27 03:31:07.000]  [GetValueFromJsonOrDefault] ErrorCode:0 INFO: Read Imds response field with Name:azEnvironment Value: AzurePublicCloud
[2024-10-27 03:31:07.000]  [SetImdsEnvironmentVariable] ErrorCode:0 INFO: Successfully set Environment variables from Imds
[2024-10-27 03:31:07.000]  [AggregateHeartbeat] ErrorCode:0 INFO: Completed heartbeat aggregation.
[2024-10-27 03:31:29.000]  [WriteHeartbeatToFile] ErrorCode:0 INFO: Sending the heartbeat.
[2024-10-27 03:31:29.000]  [WriteStatusToFile] ErrorCode:0 INFO: Sending the status.
[2024-10-27 03:31:29.000]  [WriteStatusToFile] ErrorCode:0 INFO: Done Sending the status.
[2024-10-27 03:31:29.000]  [WriteHeartbeatToFile] ErrorCode:0 INFO: Done Sending the heartbeat.
[2024-10-27 03:31:59.000]  [WriteStatusToFile] ErrorCode:0 INFO: Sending the status.
[2024-10-27 03:31:59.000]  [WriteHeartbeatToFile] ErrorCode:0 INFO: Sending the heartbeat.
[2024-10-27 03:31:59.000]  [WriteStatusToFile] ErrorCode:0 INFO: Done Sending the status.
[2024-10-27 03:31:59.000]  [WriteHeartbeatToFile] ErrorCode:0 INFO: Done Sending the heartbeat.
[2024-10-27 03:32:29.000]  [WriteStatusToFile] ErrorCode:0 INFO: Sending the status.
[2024-10-27 03:32:29.000]  [WriteHeartbeatToFile] ErrorCode:0 INFO: Sending the heartbeat.
[2024-10-27 03:32:29.000]  [WriteStatusToFile] ErrorCode:0 INFO: Done Sending the status.
[2024-10-27 03:32:29.000]  [WriteHeartbeatToFile] ErrorCode:0 INFO: Done Sending the heartbeat.
[2024-10-27 03:32:59.000]  [WriteStatusToFile] ErrorCode:0 INFO: Sending the status.
[2024-10-27 03:32:59.000]  [WriteHeartbeatToFile] ErrorCode:0 INFO: Sending the heartbeat.
[2024-10-27 03:32:59.000]  [WriteHeartbeatToFile] ErrorCode:0 INFO: Done Sending the heartbeat.
[2024-10-27 03:32:59.000]  [WriteStatusToFile] ErrorCode:0 INFO: Done Sending the status.
[2024-10-27 03:33:29.000]  [WriteStatusToFile] ErrorCode:0 INFO: Sending the status.
[2024-10-27 03:33:29.000]  [WriteHeartbeatToFile] ErrorCode:0 INFO: Sending the heartbeat.
[2024-10-27 03:33:29.000]  [WriteStatusToFile] ErrorCode:0 INFO: Done Sending the status.
[2024-10-27 03:33:29.000]  [WriteHeartbeatToFile] ErrorCode:0 INFO: Done Sending the heartbeat.
[2024-10-27 03:33:59.000]  [WriteStatusToFile] ErrorCode:0 INFO: Sending the status.
[2024-10-27 03:33:59.000]  [WriteHeartbeatToFile] ErrorCode:0 INFO: Sending the heartbeat.
[2024-10-27 03:33:59.000]  [WriteStatusToFile] ErrorCode:0 INFO: Done Sending the status.
[2024-10-27 03:33:59.000]  [WriteHeartbeatToFile] ErrorCode:0 INFO: Done Sending the heartbeat.
[2024-10-27 03:34:29.000]  [WriteHeartbeatToFile] ErrorCode:0 INFO: Sending the heartbeat.
[2024-10-27 03:34:29.000]  [WriteStatusToFile] ErrorCode:0 INFO: Sending the status.
[2024-10-27 03:34:29.000]  [WriteHeartbeatToFile] ErrorCode:0 INFO: Done Sending the heartbeat.
[2024-10-27 03:34:29.000]  [WriteStatusToFile] ErrorCode:0 INFO: Done Sending the status.
[2024-10-27 03:34:59.000]  [WriteHeartbeatToFile] ErrorCode:0 INFO: Sending the heartbeat.
[2024-10-27 03:34:59.000]  [WriteStatusToFile] ErrorCode:0 INFO: Sending the status.
[2024-10-27 03:34:59.000]  [WriteStatusToFile] ErrorCode:0 INFO: Done Sending the status.
[2024-10-27 03:34:59.000]  [WriteHeartbeatToFile] ErrorCode:0 INFO: Done Sending the heartbeat.
[2024-10-27 03:35:29.000]  [WriteHeartbeatToFile] ErrorCode:0 INFO: Sending the heartbeat.
[2024-10-27 03:35:29.000]  [WriteStatusToFile] ErrorCode:0 INFO: Sending the status.
[2024-10-27 03:35:29.000]  [WriteHeartbeatToFile] ErrorCode:0 INFO: Done Sending the heartbeat.
[2024-10-27 03:35:29.000]  [WriteStatusToFile] ErrorCode:0 INFO: Done Sending the status.
[2024-10-27 03:35:59.000]  [WriteHeartbeatToFile] ErrorCode:0 INFO: Sending the heartbeat.
[2024-10-27 03:35:59.000]  [WriteStatusToFile] ErrorCode:0 INFO: Sending the status.
[2024-10-27 03:35:59.000]  [WriteHeartbeatToFile] ErrorCode:0 INFO: Done Sending the heartbeat.
[2024-10-27 03:35:59.000]  [WriteStatusToFile] ErrorCode:0 INFO: Done Sending the status.
[2024-10-27 03:36:07.000]  [AggregateHeartbeat] ErrorCode:0 INFO: Start heartbeat aggregation.
[2024-10-27 03:36:07.000]  [QueryRegValueDWORD] ErrorCode:0 INFO: Query Registry for Key:SOFTWARE\Microsoft\Windows Azure\CurrentVersion\AzureMonitorAgentExtension\46.19.3.0, Name:MaServiceProcess
[2024-10-27 03:36:07.000]  [QueryRegValueDWORD] ErrorCode:0 INFO: Query Registry for Key:SOFTWARE\Microsoft\Windows Azure\CurrentVersion\AzureMonitorAgentExtension\46.19.3.0, Name:MaServiceProcess, Value:6028
[2024-10-27 03:36:07.000]  [FindProcessById] ErrorCode:0 INFO: Attempt to find the process MonAgentLauncher.exe with ID: 6028.
[2024-10-27 03:36:07.000]  [FindProcessById] ErrorCode:0 INFO: Running Process MonAgentLauncher.exe found. ID: 6028.
[2024-10-27 03:36:07.000]  [CheckIfMAServiceIsRunByExtension] ErrorCode:0 INFO: The MA process is running based on the m_registry
[2024-10-27 03:36:07.000]  [QueryRegValueDWORD] ErrorCode:0 INFO: Query Registry for Key:SOFTWARE\Microsoft\Windows Azure\CurrentVersion\AzureMonitorAgentExtension\46.19.3.0, Name:AMAMultitenantServiceProcess
[2024-10-27 03:36:07.000]  [QueryRegValueDWORD] ErrorCode:0 ERROR: RegQueryValueExA: failed to query REG_DWORD value, Key:SOFTWARE\Microsoft\Windows Azure\CurrentVersion\AzureMonitorAgentExtension\46.19.3.0, name=AMAMultitenantServiceProcess, error=2, type=0
[2024-10-27 03:36:07.000]  [CheckIfMAServiceIsRunByExtension] ErrorCode:1205 INFO: Unable to read the m_registry for MA process. Assume it is not running.
[2024-10-27 03:36:07.000]  [AggregateHeartbeat] ErrorCode:0 INFO: Configured MA Service is not running on the node.
[2024-10-27 03:36:07.000]  [SetImdsEnvironmentVariable] ErrorCode:0 INFO: Querying IMDS information
[2024-10-27 03:36:07.000]  [SetImdsEnvironmentVariable] ErrorCode:-1 INFO: Preparing to call IMDS
[2024-10-27 03:36:07.000]  [QueryIMDSEndpoint] ErrorCode:0 INFO: Queried IMDS successfully.
[2024-10-27 03:36:07.000]  [GetValueFromJsonOrDefault] ErrorCode:0 INFO: Read Imds response field with Name:location Value: westus2
[2024-10-27 03:36:07.000]  [GetValueFromJsonOrDefault] ErrorCode:0 INFO: Read Imds response field with Name:name Value: amawin
[2024-10-27 03:36:07.000]  [GetValueFromJsonOrDefault] ErrorCode:0 INFO: Read Imds response field with Name:subscriptionId Value: 351651ce-5feb-4e59-975d-f1f344e2b717
[2024-10-27 03:36:07.000]  [GetValueFromJsonOrDefault] ErrorCode:0 INFO: Read Imds response field with Name:vmId Value: 22afd636-aec1-4782-9055-f85ea283dc20
[2024-10-27 03:36:07.000]  [GetValueFromJsonOrDefault] ErrorCode:0 INFO: Read Imds response field with Name:vmScaleSetName Value: 
[2024-10-27 03:36:07.000]  [GetValueFromJsonOrDefault] ErrorCode:0 INFO: Read Imds response field with Name:resourceGroupName Value: AMAWin_group
[2024-10-27 03:36:07.000]  [GetValueFromJsonOrDefault] ErrorCode:0 INFO: Read Imds response field with Name:osType Value: Windows
[2024-10-27 03:36:07.000]  [GetValueFromJsonOrDefault] ErrorCode:0 INFO: Read Imds response field with Name:resourceId Value: /subscriptions/351651ce-5feb-4e59-975d-f1f344e2b717/resourceGroups/AMAWin_group/providers/Microsoft.Compute/virtualMachines/amawin
[2024-10-27 03:36:07.000]  [GetValueFromJsonOrDefault] ErrorCode:0 INFO: Read Imds response field with Name:azEnvironment Value: AzurePublicCloud
[2024-10-27 03:36:07.000]  [SetImdsEnvironmentVariable] ErrorCode:0 INFO: Successfully set Environment variables from Imds
[2024-10-27 03:36:07.000]  [AggregateHeartbeat] ErrorCode:0 INFO: Completed heartbeat aggregation.
[2024-10-27 03:36:29.000]  [WriteHeartbeatToFile] ErrorCode:0 INFO: Sending the heartbeat.
[2024-10-27 03:36:29.000]  [WriteStatusToFile] ErrorCode:0 INFO: Sending the status.
[2024-10-27 03:36:29.000]  [WriteStatusToFile] ErrorCode:0 INFO: Done Sending the status.
[2024-10-27 03:36:29.000]  [WriteHeartbeatToFile] ErrorCode:0 INFO: Done Sending the heartbeat.
[2024-10-27 03:36:59.000]  [WriteStatusToFile] ErrorCode:0 INFO: Sending the status.
[2024-10-27 03:36:59.000]  [WriteHeartbeatToFile] ErrorCode:0 INFO: Sending the heartbeat.
[2024-10-27 03:36:59.000]  [WriteStatusToFile] ErrorCode:0 INFO: Done Sending the status.
[2024-10-27 03:36:59.000]  [WriteHeartbeatToFile] ErrorCode:0 INFO: Done Sending the heartbeat.
[2024-10-27 03:37:29.000]  [WriteStatusToFile] ErrorCode:0 INFO: Sending the status.
[2024-10-27 03:37:29.000]  [WriteHeartbeatToFile] ErrorCode:0 INFO: Sending the heartbeat.
[2024-10-27 03:37:29.000]  [WriteStatusToFile] ErrorCode:0 INFO: Done Sending the status.
[2024-10-27 03:37:29.000]  [WriteHeartbeatToFile] ErrorCode:0 INFO: Done Sending the heartbeat.
[2024-10-27 03:37:59.000]  [WriteStatusToFile] ErrorCode:0 INFO: Sending the status.
[2024-10-27 03:37:59.000]  [WriteHeartbeatToFile] ErrorCode:0 INFO: Sending the heartbeat.
[2024-10-27 03:37:59.000]  [WriteHeartbeatToFile] ErrorCode:0 INFO: Done Sending the heartbeat.
[2024-10-27 03:37:59.000]  [WriteStatusToFile] ErrorCode:0 INFO: Done Sending the status.
[2024-10-27 03:38:30.000]  [WriteHeartbeatToFile] ErrorCode:0 INFO: Sending the heartbeat.
[2024-10-27 03:38:30.000]  [WriteStatusToFile] ErrorCode:0 INFO: Sending the status.
[2024-10-27 03:38:30.000]  [WriteStatusToFile] ErrorCode:0 INFO: Done Sending the status.
[2024-10-27 03:38:30.000]  [WriteHeartbeatToFile] ErrorCode:0 INFO: Done Sending the heartbeat.
[2024-10-27 03:39:00.000]  [WriteStatusToFile] ErrorCode:0 INFO: Sending the status.
[2024-10-27 03:39:00.000]  [WriteHeartbeatToFile] ErrorCode:0 INFO: Sending the heartbeat.
[2024-10-27 03:39:00.000]  [WriteHeartbeatToFile] ErrorCode:0 INFO: Done Sending the heartbeat.
[2024-10-27 03:39:00.000]  [WriteStatusToFile] ErrorCode:0 INFO: Done Sending the status.
[2024-10-27 03:39:30.000]  [WriteStatusToFile] ErrorCode:0 INFO: Sending the status.
[2024-10-27 03:39:30.000]  [WriteHeartbeatToFile] ErrorCode:0 INFO: Sending the heartbeat.
[2024-10-27 03:39:30.000]  [WriteHeartbeatToFile] ErrorCode:0 INFO: Done Sending the heartbeat.
[2024-10-27 03:39:30.000]  [WriteStatusToFile] ErrorCode:0 INFO: Done Sending the status.
[2024-10-27 03:40:00.000]  [WriteStatusToFile] ErrorCode:0 INFO: Sending the status.
[2024-10-27 03:40:00.000]  [WriteHeartbeatToFile] ErrorCode:0 INFO: Sending the heartbeat.
[2024-10-27 03:40:00.000]  [WriteHeartbeatToFile] ErrorCode:0 INFO: Done Sending the heartbeat.
[2024-10-27 03:40:00.000]  [WriteStatusToFile] ErrorCode:0 INFO: Done Sending the status.
[2024-10-27 03:40:30.000]  [WriteStatusToFile] ErrorCode:0 INFO: Sending the status.
[2024-10-27 03:40:30.000]  [WriteHeartbeatToFile] ErrorCode:0 INFO: Sending the heartbeat.
[2024-10-27 03:40:30.000]  [WriteHeartbeatToFile] ErrorCode:0 INFO: Done Sending the heartbeat.
[2024-10-27 03:40:30.000]  [WriteStatusToFile] ErrorCode:0 INFO: Done Sending the status.
[2024-10-27 03:41:00.000]  [WriteStatusToFile] ErrorCode:0 INFO: Sending the status.
[2024-10-27 03:41:00.000]  [WriteHeartbeatToFile] ErrorCode:0 INFO: Sending the heartbeat.
[2024-10-27 03:41:00.000]  [WriteStatusToFile] ErrorCode:0 INFO: Done Sending the status.
[2024-10-27 03:41:00.000]  [WriteHeartbeatToFile] ErrorCode:0 INFO: Done Sending the heartbeat.
[2024-10-27 03:41:07.000]  [AggregateHeartbeat] ErrorCode:0 INFO: Start heartbeat aggregation.
[2024-10-27 03:41:07.000]  [QueryRegValueDWORD] ErrorCode:0 INFO: Query Registry for Key:SOFTWARE\Microsoft\Windows Azure\CurrentVersion\AzureMonitorAgentExtension\46.19.3.0, Name:MaServiceProcess
[2024-10-27 03:41:07.000]  [QueryRegValueDWORD] ErrorCode:0 INFO: Query Registry for Key:SOFTWARE\Microsoft\Windows Azure\CurrentVersion\AzureMonitorAgentExtension\46.19.3.0, Name:MaServiceProcess, Value:6028
[2024-10-27 03:41:07.000]  [FindProcessById] ErrorCode:0 INFO: Attempt to find the process MonAgentLauncher.exe with ID: 6028.
[2024-10-27 03:41:07.000]  [FindProcessById] ErrorCode:0 INFO: Running Process MonAgentLauncher.exe found. ID: 6028.
[2024-10-27 03:41:07.000]  [CheckIfMAServiceIsRunByExtension] ErrorCode:0 INFO: The MA process is running based on the m_registry
[2024-10-27 03:41:07.000]  [QueryRegValueDWORD] ErrorCode:0 INFO: Query Registry for Key:SOFTWARE\Microsoft\Windows Azure\CurrentVersion\AzureMonitorAgentExtension\46.19.3.0, Name:AMAMultitenantServiceProcess
[2024-10-27 03:41:07.000]  [QueryRegValueDWORD] ErrorCode:0 ERROR: RegQueryValueExA: failed to query REG_DWORD value, Key:SOFTWARE\Microsoft\Windows Azure\CurrentVersion\AzureMonitorAgentExtension\46.19.3.0, name=AMAMultitenantServiceProcess, error=2, type=0
[2024-10-27 03:41:07.000]  [CheckIfMAServiceIsRunByExtension] ErrorCode:1205 INFO: Unable to read the m_registry for MA process. Assume it is not running.
[2024-10-27 03:41:07.000]  [AggregateHeartbeat] ErrorCode:0 INFO: Configured MA Service is not running on the node.
[2024-10-27 03:41:07.000]  [SetImdsEnvironmentVariable] ErrorCode:0 INFO: Querying IMDS information
[2024-10-27 03:41:07.000]  [SetImdsEnvironmentVariable] ErrorCode:-1 INFO: Preparing to call IMDS
[2024-10-27 03:41:07.000]  [QueryIMDSEndpoint] ErrorCode:0 INFO: Queried IMDS successfully.
[2024-10-27 03:41:07.000]  [GetValueFromJsonOrDefault] ErrorCode:0 INFO: Read Imds response field with Name:location Value: westus2
[2024-10-27 03:41:07.000]  [GetValueFromJsonOrDefault] ErrorCode:0 INFO: Read Imds response field with Name:name Value: amawin
[2024-10-27 03:41:07.000]  [GetValueFromJsonOrDefault] ErrorCode:0 INFO: Read Imds response field with Name:subscriptionId Value: 351651ce-5feb-4e59-975d-f1f344e2b717
[2024-10-27 03:41:07.000]  [GetValueFromJsonOrDefault] ErrorCode:0 INFO: Read Imds response field with Name:vmId Value: 22afd636-aec1-4782-9055-f85ea283dc20
[2024-10-27 03:41:07.000]  [GetValueFromJsonOrDefault] ErrorCode:0 INFO: Read Imds response field with Name:vmScaleSetName Value: 
[2024-10-27 03:41:07.000]  [GetValueFromJsonOrDefault] ErrorCode:0 INFO: Read Imds response field with Name:resourceGroupName Value: AMAWin_group
[2024-10-27 03:41:07.000]  [GetValueFromJsonOrDefault] ErrorCode:0 INFO: Read Imds response field with Name:osType Value: Windows
[2024-10-27 03:41:07.000]  [GetValueFromJsonOrDefault] ErrorCode:0 INFO: Read Imds response field with Name:resourceId Value: /subscriptions/351651ce-5feb-4e59-975d-f1f344e2b717/resourceGroups/AMAWin_group/providers/Microsoft.Compute/virtualMachines/amawin
[2024-10-27 03:41:07.000]  [GetValueFromJsonOrDefault] ErrorCode:0 INFO: Read Imds response field with Name:azEnvironment Value: AzurePublicCloud
[2024-10-27 03:41:07.000]  [SetImdsEnvironmentVariable] ErrorCode:0 INFO: Successfully set Environment variables from Imds
[2024-10-27 03:41:07.000]  [AggregateHeartbeat] ErrorCode:0 INFO: Completed heartbeat aggregation.
[2024-10-27 03:41:30.000]  [WriteStatusToFile] ErrorCode:0 INFO: Sending the status.
[2024-10-27 03:41:30.000]  [WriteHeartbeatToFile] ErrorCode:0 INFO: Sending the heartbeat.
[2024-10-27 03:41:30.000]  [WriteHeartbeatToFile] ErrorCode:0 INFO: Done Sending the heartbeat.
[2024-10-27 03:41:30.000]  [WriteStatusToFile] ErrorCode:0 INFO: Done Sending the status.
[2024-10-27 03:42:00.000]  [WriteHeartbeatToFile] ErrorCode:0 INFO: Sending the heartbeat.
[2024-10-27 03:42:00.000]  [WriteStatusToFile] ErrorCode:0 INFO: Sending the status.
[2024-10-27 03:42:00.000]  [WriteHeartbeatToFile] ErrorCode:0 INFO: Done Sending the heartbeat.
[2024-10-27 03:42:00.000]  [WriteStatusToFile] ErrorCode:0 INFO: Done Sending the status.
[2024-10-27 03:42:30.000]  [WriteHeartbeatToFile] ErrorCode:0 INFO: Sending the heartbeat.
[2024-10-27 03:42:30.000]  [WriteStatusToFile] ErrorCode:0 INFO: Sending the status.
[2024-10-27 03:42:30.000]  [WriteStatusToFile] ErrorCode:0 INFO: Done Sending the status.
[2024-10-27 03:42:30.000]  [WriteHeartbeatToFile] ErrorCode:0 INFO: Done Sending the heartbeat.
[2024-10-27 03:43:00.000]  [WriteStatusToFile] ErrorCode:0 INFO: Sending the status.
[2024-10-27 03:43:00.000]  [WriteHeartbeatToFile] ErrorCode:0 INFO: Sending the heartbeat.
[2024-10-27 03:43:00.000]  [WriteHeartbeatToFile] ErrorCode:0 INFO: Done Sending the heartbeat.
[2024-10-27 03:43:00.000]  [WriteStatusToFile] ErrorCode:0 INFO: Done Sending the status.
[2024-10-27 03:43:30.000]  [WriteHeartbeatToFile] ErrorCode:0 INFO: Sending the heartbeat.
[2024-10-27 03:43:30.000]  [WriteStatusToFile] ErrorCode:0 INFO: Sending the status.
[2024-10-27 03:43:30.000]  [WriteHeartbeatToFile] ErrorCode:0 INFO: Done Sending the heartbeat.
[2024-10-27 03:43:30.000]  [WriteStatusToFile] ErrorCode:0 INFO: Done Sending the status.
[2024-10-27 03:44:00.000]  [WriteStatusToFile] ErrorCode:0 INFO: Sending the status.
[2024-10-27 03:44:00.000]  [WriteHeartbeatToFile] ErrorCode:0 INFO: Sending the heartbeat.
[2024-10-27 03:44:00.000]  [WriteStatusToFile] ErrorCode:0 INFO: Done Sending the status.
[2024-10-27 03:44:00.000]  [WriteHeartbeatToFile] ErrorCode:0 INFO: Done Sending the heartbeat.
[2024-10-27 03:44:30.000]  [WriteStatusToFile] ErrorCode:0 INFO: Sending the status.
[2024-10-27 03:44:30.000]  [WriteHeartbeatToFile] ErrorCode:0 INFO: Sending the heartbeat.
[2024-10-27 03:44:30.000]  [WriteHeartbeatToFile] ErrorCode:0 INFO: Done Sending the heartbeat.
[2024-10-27 03:44:30.000]  [WriteStatusToFile] ErrorCode:0 INFO: Done Sending the status.
[2024-10-27 03:45:00.000]  [WriteHeartbeatToFile] ErrorCode:0 INFO: Sending the heartbeat.
[2024-10-27 03:45:00.000]  [WriteStatusToFile] ErrorCode:0 INFO: Sending the status.
[2024-10-27 03:45:00.000]  [WriteStatusToFile] ErrorCode:0 INFO: Done Sending the status.
[2024-10-27 03:45:00.000]  [WriteHeartbeatToFile] ErrorCode:0 INFO: Done Sending the heartbeat.
[2024-10-27 03:45:30.000]  [WriteStatusToFile] ErrorCode:0 INFO: Sending the status.
[2024-10-27 03:45:30.000]  [WriteHeartbeatToFile] ErrorCode:0 INFO: Sending the heartbeat.
[2024-10-27 03:45:30.000]  [WriteHeartbeatToFile] ErrorCode:0 INFO: Done Sending the heartbeat.
[2024-10-27 03:45:30.000]  [WriteStatusToFile] ErrorCode:0 INFO: Done Sending the status.
[2024-10-27 03:46:00.000]  [WriteStatusToFile] ErrorCode:0 INFO: Sending the status.
[2024-10-27 03:46:00.000]  [WriteHeartbeatToFile] ErrorCode:0 INFO: Sending the heartbeat.
[2024-10-27 03:46:00.000]  [WriteHeartbeatToFile] ErrorCode:0 INFO: Done Sending the heartbeat.
[2024-10-27 03:46:00.000]  [WriteStatusToFile] ErrorCode:0 INFO: Done Sending the status.
[2024-10-27 03:46:07.000]  [AggregateHeartbeat] ErrorCode:0 INFO: Start heartbeat aggregation.
[2024-10-27 03:46:07.000]  [QueryRegValueDWORD] ErrorCode:0 INFO: Query Registry for Key:SOFTWARE\Microsoft\Windows Azure\CurrentVersion\AzureMonitorAgentExtension\46.19.3.0, Name:MaServiceProcess
[2024-10-27 03:46:07.000]  [QueryRegValueDWORD] ErrorCode:0 INFO: Query Registry for Key:SOFTWARE\Microsoft\Windows Azure\CurrentVersion\AzureMonitorAgentExtension\46.19.3.0, Name:MaServiceProcess, Value:6028
[2024-10-27 03:46:07.000]  [FindProcessById] ErrorCode:0 INFO: Attempt to find the process MonAgentLauncher.exe with ID: 6028.
[2024-10-27 03:46:07.000]  [FindProcessById] ErrorCode:0 INFO: Running Process MonAgentLauncher.exe found. ID: 6028.
[2024-10-27 03:46:07.000]  [CheckIfMAServiceIsRunByExtension] ErrorCode:0 INFO: The MA process is running based on the m_registry
[2024-10-27 03:46:07.000]  [QueryRegValueDWORD] ErrorCode:0 INFO: Query Registry for Key:SOFTWARE\Microsoft\Windows Azure\CurrentVersion\AzureMonitorAgentExtension\46.19.3.0, Name:AMAMultitenantServiceProcess
[2024-10-27 03:46:07.000]  [QueryRegValueDWORD] ErrorCode:0 ERROR: RegQueryValueExA: failed to query REG_DWORD value, Key:SOFTWARE\Microsoft\Windows Azure\CurrentVersion\AzureMonitorAgentExtension\46.19.3.0, name=AMAMultitenantServiceProcess, error=2, type=0
[2024-10-27 03:46:07.000]  [CheckIfMAServiceIsRunByExtension] ErrorCode:1205 INFO: Unable to read the m_registry for MA process. Assume it is not running.
[2024-10-27 03:46:07.000]  [AggregateHeartbeat] ErrorCode:0 INFO: Configured MA Service is not running on the node.
[2024-10-27 03:46:07.000]  [SetImdsEnvironmentVariable] ErrorCode:0 INFO: Querying IMDS information
[2024-10-27 03:46:07.000]  [SetImdsEnvironmentVariable] ErrorCode:-1 INFO: Preparing to call IMDS
[2024-10-27 03:46:07.000]  [QueryIMDSEndpoint] ErrorCode:0 INFO: Queried IMDS successfully.
[2024-10-27 03:46:07.000]  [GetValueFromJsonOrDefault] ErrorCode:0 INFO: Read Imds response field with Name:location Value: westus2
[2024-10-27 03:46:07.000]  [GetValueFromJsonOrDefault] ErrorCode:0 INFO: Read Imds response field with Name:name Value: amawin
[2024-10-27 03:46:07.000]  [GetValueFromJsonOrDefault] ErrorCode:0 INFO: Read Imds response field with Name:subscriptionId Value: 351651ce-5feb-4e59-975d-f1f344e2b717
[2024-10-27 03:46:07.000]  [GetValueFromJsonOrDefault] ErrorCode:0 INFO: Read Imds response field with Name:vmId Value: 22afd636-aec1-4782-9055-f85ea283dc20
[2024-10-27 03:46:07.000]  [GetValueFromJsonOrDefault] ErrorCode:0 INFO: Read Imds response field with Name:vmScaleSetName Value: 
[2024-10-27 03:46:07.000]  [GetValueFromJsonOrDefault] ErrorCode:0 INFO: Read Imds response field with Name:resourceGroupName Value: AMAWin_group
[2024-10-27 03:46:07.000]  [GetValueFromJsonOrDefault] ErrorCode:0 INFO: Read Imds response field with Name:osType Value: Windows
[2024-10-27 03:46:07.000]  [GetValueFromJsonOrDefault] ErrorCode:0 INFO: Read Imds response field with Name:resourceId Value: /subscriptions/351651ce-5feb-4e59-975d-f1f344e2b717/resourceGroups/AMAWin_group/providers/Microsoft.Compute/virtualMachines/amawin
[2024-10-27 03:46:07.000]  [GetValueFromJsonOrDefault] ErrorCode:0 INFO: Read Imds response field with Name:azEnvironment Value: AzurePublicCloud
[2024-10-27 03:46:07.000]  [SetImdsEnvironmentVariable] ErrorCode:0 INFO: Successfully set Environment variables from Imds
[2024-10-27 03:46:07.000]  [AggregateHeartbeat] ErrorCode:0 INFO: Completed heartbeat aggregation.
[2024-10-27 03:46:30.000]  [WriteHeartbeatToFile] ErrorCode:0 INFO: Sending the heartbeat.
[2024-10-27 03:46:30.000]  [WriteStatusToFile] ErrorCode:0 INFO: Sending the status.
[2024-10-27 03:46:30.000]  [WriteStatusToFile] ErrorCode:0 INFO: Done Sending the status.
[2024-10-27 03:46:30.000]  [WriteHeartbeatToFile] ErrorCode:0 INFO: Done Sending the heartbeat.
[2024-10-27 03:47:00.000]  [WriteHeartbeatToFile] ErrorCode:0 INFO: Sending the heartbeat.
[2024-10-27 03:47:00.000]  [WriteStatusToFile] ErrorCode:0 INFO: Sending the status.
[2024-10-27 03:47:00.000]  [WriteHeartbeatToFile] ErrorCode:0 INFO: Done Sending the heartbeat.
[2024-10-27 03:47:00.000]  [WriteStatusToFile] ErrorCode:0 INFO: Done Sending the status.
[2024-10-27 03:47:30.000]  [WriteHeartbeatToFile] ErrorCode:0 INFO: Sending the heartbeat.
[2024-10-27 03:47:30.000]  [WriteStatusToFile] ErrorCode:0 INFO: Sending the status.
[2024-10-27 03:47:30.000]  [WriteStatusToFile] ErrorCode:0 INFO: Done Sending the status.
[2024-10-27 03:47:30.000]  [WriteHeartbeatToFile] ErrorCode:0 INFO: Done Sending the heartbeat.
[2024-10-27 03:48:00.000]  [WriteStatusToFile] ErrorCode:0 INFO: Sending the status.
[2024-10-27 03:48:00.000]  [WriteHeartbeatToFile] ErrorCode:0 INFO: Sending the heartbeat.
[2024-10-27 03:48:00.000]  [WriteStatusToFile] ErrorCode:0 INFO: Done Sending the status.
[2024-10-27 03:48:00.000]  [WriteHeartbeatToFile] ErrorCode:0 INFO: Done Sending the heartbeat.
[2024-10-27 03:48:30.000]  [WriteHeartbeatToFile] ErrorCode:0 INFO: Sending the heartbeat.
[2024-10-27 03:48:30.000]  [WriteStatusToFile] ErrorCode:0 INFO: Sending the status.
[2024-10-27 03:48:30.000]  [WriteHeartbeatToFile] ErrorCode:0 INFO: Done Sending the heartbeat.
[2024-10-27 03:48:30.000]  [WriteStatusToFile] ErrorCode:0 INFO: Done Sending the status.
[2024-10-27 03:49:00.000]  [WriteStatusToFile] ErrorCode:0 INFO: Sending the status.
[2024-10-27 03:49:00.000]  [WriteHeartbeatToFile] ErrorCode:0 INFO: Sending the heartbeat.
[2024-10-27 03:49:00.000]  [WriteStatusToFile] ErrorCode:0 INFO: Done Sending the status.
[2024-10-27 03:49:00.000]  [WriteHeartbeatToFile] ErrorCode:0 INFO: Done Sending the heartbeat.
[2024-10-27 03:49:30.000]  [WriteHeartbeatToFile] ErrorCode:0 INFO: Sending the heartbeat.
[2024-10-27 03:49:30.000]  [WriteStatusToFile] ErrorCode:0 INFO: Sending the status.
[2024-10-27 03:49:30.000]  [WriteHeartbeatToFile] ErrorCode:0 INFO: Done Sending the heartbeat.
[2024-10-27 03:49:30.000]  [WriteStatusToFile] ErrorCode:0 INFO: Done Sending the status.
[2024-10-27 03:50:00.000]  [WriteHeartbeatToFile] ErrorCode:0 INFO: Sending the heartbeat.
[2024-10-27 03:50:00.000]  [WriteStatusToFile] ErrorCode:0 INFO: Sending the status.
[2024-10-27 03:50:00.000]  [WriteHeartbeatToFile] ErrorCode:0 INFO: Done Sending the heartbeat.
[2024-10-27 03:50:00.000]  [WriteStatusToFile] ErrorCode:0 INFO: Done Sending the status.
[2024-10-27 03:50:30.000]  [WriteStatusToFile] ErrorCode:0 INFO: Sending the status.
[2024-10-27 03:50:30.000]  [WriteHeartbeatToFile] ErrorCode:0 INFO: Sending the heartbeat.
[2024-10-27 03:50:30.000]  [WriteStatusToFile] ErrorCode:0 INFO: Done Sending the status.
[2024-10-27 03:50:30.000]  [WriteHeartbeatToFile] ErrorCode:0 INFO: Done Sending the heartbeat.
[2024-10-27 03:51:00.000]  [WriteHeartbeatToFile] ErrorCode:0 INFO: Sending the heartbeat.
[2024-10-27 03:51:00.000]  [WriteStatusToFile] ErrorCode:0 INFO: Sending the status.
[2024-10-27 03:51:00.000]  [WriteStatusToFile] ErrorCode:0 INFO: Done Sending the status.
[2024-10-27 03:51:00.000]  [WriteHeartbeatToFile] ErrorCode:0 INFO: Done Sending the heartbeat.
[2024-10-27 03:51:07.000]  [AggregateHeartbeat] ErrorCode:0 INFO: Start heartbeat aggregation.
[2024-10-27 03:51:07.000]  [QueryRegValueDWORD] ErrorCode:0 INFO: Query Registry for Key:SOFTWARE\Microsoft\Windows Azure\CurrentVersion\AzureMonitorAgentExtension\46.19.3.0, Name:MaServiceProcess
[2024-10-27 03:51:07.000]  [QueryRegValueDWORD] ErrorCode:0 INFO: Query Registry for Key:SOFTWARE\Microsoft\Windows Azure\CurrentVersion\AzureMonitorAgentExtension\46.19.3.0, Name:MaServiceProcess, Value:6028
[2024-10-27 03:51:07.000]  [FindProcessById] ErrorCode:0 INFO: Attempt to find the process MonAgentLauncher.exe with ID: 6028.
[2024-10-27 03:51:07.000]  [FindProcessById] ErrorCode:0 INFO: Running Process MonAgentLauncher.exe found. ID: 6028.
[2024-10-27 03:51:07.000]  [CheckIfMAServiceIsRunByExtension] ErrorCode:0 INFO: The MA process is running based on the m_registry
[2024-10-27 03:51:07.000]  [QueryRegValueDWORD] ErrorCode:0 INFO: Query Registry for Key:SOFTWARE\Microsoft\Windows Azure\CurrentVersion\AzureMonitorAgentExtension\46.19.3.0, Name:AMAMultitenantServiceProcess
[2024-10-27 03:51:07.000]  [QueryRegValueDWORD] ErrorCode:0 ERROR: RegQueryValueExA: failed to query REG_DWORD value, Key:SOFTWARE\Microsoft\Windows Azure\CurrentVersion\AzureMonitorAgentExtension\46.19.3.0, name=AMAMultitenantServiceProcess, error=2, type=0
[2024-10-27 03:51:07.000]  [CheckIfMAServiceIsRunByExtension] ErrorCode:1205 INFO: Unable to read the m_registry for MA process. Assume it is not running.
[2024-10-27 03:51:07.000]  [AggregateHeartbeat] ErrorCode:0 INFO: Configured MA Service is not running on the node.
[2024-10-27 03:51:07.000]  [SetImdsEnvironmentVariable] ErrorCode:0 INFO: Querying IMDS information
[2024-10-27 03:51:07.000]  [SetImdsEnvironmentVariable] ErrorCode:-1 INFO: Preparing to call IMDS
[2024-10-27 03:51:07.000]  [QueryIMDSEndpoint] ErrorCode:0 INFO: Queried IMDS successfully.
[2024-10-27 03:51:07.000]  [GetValueFromJsonOrDefault] ErrorCode:0 INFO: Read Imds response field with Name:location Value: westus2
[2024-10-27 03:51:07.000]  [GetValueFromJsonOrDefault] ErrorCode:0 INFO: Read Imds response field with Name:name Value: amawin
[2024-10-27 03:51:07.000]  [GetValueFromJsonOrDefault] ErrorCode:0 INFO: Read Imds response field with Name:subscriptionId Value: 351651ce-5feb-4e59-975d-f1f344e2b717
[2024-10-27 03:51:07.000]  [GetValueFromJsonOrDefault] ErrorCode:0 INFO: Read Imds response field with Name:vmId Value: 22afd636-aec1-4782-9055-f85ea283dc20
[2024-10-27 03:51:07.000]  [GetValueFromJsonOrDefault] ErrorCode:0 INFO: Read Imds response field with Name:vmScaleSetName Value: 
[2024-10-27 03:51:07.000]  [GetValueFromJsonOrDefault] ErrorCode:0 INFO: Read Imds response field with Name:resourceGroupName Value: AMAWin_group
[2024-10-27 03:51:07.000]  [GetValueFromJsonOrDefault] ErrorCode:0 INFO: Read Imds response field with Name:osType Value: Windows
[2024-10-27 03:51:07.000]  [GetValueFromJsonOrDefault] ErrorCode:0 INFO: Read Imds response field with Name:resourceId Value: /subscriptions/351651ce-5feb-4e59-975d-f1f344e2b717/resourceGroups/AMAWin_group/providers/Microsoft.Compute/virtualMachines/amawin
[2024-10-27 03:51:07.000]  [GetValueFromJsonOrDefault] ErrorCode:0 INFO: Read Imds response field with Name:azEnvironment Value: AzurePublicCloud
[2024-10-27 03:51:07.000]  [SetImdsEnvironmentVariable] ErrorCode:0 INFO: Successfully set Environment variables from Imds
[2024-10-27 03:51:07.000]  [AggregateHeartbeat] ErrorCode:0 INFO: Completed heartbeat aggregation.
[2024-10-27 03:51:30.000]  [WriteStatusToFile] ErrorCode:0 INFO: Sending the status.
[2024-10-27 03:51:30.000]  [WriteHeartbeatToFile] ErrorCode:0 INFO: Sending the heartbeat.
[2024-10-27 03:51:30.000]  [WriteStatusToFile] ErrorCode:0 INFO: Done Sending the status.
[2024-10-27 03:51:30.000]  [WriteHeartbeatToFile] ErrorCode:0 INFO: Done Sending the heartbeat.
[2024-10-27 03:52:00.000]  [WriteHeartbeatToFile] ErrorCode:0 INFO: Sending the heartbeat.
[2024-10-27 03:52:00.000]  [WriteStatusToFile] ErrorCode:0 INFO: Sending the status.
[2024-10-27 03:52:00.000]  [WriteStatusToFile] ErrorCode:0 INFO: Done Sending the status.
[2024-10-27 03:52:00.000]  [WriteHeartbeatToFile] ErrorCode:0 INFO: Done Sending the heartbeat.
[2024-10-27 03:52:30.000]  [WriteStatusToFile] ErrorCode:0 INFO: Sending the status.
[2024-10-27 03:52:30.000]  [WriteHeartbeatToFile] ErrorCode:0 INFO: Sending the heartbeat.
[2024-10-27 03:52:30.000]  [WriteHeartbeatToFile] ErrorCode:0 INFO: Done Sending the heartbeat.
[2024-10-27 03:52:30.000]  [WriteStatusToFile] ErrorCode:0 INFO: Done Sending the status.
[2024-10-27 03:53:00.000]  [WriteHeartbeatToFile] ErrorCode:0 INFO: Sending the heartbeat.
[2024-10-27 03:53:00.000]  [WriteStatusToFile] ErrorCode:0 INFO: Sending the status.
[2024-10-27 03:53:00.000]  [WriteStatusToFile] ErrorCode:0 INFO: Done Sending the status.
[2024-10-27 03:53:00.000]  [WriteHeartbeatToFile] ErrorCode:0 INFO: Done Sending the heartbeat.
[2024-10-27 03:53:30.000]  [WriteStatusToFile] ErrorCode:0 INFO: Sending the status.
[2024-10-27 03:53:30.000]  [WriteHeartbeatToFile] ErrorCode:0 INFO: Sending the heartbeat.
[2024-10-27 03:53:30.000]  [WriteHeartbeatToFile] ErrorCode:0 INFO: Done Sending the heartbeat.
[2024-10-27 03:53:30.000]  [WriteStatusToFile] ErrorCode:0 INFO: Done Sending the status.
[2024-10-27 03:54:00.000]  [WriteHeartbeatToFile] ErrorCode:0 INFO: Sending the heartbeat.
[2024-10-27 03:54:00.000]  [WriteStatusToFile] ErrorCode:0 INFO: Sending the status.
[2024-10-27 03:54:00.000]  [WriteStatusToFile] ErrorCode:0 INFO: Done Sending the status.
[2024-10-27 03:54:00.000]  [WriteHeartbeatToFile] ErrorCode:0 INFO: Done Sending the heartbeat.
[2024-10-27 03:54:30.000]  [WriteStatusToFile] ErrorCode:0 INFO: Sending the status.
[2024-10-27 03:54:30.000]  [WriteHeartbeatToFile] ErrorCode:0 INFO: Sending the heartbeat.
[2024-10-27 03:54:30.000]  [WriteStatusToFile] ErrorCode:0 INFO: Done Sending the status.
[2024-10-27 03:54:30.000]  [WriteHeartbeatToFile] ErrorCode:0 INFO: Done Sending the heartbeat.
[2024-10-27 03:55:00.000]  [WriteHeartbeatToFile] ErrorCode:0 INFO: Sending the heartbeat.
[2024-10-27 03:55:00.000]  [WriteStatusToFile] ErrorCode:0 INFO: Sending the status.
[2024-10-27 03:55:00.000]  [WriteHeartbeatToFile] ErrorCode:0 INFO: Done Sending the heartbeat.
[2024-10-27 03:55:00.000]  [WriteStatusToFile] ErrorCode:0 INFO: Done Sending the status.
[2024-10-27 03:55:30.000]  [WriteHeartbeatToFile] ErrorCode:0 INFO: Sending the heartbeat.
[2024-10-27 03:55:30.000]  [WriteStatusToFile] ErrorCode:0 INFO: Sending the status.
[2024-10-27 03:55:30.000]  [WriteStatusToFile] ErrorCode:0 INFO: Done Sending the status.
[2024-10-27 03:55:30.000]  [WriteHeartbeatToFile] ErrorCode:0 INFO: Done Sending the heartbeat.
[2024-10-27 03:56:00.000]  [WriteHeartbeatToFile] ErrorCode:0 INFO: Sending the heartbeat.
[2024-10-27 03:56:00.000]  [WriteStatusToFile] ErrorCode:0 INFO: Sending the status.
[2024-10-27 03:56:00.000]  [WriteStatusToFile] ErrorCode:0 INFO: Done Sending the status.
[2024-10-27 03:56:00.000]  [WriteHeartbeatToFile] ErrorCode:0 INFO: Done Sending the heartbeat.
[2024-10-27 03:56:07.000]  [AggregateHeartbeat] ErrorCode:0 INFO: Start heartbeat aggregation.
[2024-10-27 03:56:07.000]  [QueryRegValueDWORD] ErrorCode:0 INFO: Query Registry for Key:SOFTWARE\Microsoft\Windows Azure\CurrentVersion\AzureMonitorAgentExtension\46.19.3.0, Name:MaServiceProcess
[2024-10-27 03:56:07.000]  [QueryRegValueDWORD] ErrorCode:0 INFO: Query Registry for Key:SOFTWARE\Microsoft\Windows Azure\CurrentVersion\AzureMonitorAgentExtension\46.19.3.0, Name:MaServiceProcess, Value:6028
[2024-10-27 03:56:07.000]  [FindProcessById] ErrorCode:0 INFO: Attempt to find the process MonAgentLauncher.exe with ID: 6028.
[2024-10-27 03:56:07.000]  [FindProcessById] ErrorCode:0 INFO: Running Process MonAgentLauncher.exe found. ID: 6028.
[2024-10-27 03:56:07.000]  [CheckIfMAServiceIsRunByExtension] ErrorCode:0 INFO: The MA process is running based on the m_registry
[2024-10-27 03:56:07.000]  [QueryRegValueDWORD] ErrorCode:0 INFO: Query Registry for Key:SOFTWARE\Microsoft\Windows Azure\CurrentVersion\AzureMonitorAgentExtension\46.19.3.0, Name:AMAMultitenantServiceProcess
[2024-10-27 03:56:07.000]  [QueryRegValueDWORD] ErrorCode:0 ERROR: RegQueryValueExA: failed to query REG_DWORD value, Key:SOFTWARE\Microsoft\Windows Azure\CurrentVersion\AzureMonitorAgentExtension\46.19.3.0, name=AMAMultitenantServiceProcess, error=2, type=0
[2024-10-27 03:56:07.000]  [CheckIfMAServiceIsRunByExtension] ErrorCode:1205 INFO: Unable to read the m_registry for MA process. Assume it is not running.
[2024-10-27 03:56:07.000]  [AggregateHeartbeat] ErrorCode:0 INFO: Configured MA Service is not running on the node.
[2024-10-27 03:56:07.000]  [SetImdsEnvironmentVariable] ErrorCode:0 INFO: Querying IMDS information
[2024-10-27 03:56:07.000]  [SetImdsEnvironmentVariable] ErrorCode:-1 INFO: Preparing to call IMDS
[2024-10-27 03:56:07.000]  [QueryIMDSEndpoint] ErrorCode:0 INFO: Queried IMDS successfully.
[2024-10-27 03:56:07.000]  [GetValueFromJsonOrDefault] ErrorCode:0 INFO: Read Imds response field with Name:location Value: westus2
[2024-10-27 03:56:07.000]  [GetValueFromJsonOrDefault] ErrorCode:0 INFO: Read Imds response field with Name:name Value: amawin
[2024-10-27 03:56:07.000]  [GetValueFromJsonOrDefault] ErrorCode:0 INFO: Read Imds response field with Name:subscriptionId Value: 351651ce-5feb-4e59-975d-f1f344e2b717
[2024-10-27 03:56:07.000]  [GetValueFromJsonOrDefault] ErrorCode:0 INFO: Read Imds response field with Name:vmId Value: 22afd636-aec1-4782-9055-f85ea283dc20
[2024-10-27 03:56:07.000]  [GetValueFromJsonOrDefault] ErrorCode:0 INFO: Read Imds response field with Name:vmScaleSetName Value: 
[2024-10-27 03:56:07.000]  [GetValueFromJsonOrDefault] ErrorCode:0 INFO: Read Imds response field with Name:resourceGroupName Value: AMAWin_group
[2024-10-27 03:56:07.000]  [GetValueFromJsonOrDefault] ErrorCode:0 INFO: Read Imds response field with Name:osType Value: Windows
[2024-10-27 03:56:07.000]  [GetValueFromJsonOrDefault] ErrorCode:0 INFO: Read Imds response field with Name:resourceId Value: /subscriptions/351651ce-5feb-4e59-975d-f1f344e2b717/resourceGroups/AMAWin_group/providers/Microsoft.Compute/virtualMachines/amawin
[2024-10-27 03:56:07.000]  [GetValueFromJsonOrDefault] ErrorCode:0 INFO: Read Imds response field with Name:azEnvironment Value: AzurePublicCloud
[2024-10-27 03:56:07.000]  [SetImdsEnvironmentVariable] ErrorCode:0 INFO: Successfully set Environment variables from Imds
[2024-10-27 03:56:07.000]  [AggregateHeartbeat] ErrorCode:0 INFO: Completed heartbeat aggregation.
[2024-10-27 03:56:30.000]  [WriteStatusToFile] ErrorCode:0 INFO: Sending the status.
[2024-10-27 03:56:30.000]  [WriteHeartbeatToFile] ErrorCode:0 INFO: Sending the heartbeat.
[2024-10-27 03:56:30.000]  [WriteStatusToFile] ErrorCode:0 INFO: Done Sending the status.
[2024-10-27 03:56:30.000]  [WriteHeartbeatToFile] ErrorCode:0 INFO: Done Sending the heartbeat.
[2024-10-27 03:57:00.000]  [WriteStatusToFile] ErrorCode:0 INFO: Sending the status.
[2024-10-27 03:57:00.000]  [WriteHeartbeatToFile] ErrorCode:0 INFO: Sending the heartbeat.
[2024-10-27 03:57:00.000]  [WriteStatusToFile] ErrorCode:0 INFO: Done Sending the status.
[2024-10-27 03:57:00.000]  [WriteHeartbeatToFile] ErrorCode:0 INFO: Done Sending the heartbeat.
[2024-10-27 03:57:30.000]  [WriteStatusToFile] ErrorCode:0 INFO: Sending the status.
[2024-10-27 03:57:30.000]  [WriteHeartbeatToFile] ErrorCode:0 INFO: Sending the heartbeat.
[2024-10-27 03:57:30.000]  [WriteStatusToFile] ErrorCode:0 INFO: Done Sending the status.
[2024-10-27 03:57:30.000]  [WriteHeartbeatToFile] ErrorCode:0 INFO: Done Sending the heartbeat.
[2024-10-27 03:58:00.000]  [WriteHeartbeatToFile] ErrorCode:0 INFO: Sending the heartbeat.
[2024-10-27 03:58:00.000]  [WriteStatusToFile] ErrorCode:0 INFO: Sending the status.
[2024-10-27 03:58:00.000]  [WriteStatusToFile] ErrorCode:0 INFO: Done Sending the status.
[2024-10-27 03:58:00.000]  [WriteHeartbeatToFile] ErrorCode:0 INFO: Done Sending the heartbeat.
[2024-10-27 03:58:30.000]  [WriteStatusToFile] ErrorCode:0 INFO: Sending the status.
[2024-10-27 03:58:30.000]  [WriteHeartbeatToFile] ErrorCode:0 INFO: Sending the heartbeat.
[2024-10-27 03:58:30.000]  [WriteHeartbeatToFile] ErrorCode:0 INFO: Done Sending the heartbeat.
[2024-10-27 03:58:30.000]  [WriteStatusToFile] ErrorCode:0 INFO: Done Sending the status.
[2024-10-27 03:59:00.000]  [WriteHeartbeatToFile] ErrorCode:0 INFO: Sending the heartbeat.
[2024-10-27 03:59:00.000]  [WriteStatusToFile] ErrorCode:0 INFO: Sending the status.
[2024-10-27 03:59:00.000]  [WriteStatusToFile] ErrorCode:0 INFO: Done Sending the status.
[2024-10-27 03:59:00.000]  [WriteHeartbeatToFile] ErrorCode:0 INFO: Done Sending the heartbeat.
[2024-10-27 03:59:30.000]  [WriteStatusToFile] ErrorCode:0 INFO: Sending the status.
[2024-10-27 03:59:30.000]  [WriteHeartbeatToFile] ErrorCode:0 INFO: Sending the heartbeat.
[2024-10-27 03:59:30.000]  [WriteStatusToFile] ErrorCode:0 INFO: Done Sending the status.
[2024-10-27 03:59:30.000]  [WriteHeartbeatToFile] ErrorCode:0 INFO: Done Sending the heartbeat.
[2024-10-27 04:00:00.000]  [WriteHeartbeatToFile] ErrorCode:0 INFO: Sending the heartbeat.
[2024-10-27 04:00:00.000]  [WriteStatusToFile] ErrorCode:0 INFO: Sending the status.
[2024-10-27 04:00:00.000]  [WriteStatusToFile] ErrorCode:0 INFO: Done Sending the status.
[2024-10-27 04:00:00.000]  [WriteHeartbeatToFile] ErrorCode:0 INFO: Done Sending the heartbeat.
[2024-10-27 04:00:30.000]  [WriteStatusToFile] ErrorCode:0 INFO: Sending the status.
[2024-10-27 04:00:30.000]  [WriteHeartbeatToFile] ErrorCode:0 INFO: Sending the heartbeat.
[2024-10-27 04:00:30.000]  [WriteStatusToFile] ErrorCode:0 INFO: Done Sending the status.
[2024-10-27 04:00:30.000]  [WriteHeartbeatToFile] ErrorCode:0 INFO: Done Sending the heartbeat.
[2024-10-27 04:01:00.000]  [WriteHeartbeatToFile] ErrorCode:0 INFO: Sending the heartbeat.
[2024-10-27 04:01:00.000]  [WriteStatusToFile] ErrorCode:0 INFO: Sending the status.
[2024-10-27 04:01:00.000]  [WriteStatusToFile] ErrorCode:0 INFO: Done Sending the status.
[2024-10-27 04:01:00.000]  [WriteHeartbeatToFile] ErrorCode:0 INFO: Done Sending the heartbeat.
[2024-10-27 04:01:07.000]  [AggregateHeartbeat] ErrorCode:0 INFO: Start heartbeat aggregation.
[2024-10-27 04:01:07.000]  [QueryRegValueDWORD] ErrorCode:0 INFO: Query Registry for Key:SOFTWARE\Microsoft\Windows Azure\CurrentVersion\AzureMonitorAgentExtension\46.19.3.0, Name:MaServiceProcess
[2024-10-27 04:01:07.000]  [QueryRegValueDWORD] ErrorCode:0 INFO: Query Registry for Key:SOFTWARE\Microsoft\Windows Azure\CurrentVersion\AzureMonitorAgentExtension\46.19.3.0, Name:MaServiceProcess, Value:6028
[2024-10-27 04:01:07.000]  [FindProcessById] ErrorCode:0 INFO: Attempt to find the process MonAgentLauncher.exe with ID: 6028.
[2024-10-27 04:01:07.000]  [FindProcessById] ErrorCode:0 INFO: Running Process MonAgentLauncher.exe found. ID: 6028.
[2024-10-27 04:01:07.000]  [CheckIfMAServiceIsRunByExtension] ErrorCode:0 INFO: The MA process is running based on the m_registry
[2024-10-27 04:01:07.000]  [QueryRegValueDWORD] ErrorCode:0 INFO: Query Registry for Key:SOFTWARE\Microsoft\Windows Azure\CurrentVersion\AzureMonitorAgentExtension\46.19.3.0, Name:AMAMultitenantServiceProcess
[2024-10-27 04:01:07.000]  [QueryRegValueDWORD] ErrorCode:0 ERROR: RegQueryValueExA: failed to query REG_DWORD value, Key:SOFTWARE\Microsoft\Windows Azure\CurrentVersion\AzureMonitorAgentExtension\46.19.3.0, name=AMAMultitenantServiceProcess, error=2, type=0
[2024-10-27 04:01:07.000]  [CheckIfMAServiceIsRunByExtension] ErrorCode:1205 INFO: Unable to read the m_registry for MA process. Assume it is not running.
[2024-10-27 04:01:07.000]  [AggregateHeartbeat] ErrorCode:0 INFO: Configured MA Service is not running on the node.
[2024-10-27 04:01:07.000]  [SetImdsEnvironmentVariable] ErrorCode:0 INFO: Querying IMDS information
[2024-10-27 04:01:07.000]  [SetImdsEnvironmentVariable] ErrorCode:-1 INFO: Preparing to call IMDS
[2024-10-27 04:01:07.000]  [QueryIMDSEndpoint] ErrorCode:0 INFO: Queried IMDS successfully.
[2024-10-27 04:01:07.000]  [GetValueFromJsonOrDefault] ErrorCode:0 INFO: Read Imds response field with Name:location Value: westus2
[2024-10-27 04:01:07.000]  [GetValueFromJsonOrDefault] ErrorCode:0 INFO: Read Imds response field with Name:name Value: amawin
[2024-10-27 04:01:07.000]  [GetValueFromJsonOrDefault] ErrorCode:0 INFO: Read Imds response field with Name:subscriptionId Value: 351651ce-5feb-4e59-975d-f1f344e2b717
[2024-10-27 04:01:07.000]  [GetValueFromJsonOrDefault] ErrorCode:0 INFO: Read Imds response field with Name:vmId Value: 22afd636-aec1-4782-9055-f85ea283dc20
[2024-10-27 04:01:07.000]  [GetValueFromJsonOrDefault] ErrorCode:0 INFO: Read Imds response field with Name:vmScaleSetName Value: 
[2024-10-27 04:01:07.000]  [GetValueFromJsonOrDefault] ErrorCode:0 INFO: Read Imds response field with Name:resourceGroupName Value: AMAWin_group
[2024-10-27 04:01:07.000]  [GetValueFromJsonOrDefault] ErrorCode:0 INFO: Read Imds response field with Name:osType Value: Windows
[2024-10-27 04:01:07.000]  [GetValueFromJsonOrDefault] ErrorCode:0 INFO: Read Imds response field with Name:resourceId Value: /subscriptions/351651ce-5feb-4e59-975d-f1f344e2b717/resourceGroups/AMAWin_group/providers/Microsoft.Compute/virtualMachines/amawin
[2024-10-27 04:01:07.000]  [GetValueFromJsonOrDefault] ErrorCode:0 INFO: Read Imds response field with Name:azEnvironment Value: AzurePublicCloud
[2024-10-27 04:01:07.000]  [SetImdsEnvironmentVariable] ErrorCode:0 INFO: Successfully set Environment variables from Imds
[2024-10-27 04:01:07.000]  [AggregateHeartbeat] ErrorCode:0 INFO: Completed heartbeat aggregation.
[2024-10-27 04:01:30.000]  [WriteHeartbeatToFile] ErrorCode:0 INFO: Sending the heartbeat.
[2024-10-27 04:01:30.000]  [WriteStatusToFile] ErrorCode:0 INFO: Sending the status.
[2024-10-27 04:01:30.000]  [WriteStatusToFile] ErrorCode:0 INFO: Done Sending the status.
[2024-10-27 04:01:30.000]  [WriteHeartbeatToFile] ErrorCode:0 INFO: Done Sending the heartbeat.
[2024-10-27 04:02:00.000]  [WriteHeartbeatToFile] ErrorCode:0 INFO: Sending the heartbeat.
[2024-10-27 04:02:00.000]  [WriteStatusToFile] ErrorCode:0 INFO: Sending the status.
[2024-10-27 04:02:00.000]  [WriteStatusToFile] ErrorCode:0 INFO: Done Sending the status.
[2024-10-27 04:02:00.000]  [WriteHeartbeatToFile] ErrorCode:0 INFO: Done Sending the heartbeat.
[2024-10-27 04:02:30.000]  [WriteStatusToFile] ErrorCode:0 INFO: Sending the status.
[2024-10-27 04:02:30.000]  [WriteHeartbeatToFile] ErrorCode:0 INFO: Sending the heartbeat.
[2024-10-27 04:02:30.000]  [WriteStatusToFile] ErrorCode:0 INFO: Done Sending the status.
[2024-10-27 04:02:30.000]  [WriteHeartbeatToFile] ErrorCode:0 INFO: Done Sending the heartbeat.
[2024-10-27 04:03:00.000]  [WriteHeartbeatToFile] ErrorCode:0 INFO: Sending the heartbeat.
[2024-10-27 04:03:00.000]  [WriteStatusToFile] ErrorCode:0 INFO: Sending the status.
[2024-10-27 04:03:00.000]  [WriteHeartbeatToFile] ErrorCode:0 INFO: Done Sending the heartbeat.
[2024-10-27 04:03:00.000]  [WriteStatusToFile] ErrorCode:0 INFO: Done Sending the status.
[2024-10-27 04:03:30.000]  [WriteHeartbeatToFile] ErrorCode:0 INFO: Sending the heartbeat.
[2024-10-27 04:03:30.000]  [WriteStatusToFile] ErrorCode:0 INFO: Sending the status.
[2024-10-27 04:03:30.000]  [WriteStatusToFile] ErrorCode:0 INFO: Done Sending the status.
[2024-10-27 04:03:30.000]  [WriteHeartbeatToFile] ErrorCode:0 INFO: Done Sending the heartbeat.
[2024-10-27 04:04:00.000]  [WriteStatusToFile] ErrorCode:0 INFO: Sending the status.
[2024-10-27 04:04:00.000]  [WriteHeartbeatToFile] ErrorCode:0 INFO: Sending the heartbeat.
[2024-10-27 04:04:00.000]  [WriteHeartbeatToFile] ErrorCode:0 INFO: Done Sending the heartbeat.
[2024-10-27 04:04:00.000]  [WriteStatusToFile] ErrorCode:0 INFO: Done Sending the status.
[2024-10-27 04:04:30.000]  [WriteHeartbeatToFile] ErrorCode:0 INFO: Sending the heartbeat.
[2024-10-27 04:04:30.000]  [WriteStatusToFile] ErrorCode:0 INFO: Sending the status.
[2024-10-27 04:04:30.000]  [WriteStatusToFile] ErrorCode:0 INFO: Done Sending the status.
[2024-10-27 04:04:30.000]  [WriteHeartbeatToFile] ErrorCode:0 INFO: Done Sending the heartbeat.
[2024-10-27 04:05:00.000]  [WriteHeartbeatToFile] ErrorCode:0 INFO: Sending the heartbeat.
[2024-10-27 04:05:00.000]  [WriteStatusToFile] ErrorCode:0 INFO: Sending the status.
[2024-10-27 04:05:00.000]  [WriteHeartbeatToFile] ErrorCode:0 INFO: Done Sending the heartbeat.
[2024-10-27 04:05:00.000]  [WriteStatusToFile] ErrorCode:0 INFO: Done Sending the status.
[2024-10-27 04:05:30.000]  [WriteStatusToFile] ErrorCode:0 INFO: Sending the status.
[2024-10-27 04:05:30.000]  [WriteHeartbeatToFile] ErrorCode:0 INFO: Sending the heartbeat.
[2024-10-27 04:05:30.000]  [WriteStatusToFile] ErrorCode:0 INFO: Done Sending the status.
[2024-10-27 04:05:30.000]  [WriteHeartbeatToFile] ErrorCode:0 INFO: Done Sending the heartbeat.
[2024-10-27 04:06:00.000]  [WriteStatusToFile] ErrorCode:0 INFO: Sending the status.
[2024-10-27 04:06:00.000]  [WriteHeartbeatToFile] ErrorCode:0 INFO: Sending the heartbeat.
[2024-10-27 04:06:00.000]  [WriteStatusToFile] ErrorCode:0 INFO: Done Sending the status.
[2024-10-27 04:06:00.000]  [WriteHeartbeatToFile] ErrorCode:0 INFO: Done Sending the heartbeat.
[2024-10-27 04:06:07.000]  [AggregateHeartbeat] ErrorCode:0 INFO: Start heartbeat aggregation.
[2024-10-27 04:06:07.000]  [QueryRegValueDWORD] ErrorCode:0 INFO: Query Registry for Key:SOFTWARE\Microsoft\Windows Azure\CurrentVersion\AzureMonitorAgentExtension\46.19.3.0, Name:MaServiceProcess
[2024-10-27 04:06:07.000]  [QueryRegValueDWORD] ErrorCode:0 INFO: Query Registry for Key:SOFTWARE\Microsoft\Windows Azure\CurrentVersion\AzureMonitorAgentExtension\46.19.3.0, Name:MaServiceProcess, Value:6028
[2024-10-27 04:06:07.000]  [FindProcessById] ErrorCode:0 INFO: Attempt to find the process MonAgentLauncher.exe with ID: 6028.
[2024-10-27 04:06:07.000]  [FindProcessById] ErrorCode:0 INFO: Running Process MonAgentLauncher.exe found. ID: 6028.
[2024-10-27 04:06:07.000]  [CheckIfMAServiceIsRunByExtension] ErrorCode:0 INFO: The MA process is running based on the m_registry
[2024-10-27 04:06:07.000]  [QueryRegValueDWORD] ErrorCode:0 INFO: Query Registry for Key:SOFTWARE\Microsoft\Windows Azure\CurrentVersion\AzureMonitorAgentExtension\46.19.3.0, Name:AMAMultitenantServiceProcess
[2024-10-27 04:06:07.000]  [QueryRegValueDWORD] ErrorCode:0 ERROR: RegQueryValueExA: failed to query REG_DWORD value, Key:SOFTWARE\Microsoft\Windows Azure\CurrentVersion\AzureMonitorAgentExtension\46.19.3.0, name=AMAMultitenantServiceProcess, error=2, type=0
[2024-10-27 04:06:07.000]  [CheckIfMAServiceIsRunByExtension] ErrorCode:1205 INFO: Unable to read the m_registry for MA process. Assume it is not running.
[2024-10-27 04:06:07.000]  [AggregateHeartbeat] ErrorCode:0 INFO: Configured MA Service is not running on the node.
[2024-10-27 04:06:07.000]  [SetImdsEnvironmentVariable] ErrorCode:0 INFO: Querying IMDS information
[2024-10-27 04:06:07.000]  [SetImdsEnvironmentVariable] ErrorCode:-1 INFO: Preparing to call IMDS
[2024-10-27 04:06:07.000]  [QueryIMDSEndpoint] ErrorCode:0 INFO: Queried IMDS successfully.
[2024-10-27 04:06:07.000]  [GetValueFromJsonOrDefault] ErrorCode:0 INFO: Read Imds response field with Name:location Value: westus2
[2024-10-27 04:06:07.000]  [GetValueFromJsonOrDefault] ErrorCode:0 INFO: Read Imds response field with Name:name Value: amawin
[2024-10-27 04:06:07.000]  [GetValueFromJsonOrDefault] ErrorCode:0 INFO: Read Imds response field with Name:subscriptionId Value: 351651ce-5feb-4e59-975d-f1f344e2b717
[2024-10-27 04:06:07.000]  [GetValueFromJsonOrDefault] ErrorCode:0 INFO: Read Imds response field with Name:vmId Value: 22afd636-aec1-4782-9055-f85ea283dc20
[2024-10-27 04:06:07.000]  [GetValueFromJsonOrDefault] ErrorCode:0 INFO: Read Imds response field with Name:vmScaleSetName Value: 
[2024-10-27 04:06:07.000]  [GetValueFromJsonOrDefault] ErrorCode:0 INFO: Read Imds response field with Name:resourceGroupName Value: AMAWin_group
[2024-10-27 04:06:07.000]  [GetValueFromJsonOrDefault] ErrorCode:0 INFO: Read Imds response field with Name:osType Value: Windows
[2024-10-27 04:06:07.000]  [GetValueFromJsonOrDefault] ErrorCode:0 INFO: Read Imds response field with Name:resourceId Value: /subscriptions/351651ce-5feb-4e59-975d-f1f344e2b717/resourceGroups/AMAWin_group/providers/Microsoft.Compute/virtualMachines/amawin
[2024-10-27 04:06:07.000]  [GetValueFromJsonOrDefault] ErrorCode:0 INFO: Read Imds response field with Name:azEnvironment Value: AzurePublicCloud
[2024-10-27 04:06:07.000]  [SetImdsEnvironmentVariable] ErrorCode:0 INFO: Successfully set Environment variables from Imds
[2024-10-27 04:06:07.000]  [AggregateHeartbeat] ErrorCode:0 INFO: Completed heartbeat aggregation.
[2024-10-27 04:06:30.000]  [WriteHeartbeatToFile] ErrorCode:0 INFO: Sending the heartbeat.
[2024-10-27 04:06:30.000]  [WriteStatusToFile] ErrorCode:0 INFO: Sending the status.
[2024-10-27 04:06:30.000]  [WriteHeartbeatToFile] ErrorCode:0 INFO: Done Sending the heartbeat.
[2024-10-27 04:06:30.000]  [WriteStatusToFile] ErrorCode:0 INFO: Done Sending the status.
[2024-10-27 04:07:00.000]  [WriteHeartbeatToFile] ErrorCode:0 INFO: Sending the heartbeat.
[2024-10-27 04:07:00.000]  [WriteStatusToFile] ErrorCode:0 INFO: Sending the status.
[2024-10-27 04:07:00.000]  [WriteHeartbeatToFile] ErrorCode:0 INFO: Done Sending the heartbeat.
[2024-10-27 04:07:00.000]  [WriteStatusToFile] ErrorCode:0 INFO: Done Sending the status.
[2024-10-27 04:07:30.000]  [WriteHeartbeatToFile] ErrorCode:0 INFO: Sending the heartbeat.
[2024-10-27 04:07:30.000]  [WriteStatusToFile] ErrorCode:0 INFO: Sending the status.
[2024-10-27 04:07:30.000]  [WriteStatusToFile] ErrorCode:0 INFO: Done Sending the status.
[2024-10-27 04:07:30.000]  [WriteHeartbeatToFile] ErrorCode:0 INFO: Done Sending the heartbeat.
[2024-10-27 04:08:00.000]  [WriteStatusToFile] ErrorCode:0 INFO: Sending the status.
[2024-10-27 04:08:00.000]  [WriteHeartbeatToFile] ErrorCode:0 INFO: Sending the heartbeat.
[2024-10-27 04:08:00.000]  [WriteStatusToFile] ErrorCode:0 INFO: Done Sending the status.
[2024-10-27 04:08:00.000]  [WriteHeartbeatToFile] ErrorCode:0 INFO: Done Sending the heartbeat.
[2024-10-27 04:08:30.000]  [WriteStatusToFile] ErrorCode:0 INFO: Sending the status.
[2024-10-27 04:08:30.000]  [WriteHeartbeatToFile] ErrorCode:0 INFO: Sending the heartbeat.
[2024-10-27 04:08:30.000]  [WriteStatusToFile] ErrorCode:0 INFO: Done Sending the status.
[2024-10-27 04:08:30.000]  [WriteHeartbeatToFile] ErrorCode:0 INFO: Done Sending the heartbeat.
[2024-10-27 04:09:00.000]  [WriteStatusToFile] ErrorCode:0 INFO: Sending the status.
[2024-10-27 04:09:00.000]  [WriteHeartbeatToFile] ErrorCode:0 INFO: Sending the heartbeat.
[2024-10-27 04:09:00.000]  [WriteStatusToFile] ErrorCode:0 INFO: Done Sending the status.
[2024-10-27 04:09:00.000]  [WriteHeartbeatToFile] ErrorCode:0 INFO: Done Sending the heartbeat.
[2024-10-27 04:09:30.000]  [WriteStatusToFile] ErrorCode:0 INFO: Sending the status.
[2024-10-27 04:09:30.000]  [WriteHeartbeatToFile] ErrorCode:0 INFO: Sending the heartbeat.
[2024-10-27 04:09:30.000]  [WriteHeartbeatToFile] ErrorCode:0 INFO: Done Sending the heartbeat.
[2024-10-27 04:09:30.000]  [WriteStatusToFile] ErrorCode:0 INFO: Done Sending the status.
[2024-10-27 04:10:00.000]  [WriteStatusToFile] ErrorCode:0 INFO: Sending the status.
[2024-10-27 04:10:00.000]  [WriteHeartbeatToFile] ErrorCode:0 INFO: Sending the heartbeat.
[2024-10-27 04:10:00.000]  [WriteStatusToFile] ErrorCode:0 INFO: Done Sending the status.
[2024-10-27 04:10:00.000]  [WriteHeartbeatToFile] ErrorCode:0 INFO: Done Sending the heartbeat.
[2024-10-27 04:10:30.000]  [WriteStatusToFile] ErrorCode:0 INFO: Sending the status.
[2024-10-27 04:10:30.000]  [WriteHeartbeatToFile] ErrorCode:0 INFO: Sending the heartbeat.
[2024-10-27 04:10:30.000]  [WriteStatusToFile] ErrorCode:0 INFO: Done Sending the status.
[2024-10-27 04:10:30.000]  [WriteHeartbeatToFile] ErrorCode:0 INFO: Done Sending the heartbeat.
[2024-10-27 04:11:00.000]  [WriteStatusToFile] ErrorCode:0 INFO: Sending the status.
[2024-10-27 04:11:00.000]  [WriteHeartbeatToFile] ErrorCode:0 INFO: Sending the heartbeat.
[2024-10-27 04:11:00.000]  [WriteHeartbeatToFile] ErrorCode:0 INFO: Done Sending the heartbeat.
[2024-10-27 04:11:00.000]  [WriteStatusToFile] ErrorCode:0 INFO: Done Sending the status.
[2024-10-27 04:11:07.000]  [AggregateHeartbeat] ErrorCode:0 INFO: Start heartbeat aggregation.
[2024-10-27 04:11:07.000]  [QueryRegValueDWORD] ErrorCode:0 INFO: Query Registry for Key:SOFTWARE\Microsoft\Windows Azure\CurrentVersion\AzureMonitorAgentExtension\46.19.3.0, Name:MaServiceProcess
[2024-10-27 04:11:07.000]  [QueryRegValueDWORD] ErrorCode:0 INFO: Query Registry for Key:SOFTWARE\Microsoft\Windows Azure\CurrentVersion\AzureMonitorAgentExtension\46.19.3.0, Name:MaServiceProcess, Value:6028
[2024-10-27 04:11:07.000]  [FindProcessById] ErrorCode:0 INFO: Attempt to find the process MonAgentLauncher.exe with ID: 6028.
[2024-10-27 04:11:07.000]  [FindProcessById] ErrorCode:0 INFO: Running Process MonAgentLauncher.exe found. ID: 6028.
[2024-10-27 04:11:07.000]  [CheckIfMAServiceIsRunByExtension] ErrorCode:0 INFO: The MA process is running based on the m_registry
[2024-10-27 04:11:07.000]  [QueryRegValueDWORD] ErrorCode:0 INFO: Query Registry for Key:SOFTWARE\Microsoft\Windows Azure\CurrentVersion\AzureMonitorAgentExtension\46.19.3.0, Name:AMAMultitenantServiceProcess
[2024-10-27 04:11:07.000]  [QueryRegValueDWORD] ErrorCode:0 ERROR: RegQueryValueExA: failed to query REG_DWORD value, Key:SOFTWARE\Microsoft\Windows Azure\CurrentVersion\AzureMonitorAgentExtension\46.19.3.0, name=AMAMultitenantServiceProcess, error=2, type=0
[2024-10-27 04:11:07.000]  [CheckIfMAServiceIsRunByExtension] ErrorCode:1205 INFO: Unable to read the m_registry for MA process. Assume it is not running.
[2024-10-27 04:11:07.000]  [AggregateHeartbeat] ErrorCode:0 INFO: Configured MA Service is not running on the node.
[2024-10-27 04:11:07.000]  [SetImdsEnvironmentVariable] ErrorCode:0 INFO: Querying IMDS information
[2024-10-27 04:11:07.000]  [SetImdsEnvironmentVariable] ErrorCode:-1 INFO: Preparing to call IMDS
[2024-10-27 04:11:07.000]  [QueryIMDSEndpoint] ErrorCode:0 INFO: Queried IMDS successfully.
[2024-10-27 04:11:07.000]  [GetValueFromJsonOrDefault] ErrorCode:0 INFO: Read Imds response field with Name:location Value: westus2
[2024-10-27 04:11:07.000]  [GetValueFromJsonOrDefault] ErrorCode:0 INFO: Read Imds response field with Name:name Value: amawin
[2024-10-27 04:11:07.000]  [GetValueFromJsonOrDefault] ErrorCode:0 INFO: Read Imds response field with Name:subscriptionId Value: 351651ce-5feb-4e59-975d-f1f344e2b717
[2024-10-27 04:11:07.000]  [GetValueFromJsonOrDefault] ErrorCode:0 INFO: Read Imds response field with Name:vmId Value: 22afd636-aec1-4782-9055-f85ea283dc20
[2024-10-27 04:11:07.000]  [GetValueFromJsonOrDefault] ErrorCode:0 INFO: Read Imds response field with Name:vmScaleSetName Value: 
[2024-10-27 04:11:07.000]  [GetValueFromJsonOrDefault] ErrorCode:0 INFO: Read Imds response field with Name:resourceGroupName Value: AMAWin_group
[2024-10-27 04:11:07.000]  [GetValueFromJsonOrDefault] ErrorCode:0 INFO: Read Imds response field with Name:osType Value: Windows
[2024-10-27 04:11:07.000]  [GetValueFromJsonOrDefault] ErrorCode:0 INFO: Read Imds response field with Name:resourceId Value: /subscriptions/351651ce-5feb-4e59-975d-f1f344e2b717/resourceGroups/AMAWin_group/providers/Microsoft.Compute/virtualMachines/amawin
[2024-10-27 04:11:07.000]  [GetValueFromJsonOrDefault] ErrorCode:0 INFO: Read Imds response field with Name:azEnvironment Value: AzurePublicCloud
[2024-10-27 04:11:07.000]  [SetImdsEnvironmentVariable] ErrorCode:0 INFO: Successfully set Environment variables from Imds
[2024-10-27 04:11:07.000]  [AggregateHeartbeat] ErrorCode:0 INFO: Completed heartbeat aggregation.
[2024-10-27 04:11:30.000]  [WriteHeartbeatToFile] ErrorCode:0 INFO: Sending the heartbeat.
[2024-10-27 04:11:30.000]  [WriteStatusToFile] ErrorCode:0 INFO: Sending the status.
[2024-10-27 04:11:30.000]  [WriteStatusToFile] ErrorCode:0 INFO: Done Sending the status.
[2024-10-27 04:11:30.000]  [WriteHeartbeatToFile] ErrorCode:0 INFO: Done Sending the heartbeat.
[2024-10-27 04:12:00.000]  [WriteStatusToFile] ErrorCode:0 INFO: Sending the status.
[2024-10-27 04:12:00.000]  [WriteHeartbeatToFile] ErrorCode:0 INFO: Sending the heartbeat.
[2024-10-27 04:12:00.000]  [WriteHeartbeatToFile] ErrorCode:0 INFO: Done Sending the heartbeat.
[2024-10-27 04:12:00.000]  [WriteStatusToFile] ErrorCode:0 INFO: Done Sending the status.
[2024-10-27 04:12:30.000]  [WriteStatusToFile] ErrorCode:0 INFO: Sending the status.
[2024-10-27 04:12:30.000]  [WriteHeartbeatToFile] ErrorCode:0 INFO: Sending the heartbeat.
[2024-10-27 04:12:30.000]  [WriteStatusToFile] ErrorCode:0 INFO: Done Sending the status.
[2024-10-27 04:12:30.000]  [WriteHeartbeatToFile] ErrorCode:0 INFO: Done Sending the heartbeat.
[2024-10-27 04:13:00.000]  [WriteStatusToFile] ErrorCode:0 INFO: Sending the status.
[2024-10-27 04:13:00.000]  [WriteHeartbeatToFile] ErrorCode:0 INFO: Sending the heartbeat.
[2024-10-27 04:13:00.000]  [WriteStatusToFile] ErrorCode:0 INFO: Done Sending the status.
[2024-10-27 04:13:00.000]  [WriteHeartbeatToFile] ErrorCode:0 INFO: Done Sending the heartbeat.
[2024-10-27 04:13:30.000]  [WriteStatusToFile] ErrorCode:0 INFO: Sending the status.
[2024-10-27 04:13:30.000]  [WriteHeartbeatToFile] ErrorCode:0 INFO: Sending the heartbeat.
[2024-10-27 04:13:30.000]  [WriteHeartbeatToFile] ErrorCode:0 INFO: Done Sending the heartbeat.
[2024-10-27 04:13:30.000]  [WriteStatusToFile] ErrorCode:0 INFO: Done Sending the status.
[2024-10-27 04:14:00.000]  [WriteStatusToFile] ErrorCode:0 INFO: Sending the status.
[2024-10-27 04:14:00.000]  [WriteHeartbeatToFile] ErrorCode:0 INFO: Sending the heartbeat.
[2024-10-27 04:14:00.000]  [WriteHeartbeatToFile] ErrorCode:0 INFO: Done Sending the heartbeat.
[2024-10-27 04:14:00.000]  [WriteStatusToFile] ErrorCode:0 INFO: Done Sending the status.
[2024-10-27 04:14:30.000]  [WriteHeartbeatToFile] ErrorCode:0 INFO: Sending the heartbeat.
[2024-10-27 04:14:30.000]  [WriteStatusToFile] ErrorCode:0 INFO: Sending the status.
[2024-10-27 04:14:30.000]  [WriteStatusToFile] ErrorCode:0 INFO: Done Sending the status.
[2024-10-27 04:14:30.000]  [WriteHeartbeatToFile] ErrorCode:0 INFO: Done Sending the heartbeat.
[2024-10-27 04:15:00.000]  [WriteStatusToFile] ErrorCode:0 INFO: Sending the status.
[2024-10-27 04:15:00.000]  [WriteHeartbeatToFile] ErrorCode:0 INFO: Sending the heartbeat.
[2024-10-27 04:15:00.000]  [WriteHeartbeatToFile] ErrorCode:0 INFO: Done Sending the heartbeat.
[2024-10-27 04:15:00.000]  [WriteStatusToFile] ErrorCode:0 INFO: Done Sending the status.
[2024-10-27 04:15:30.000]  [WriteHeartbeatToFile] ErrorCode:0 INFO: Sending the heartbeat.
[2024-10-27 04:15:30.000]  [WriteStatusToFile] ErrorCode:0 INFO: Sending the status.
[2024-10-27 04:15:30.000]  [WriteStatusToFile] ErrorCode:0 INFO: Done Sending the status.
[2024-10-27 04:15:30.000]  [WriteHeartbeatToFile] ErrorCode:0 INFO: Done Sending the heartbeat.
[2024-10-27 04:16:00.000]  [WriteHeartbeatToFile] ErrorCode:0 INFO: Sending the heartbeat.
[2024-10-27 04:16:00.000]  [WriteStatusToFile] ErrorCode:0 INFO: Sending the status.
[2024-10-27 04:16:00.000]  [WriteStatusToFile] ErrorCode:0 INFO: Done Sending the status.
[2024-10-27 04:16:00.000]  [WriteHeartbeatToFile] ErrorCode:0 INFO: Done Sending the heartbeat.
[2024-10-27 04:16:07.000]  [AggregateHeartbeat] ErrorCode:0 INFO: Start heartbeat aggregation.
[2024-10-27 04:16:07.000]  [QueryRegValueDWORD] ErrorCode:0 INFO: Query Registry for Key:SOFTWARE\Microsoft\Windows Azure\CurrentVersion\AzureMonitorAgentExtension\46.19.3.0, Name:MaServiceProcess
[2024-10-27 04:16:07.000]  [QueryRegValueDWORD] ErrorCode:0 INFO: Query Registry for Key:SOFTWARE\Microsoft\Windows Azure\CurrentVersion\AzureMonitorAgentExtension\46.19.3.0, Name:MaServiceProcess, Value:6028
[2024-10-27 04:16:07.000]  [FindProcessById] ErrorCode:0 INFO: Attempt to find the process MonAgentLauncher.exe with ID: 6028.
[2024-10-27 04:16:07.000]  [FindProcessById] ErrorCode:0 INFO: Running Process MonAgentLauncher.exe found. ID: 6028.
[2024-10-27 04:16:07.000]  [CheckIfMAServiceIsRunByExtension] ErrorCode:0 INFO: The MA process is running based on the m_registry
[2024-10-27 04:16:07.000]  [QueryRegValueDWORD] ErrorCode:0 INFO: Query Registry for Key:SOFTWARE\Microsoft\Windows Azure\CurrentVersion\AzureMonitorAgentExtension\46.19.3.0, Name:AMAMultitenantServiceProcess
[2024-10-27 04:16:07.000]  [QueryRegValueDWORD] ErrorCode:0 ERROR: RegQueryValueExA: failed to query REG_DWORD value, Key:SOFTWARE\Microsoft\Windows Azure\CurrentVersion\AzureMonitorAgentExtension\46.19.3.0, name=AMAMultitenantServiceProcess, error=2, type=0
[2024-10-27 04:16:07.000]  [CheckIfMAServiceIsRunByExtension] ErrorCode:1205 INFO: Unable to read the m_registry for MA process. Assume it is not running.
[2024-10-27 04:16:07.000]  [AggregateHeartbeat] ErrorCode:0 INFO: Configured MA Service is not running on the node.
[2024-10-27 04:16:07.000]  [SetImdsEnvironmentVariable] ErrorCode:0 INFO: Querying IMDS information
[2024-10-27 04:16:07.000]  [SetImdsEnvironmentVariable] ErrorCode:-1 INFO: Preparing to call IMDS
[2024-10-27 04:16:07.000]  [QueryIMDSEndpoint] ErrorCode:0 INFO: Queried IMDS successfully.
[2024-10-27 04:16:07.000]  [GetValueFromJsonOrDefault] ErrorCode:0 INFO: Read Imds response field with Name:location Value: westus2
[2024-10-27 04:16:07.000]  [GetValueFromJsonOrDefault] ErrorCode:0 INFO: Read Imds response field with Name:name Value: amawin
[2024-10-27 04:16:07.000]  [GetValueFromJsonOrDefault] ErrorCode:0 INFO: Read Imds response field with Name:subscriptionId Value: 351651ce-5feb-4e59-975d-f1f344e2b717
[2024-10-27 04:16:07.000]  [GetValueFromJsonOrDefault] ErrorCode:0 INFO: Read Imds response field with Name:vmId Value: 22afd636-aec1-4782-9055-f85ea283dc20
[2024-10-27 04:16:07.000]  [GetValueFromJsonOrDefault] ErrorCode:0 INFO: Read Imds response field with Name:vmScaleSetName Value: 
[2024-10-27 04:16:07.000]  [GetValueFromJsonOrDefault] ErrorCode:0 INFO: Read Imds response field with Name:resourceGroupName Value: AMAWin_group
[2024-10-27 04:16:07.000]  [GetValueFromJsonOrDefault] ErrorCode:0 INFO: Read Imds response field with Name:osType Value: Windows
[2024-10-27 04:16:07.000]  [GetValueFromJsonOrDefault] ErrorCode:0 INFO: Read Imds response field with Name:resourceId Value: /subscriptions/351651ce-5feb-4e59-975d-f1f344e2b717/resourceGroups/AMAWin_group/providers/Microsoft.Compute/virtualMachines/amawin
[2024-10-27 04:16:07.000]  [GetValueFromJsonOrDefault] ErrorCode:0 INFO: Read Imds response field with Name:azEnvironment Value: AzurePublicCloud
[2024-10-27 04:16:07.000]  [SetImdsEnvironmentVariable] ErrorCode:0 INFO: Successfully set Environment variables from Imds
[2024-10-27 04:16:07.000]  [AggregateHeartbeat] ErrorCode:0 INFO: Completed heartbeat aggregation.
[2024-10-27 04:16:30.000]  [WriteHeartbeatToFile] ErrorCode:0 INFO: Sending the heartbeat.
[2024-10-27 04:16:30.000]  [WriteStatusToFile] ErrorCode:0 INFO: Sending the status.
[2024-10-27 04:16:30.000]  [WriteHeartbeatToFile] ErrorCode:0 INFO: Done Sending the heartbeat.
[2024-10-27 04:16:30.000]  [WriteStatusToFile] ErrorCode:0 INFO: Done Sending the status.
[2024-10-27 04:17:00.000]  [WriteStatusToFile] ErrorCode:0 INFO: Sending the status.
[2024-10-27 04:17:00.000]  [WriteHeartbeatToFile] ErrorCode:0 INFO: Sending the heartbeat.
[2024-10-27 04:17:00.000]  [WriteStatusToFile] ErrorCode:0 INFO: Done Sending the status.
[2024-10-27 04:17:00.000]  [WriteHeartbeatToFile] ErrorCode:0 INFO: Done Sending the heartbeat.
[2024-10-27 04:17:30.000]  [WriteStatusToFile] ErrorCode:0 INFO: Sending the status.
[2024-10-27 04:17:30.000]  [WriteHeartbeatToFile] ErrorCode:0 INFO: Sending the heartbeat.
[2024-10-27 04:17:30.000]  [WriteHeartbeatToFile] ErrorCode:0 INFO: Done Sending the heartbeat.
[2024-10-27 04:17:30.000]  [WriteStatusToFile] ErrorCode:0 INFO: Done Sending the status.
[2024-10-27 04:18:00.000]  [WriteStatusToFile] ErrorCode:0 INFO: Sending the status.
[2024-10-27 04:18:00.000]  [WriteHeartbeatToFile] ErrorCode:0 INFO: Sending the heartbeat.
[2024-10-27 04:18:00.000]  [WriteStatusToFile] ErrorCode:0 INFO: Done Sending the status.
[2024-10-27 04:18:00.000]  [WriteHeartbeatToFile] ErrorCode:0 INFO: Done Sending the heartbeat.
[2024-10-27 04:18:30.000]  [WriteStatusToFile] ErrorCode:0 INFO: Sending the status.
[2024-10-27 04:18:30.000]  [WriteHeartbeatToFile] ErrorCode:0 INFO: Sending the heartbeat.
[2024-10-27 04:18:30.000]  [WriteHeartbeatToFile] ErrorCode:0 INFO: Done Sending the heartbeat.
[2024-10-27 04:18:30.000]  [WriteStatusToFile] ErrorCode:0 INFO: Done Sending the status.
[2024-10-27 04:19:00.000]  [WriteHeartbeatToFile] ErrorCode:0 INFO: Sending the heartbeat.
[2024-10-27 04:19:00.000]  [WriteStatusToFile] ErrorCode:0 INFO: Sending the status.
[2024-10-27 04:19:00.000]  [WriteStatusToFile] ErrorCode:0 INFO: Done Sending the status.
[2024-10-27 04:19:00.000]  [WriteHeartbeatToFile] ErrorCode:0 INFO: Done Sending the heartbeat.
[2024-10-27 04:19:30.000]  [WriteStatusToFile] ErrorCode:0 INFO: Sending the status.
[2024-10-27 04:19:30.000]  [WriteHeartbeatToFile] ErrorCode:0 INFO: Sending the heartbeat.
[2024-10-27 04:19:30.000]  [WriteStatusToFile] ErrorCode:0 INFO: Done Sending the status.
[2024-10-27 04:19:30.000]  [WriteHeartbeatToFile] ErrorCode:0 INFO: Done Sending the heartbeat.
[2024-10-27 04:20:00.000]  [WriteHeartbeatToFile] ErrorCode:0 INFO: Sending the heartbeat.
[2024-10-27 04:20:00.000]  [WriteStatusToFile] ErrorCode:0 INFO: Sending the status.
[2024-10-27 04:20:00.000]  [WriteStatusToFile] ErrorCode:0 INFO: Done Sending the status.
[2024-10-27 04:20:00.000]  [WriteHeartbeatToFile] ErrorCode:0 INFO: Done Sending the heartbeat.
[2024-10-27 04:20:30.000]  [WriteStatusToFile] ErrorCode:0 INFO: Sending the status.
[2024-10-27 04:20:30.000]  [WriteHeartbeatToFile] ErrorCode:0 INFO: Sending the heartbeat.
[2024-10-27 04:20:30.000]  [WriteHeartbeatToFile] ErrorCode:0 INFO: Done Sending the heartbeat.
[2024-10-27 04:20:30.000]  [WriteStatusToFile] ErrorCode:0 INFO: Done Sending the status.
[2024-10-27 04:21:00.000]  [WriteStatusToFile] ErrorCode:0 INFO: Sending the status.
[2024-10-27 04:21:00.000]  [WriteHeartbeatToFile] ErrorCode:0 INFO: Sending the heartbeat.
[2024-10-27 04:21:00.000]  [WriteStatusToFile] ErrorCode:0 INFO: Done Sending the status.
[2024-10-27 04:21:00.000]  [WriteHeartbeatToFile] ErrorCode:0 INFO: Done Sending the heartbeat.
[2024-10-27 04:21:07.000]  [AggregateHeartbeat] ErrorCode:0 INFO: Start heartbeat aggregation.
[2024-10-27 04:21:07.000]  [QueryRegValueDWORD] ErrorCode:0 INFO: Query Registry for Key:SOFTWARE\Microsoft\Windows Azure\CurrentVersion\AzureMonitorAgentExtension\46.19.3.0, Name:MaServiceProcess
[2024-10-27 04:21:07.000]  [QueryRegValueDWORD] ErrorCode:0 INFO: Query Registry for Key:SOFTWARE\Microsoft\Windows Azure\CurrentVersion\AzureMonitorAgentExtension\46.19.3.0, Name:MaServiceProcess, Value:6028
[2024-10-27 04:21:07.000]  [FindProcessById] ErrorCode:0 INFO: Attempt to find the process MonAgentLauncher.exe with ID: 6028.
[2024-10-27 04:21:08.000]  [FindProcessById] ErrorCode:0 INFO: Running Process MonAgentLauncher.exe found. ID: 6028.
[2024-10-27 04:21:08.000]  [CheckIfMAServiceIsRunByExtension] ErrorCode:0 INFO: The MA process is running based on the m_registry
[2024-10-27 04:21:08.000]  [QueryRegValueDWORD] ErrorCode:0 INFO: Query Registry for Key:SOFTWARE\Microsoft\Windows Azure\CurrentVersion\AzureMonitorAgentExtension\46.19.3.0, Name:AMAMultitenantServiceProcess
[2024-10-27 04:21:08.000]  [QueryRegValueDWORD] ErrorCode:0 ERROR: RegQueryValueExA: failed to query REG_DWORD value, Key:SOFTWARE\Microsoft\Windows Azure\CurrentVersion\AzureMonitorAgentExtension\46.19.3.0, name=AMAMultitenantServiceProcess, error=2, type=0
[2024-10-27 04:21:08.000]  [CheckIfMAServiceIsRunByExtension] ErrorCode:1205 INFO: Unable to read the m_registry for MA process. Assume it is not running.
[2024-10-27 04:21:08.000]  [AggregateHeartbeat] ErrorCode:0 INFO: Configured MA Service is not running on the node.
[2024-10-27 04:21:08.000]  [SetImdsEnvironmentVariable] ErrorCode:0 INFO: Querying IMDS information
[2024-10-27 04:21:08.000]  [SetImdsEnvironmentVariable] ErrorCode:-1 INFO: Preparing to call IMDS
[2024-10-27 04:21:08.000]  [QueryIMDSEndpoint] ErrorCode:0 INFO: Queried IMDS successfully.
[2024-10-27 04:21:08.000]  [GetValueFromJsonOrDefault] ErrorCode:0 INFO: Read Imds response field with Name:location Value: westus2
[2024-10-27 04:21:08.000]  [GetValueFromJsonOrDefault] ErrorCode:0 INFO: Read Imds response field with Name:name Value: amawin
[2024-10-27 04:21:08.000]  [GetValueFromJsonOrDefault] ErrorCode:0 INFO: Read Imds response field with Name:subscriptionId Value: 351651ce-5feb-4e59-975d-f1f344e2b717
[2024-10-27 04:21:08.000]  [GetValueFromJsonOrDefault] ErrorCode:0 INFO: Read Imds response field with Name:vmId Value: 22afd636-aec1-4782-9055-f85ea283dc20
[2024-10-27 04:21:08.000]  [GetValueFromJsonOrDefault] ErrorCode:0 INFO: Read Imds response field with Name:vmScaleSetName Value: 
[2024-10-27 04:21:08.000]  [GetValueFromJsonOrDefault] ErrorCode:0 INFO: Read Imds response field with Name:resourceGroupName Value: AMAWin_group
[2024-10-27 04:21:08.000]  [GetValueFromJsonOrDefault] ErrorCode:0 INFO: Read Imds response field with Name:osType Value: Windows
[2024-10-27 04:21:08.000]  [GetValueFromJsonOrDefault] ErrorCode:0 INFO: Read Imds response field with Name:resourceId Value: /subscriptions/351651ce-5feb-4e59-975d-f1f344e2b717/resourceGroups/AMAWin_group/providers/Microsoft.Compute/virtualMachines/amawin
[2024-10-27 04:21:08.000]  [GetValueFromJsonOrDefault] ErrorCode:0 INFO: Read Imds response field with Name:azEnvironment Value: AzurePublicCloud
[2024-10-27 04:21:08.000]  [SetImdsEnvironmentVariable] ErrorCode:0 INFO: Successfully set Environment variables from Imds
[2024-10-27 04:21:08.000]  [AggregateHeartbeat] ErrorCode:0 INFO: Completed heartbeat aggregation.
[2024-10-27 04:21:30.000]  [WriteHeartbeatToFile] ErrorCode:0 INFO: Sending the heartbeat.
[2024-10-27 04:21:30.000]  [WriteStatusToFile] ErrorCode:0 INFO: Sending the status.
[2024-10-27 04:21:30.000]  [WriteStatusToFile] ErrorCode:0 INFO: Done Sending the status.
[2024-10-27 04:21:30.000]  [WriteHeartbeatToFile] ErrorCode:0 INFO: Done Sending the heartbeat.
[2024-10-27 04:22:00.000]  [WriteHeartbeatToFile] ErrorCode:0 INFO: Sending the heartbeat.
[2024-10-27 04:22:00.000]  [WriteStatusToFile] ErrorCode:0 INFO: Sending the status.
[2024-10-27 04:22:00.000]  [WriteHeartbeatToFile] ErrorCode:0 INFO: Done Sending the heartbeat.
[2024-10-27 04:22:00.000]  [WriteStatusToFile] ErrorCode:0 INFO: Done Sending the status.
[2024-10-27 04:22:30.000]  [WriteStatusToFile] ErrorCode:0 INFO: Sending the status.
[2024-10-27 04:22:30.000]  [WriteHeartbeatToFile] ErrorCode:0 INFO: Sending the heartbeat.
[2024-10-27 04:22:30.000]  [WriteStatusToFile] ErrorCode:0 INFO: Done Sending the status.
[2024-10-27 04:22:30.000]  [WriteHeartbeatToFile] ErrorCode:0 INFO: Done Sending the heartbeat.
[2024-10-27 04:23:00.000]  [WriteStatusToFile] ErrorCode:0 INFO: Sending the status.
[2024-10-27 04:23:00.000]  [WriteHeartbeatToFile] ErrorCode:0 INFO: Sending the heartbeat.
[2024-10-27 04:23:00.000]  [WriteHeartbeatToFile] ErrorCode:0 INFO: Done Sending the heartbeat.
[2024-10-27 04:23:00.000]  [WriteStatusToFile] ErrorCode:0 INFO: Done Sending the status.
[2024-10-27 04:23:30.000]  [WriteStatusToFile] ErrorCode:0 INFO: Sending the status.
[2024-10-27 04:23:30.000]  [WriteHeartbeatToFile] ErrorCode:0 INFO: Sending the heartbeat.
[2024-10-27 04:23:30.000]  [WriteHeartbeatToFile] ErrorCode:0 INFO: Done Sending the heartbeat.
[2024-10-27 04:23:30.000]  [WriteStatusToFile] ErrorCode:0 INFO: Done Sending the status.
[2024-10-27 04:24:00.000]  [WriteHeartbeatToFile] ErrorCode:0 INFO: Sending the heartbeat.
[2024-10-27 04:24:00.000]  [WriteStatusToFile] ErrorCode:0 INFO: Sending the status.
[2024-10-27 04:24:00.000]  [WriteStatusToFile] ErrorCode:0 INFO: Done Sending the status.
[2024-10-27 04:24:00.000]  [WriteHeartbeatToFile] ErrorCode:0 INFO: Done Sending the heartbeat.
[2024-10-27 04:24:30.000]  [WriteHeartbeatToFile] ErrorCode:0 INFO: Sending the heartbeat.
[2024-10-27 04:24:30.000]  [WriteStatusToFile] ErrorCode:0 INFO: Sending the status.
[2024-10-27 04:24:30.000]  [WriteStatusToFile] ErrorCode:0 INFO: Done Sending the status.
[2024-10-27 04:24:30.000]  [WriteHeartbeatToFile] ErrorCode:0 INFO: Done Sending the heartbeat.
[2024-10-27 04:25:00.000]  [WriteHeartbeatToFile] ErrorCode:0 INFO: Sending the heartbeat.
[2024-10-27 04:25:00.000]  [WriteStatusToFile] ErrorCode:0 INFO: Sending the status.
[2024-10-27 04:25:00.000]  [WriteStatusToFile] ErrorCode:0 INFO: Done Sending the status.
[2024-10-27 04:25:00.000]  [WriteHeartbeatToFile] ErrorCode:0 INFO: Done Sending the heartbeat.
[2024-10-27 04:25:30.000]  [WriteStatusToFile] ErrorCode:0 INFO: Sending the status.
[2024-10-27 04:25:30.000]  [WriteHeartbeatToFile] ErrorCode:0 INFO: Sending the heartbeat.
[2024-10-27 04:25:30.000]  [WriteStatusToFile] ErrorCode:0 INFO: Done Sending the status.
[2024-10-27 04:25:30.000]  [WriteHeartbeatToFile] ErrorCode:0 INFO: Done Sending the heartbeat.
[2024-10-27 04:26:00.000]  [WriteHeartbeatToFile] ErrorCode:0 INFO: Sending the heartbeat.
[2024-10-27 04:26:00.000]  [WriteStatusToFile] ErrorCode:0 INFO: Sending the status.
[2024-10-27 04:26:00.000]  [WriteStatusToFile] ErrorCode:0 INFO: Done Sending the status.
[2024-10-27 04:26:00.000]  [WriteHeartbeatToFile] ErrorCode:0 INFO: Done Sending the heartbeat.
[2024-10-27 04:26:08.000]  [AggregateHeartbeat] ErrorCode:0 INFO: Start heartbeat aggregation.
[2024-10-27 04:26:08.000]  [QueryRegValueDWORD] ErrorCode:0 INFO: Query Registry for Key:SOFTWARE\Microsoft\Windows Azure\CurrentVersion\AzureMonitorAgentExtension\46.19.3.0, Name:MaServiceProcess
[2024-10-27 04:26:08.000]  [QueryRegValueDWORD] ErrorCode:0 INFO: Query Registry for Key:SOFTWARE\Microsoft\Windows Azure\CurrentVersion\AzureMonitorAgentExtension\46.19.3.0, Name:MaServiceProcess, Value:6028
[2024-10-27 04:26:08.000]  [FindProcessById] ErrorCode:0 INFO: Attempt to find the process MonAgentLauncher.exe with ID: 6028.
[2024-10-27 04:26:08.000]  [FindProcessById] ErrorCode:0 INFO: Running Process MonAgentLauncher.exe found. ID: 6028.
[2024-10-27 04:26:08.000]  [CheckIfMAServiceIsRunByExtension] ErrorCode:0 INFO: The MA process is running based on the m_registry
[2024-10-27 04:26:08.000]  [QueryRegValueDWORD] ErrorCode:0 INFO: Query Registry for Key:SOFTWARE\Microsoft\Windows Azure\CurrentVersion\AzureMonitorAgentExtension\46.19.3.0, Name:AMAMultitenantServiceProcess
[2024-10-27 04:26:08.000]  [QueryRegValueDWORD] ErrorCode:0 ERROR: RegQueryValueExA: failed to query REG_DWORD value, Key:SOFTWARE\Microsoft\Windows Azure\CurrentVersion\AzureMonitorAgentExtension\46.19.3.0, name=AMAMultitenantServiceProcess, error=2, type=0
[2024-10-27 04:26:08.000]  [CheckIfMAServiceIsRunByExtension] ErrorCode:1205 INFO: Unable to read the m_registry for MA process. Assume it is not running.
[2024-10-27 04:26:08.000]  [AggregateHeartbeat] ErrorCode:0 INFO: Configured MA Service is not running on the node.
[2024-10-27 04:26:08.000]  [SetImdsEnvironmentVariable] ErrorCode:0 INFO: Querying IMDS information
[2024-10-27 04:26:08.000]  [SetImdsEnvironmentVariable] ErrorCode:-1 INFO: Preparing to call IMDS
[2024-10-27 04:26:08.000]  [QueryIMDSEndpoint] ErrorCode:0 INFO: Queried IMDS successfully.
[2024-10-27 04:26:08.000]  [GetValueFromJsonOrDefault] ErrorCode:0 INFO: Read Imds response field with Name:location Value: westus2
[2024-10-27 04:26:08.000]  [GetValueFromJsonOrDefault] ErrorCode:0 INFO: Read Imds response field with Name:name Value: amawin
[2024-10-27 04:26:08.000]  [GetValueFromJsonOrDefault] ErrorCode:0 INFO: Read Imds response field with Name:subscriptionId Value: 351651ce-5feb-4e59-975d-f1f344e2b717
[2024-10-27 04:26:08.000]  [GetValueFromJsonOrDefault] ErrorCode:0 INFO: Read Imds response field with Name:vmId Value: 22afd636-aec1-4782-9055-f85ea283dc20
[2024-10-27 04:26:08.000]  [GetValueFromJsonOrDefault] ErrorCode:0 INFO: Read Imds response field with Name:vmScaleSetName Value: 
[2024-10-27 04:26:08.000]  [GetValueFromJsonOrDefault] ErrorCode:0 INFO: Read Imds response field with Name:resourceGroupName Value: AMAWin_group
[2024-10-27 04:26:08.000]  [GetValueFromJsonOrDefault] ErrorCode:0 INFO: Read Imds response field with Name:osType Value: Windows
[2024-10-27 04:26:08.000]  [GetValueFromJsonOrDefault] ErrorCode:0 INFO: Read Imds response field with Name:resourceId Value: /subscriptions/351651ce-5feb-4e59-975d-f1f344e2b717/resourceGroups/AMAWin_group/providers/Microsoft.Compute/virtualMachines/amawin
[2024-10-27 04:26:08.000]  [GetValueFromJsonOrDefault] ErrorCode:0 INFO: Read Imds response field with Name:azEnvironment Value: AzurePublicCloud
[2024-10-27 04:26:08.000]  [SetImdsEnvironmentVariable] ErrorCode:0 INFO: Successfully set Environment variables from Imds
[2024-10-27 04:26:08.000]  [AggregateHeartbeat] ErrorCode:0 INFO: Completed heartbeat aggregation.
[2024-10-27 04:26:30.000]  [WriteStatusToFile] ErrorCode:0 INFO: Sending the status.
[2024-10-27 04:26:30.000]  [WriteHeartbeatToFile] ErrorCode:0 INFO: Sending the heartbeat.
[2024-10-27 04:26:30.000]  [WriteHeartbeatToFile] ErrorCode:0 INFO: Done Sending the heartbeat.
[2024-10-27 04:26:30.000]  [WriteStatusToFile] ErrorCode:0 INFO: Done Sending the status.
[2024-10-27 04:27:00.000]  [WriteHeartbeatToFile] ErrorCode:0 INFO: Sending the heartbeat.
[2024-10-27 04:27:00.000]  [WriteStatusToFile] ErrorCode:0 INFO: Sending the status.
[2024-10-27 04:27:00.000]  [WriteHeartbeatToFile] ErrorCode:0 INFO: Done Sending the heartbeat.
[2024-10-27 04:27:00.000]  [WriteStatusToFile] ErrorCode:0 INFO: Done Sending the status.
[2024-10-27 04:27:30.000]  [WriteStatusToFile] ErrorCode:0 INFO: Sending the status.
[2024-10-27 04:27:30.000]  [WriteHeartbeatToFile] ErrorCode:0 INFO: Sending the heartbeat.
[2024-10-27 04:27:30.000]  [WriteHeartbeatToFile] ErrorCode:0 INFO: Done Sending the heartbeat.
[2024-10-27 04:27:30.000]  [WriteStatusToFile] ErrorCode:0 INFO: Done Sending the status.
[2024-10-27 04:28:00.000]  [WriteHeartbeatToFile] ErrorCode:0 INFO: Sending the heartbeat.
[2024-10-27 04:28:00.000]  [WriteStatusToFile] ErrorCode:0 INFO: Sending the status.
[2024-10-27 04:28:00.000]  [WriteStatusToFile] ErrorCode:0 INFO: Done Sending the status.
[2024-10-27 04:28:00.000]  [WriteHeartbeatToFile] ErrorCode:0 INFO: Done Sending the heartbeat.
[2024-10-27 04:28:30.000]  [WriteHeartbeatToFile] ErrorCode:0 INFO: Sending the heartbeat.
[2024-10-27 04:28:30.000]  [WriteStatusToFile] ErrorCode:0 INFO: Sending the status.
[2024-10-27 04:28:30.000]  [WriteHeartbeatToFile] ErrorCode:0 INFO: Done Sending the heartbeat.
[2024-10-27 04:28:30.000]  [WriteStatusToFile] ErrorCode:0 INFO: Done Sending the status.
[2024-10-27 04:29:00.000]  [WriteStatusToFile] ErrorCode:0 INFO: Sending the status.
[2024-10-27 04:29:00.000]  [WriteHeartbeatToFile] ErrorCode:0 INFO: Sending the heartbeat.
[2024-10-27 04:29:00.000]  [WriteStatusToFile] ErrorCode:0 INFO: Done Sending the status.
[2024-10-27 04:29:00.000]  [WriteHeartbeatToFile] ErrorCode:0 INFO: Done Sending the heartbeat.
[2024-10-27 04:29:30.000]  [WriteStatusToFile] ErrorCode:0 INFO: Sending the status.
[2024-10-27 04:29:30.000]  [WriteHeartbeatToFile] ErrorCode:0 INFO: Sending the heartbeat.
[2024-10-27 04:29:30.000]  [WriteHeartbeatToFile] ErrorCode:0 INFO: Done Sending the heartbeat.
[2024-10-27 04:29:30.000]  [WriteStatusToFile] ErrorCode:0 INFO: Done Sending the status.
[2024-10-27 04:30:00.000]  [WriteHeartbeatToFile] ErrorCode:0 INFO: Sending the heartbeat.
[2024-10-27 04:30:00.000]  [WriteStatusToFile] ErrorCode:0 INFO: Sending the status.
[2024-10-27 04:30:00.000]  [WriteStatusToFile] ErrorCode:0 INFO: Done Sending the status.
[2024-10-27 04:30:00.000]  [WriteHeartbeatToFile] ErrorCode:0 INFO: Done Sending the heartbeat.
[2024-10-27 04:30:30.000]  [WriteStatusToFile] ErrorCode:0 INFO: Sending the status.
[2024-10-27 04:30:30.000]  [WriteHeartbeatToFile] ErrorCode:0 INFO: Sending the heartbeat.
[2024-10-27 04:30:30.000]  [WriteHeartbeatToFile] ErrorCode:0 INFO: Done Sending the heartbeat.
[2024-10-27 04:30:30.000]  [WriteStatusToFile] ErrorCode:0 INFO: Done Sending the status.
[2024-10-27 04:31:00.000]  [WriteHeartbeatToFile] ErrorCode:0 INFO: Sending the heartbeat.
[2024-10-27 04:31:00.000]  [WriteStatusToFile] ErrorCode:0 INFO: Sending the status.
[2024-10-27 04:31:00.000]  [WriteStatusToFile] ErrorCode:0 INFO: Done Sending the status.
[2024-10-27 04:31:00.000]  [WriteHeartbeatToFile] ErrorCode:0 INFO: Done Sending the heartbeat.
[2024-10-27 04:31:08.000]  [AggregateHeartbeat] ErrorCode:0 INFO: Start heartbeat aggregation.
[2024-10-27 04:31:08.000]  [QueryRegValueDWORD] ErrorCode:0 INFO: Query Registry for Key:SOFTWARE\Microsoft\Windows Azure\CurrentVersion\AzureMonitorAgentExtension\46.19.3.0, Name:MaServiceProcess
[2024-10-27 04:31:08.000]  [QueryRegValueDWORD] ErrorCode:0 INFO: Query Registry for Key:SOFTWARE\Microsoft\Windows Azure\CurrentVersion\AzureMonitorAgentExtension\46.19.3.0, Name:MaServiceProcess, Value:6028
[2024-10-27 04:31:08.000]  [FindProcessById] ErrorCode:0 INFO: Attempt to find the process MonAgentLauncher.exe with ID: 6028.
[2024-10-27 04:31:08.000]  [FindProcessById] ErrorCode:0 INFO: Running Process MonAgentLauncher.exe found. ID: 6028.
[2024-10-27 04:31:08.000]  [CheckIfMAServiceIsRunByExtension] ErrorCode:0 INFO: The MA process is running based on the m_registry
[2024-10-27 04:31:08.000]  [QueryRegValueDWORD] ErrorCode:0 INFO: Query Registry for Key:SOFTWARE\Microsoft\Windows Azure\CurrentVersion\AzureMonitorAgentExtension\46.19.3.0, Name:AMAMultitenantServiceProcess
[2024-10-27 04:31:08.000]  [QueryRegValueDWORD] ErrorCode:0 ERROR: RegQueryValueExA: failed to query REG_DWORD value, Key:SOFTWARE\Microsoft\Windows Azure\CurrentVersion\AzureMonitorAgentExtension\46.19.3.0, name=AMAMultitenantServiceProcess, error=2, type=0
[2024-10-27 04:31:08.000]  [CheckIfMAServiceIsRunByExtension] ErrorCode:1205 INFO: Unable to read the m_registry for MA process. Assume it is not running.
[2024-10-27 04:31:08.000]  [AggregateHeartbeat] ErrorCode:0 INFO: Configured MA Service is not running on the node.
[2024-10-27 04:31:08.000]  [SetImdsEnvironmentVariable] ErrorCode:0 INFO: Querying IMDS information
[2024-10-27 04:31:08.000]  [SetImdsEnvironmentVariable] ErrorCode:-1 INFO: Preparing to call IMDS
[2024-10-27 04:31:08.000]  [QueryIMDSEndpoint] ErrorCode:0 INFO: Queried IMDS successfully.
[2024-10-27 04:31:08.000]  [GetValueFromJsonOrDefault] ErrorCode:0 INFO: Read Imds response field with Name:location Value: westus2
[2024-10-27 04:31:08.000]  [GetValueFromJsonOrDefault] ErrorCode:0 INFO: Read Imds response field with Name:name Value: amawin
[2024-10-27 04:31:08.000]  [GetValueFromJsonOrDefault] ErrorCode:0 INFO: Read Imds response field with Name:subscriptionId Value: 351651ce-5feb-4e59-975d-f1f344e2b717
[2024-10-27 04:31:08.000]  [GetValueFromJsonOrDefault] ErrorCode:0 INFO: Read Imds response field with Name:vmId Value: 22afd636-aec1-4782-9055-f85ea283dc20
[2024-10-27 04:31:08.000]  [GetValueFromJsonOrDefault] ErrorCode:0 INFO: Read Imds response field with Name:vmScaleSetName Value: 
[2024-10-27 04:31:08.000]  [GetValueFromJsonOrDefault] ErrorCode:0 INFO: Read Imds response field with Name:resourceGroupName Value: AMAWin_group
[2024-10-27 04:31:08.000]  [GetValueFromJsonOrDefault] ErrorCode:0 INFO: Read Imds response field with Name:osType Value: Windows
[2024-10-27 04:31:08.000]  [GetValueFromJsonOrDefault] ErrorCode:0 INFO: Read Imds response field with Name:resourceId Value: /subscriptions/351651ce-5feb-4e59-975d-f1f344e2b717/resourceGroups/AMAWin_group/providers/Microsoft.Compute/virtualMachines/amawin
[2024-10-27 04:31:08.000]  [GetValueFromJsonOrDefault] ErrorCode:0 INFO: Read Imds response field with Name:azEnvironment Value: AzurePublicCloud
[2024-10-27 04:31:08.000]  [SetImdsEnvironmentVariable] ErrorCode:0 INFO: Successfully set Environment variables from Imds
[2024-10-27 04:31:08.000]  [AggregateHeartbeat] ErrorCode:0 INFO: Completed heartbeat aggregation.
[2024-10-27 04:31:30.000]  [WriteHeartbeatToFile] ErrorCode:0 INFO: Sending the heartbeat.
[2024-10-27 04:31:30.000]  [WriteStatusToFile] ErrorCode:0 INFO: Sending the status.
[2024-10-27 04:31:30.000]  [WriteStatusToFile] ErrorCode:0 INFO: Done Sending the status.
[2024-10-27 04:31:30.000]  [WriteHeartbeatToFile] ErrorCode:0 INFO: Done Sending the heartbeat.
[2024-10-27 04:32:00.000]  [WriteHeartbeatToFile] ErrorCode:0 INFO: Sending the heartbeat.
[2024-10-27 04:32:00.000]  [WriteStatusToFile] ErrorCode:0 INFO: Sending the status.
[2024-10-27 04:32:00.000]  [WriteHeartbeatToFile] ErrorCode:0 INFO: Done Sending the heartbeat.
[2024-10-27 04:32:00.000]  [WriteStatusToFile] ErrorCode:0 INFO: Done Sending the status.
[2024-10-27 04:32:30.000]  [WriteHeartbeatToFile] ErrorCode:0 INFO: Sending the heartbeat.
[2024-10-27 04:32:30.000]  [WriteStatusToFile] ErrorCode:0 INFO: Sending the status.
[2024-10-27 04:32:30.000]  [WriteStatusToFile] ErrorCode:0 INFO: Done Sending the status.
[2024-10-27 04:32:30.000]  [WriteHeartbeatToFile] ErrorCode:0 INFO: Done Sending the heartbeat.
[2024-10-27 04:33:00.000]  [WriteStatusToFile] ErrorCode:0 INFO: Sending the status.
[2024-10-27 04:33:00.000]  [WriteHeartbeatToFile] ErrorCode:0 INFO: Sending the heartbeat.
[2024-10-27 04:33:00.000]  [WriteStatusToFile] ErrorCode:0 INFO: Done Sending the status.
[2024-10-27 04:33:00.000]  [WriteHeartbeatToFile] ErrorCode:0 INFO: Done Sending the heartbeat.
[2024-10-27 04:33:30.000]  [WriteHeartbeatToFile] ErrorCode:0 INFO: Sending the heartbeat.
[2024-10-27 04:33:30.000]  [WriteStatusToFile] ErrorCode:0 INFO: Sending the status.
[2024-10-27 04:33:30.000]  [WriteStatusToFile] ErrorCode:0 INFO: Done Sending the status.
[2024-10-27 04:33:30.000]  [WriteHeartbeatToFile] ErrorCode:0 INFO: Done Sending the heartbeat.
[2024-10-27 04:34:00.000]  [WriteHeartbeatToFile] ErrorCode:0 INFO: Sending the heartbeat.
[2024-10-27 04:34:00.000]  [WriteStatusToFile] ErrorCode:0 INFO: Sending the status.
[2024-10-27 04:34:00.000]  [WriteHeartbeatToFile] ErrorCode:0 INFO: Done Sending the heartbeat.
[2024-10-27 04:34:00.000]  [WriteStatusToFile] ErrorCode:0 INFO: Done Sending the status.
[2024-10-27 04:34:30.000]  [WriteHeartbeatToFile] ErrorCode:0 INFO: Sending the heartbeat.
[2024-10-27 04:34:30.000]  [WriteStatusToFile] ErrorCode:0 INFO: Sending the status.
[2024-10-27 04:34:30.000]  [WriteStatusToFile] ErrorCode:0 INFO: Done Sending the status.
[2024-10-27 04:34:30.000]  [WriteHeartbeatToFile] ErrorCode:0 INFO: Done Sending the heartbeat.
[2024-10-27 04:35:00.000]  [WriteHeartbeatToFile] ErrorCode:0 INFO: Sending the heartbeat.
[2024-10-27 04:35:00.000]  [WriteStatusToFile] ErrorCode:0 INFO: Sending the status.
[2024-10-27 04:35:00.000]  [WriteStatusToFile] ErrorCode:0 INFO: Done Sending the status.
[2024-10-27 04:35:00.000]  [WriteHeartbeatToFile] ErrorCode:0 INFO: Done Sending the heartbeat.
[2024-10-27 04:35:30.000]  [WriteStatusToFile] ErrorCode:0 INFO: Sending the status.
[2024-10-27 04:35:30.000]  [WriteHeartbeatToFile] ErrorCode:0 INFO: Sending the heartbeat.
[2024-10-27 04:35:30.000]  [WriteHeartbeatToFile] ErrorCode:0 INFO: Done Sending the heartbeat.
[2024-10-27 04:35:30.000]  [WriteStatusToFile] ErrorCode:0 INFO: Done Sending the status.
[2024-10-27 04:36:00.000]  [WriteStatusToFile] ErrorCode:0 INFO: Sending the status.
[2024-10-27 04:36:00.000]  [WriteHeartbeatToFile] ErrorCode:0 INFO: Sending the heartbeat.
[2024-10-27 04:36:00.000]  [WriteStatusToFile] ErrorCode:0 INFO: Done Sending the status.
[2024-10-27 04:36:00.000]  [WriteHeartbeatToFile] ErrorCode:0 INFO: Done Sending the heartbeat.
[2024-10-27 04:36:08.000]  [AggregateHeartbeat] ErrorCode:0 INFO: Start heartbeat aggregation.
[2024-10-27 04:36:08.000]  [QueryRegValueDWORD] ErrorCode:0 INFO: Query Registry for Key:SOFTWARE\Microsoft\Windows Azure\CurrentVersion\AzureMonitorAgentExtension\46.19.3.0, Name:MaServiceProcess
[2024-10-27 04:36:08.000]  [QueryRegValueDWORD] ErrorCode:0 INFO: Query Registry for Key:SOFTWARE\Microsoft\Windows Azure\CurrentVersion\AzureMonitorAgentExtension\46.19.3.0, Name:MaServiceProcess, Value:6028
[2024-10-27 04:36:08.000]  [FindProcessById] ErrorCode:0 INFO: Attempt to find the process MonAgentLauncher.exe with ID: 6028.
[2024-10-27 04:36:08.000]  [FindProcessById] ErrorCode:0 INFO: Running Process MonAgentLauncher.exe found. ID: 6028.
[2024-10-27 04:36:08.000]  [CheckIfMAServiceIsRunByExtension] ErrorCode:0 INFO: The MA process is running based on the m_registry
[2024-10-27 04:36:08.000]  [QueryRegValueDWORD] ErrorCode:0 INFO: Query Registry for Key:SOFTWARE\Microsoft\Windows Azure\CurrentVersion\AzureMonitorAgentExtension\46.19.3.0, Name:AMAMultitenantServiceProcess
[2024-10-27 04:36:08.000]  [QueryRegValueDWORD] ErrorCode:0 ERROR: RegQueryValueExA: failed to query REG_DWORD value, Key:SOFTWARE\Microsoft\Windows Azure\CurrentVersion\AzureMonitorAgentExtension\46.19.3.0, name=AMAMultitenantServiceProcess, error=2, type=0
[2024-10-27 04:36:08.000]  [CheckIfMAServiceIsRunByExtension] ErrorCode:1205 INFO: Unable to read the m_registry for MA process. Assume it is not running.
[2024-10-27 04:36:08.000]  [AggregateHeartbeat] ErrorCode:0 INFO: Configured MA Service is not running on the node.
[2024-10-27 04:36:08.000]  [SetImdsEnvironmentVariable] ErrorCode:0 INFO: Querying IMDS information
[2024-10-27 04:36:08.000]  [SetImdsEnvironmentVariable] ErrorCode:-1 INFO: Preparing to call IMDS
[2024-10-27 04:36:08.000]  [QueryIMDSEndpoint] ErrorCode:0 INFO: Queried IMDS successfully.
[2024-10-27 04:36:08.000]  [GetValueFromJsonOrDefault] ErrorCode:0 INFO: Read Imds response field with Name:location Value: westus2
[2024-10-27 04:36:08.000]  [GetValueFromJsonOrDefault] ErrorCode:0 INFO: Read Imds response field with Name:name Value: amawin
[2024-10-27 04:36:08.000]  [GetValueFromJsonOrDefault] ErrorCode:0 INFO: Read Imds response field with Name:subscriptionId Value: 351651ce-5feb-4e59-975d-f1f344e2b717
[2024-10-27 04:36:08.000]  [GetValueFromJsonOrDefault] ErrorCode:0 INFO: Read Imds response field with Name:vmId Value: 22afd636-aec1-4782-9055-f85ea283dc20
[2024-10-27 04:36:08.000]  [GetValueFromJsonOrDefault] ErrorCode:0 INFO: Read Imds response field with Name:vmScaleSetName Value: 
[2024-10-27 04:36:08.000]  [GetValueFromJsonOrDefault] ErrorCode:0 INFO: Read Imds response field with Name:resourceGroupName Value: AMAWin_group
[2024-10-27 04:36:08.000]  [GetValueFromJsonOrDefault] ErrorCode:0 INFO: Read Imds response field with Name:osType Value: Windows
[2024-10-27 04:36:08.000]  [GetValueFromJsonOrDefault] ErrorCode:0 INFO: Read Imds response field with Name:resourceId Value: /subscriptions/351651ce-5feb-4e59-975d-f1f344e2b717/resourceGroups/AMAWin_group/providers/Microsoft.Compute/virtualMachines/amawin
[2024-10-27 04:36:08.000]  [GetValueFromJsonOrDefault] ErrorCode:0 INFO: Read Imds response field with Name:azEnvironment Value: AzurePublicCloud
[2024-10-27 04:36:08.000]  [SetImdsEnvironmentVariable] ErrorCode:0 INFO: Successfully set Environment variables from Imds
[2024-10-27 04:36:08.000]  [AggregateHeartbeat] ErrorCode:0 INFO: Completed heartbeat aggregation.
[2024-10-27 04:36:30.000]  [WriteHeartbeatToFile] ErrorCode:0 INFO: Sending the heartbeat.
[2024-10-27 04:36:30.000]  [WriteStatusToFile] ErrorCode:0 INFO: Sending the status.
[2024-10-27 04:36:30.000]  [WriteStatusToFile] ErrorCode:0 INFO: Done Sending the status.
[2024-10-27 04:36:30.000]  [WriteHeartbeatToFile] ErrorCode:0 INFO: Done Sending the heartbeat.
[2024-10-27 04:37:00.000]  [WriteStatusToFile] ErrorCode:0 INFO: Sending the status.
[2024-10-27 04:37:00.000]  [WriteHeartbeatToFile] ErrorCode:0 INFO: Sending the heartbeat.
[2024-10-27 04:37:00.000]  [WriteStatusToFile] ErrorCode:0 INFO: Done Sending the status.
[2024-10-27 04:37:00.000]  [WriteHeartbeatToFile] ErrorCode:0 INFO: Done Sending the heartbeat.
[2024-10-27 04:37:30.000]  [WriteStatusToFile] ErrorCode:0 INFO: Sending the status.
[2024-10-27 04:37:30.000]  [WriteHeartbeatToFile] ErrorCode:0 INFO: Sending the heartbeat.
[2024-10-27 04:37:30.000]  [WriteStatusToFile] ErrorCode:0 INFO: Done Sending the status.
[2024-10-27 04:37:30.000]  [WriteHeartbeatToFile] ErrorCode:0 INFO: Done Sending the heartbeat.
[2024-10-27 04:38:01.000]  [WriteStatusToFile] ErrorCode:0 INFO: Sending the status.
[2024-10-27 04:38:01.000]  [WriteHeartbeatToFile] ErrorCode:0 INFO: Sending the heartbeat.
[2024-10-27 04:38:01.000]  [WriteStatusToFile] ErrorCode:0 INFO: Done Sending the status.
[2024-10-27 04:38:01.000]  [WriteHeartbeatToFile] ErrorCode:0 INFO: Done Sending the heartbeat.
[2024-10-27 04:38:31.000]  [WriteStatusToFile] ErrorCode:0 INFO: Sending the status.
[2024-10-27 04:38:31.000]  [WriteHeartbeatToFile] ErrorCode:0 INFO: Sending the heartbeat.
[2024-10-27 04:38:31.000]  [WriteHeartbeatToFile] ErrorCode:0 INFO: Done Sending the heartbeat.
[2024-10-27 04:38:31.000]  [WriteStatusToFile] ErrorCode:0 INFO: Done Sending the status.
[2024-10-27 04:39:01.000]  [WriteStatusToFile] ErrorCode:0 INFO: Sending the status.
[2024-10-27 04:39:01.000]  [WriteHeartbeatToFile] ErrorCode:0 INFO: Sending the heartbeat.
[2024-10-27 04:39:01.000]  [WriteStatusToFile] ErrorCode:0 INFO: Done Sending the status.
[2024-10-27 04:39:01.000]  [WriteHeartbeatToFile] ErrorCode:0 INFO: Done Sending the heartbeat.
[2024-10-27 04:39:31.000]  [WriteHeartbeatToFile] ErrorCode:0 INFO: Sending the heartbeat.
[2024-10-27 04:39:31.000]  [WriteStatusToFile] ErrorCode:0 INFO: Sending the status.
[2024-10-27 04:39:31.000]  [WriteHeartbeatToFile] ErrorCode:0 INFO: Done Sending the heartbeat.
[2024-10-27 04:39:31.000]  [WriteStatusToFile] ErrorCode:0 INFO: Done Sending the status.
[2024-10-27 04:40:01.000]  [WriteStatusToFile] ErrorCode:0 INFO: Sending the status.
[2024-10-27 04:40:01.000]  [WriteHeartbeatToFile] ErrorCode:0 INFO: Sending the heartbeat.
[2024-10-27 04:40:01.000]  [WriteStatusToFile] ErrorCode:0 INFO: Done Sending the status.
[2024-10-27 04:40:01.000]  [WriteHeartbeatToFile] ErrorCode:0 INFO: Done Sending the heartbeat.
[2024-10-27 04:40:31.000]  [WriteStatusToFile] ErrorCode:0 INFO: Sending the status.
[2024-10-27 04:40:31.000]  [WriteHeartbeatToFile] ErrorCode:0 INFO: Sending the heartbeat.
[2024-10-27 04:40:31.000]  [WriteHeartbeatToFile] ErrorCode:0 INFO: Done Sending the heartbeat.
[2024-10-27 04:40:31.000]  [WriteStatusToFile] ErrorCode:0 INFO: Done Sending the status.
[2024-10-27 04:41:01.000]  [WriteStatusToFile] ErrorCode:0 INFO: Sending the status.
[2024-10-27 04:41:01.000]  [WriteHeartbeatToFile] ErrorCode:0 INFO: Sending the heartbeat.
[2024-10-27 04:41:01.000]  [WriteStatusToFile] ErrorCode:0 INFO: Done Sending the status.
[2024-10-27 04:41:01.000]  [WriteHeartbeatToFile] ErrorCode:0 INFO: Done Sending the heartbeat.
[2024-10-27 04:41:08.000]  [AggregateHeartbeat] ErrorCode:0 INFO: Start heartbeat aggregation.
[2024-10-27 04:41:08.000]  [QueryRegValueDWORD] ErrorCode:0 INFO: Query Registry for Key:SOFTWARE\Microsoft\Windows Azure\CurrentVersion\AzureMonitorAgentExtension\46.19.3.0, Name:MaServiceProcess
[2024-10-27 04:41:08.000]  [QueryRegValueDWORD] ErrorCode:0 INFO: Query Registry for Key:SOFTWARE\Microsoft\Windows Azure\CurrentVersion\AzureMonitorAgentExtension\46.19.3.0, Name:MaServiceProcess, Value:6028
[2024-10-27 04:41:08.000]  [FindProcessById] ErrorCode:0 INFO: Attempt to find the process MonAgentLauncher.exe with ID: 6028.
[2024-10-27 04:41:08.000]  [FindProcessById] ErrorCode:0 INFO: Running Process MonAgentLauncher.exe found. ID: 6028.
[2024-10-27 04:41:08.000]  [CheckIfMAServiceIsRunByExtension] ErrorCode:0 INFO: The MA process is running based on the m_registry
[2024-10-27 04:41:08.000]  [QueryRegValueDWORD] ErrorCode:0 INFO: Query Registry for Key:SOFTWARE\Microsoft\Windows Azure\CurrentVersion\AzureMonitorAgentExtension\46.19.3.0, Name:AMAMultitenantServiceProcess
[2024-10-27 04:41:08.000]  [QueryRegValueDWORD] ErrorCode:0 ERROR: RegQueryValueExA: failed to query REG_DWORD value, Key:SOFTWARE\Microsoft\Windows Azure\CurrentVersion\AzureMonitorAgentExtension\46.19.3.0, name=AMAMultitenantServiceProcess, error=2, type=0
[2024-10-27 04:41:08.000]  [CheckIfMAServiceIsRunByExtension] ErrorCode:1205 INFO: Unable to read the m_registry for MA process. Assume it is not running.
[2024-10-27 04:41:08.000]  [AggregateHeartbeat] ErrorCode:0 INFO: Configured MA Service is not running on the node.
[2024-10-27 04:41:08.000]  [SetImdsEnvironmentVariable] ErrorCode:0 INFO: Querying IMDS information
[2024-10-27 04:41:08.000]  [SetImdsEnvironmentVariable] ErrorCode:-1 INFO: Preparing to call IMDS
[2024-10-27 04:41:08.000]  [QueryIMDSEndpoint] ErrorCode:0 INFO: Queried IMDS successfully.
[2024-10-27 04:41:08.000]  [GetValueFromJsonOrDefault] ErrorCode:0 INFO: Read Imds response field with Name:location Value: westus2
[2024-10-27 04:41:08.000]  [GetValueFromJsonOrDefault] ErrorCode:0 INFO: Read Imds response field with Name:name Value: amawin
[2024-10-27 04:41:08.000]  [GetValueFromJsonOrDefault] ErrorCode:0 INFO: Read Imds response field with Name:subscriptionId Value: 351651ce-5feb-4e59-975d-f1f344e2b717
[2024-10-27 04:41:08.000]  [GetValueFromJsonOrDefault] ErrorCode:0 INFO: Read Imds response field with Name:vmId Value: 22afd636-aec1-4782-9055-f85ea283dc20
[2024-10-27 04:41:08.000]  [GetValueFromJsonOrDefault] ErrorCode:0 INFO: Read Imds response field with Name:vmScaleSetName Value: 
[2024-10-27 04:41:08.000]  [GetValueFromJsonOrDefault] ErrorCode:0 INFO: Read Imds response field with Name:resourceGroupName Value: AMAWin_group
[2024-10-27 04:41:08.000]  [GetValueFromJsonOrDefault] ErrorCode:0 INFO: Read Imds response field with Name:osType Value: Windows
[2024-10-27 04:41:08.000]  [GetValueFromJsonOrDefault] ErrorCode:0 INFO: Read Imds response field with Name:resourceId Value: /subscriptions/351651ce-5feb-4e59-975d-f1f344e2b717/resourceGroups/AMAWin_group/providers/Microsoft.Compute/virtualMachines/amawin
[2024-10-27 04:41:08.000]  [GetValueFromJsonOrDefault] ErrorCode:0 INFO: Read Imds response field with Name:azEnvironment Value: AzurePublicCloud
[2024-10-27 04:41:08.000]  [SetImdsEnvironmentVariable] ErrorCode:0 INFO: Successfully set Environment variables from Imds
[2024-10-27 04:41:08.000]  [AggregateHeartbeat] ErrorCode:0 INFO: Completed heartbeat aggregation.
[2024-10-27 04:41:31.000]  [WriteStatusToFile] ErrorCode:0 INFO: Sending the status.
[2024-10-27 04:41:31.000]  [WriteHeartbeatToFile] ErrorCode:0 INFO: Sending the heartbeat.
[2024-10-27 04:41:31.000]  [WriteStatusToFile] ErrorCode:0 INFO: Done Sending the status.
[2024-10-27 04:41:31.000]  [WriteHeartbeatToFile] ErrorCode:0 INFO: Done Sending the heartbeat.
[2024-10-27 04:42:01.000]  [WriteStatusToFile] ErrorCode:0 INFO: Sending the status.
[2024-10-27 04:42:01.000]  [WriteHeartbeatToFile] ErrorCode:0 INFO: Sending the heartbeat.
[2024-10-27 04:42:01.000]  [WriteHeartbeatToFile] ErrorCode:0 INFO: Done Sending the heartbeat.
[2024-10-27 04:42:01.000]  [WriteStatusToFile] ErrorCode:0 INFO: Done Sending the status.
[2024-10-27 04:42:31.000]  [WriteHeartbeatToFile] ErrorCode:0 INFO: Sending the heartbeat.
[2024-10-27 04:42:31.000]  [WriteStatusToFile] ErrorCode:0 INFO: Sending the status.
[2024-10-27 04:42:31.000]  [WriteHeartbeatToFile] ErrorCode:0 INFO: Done Sending the heartbeat.
[2024-10-27 04:42:31.000]  [WriteStatusToFile] ErrorCode:0 INFO: Done Sending the status.
[2024-10-27 04:43:01.000]  [WriteStatusToFile] ErrorCode:0 INFO: Sending the status.
[2024-10-27 04:43:01.000]  [WriteHeartbeatToFile] ErrorCode:0 INFO: Sending the heartbeat.
[2024-10-27 04:43:01.000]  [WriteStatusToFile] ErrorCode:0 INFO: Done Sending the status.
[2024-10-27 04:43:01.000]  [WriteHeartbeatToFile] ErrorCode:0 INFO: Done Sending the heartbeat.
[2024-10-27 04:43:31.000]  [WriteHeartbeatToFile] ErrorCode:0 INFO: Sending the heartbeat.
[2024-10-27 04:43:31.000]  [WriteStatusToFile] ErrorCode:0 INFO: Sending the status.
[2024-10-27 04:43:31.000]  [WriteHeartbeatToFile] ErrorCode:0 INFO: Done Sending the heartbeat.
[2024-10-27 04:43:31.000]  [WriteStatusToFile] ErrorCode:0 INFO: Done Sending the status.
[2024-10-27 04:44:01.000]  [WriteStatusToFile] ErrorCode:0 INFO: Sending the status.
[2024-10-27 04:44:01.000]  [WriteHeartbeatToFile] ErrorCode:0 INFO: Sending the heartbeat.
[2024-10-27 04:44:01.000]  [WriteStatusToFile] ErrorCode:0 INFO: Done Sending the status.
[2024-10-27 04:44:01.000]  [WriteHeartbeatToFile] ErrorCode:0 INFO: Done Sending the heartbeat.
[2024-10-27 04:44:31.000]  [WriteStatusToFile] ErrorCode:0 INFO: Sending the status.
[2024-10-27 04:44:31.000]  [WriteHeartbeatToFile] ErrorCode:0 INFO: Sending the heartbeat.
[2024-10-27 04:44:31.000]  [WriteStatusToFile] ErrorCode:0 INFO: Done Sending the status.
[2024-10-27 04:44:31.000]  [WriteHeartbeatToFile] ErrorCode:0 INFO: Done Sending the heartbeat.
[2024-10-27 04:45:01.000]  [WriteHeartbeatToFile] ErrorCode:0 INFO: Sending the heartbeat.
[2024-10-27 04:45:01.000]  [WriteStatusToFile] ErrorCode:0 INFO: Sending the status.
[2024-10-27 04:45:01.000]  [WriteStatusToFile] ErrorCode:0 INFO: Done Sending the status.
[2024-10-27 04:45:01.000]  [WriteHeartbeatToFile] ErrorCode:0 INFO: Done Sending the heartbeat.
[2024-10-27 04:45:31.000]  [WriteStatusToFile] ErrorCode:0 INFO: Sending the status.
[2024-10-27 04:45:31.000]  [WriteHeartbeatToFile] ErrorCode:0 INFO: Sending the heartbeat.
[2024-10-27 04:45:31.000]  [WriteStatusToFile] ErrorCode:0 INFO: Done Sending the status.
[2024-10-27 04:45:31.000]  [WriteHeartbeatToFile] ErrorCode:0 INFO: Done Sending the heartbeat.
[2024-10-27 04:46:01.000]  [WriteStatusToFile] ErrorCode:0 INFO: Sending the status.
[2024-10-27 04:46:01.000]  [WriteHeartbeatToFile] ErrorCode:0 INFO: Sending the heartbeat.
[2024-10-27 04:46:01.000]  [WriteStatusToFile] ErrorCode:0 INFO: Done Sending the status.
[2024-10-27 04:46:01.000]  [WriteHeartbeatToFile] ErrorCode:0 INFO: Done Sending the heartbeat.
[2024-10-27 04:46:08.000]  [AggregateHeartbeat] ErrorCode:0 INFO: Start heartbeat aggregation.
[2024-10-27 04:46:08.000]  [QueryRegValueDWORD] ErrorCode:0 INFO: Query Registry for Key:SOFTWARE\Microsoft\Windows Azure\CurrentVersion\AzureMonitorAgentExtension\46.19.3.0, Name:MaServiceProcess
[2024-10-27 04:46:08.000]  [QueryRegValueDWORD] ErrorCode:0 INFO: Query Registry for Key:SOFTWARE\Microsoft\Windows Azure\CurrentVersion\AzureMonitorAgentExtension\46.19.3.0, Name:MaServiceProcess, Value:6028
[2024-10-27 04:46:08.000]  [FindProcessById] ErrorCode:0 INFO: Attempt to find the process MonAgentLauncher.exe with ID: 6028.
[2024-10-27 04:46:08.000]  [FindProcessById] ErrorCode:0 INFO: Running Process MonAgentLauncher.exe found. ID: 6028.
[2024-10-27 04:46:08.000]  [CheckIfMAServiceIsRunByExtension] ErrorCode:0 INFO: The MA process is running based on the m_registry
[2024-10-27 04:46:08.000]  [QueryRegValueDWORD] ErrorCode:0 INFO: Query Registry for Key:SOFTWARE\Microsoft\Windows Azure\CurrentVersion\AzureMonitorAgentExtension\46.19.3.0, Name:AMAMultitenantServiceProcess
[2024-10-27 04:46:08.000]  [QueryRegValueDWORD] ErrorCode:0 ERROR: RegQueryValueExA: failed to query REG_DWORD value, Key:SOFTWARE\Microsoft\Windows Azure\CurrentVersion\AzureMonitorAgentExtension\46.19.3.0, name=AMAMultitenantServiceProcess, error=2, type=0
[2024-10-27 04:46:08.000]  [CheckIfMAServiceIsRunByExtension] ErrorCode:1205 INFO: Unable to read the m_registry for MA process. Assume it is not running.
[2024-10-27 04:46:08.000]  [AggregateHeartbeat] ErrorCode:0 INFO: Configured MA Service is not running on the node.
[2024-10-27 04:46:08.000]  [SetImdsEnvironmentVariable] ErrorCode:0 INFO: Querying IMDS information
[2024-10-27 04:46:08.000]  [SetImdsEnvironmentVariable] ErrorCode:-1 INFO: Preparing to call IMDS
[2024-10-27 04:46:08.000]  [QueryIMDSEndpoint] ErrorCode:0 INFO: Queried IMDS successfully.
[2024-10-27 04:46:08.000]  [GetValueFromJsonOrDefault] ErrorCode:0 INFO: Read Imds response field with Name:location Value: westus2
[2024-10-27 04:46:08.000]  [GetValueFromJsonOrDefault] ErrorCode:0 INFO: Read Imds response field with Name:name Value: amawin
[2024-10-27 04:46:08.000]  [GetValueFromJsonOrDefault] ErrorCode:0 INFO: Read Imds response field with Name:subscriptionId Value: 351651ce-5feb-4e59-975d-f1f344e2b717
[2024-10-27 04:46:08.000]  [GetValueFromJsonOrDefault] ErrorCode:0 INFO: Read Imds response field with Name:vmId Value: 22afd636-aec1-4782-9055-f85ea283dc20
[2024-10-27 04:46:08.000]  [GetValueFromJsonOrDefault] ErrorCode:0 INFO: Read Imds response field with Name:vmScaleSetName Value: 
[2024-10-27 04:46:08.000]  [GetValueFromJsonOrDefault] ErrorCode:0 INFO: Read Imds response field with Name:resourceGroupName Value: AMAWin_group
[2024-10-27 04:46:08.000]  [GetValueFromJsonOrDefault] ErrorCode:0 INFO: Read Imds response field with Name:osType Value: Windows
[2024-10-27 04:46:08.000]  [GetValueFromJsonOrDefault] ErrorCode:0 INFO: Read Imds response field with Name:resourceId Value: /subscriptions/351651ce-5feb-4e59-975d-f1f344e2b717/resourceGroups/AMAWin_group/providers/Microsoft.Compute/virtualMachines/amawin
[2024-10-27 04:46:08.000]  [GetValueFromJsonOrDefault] ErrorCode:0 INFO: Read Imds response field with Name:azEnvironment Value: AzurePublicCloud
[2024-10-27 04:46:08.000]  [SetImdsEnvironmentVariable] ErrorCode:0 INFO: Successfully set Environment variables from Imds
[2024-10-27 04:46:08.000]  [AggregateHeartbeat] ErrorCode:0 INFO: Completed heartbeat aggregation.
[2024-10-27 04:46:31.000]  [WriteHeartbeatToFile] ErrorCode:0 INFO: Sending the heartbeat.
[2024-10-27 04:46:31.000]  [WriteStatusToFile] ErrorCode:0 INFO: Sending the status.
[2024-10-27 04:46:31.000]  [WriteHeartbeatToFile] ErrorCode:0 INFO: Done Sending the heartbeat.
[2024-10-27 04:46:31.000]  [WriteStatusToFile] ErrorCode:0 INFO: Done Sending the status.
[2024-10-27 04:47:01.000]  [WriteHeartbeatToFile] ErrorCode:0 INFO: Sending the heartbeat.
[2024-10-27 04:47:01.000]  [WriteStatusToFile] ErrorCode:0 INFO: Sending the status.
[2024-10-27 04:47:01.000]  [WriteHeartbeatToFile] ErrorCode:0 INFO: Done Sending the heartbeat.
[2024-10-27 04:47:01.000]  [WriteStatusToFile] ErrorCode:0 INFO: Done Sending the status.
[2024-10-27 04:47:31.000]  [WriteStatusToFile] ErrorCode:0 INFO: Sending the status.
[2024-10-27 04:47:31.000]  [WriteHeartbeatToFile] ErrorCode:0 INFO: Sending the heartbeat.
[2024-10-27 04:47:31.000]  [WriteStatusToFile] ErrorCode:0 INFO: Done Sending the status.
[2024-10-27 04:47:31.000]  [WriteHeartbeatToFile] ErrorCode:0 INFO: Done Sending the heartbeat.
[2024-10-27 04:48:01.000]  [WriteStatusToFile] ErrorCode:0 INFO: Sending the status.
[2024-10-27 04:48:01.000]  [WriteHeartbeatToFile] ErrorCode:0 INFO: Sending the heartbeat.
[2024-10-27 04:48:01.000]  [WriteStatusToFile] ErrorCode:0 INFO: Done Sending the status.
[2024-10-27 04:48:01.000]  [WriteHeartbeatToFile] ErrorCode:0 INFO: Done Sending the heartbeat.
[2024-10-27 04:48:31.000]  [WriteHeartbeatToFile] ErrorCode:0 INFO: Sending the heartbeat.
[2024-10-27 04:48:31.000]  [WriteStatusToFile] ErrorCode:0 INFO: Sending the status.
[2024-10-27 04:48:31.000]  [WriteHeartbeatToFile] ErrorCode:0 INFO: Done Sending the heartbeat.
[2024-10-27 04:48:31.000]  [WriteStatusToFile] ErrorCode:0 INFO: Done Sending the status.
[2024-10-27 04:49:01.000]  [WriteStatusToFile] ErrorCode:0 INFO: Sending the status.
[2024-10-27 04:49:01.000]  [WriteHeartbeatToFile] ErrorCode:0 INFO: Sending the heartbeat.
[2024-10-27 04:49:01.000]  [WriteStatusToFile] ErrorCode:0 INFO: Done Sending the status.
[2024-10-27 04:49:01.000]  [WriteHeartbeatToFile] ErrorCode:0 INFO: Done Sending the heartbeat.
[2024-10-27 04:49:31.000]  [WriteHeartbeatToFile] ErrorCode:0 INFO: Sending the heartbeat.
[2024-10-27 04:49:31.000]  [WriteStatusToFile] ErrorCode:0 INFO: Sending the status.
[2024-10-27 04:49:31.000]  [WriteHeartbeatToFile] ErrorCode:0 INFO: Done Sending the heartbeat.
[2024-10-27 04:49:31.000]  [WriteStatusToFile] ErrorCode:0 INFO: Done Sending the status.
[2024-10-27 04:50:01.000]  [WriteStatusToFile] ErrorCode:0 INFO: Sending the status.
[2024-10-27 04:50:01.000]  [WriteHeartbeatToFile] ErrorCode:0 INFO: Sending the heartbeat.
[2024-10-27 04:50:01.000]  [WriteStatusToFile] ErrorCode:0 INFO: Done Sending the status.
[2024-10-27 04:50:01.000]  [WriteHeartbeatToFile] ErrorCode:0 INFO: Done Sending the heartbeat.
[2024-10-27 04:50:31.000]  [WriteStatusToFile] ErrorCode:0 INFO: Sending the status.
[2024-10-27 04:50:31.000]  [WriteHeartbeatToFile] ErrorCode:0 INFO: Sending the heartbeat.
[2024-10-27 04:50:31.000]  [WriteStatusToFile] ErrorCode:0 INFO: Done Sending the status.
[2024-10-27 04:50:31.000]  [WriteHeartbeatToFile] ErrorCode:0 INFO: Done Sending the heartbeat.
[2024-10-27 04:51:01.000]  [WriteStatusToFile] ErrorCode:0 INFO: Sending the status.
[2024-10-27 04:51:01.000]  [WriteHeartbeatToFile] ErrorCode:0 INFO: Sending the heartbeat.
[2024-10-27 04:51:01.000]  [WriteStatusToFile] ErrorCode:0 INFO: Done Sending the status.
[2024-10-27 04:51:01.000]  [WriteHeartbeatToFile] ErrorCode:0 INFO: Done Sending the heartbeat.
[2024-10-27 04:51:08.000]  [AggregateHeartbeat] ErrorCode:0 INFO: Start heartbeat aggregation.
[2024-10-27 04:51:08.000]  [QueryRegValueDWORD] ErrorCode:0 INFO: Query Registry for Key:SOFTWARE\Microsoft\Windows Azure\CurrentVersion\AzureMonitorAgentExtension\46.19.3.0, Name:MaServiceProcess
[2024-10-27 04:51:08.000]  [QueryRegValueDWORD] ErrorCode:0 INFO: Query Registry for Key:SOFTWARE\Microsoft\Windows Azure\CurrentVersion\AzureMonitorAgentExtension\46.19.3.0, Name:MaServiceProcess, Value:6028
[2024-10-27 04:51:08.000]  [FindProcessById] ErrorCode:0 INFO: Attempt to find the process MonAgentLauncher.exe with ID: 6028.
[2024-10-27 04:51:08.000]  [FindProcessById] ErrorCode:0 INFO: Running Process MonAgentLauncher.exe found. ID: 6028.
[2024-10-27 04:51:08.000]  [CheckIfMAServiceIsRunByExtension] ErrorCode:0 INFO: The MA process is running based on the m_registry
[2024-10-27 04:51:08.000]  [QueryRegValueDWORD] ErrorCode:0 INFO: Query Registry for Key:SOFTWARE\Microsoft\Windows Azure\CurrentVersion\AzureMonitorAgentExtension\46.19.3.0, Name:AMAMultitenantServiceProcess
[2024-10-27 04:51:08.000]  [QueryRegValueDWORD] ErrorCode:0 ERROR: RegQueryValueExA: failed to query REG_DWORD value, Key:SOFTWARE\Microsoft\Windows Azure\CurrentVersion\AzureMonitorAgentExtension\46.19.3.0, name=AMAMultitenantServiceProcess, error=2, type=0
[2024-10-27 04:51:08.000]  [CheckIfMAServiceIsRunByExtension] ErrorCode:1205 INFO: Unable to read the m_registry for MA process. Assume it is not running.
[2024-10-27 04:51:08.000]  [AggregateHeartbeat] ErrorCode:0 INFO: Configured MA Service is not running on the node.
[2024-10-27 04:51:08.000]  [SetImdsEnvironmentVariable] ErrorCode:0 INFO: Querying IMDS information
[2024-10-27 04:51:08.000]  [SetImdsEnvironmentVariable] ErrorCode:-1 INFO: Preparing to call IMDS
[2024-10-27 04:51:08.000]  [QueryIMDSEndpoint] ErrorCode:0 INFO: Queried IMDS successfully.
[2024-10-27 04:51:08.000]  [GetValueFromJsonOrDefault] ErrorCode:0 INFO: Read Imds response field with Name:location Value: westus2
[2024-10-27 04:51:08.000]  [GetValueFromJsonOrDefault] ErrorCode:0 INFO: Read Imds response field with Name:name Value: amawin
[2024-10-27 04:51:08.000]  [GetValueFromJsonOrDefault] ErrorCode:0 INFO: Read Imds response field with Name:subscriptionId Value: 351651ce-5feb-4e59-975d-f1f344e2b717
[2024-10-27 04:51:08.000]  [GetValueFromJsonOrDefault] ErrorCode:0 INFO: Read Imds response field with Name:vmId Value: 22afd636-aec1-4782-9055-f85ea283dc20
[2024-10-27 04:51:08.000]  [GetValueFromJsonOrDefault] ErrorCode:0 INFO: Read Imds response field with Name:vmScaleSetName Value: 
[2024-10-27 04:51:08.000]  [GetValueFromJsonOrDefault] ErrorCode:0 INFO: Read Imds response field with Name:resourceGroupName Value: AMAWin_group
[2024-10-27 04:51:08.000]  [GetValueFromJsonOrDefault] ErrorCode:0 INFO: Read Imds response field with Name:osType Value: Windows
[2024-10-27 04:51:08.000]  [GetValueFromJsonOrDefault] ErrorCode:0 INFO: Read Imds response field with Name:resourceId Value: /subscriptions/351651ce-5feb-4e59-975d-f1f344e2b717/resourceGroups/AMAWin_group/providers/Microsoft.Compute/virtualMachines/amawin
[2024-10-27 04:51:08.000]  [GetValueFromJsonOrDefault] ErrorCode:0 INFO: Read Imds response field with Name:azEnvironment Value: AzurePublicCloud
[2024-10-27 04:51:08.000]  [SetImdsEnvironmentVariable] ErrorCode:0 INFO: Successfully set Environment variables from Imds
[2024-10-27 04:51:08.000]  [AggregateHeartbeat] ErrorCode:0 INFO: Completed heartbeat aggregation.
[2024-10-27 04:51:31.000]  [WriteStatusToFile] ErrorCode:0 INFO: Sending the status.
[2024-10-27 04:51:31.000]  [WriteHeartbeatToFile] ErrorCode:0 INFO: Sending the heartbeat.
[2024-10-27 04:51:31.000]  [WriteStatusToFile] ErrorCode:0 INFO: Done Sending the status.
[2024-10-27 04:51:31.000]  [WriteHeartbeatToFile] ErrorCode:0 INFO: Done Sending the heartbeat.
[2024-10-27 04:52:01.000]  [WriteStatusToFile] ErrorCode:0 INFO: Sending the status.
[2024-10-27 04:52:01.000]  [WriteHeartbeatToFile] ErrorCode:0 INFO: Sending the heartbeat.
[2024-10-27 04:52:01.000]  [WriteStatusToFile] ErrorCode:0 INFO: Done Sending the status.
[2024-10-27 04:52:01.000]  [WriteHeartbeatToFile] ErrorCode:0 INFO: Done Sending the heartbeat.
[2024-10-27 04:52:31.000]  [WriteStatusToFile] ErrorCode:0 INFO: Sending the status.
[2024-10-27 04:52:31.000]  [WriteHeartbeatToFile] ErrorCode:0 INFO: Sending the heartbeat.
[2024-10-27 04:52:31.000]  [WriteStatusToFile] ErrorCode:0 INFO: Done Sending the status.
[2024-10-27 04:52:31.000]  [WriteHeartbeatToFile] ErrorCode:0 INFO: Done Sending the heartbeat.
[2024-10-27 04:53:01.000]  [WriteHeartbeatToFile] ErrorCode:0 INFO: Sending the heartbeat.
[2024-10-27 04:53:01.000]  [WriteStatusToFile] ErrorCode:0 INFO: Sending the status.
[2024-10-27 04:53:01.000]  [WriteHeartbeatToFile] ErrorCode:0 INFO: Done Sending the heartbeat.
[2024-10-27 04:53:01.000]  [WriteStatusToFile] ErrorCode:0 INFO: Done Sending the status.
[2024-10-27 04:53:31.000]  [WriteStatusToFile] ErrorCode:0 INFO: Sending the status.
[2024-10-27 04:53:31.000]  [WriteHeartbeatToFile] ErrorCode:0 INFO: Sending the heartbeat.
[2024-10-27 04:53:31.000]  [WriteHeartbeatToFile] ErrorCode:0 INFO: Done Sending the heartbeat.
[2024-10-27 04:53:31.000]  [WriteStatusToFile] ErrorCode:0 INFO: Done Sending the status.
[2024-10-27 04:54:01.000]  [WriteStatusToFile] ErrorCode:0 INFO: Sending the status.
[2024-10-27 04:54:01.000]  [WriteHeartbeatToFile] ErrorCode:0 INFO: Sending the heartbeat.
[2024-10-27 04:54:01.000]  [WriteStatusToFile] ErrorCode:0 INFO: Done Sending the status.
[2024-10-27 04:54:01.000]  [WriteHeartbeatToFile] ErrorCode:0 INFO: Done Sending the heartbeat.
[2024-10-27 04:54:31.000]  [WriteHeartbeatToFile] ErrorCode:0 INFO: Sending the heartbeat.
[2024-10-27 04:54:31.000]  [WriteStatusToFile] ErrorCode:0 INFO: Sending the status.
[2024-10-27 04:54:31.000]  [WriteStatusToFile] ErrorCode:0 INFO: Done Sending the status.
[2024-10-27 04:54:31.000]  [WriteHeartbeatToFile] ErrorCode:0 INFO: Done Sending the heartbeat.
[2024-10-27 04:55:01.000]  [WriteStatusToFile] ErrorCode:0 INFO: Sending the status.
[2024-10-27 04:55:01.000]  [WriteHeartbeatToFile] ErrorCode:0 INFO: Sending the heartbeat.
[2024-10-27 04:55:01.000]  [WriteStatusToFile] ErrorCode:0 INFO: Done Sending the status.
[2024-10-27 04:55:01.000]  [WriteHeartbeatToFile] ErrorCode:0 INFO: Done Sending the heartbeat.
[2024-10-27 04:55:31.000]  [WriteHeartbeatToFile] ErrorCode:0 INFO: Sending the heartbeat.
[2024-10-27 04:55:31.000]  [WriteStatusToFile] ErrorCode:0 INFO: Sending the status.
[2024-10-27 04:55:31.000]  [WriteStatusToFile] ErrorCode:0 INFO: Done Sending the status.
[2024-10-27 04:55:31.000]  [WriteHeartbeatToFile] ErrorCode:0 INFO: Done Sending the heartbeat.
[2024-10-27 04:56:01.000]  [WriteStatusToFile] ErrorCode:0 INFO: Sending the status.
[2024-10-27 04:56:01.000]  [WriteHeartbeatToFile] ErrorCode:0 INFO: Sending the heartbeat.
[2024-10-27 04:56:01.000]  [WriteHeartbeatToFile] ErrorCode:0 INFO: Done Sending the heartbeat.
[2024-10-27 04:56:01.000]  [WriteStatusToFile] ErrorCode:0 INFO: Done Sending the status.
[2024-10-27 04:56:08.000]  [AggregateHeartbeat] ErrorCode:0 INFO: Start heartbeat aggregation.
[2024-10-27 04:56:08.000]  [QueryRegValueDWORD] ErrorCode:0 INFO: Query Registry for Key:SOFTWARE\Microsoft\Windows Azure\CurrentVersion\AzureMonitorAgentExtension\46.19.3.0, Name:MaServiceProcess
[2024-10-27 04:56:08.000]  [QueryRegValueDWORD] ErrorCode:0 INFO: Query Registry for Key:SOFTWARE\Microsoft\Windows Azure\CurrentVersion\AzureMonitorAgentExtension\46.19.3.0, Name:MaServiceProcess, Value:6028
[2024-10-27 04:56:08.000]  [FindProcessById] ErrorCode:0 INFO: Attempt to find the process MonAgentLauncher.exe with ID: 6028.
[2024-10-27 04:56:08.000]  [FindProcessById] ErrorCode:0 INFO: Running Process MonAgentLauncher.exe found. ID: 6028.
[2024-10-27 04:56:08.000]  [CheckIfMAServiceIsRunByExtension] ErrorCode:0 INFO: The MA process is running based on the m_registry
[2024-10-27 04:56:08.000]  [QueryRegValueDWORD] ErrorCode:0 INFO: Query Registry for Key:SOFTWARE\Microsoft\Windows Azure\CurrentVersion\AzureMonitorAgentExtension\46.19.3.0, Name:AMAMultitenantServiceProcess
[2024-10-27 04:56:08.000]  [QueryRegValueDWORD] ErrorCode:0 ERROR: RegQueryValueExA: failed to query REG_DWORD value, Key:SOFTWARE\Microsoft\Windows Azure\CurrentVersion\AzureMonitorAgentExtension\46.19.3.0, name=AMAMultitenantServiceProcess, error=2, type=0
[2024-10-27 04:56:08.000]  [CheckIfMAServiceIsRunByExtension] ErrorCode:1205 INFO: Unable to read the m_registry for MA process. Assume it is not running.
[2024-10-27 04:56:08.000]  [AggregateHeartbeat] ErrorCode:0 INFO: Configured MA Service is not running on the node.
[2024-10-27 04:56:08.000]  [SetImdsEnvironmentVariable] ErrorCode:0 INFO: Querying IMDS information
[2024-10-27 04:56:08.000]  [SetImdsEnvironmentVariable] ErrorCode:-1 INFO: Preparing to call IMDS
[2024-10-27 04:56:08.000]  [QueryIMDSEndpoint] ErrorCode:0 INFO: Queried IMDS successfully.
[2024-10-27 04:56:08.000]  [GetValueFromJsonOrDefault] ErrorCode:0 INFO: Read Imds response field with Name:location Value: westus2
[2024-10-27 04:56:08.000]  [GetValueFromJsonOrDefault] ErrorCode:0 INFO: Read Imds response field with Name:name Value: amawin
[2024-10-27 04:56:08.000]  [GetValueFromJsonOrDefault] ErrorCode:0 INFO: Read Imds response field with Name:subscriptionId Value: 351651ce-5feb-4e59-975d-f1f344e2b717
[2024-10-27 04:56:08.000]  [GetValueFromJsonOrDefault] ErrorCode:0 INFO: Read Imds response field with Name:vmId Value: 22afd636-aec1-4782-9055-f85ea283dc20
[2024-10-27 04:56:08.000]  [GetValueFromJsonOrDefault] ErrorCode:0 INFO: Read Imds response field with Name:vmScaleSetName Value: 
[2024-10-27 04:56:08.000]  [GetValueFromJsonOrDefault] ErrorCode:0 INFO: Read Imds response field with Name:resourceGroupName Value: AMAWin_group
[2024-10-27 04:56:08.000]  [GetValueFromJsonOrDefault] ErrorCode:0 INFO: Read Imds response field with Name:osType Value: Windows
[2024-10-27 04:56:08.000]  [GetValueFromJsonOrDefault] ErrorCode:0 INFO: Read Imds response field with Name:resourceId Value: /subscriptions/351651ce-5feb-4e59-975d-f1f344e2b717/resourceGroups/AMAWin_group/providers/Microsoft.Compute/virtualMachines/amawin
[2024-10-27 04:56:08.000]  [GetValueFromJsonOrDefault] ErrorCode:0 INFO: Read Imds response field with Name:azEnvironment Value: AzurePublicCloud
[2024-10-27 04:56:08.000]  [SetImdsEnvironmentVariable] ErrorCode:0 INFO: Successfully set Environment variables from Imds
[2024-10-27 04:56:08.000]  [AggregateHeartbeat] ErrorCode:0 INFO: Completed heartbeat aggregation.
[2024-10-27 04:56:31.000]  [WriteStatusToFile] ErrorCode:0 INFO: Sending the status.
[2024-10-27 04:56:31.000]  [WriteHeartbeatToFile] ErrorCode:0 INFO: Sending the heartbeat.
[2024-10-27 04:56:31.000]  [WriteStatusToFile] ErrorCode:0 INFO: Done Sending the status.
[2024-10-27 04:56:31.000]  [WriteHeartbeatToFile] ErrorCode:0 INFO: Done Sending the heartbeat.
[2024-10-27 04:57:01.000]  [WriteStatusToFile] ErrorCode:0 INFO: Sending the status.
[2024-10-27 04:57:01.000]  [WriteHeartbeatToFile] ErrorCode:0 INFO: Sending the heartbeat.
[2024-10-27 04:57:01.000]  [WriteHeartbeatToFile] ErrorCode:0 INFO: Done Sending the heartbeat.
[2024-10-27 04:57:01.000]  [WriteStatusToFile] ErrorCode:0 INFO: Done Sending the status.
[2024-10-27 04:57:31.000]  [WriteHeartbeatToFile] ErrorCode:0 INFO: Sending the heartbeat.
[2024-10-27 04:57:31.000]  [WriteStatusToFile] ErrorCode:0 INFO: Sending the status.
[2024-10-27 04:57:31.000]  [WriteHeartbeatToFile] ErrorCode:0 INFO: Done Sending the heartbeat.
[2024-10-27 04:57:31.000]  [WriteStatusToFile] ErrorCode:0 INFO: Done Sending the status.
[2024-10-27 04:58:01.000]  [WriteStatusToFile] ErrorCode:0 INFO: Sending the status.
[2024-10-27 04:58:01.000]  [WriteHeartbeatToFile] ErrorCode:0 INFO: Sending the heartbeat.
[2024-10-27 04:58:01.000]  [WriteHeartbeatToFile] ErrorCode:0 INFO: Done Sending the heartbeat.
[2024-10-27 04:58:01.000]  [WriteStatusToFile] ErrorCode:0 INFO: Done Sending the status.
[2024-10-27 04:58:31.000]  [WriteStatusToFile] ErrorCode:0 INFO: Sending the status.
[2024-10-27 04:58:31.000]  [WriteHeartbeatToFile] ErrorCode:0 INFO: Sending the heartbeat.
[2024-10-27 04:58:31.000]  [WriteStatusToFile] ErrorCode:0 INFO: Done Sending the status.
[2024-10-27 04:58:31.000]  [WriteHeartbeatToFile] ErrorCode:0 INFO: Done Sending the heartbeat.
[2024-10-27 04:59:01.000]  [WriteStatusToFile] ErrorCode:0 INFO: Sending the status.
[2024-10-27 04:59:01.000]  [WriteHeartbeatToFile] ErrorCode:0 INFO: Sending the heartbeat.
[2024-10-27 04:59:01.000]  [WriteHeartbeatToFile] ErrorCode:0 INFO: Done Sending the heartbeat.
[2024-10-27 04:59:01.000]  [WriteStatusToFile] ErrorCode:0 INFO: Done Sending the status.
[2024-10-27 04:59:31.000]  [WriteHeartbeatToFile] ErrorCode:0 INFO: Sending the heartbeat.
[2024-10-27 04:59:31.000]  [WriteStatusToFile] ErrorCode:0 INFO: Sending the status.
[2024-10-27 04:59:31.000]  [WriteHeartbeatToFile] ErrorCode:0 INFO: Done Sending the heartbeat.
[2024-10-27 04:59:31.000]  [WriteStatusToFile] ErrorCode:0 INFO: Done Sending the status.
[2024-10-27 05:00:01.000]  [WriteStatusToFile] ErrorCode:0 INFO: Sending the status.
[2024-10-27 05:00:01.000]  [WriteHeartbeatToFile] ErrorCode:0 INFO: Sending the heartbeat.
[2024-10-27 05:00:01.000]  [WriteStatusToFile] ErrorCode:0 INFO: Done Sending the status.
[2024-10-27 05:00:01.000]  [WriteHeartbeatToFile] ErrorCode:0 INFO: Done Sending the heartbeat.
[2024-10-27 05:00:31.000]  [WriteStatusToFile] ErrorCode:0 INFO: Sending the status.
[2024-10-27 05:00:31.000]  [WriteHeartbeatToFile] ErrorCode:0 INFO: Sending the heartbeat.
[2024-10-27 05:00:31.000]  [WriteStatusToFile] ErrorCode:0 INFO: Done Sending the status.
[2024-10-27 05:00:31.000]  [WriteHeartbeatToFile] ErrorCode:0 INFO: Done Sending the heartbeat.
[2024-10-27 05:01:01.000]  [WriteHeartbeatToFile] ErrorCode:0 INFO: Sending the heartbeat.
[2024-10-27 05:01:01.000]  [WriteStatusToFile] ErrorCode:0 INFO: Sending the status.
[2024-10-27 05:01:01.000]  [WriteHeartbeatToFile] ErrorCode:0 INFO: Done Sending the heartbeat.
[2024-10-27 05:01:01.000]  [WriteStatusToFile] ErrorCode:0 INFO: Done Sending the status.
[2024-10-27 05:01:08.000]  [AggregateHeartbeat] ErrorCode:0 INFO: Start heartbeat aggregation.
[2024-10-27 05:01:08.000]  [QueryRegValueDWORD] ErrorCode:0 INFO: Query Registry for Key:SOFTWARE\Microsoft\Windows Azure\CurrentVersion\AzureMonitorAgentExtension\46.19.3.0, Name:MaServiceProcess
[2024-10-27 05:01:08.000]  [QueryRegValueDWORD] ErrorCode:0 INFO: Query Registry for Key:SOFTWARE\Microsoft\Windows Azure\CurrentVersion\AzureMonitorAgentExtension\46.19.3.0, Name:MaServiceProcess, Value:6028
[2024-10-27 05:01:08.000]  [FindProcessById] ErrorCode:0 INFO: Attempt to find the process MonAgentLauncher.exe with ID: 6028.
[2024-10-27 05:01:08.000]  [FindProcessById] ErrorCode:0 INFO: Running Process MonAgentLauncher.exe found. ID: 6028.
[2024-10-27 05:01:08.000]  [CheckIfMAServiceIsRunByExtension] ErrorCode:0 INFO: The MA process is running based on the m_registry
[2024-10-27 05:01:08.000]  [QueryRegValueDWORD] ErrorCode:0 INFO: Query Registry for Key:SOFTWARE\Microsoft\Windows Azure\CurrentVersion\AzureMonitorAgentExtension\46.19.3.0, Name:AMAMultitenantServiceProcess
[2024-10-27 05:01:08.000]  [QueryRegValueDWORD] ErrorCode:0 ERROR: RegQueryValueExA: failed to query REG_DWORD value, Key:SOFTWARE\Microsoft\Windows Azure\CurrentVersion\AzureMonitorAgentExtension\46.19.3.0, name=AMAMultitenantServiceProcess, error=2, type=0
[2024-10-27 05:01:08.000]  [CheckIfMAServiceIsRunByExtension] ErrorCode:1205 INFO: Unable to read the m_registry for MA process. Assume it is not running.
[2024-10-27 05:01:08.000]  [AggregateHeartbeat] ErrorCode:0 INFO: Configured MA Service is not running on the node.
[2024-10-27 05:01:08.000]  [SetImdsEnvironmentVariable] ErrorCode:0 INFO: Querying IMDS information
[2024-10-27 05:01:08.000]  [SetImdsEnvironmentVariable] ErrorCode:-1 INFO: Preparing to call IMDS
[2024-10-27 05:01:08.000]  [QueryIMDSEndpoint] ErrorCode:0 INFO: Queried IMDS successfully.
[2024-10-27 05:01:08.000]  [GetValueFromJsonOrDefault] ErrorCode:0 INFO: Read Imds response field with Name:location Value: westus2
[2024-10-27 05:01:08.000]  [GetValueFromJsonOrDefault] ErrorCode:0 INFO: Read Imds response field with Name:name Value: amawin
[2024-10-27 05:01:08.000]  [GetValueFromJsonOrDefault] ErrorCode:0 INFO: Read Imds response field with Name:subscriptionId Value: 351651ce-5feb-4e59-975d-f1f344e2b717
[2024-10-27 05:01:08.000]  [GetValueFromJsonOrDefault] ErrorCode:0 INFO: Read Imds response field with Name:vmId Value: 22afd636-aec1-4782-9055-f85ea283dc20
[2024-10-27 05:01:08.000]  [GetValueFromJsonOrDefault] ErrorCode:0 INFO: Read Imds response field with Name:vmScaleSetName Value: 
[2024-10-27 05:01:08.000]  [GetValueFromJsonOrDefault] ErrorCode:0 INFO: Read Imds response field with Name:resourceGroupName Value: AMAWin_group
[2024-10-27 05:01:08.000]  [GetValueFromJsonOrDefault] ErrorCode:0 INFO: Read Imds response field with Name:osType Value: Windows
[2024-10-27 05:01:08.000]  [GetValueFromJsonOrDefault] ErrorCode:0 INFO: Read Imds response field with Name:resourceId Value: /subscriptions/351651ce-5feb-4e59-975d-f1f344e2b717/resourceGroups/AMAWin_group/providers/Microsoft.Compute/virtualMachines/amawin
[2024-10-27 05:01:08.000]  [GetValueFromJsonOrDefault] ErrorCode:0 INFO: Read Imds response field with Name:azEnvironment Value: AzurePublicCloud
[2024-10-27 05:01:08.000]  [SetImdsEnvironmentVariable] ErrorCode:0 INFO: Successfully set Environment variables from Imds
[2024-10-27 05:01:08.000]  [AggregateHeartbeat] ErrorCode:0 INFO: Completed heartbeat aggregation.
[2024-10-27 05:01:31.000]  [WriteStatusToFile] ErrorCode:0 INFO: Sending the status.
[2024-10-27 05:01:31.000]  [WriteHeartbeatToFile] ErrorCode:0 INFO: Sending the heartbeat.
[2024-10-27 05:01:31.000]  [WriteHeartbeatToFile] ErrorCode:0 INFO: Done Sending the heartbeat.
[2024-10-27 05:01:31.000]  [WriteStatusToFile] ErrorCode:0 INFO: Done Sending the status.
[2024-10-27 05:02:01.000]  [WriteStatusToFile] ErrorCode:0 INFO: Sending the status.
[2024-10-27 05:02:01.000]  [WriteHeartbeatToFile] ErrorCode:0 INFO: Sending the heartbeat.
[2024-10-27 05:02:01.000]  [WriteStatusToFile] ErrorCode:0 INFO: Done Sending the status.
[2024-10-27 05:02:01.000]  [WriteHeartbeatToFile] ErrorCode:0 INFO: Done Sending the heartbeat.
[2024-10-27 05:02:31.000]  [WriteStatusToFile] ErrorCode:0 INFO: Sending the status.
[2024-10-27 05:02:31.000]  [WriteHeartbeatToFile] ErrorCode:0 INFO: Sending the heartbeat.
[2024-10-27 05:02:31.000]  [WriteStatusToFile] ErrorCode:0 INFO: Done Sending the status.
[2024-10-27 05:02:31.000]  [WriteHeartbeatToFile] ErrorCode:0 INFO: Done Sending the heartbeat.
[2024-10-27 05:03:01.000]  [WriteHeartbeatToFile] ErrorCode:0 INFO: Sending the heartbeat.
[2024-10-27 05:03:01.000]  [WriteStatusToFile] ErrorCode:0 INFO: Sending the status.
[2024-10-27 05:03:01.000]  [WriteHeartbeatToFile] ErrorCode:0 INFO: Done Sending the heartbeat.
[2024-10-27 05:03:01.000]  [WriteStatusToFile] ErrorCode:0 INFO: Done Sending the status.
[2024-10-27 05:03:31.000]  [WriteHeartbeatToFile] ErrorCode:0 INFO: Sending the heartbeat.
[2024-10-27 05:03:31.000]  [WriteStatusToFile] ErrorCode:0 INFO: Sending the status.
[2024-10-27 05:03:31.000]  [WriteStatusToFile] ErrorCode:0 INFO: Done Sending the status.
[2024-10-27 05:03:31.000]  [WriteHeartbeatToFile] ErrorCode:0 INFO: Done Sending the heartbeat.
[2024-10-27 05:04:01.000]  [WriteHeartbeatToFile] ErrorCode:0 INFO: Sending the heartbeat.
[2024-10-27 05:04:01.000]  [WriteStatusToFile] ErrorCode:0 INFO: Sending the status.
[2024-10-27 05:04:01.000]  [WriteStatusToFile] ErrorCode:0 INFO: Done Sending the status.
[2024-10-27 05:04:01.000]  [WriteHeartbeatToFile] ErrorCode:0 INFO: Done Sending the heartbeat.
[2024-10-27 05:04:31.000]  [WriteStatusToFile] ErrorCode:0 INFO: Sending the status.
[2024-10-27 05:04:31.000]  [WriteHeartbeatToFile] ErrorCode:0 INFO: Sending the heartbeat.
[2024-10-27 05:04:31.000]  [WriteHeartbeatToFile] ErrorCode:0 INFO: Done Sending the heartbeat.
[2024-10-27 05:04:31.000]  [WriteStatusToFile] ErrorCode:0 INFO: Done Sending the status.
[2024-10-27 05:05:01.000]  [WriteHeartbeatToFile] ErrorCode:0 INFO: Sending the heartbeat.
[2024-10-27 05:05:01.000]  [WriteStatusToFile] ErrorCode:0 INFO: Sending the status.
[2024-10-27 05:05:01.000]  [WriteHeartbeatToFile] ErrorCode:0 INFO: Done Sending the heartbeat.
[2024-10-27 05:05:01.000]  [WriteStatusToFile] ErrorCode:0 INFO: Done Sending the status.
[2024-10-27 05:05:31.000]  [WriteStatusToFile] ErrorCode:0 INFO: Sending the status.
[2024-10-27 05:05:31.000]  [WriteHeartbeatToFile] ErrorCode:0 INFO: Sending the heartbeat.
[2024-10-27 05:05:31.000]  [WriteHeartbeatToFile] ErrorCode:0 INFO: Done Sending the heartbeat.
[2024-10-27 05:05:31.000]  [WriteStatusToFile] ErrorCode:0 INFO: Done Sending the status.
[2024-10-27 05:06:01.000]  [WriteStatusToFile] ErrorCode:0 INFO: Sending the status.
[2024-10-27 05:06:01.000]  [WriteHeartbeatToFile] ErrorCode:0 INFO: Sending the heartbeat.
[2024-10-27 05:06:01.000]  [WriteHeartbeatToFile] ErrorCode:0 INFO: Done Sending the heartbeat.
[2024-10-27 05:06:01.000]  [WriteStatusToFile] ErrorCode:0 INFO: Done Sending the status.
[2024-10-27 05:06:08.000]  [AggregateHeartbeat] ErrorCode:0 INFO: Start heartbeat aggregation.
[2024-10-27 05:06:08.000]  [QueryRegValueDWORD] ErrorCode:0 INFO: Query Registry for Key:SOFTWARE\Microsoft\Windows Azure\CurrentVersion\AzureMonitorAgentExtension\46.19.3.0, Name:MaServiceProcess
[2024-10-27 05:06:08.000]  [QueryRegValueDWORD] ErrorCode:0 INFO: Query Registry for Key:SOFTWARE\Microsoft\Windows Azure\CurrentVersion\AzureMonitorAgentExtension\46.19.3.0, Name:MaServiceProcess, Value:6028
[2024-10-27 05:06:08.000]  [FindProcessById] ErrorCode:0 INFO: Attempt to find the process MonAgentLauncher.exe with ID: 6028.
[2024-10-27 05:06:08.000]  [FindProcessById] ErrorCode:0 INFO: Running Process MonAgentLauncher.exe found. ID: 6028.
[2024-10-27 05:06:08.000]  [CheckIfMAServiceIsRunByExtension] ErrorCode:0 INFO: The MA process is running based on the m_registry
[2024-10-27 05:06:08.000]  [QueryRegValueDWORD] ErrorCode:0 INFO: Query Registry for Key:SOFTWARE\Microsoft\Windows Azure\CurrentVersion\AzureMonitorAgentExtension\46.19.3.0, Name:AMAMultitenantServiceProcess
[2024-10-27 05:06:08.000]  [QueryRegValueDWORD] ErrorCode:0 ERROR: RegQueryValueExA: failed to query REG_DWORD value, Key:SOFTWARE\Microsoft\Windows Azure\CurrentVersion\AzureMonitorAgentExtension\46.19.3.0, name=AMAMultitenantServiceProcess, error=2, type=0
[2024-10-27 05:06:08.000]  [CheckIfMAServiceIsRunByExtension] ErrorCode:1205 INFO: Unable to read the m_registry for MA process. Assume it is not running.
[2024-10-27 05:06:08.000]  [AggregateHeartbeat] ErrorCode:0 INFO: Configured MA Service is not running on the node.
[2024-10-27 05:06:08.000]  [SetImdsEnvironmentVariable] ErrorCode:0 INFO: Querying IMDS information
[2024-10-27 05:06:08.000]  [SetImdsEnvironmentVariable] ErrorCode:-1 INFO: Preparing to call IMDS
[2024-10-27 05:06:08.000]  [QueryIMDSEndpoint] ErrorCode:0 INFO: Queried IMDS successfully.
[2024-10-27 05:06:08.000]  [GetValueFromJsonOrDefault] ErrorCode:0 INFO: Read Imds response field with Name:location Value: westus2
[2024-10-27 05:06:08.000]  [GetValueFromJsonOrDefault] ErrorCode:0 INFO: Read Imds response field with Name:name Value: amawin
[2024-10-27 05:06:08.000]  [GetValueFromJsonOrDefault] ErrorCode:0 INFO: Read Imds response field with Name:subscriptionId Value: 351651ce-5feb-4e59-975d-f1f344e2b717
[2024-10-27 05:06:08.000]  [GetValueFromJsonOrDefault] ErrorCode:0 INFO: Read Imds response field with Name:vmId Value: 22afd636-aec1-4782-9055-f85ea283dc20
[2024-10-27 05:06:08.000]  [GetValueFromJsonOrDefault] ErrorCode:0 INFO: Read Imds response field with Name:vmScaleSetName Value: 
[2024-10-27 05:06:08.000]  [GetValueFromJsonOrDefault] ErrorCode:0 INFO: Read Imds response field with Name:resourceGroupName Value: AMAWin_group
[2024-10-27 05:06:08.000]  [GetValueFromJsonOrDefault] ErrorCode:0 INFO: Read Imds response field with Name:osType Value: Windows
[2024-10-27 05:06:08.000]  [GetValueFromJsonOrDefault] ErrorCode:0 INFO: Read Imds response field with Name:resourceId Value: /subscriptions/351651ce-5feb-4e59-975d-f1f344e2b717/resourceGroups/AMAWin_group/providers/Microsoft.Compute/virtualMachines/amawin
[2024-10-27 05:06:08.000]  [GetValueFromJsonOrDefault] ErrorCode:0 INFO: Read Imds response field with Name:azEnvironment Value: AzurePublicCloud
[2024-10-27 05:06:08.000]  [SetImdsEnvironmentVariable] ErrorCode:0 INFO: Successfully set Environment variables from Imds
[2024-10-27 05:06:08.000]  [AggregateHeartbeat] ErrorCode:0 INFO: Completed heartbeat aggregation.
[2024-10-27 05:06:31.000]  [WriteHeartbeatToFile] ErrorCode:0 INFO: Sending the heartbeat.
[2024-10-27 05:06:31.000]  [WriteStatusToFile] ErrorCode:0 INFO: Sending the status.
[2024-10-27 05:06:31.000]  [WriteStatusToFile] ErrorCode:0 INFO: Done Sending the status.
[2024-10-27 05:06:31.000]  [WriteHeartbeatToFile] ErrorCode:0 INFO: Done Sending the heartbeat.
[2024-10-27 05:07:01.000]  [WriteHeartbeatToFile] ErrorCode:0 INFO: Sending the heartbeat.
[2024-10-27 05:07:01.000]  [WriteStatusToFile] ErrorCode:0 INFO: Sending the status.
[2024-10-27 05:07:01.000]  [WriteStatusToFile] ErrorCode:0 INFO: Done Sending the status.
[2024-10-27 05:07:01.000]  [WriteHeartbeatToFile] ErrorCode:0 INFO: Done Sending the heartbeat.
[2024-10-27 05:07:31.000]  [WriteStatusToFile] ErrorCode:0 INFO: Sending the status.
[2024-10-27 05:07:31.000]  [WriteHeartbeatToFile] ErrorCode:0 INFO: Sending the heartbeat.
[2024-10-27 05:07:31.000]  [WriteStatusToFile] ErrorCode:0 INFO: Done Sending the status.
[2024-10-27 05:07:31.000]  [WriteHeartbeatToFile] ErrorCode:0 INFO: Done Sending the heartbeat.
[2024-10-27 05:08:01.000]  [WriteStatusToFile] ErrorCode:0 INFO: Sending the status.
[2024-10-27 05:08:01.000]  [WriteHeartbeatToFile] ErrorCode:0 INFO: Sending the heartbeat.
[2024-10-27 05:08:01.000]  [WriteStatusToFile] ErrorCode:0 INFO: Done Sending the status.
[2024-10-27 05:08:01.000]  [WriteHeartbeatToFile] ErrorCode:0 INFO: Done Sending the heartbeat.
[2024-10-27 05:08:31.000]  [WriteHeartbeatToFile] ErrorCode:0 INFO: Sending the heartbeat.
[2024-10-27 05:08:31.000]  [WriteStatusToFile] ErrorCode:0 INFO: Sending the status.
[2024-10-27 05:08:31.000]  [WriteStatusToFile] ErrorCode:0 INFO: Done Sending the status.
[2024-10-27 05:08:31.000]  [WriteHeartbeatToFile] ErrorCode:0 INFO: Done Sending the heartbeat.
[2024-10-27 05:09:01.000]  [WriteStatusToFile] ErrorCode:0 INFO: Sending the status.
[2024-10-27 05:09:01.000]  [WriteHeartbeatToFile] ErrorCode:0 INFO: Sending the heartbeat.
[2024-10-27 05:09:01.000]  [WriteHeartbeatToFile] ErrorCode:0 INFO: Done Sending the heartbeat.
[2024-10-27 05:09:01.000]  [WriteStatusToFile] ErrorCode:0 INFO: Done Sending the status.
[2024-10-27 05:09:31.000]  [WriteHeartbeatToFile] ErrorCode:0 INFO: Sending the heartbeat.
[2024-10-27 05:09:31.000]  [WriteStatusToFile] ErrorCode:0 INFO: Sending the status.
[2024-10-27 05:09:31.000]  [WriteHeartbeatToFile] ErrorCode:0 INFO: Done Sending the heartbeat.
[2024-10-27 05:09:31.000]  [WriteStatusToFile] ErrorCode:0 INFO: Done Sending the status.
[2024-10-27 05:10:01.000]  [WriteStatusToFile] ErrorCode:0 INFO: Sending the status.
[2024-10-27 05:10:01.000]  [WriteHeartbeatToFile] ErrorCode:0 INFO: Sending the heartbeat.
[2024-10-27 05:10:01.000]  [WriteHeartbeatToFile] ErrorCode:0 INFO: Done Sending the heartbeat.
[2024-10-27 05:10:01.000]  [WriteStatusToFile] ErrorCode:0 INFO: Done Sending the status.
[2024-10-27 05:10:31.000]  [WriteHeartbeatToFile] ErrorCode:0 INFO: Sending the heartbeat.
[2024-10-27 05:10:31.000]  [WriteStatusToFile] ErrorCode:0 INFO: Sending the status.
[2024-10-27 05:10:31.000]  [WriteHeartbeatToFile] ErrorCode:0 INFO: Done Sending the heartbeat.
[2024-10-27 05:10:31.000]  [WriteStatusToFile] ErrorCode:0 INFO: Done Sending the status.
[2024-10-27 05:11:01.000]  [WriteHeartbeatToFile] ErrorCode:0 INFO: Sending the heartbeat.
[2024-10-27 05:11:01.000]  [WriteStatusToFile] ErrorCode:0 INFO: Sending the status.
[2024-10-27 05:11:01.000]  [WriteHeartbeatToFile] ErrorCode:0 INFO: Done Sending the heartbeat.
[2024-10-27 05:11:01.000]  [WriteStatusToFile] ErrorCode:0 INFO: Done Sending the status.
[2024-10-27 05:11:08.000]  [AggregateHeartbeat] ErrorCode:0 INFO: Start heartbeat aggregation.
[2024-10-27 05:11:08.000]  [QueryRegValueDWORD] ErrorCode:0 INFO: Query Registry for Key:SOFTWARE\Microsoft\Windows Azure\CurrentVersion\AzureMonitorAgentExtension\46.19.3.0, Name:MaServiceProcess
[2024-10-27 05:11:08.000]  [QueryRegValueDWORD] ErrorCode:0 INFO: Query Registry for Key:SOFTWARE\Microsoft\Windows Azure\CurrentVersion\AzureMonitorAgentExtension\46.19.3.0, Name:MaServiceProcess, Value:6028
[2024-10-27 05:11:08.000]  [FindProcessById] ErrorCode:0 INFO: Attempt to find the process MonAgentLauncher.exe with ID: 6028.
[2024-10-27 05:11:08.000]  [FindProcessById] ErrorCode:0 INFO: Running Process MonAgentLauncher.exe found. ID: 6028.
[2024-10-27 05:11:08.000]  [CheckIfMAServiceIsRunByExtension] ErrorCode:0 INFO: The MA process is running based on the m_registry
[2024-10-27 05:11:08.000]  [QueryRegValueDWORD] ErrorCode:0 INFO: Query Registry for Key:SOFTWARE\Microsoft\Windows Azure\CurrentVersion\AzureMonitorAgentExtension\46.19.3.0, Name:AMAMultitenantServiceProcess
[2024-10-27 05:11:08.000]  [QueryRegValueDWORD] ErrorCode:0 ERROR: RegQueryValueExA: failed to query REG_DWORD value, Key:SOFTWARE\Microsoft\Windows Azure\CurrentVersion\AzureMonitorAgentExtension\46.19.3.0, name=AMAMultitenantServiceProcess, error=2, type=0
[2024-10-27 05:11:08.000]  [CheckIfMAServiceIsRunByExtension] ErrorCode:1205 INFO: Unable to read the m_registry for MA process. Assume it is not running.
[2024-10-27 05:11:08.000]  [AggregateHeartbeat] ErrorCode:0 INFO: Configured MA Service is not running on the node.
[2024-10-27 05:11:08.000]  [SetImdsEnvironmentVariable] ErrorCode:0 INFO: Querying IMDS information
[2024-10-27 05:11:08.000]  [SetImdsEnvironmentVariable] ErrorCode:-1 INFO: Preparing to call IMDS
[2024-10-27 05:11:08.000]  [QueryIMDSEndpoint] ErrorCode:0 INFO: Queried IMDS successfully.
[2024-10-27 05:11:08.000]  [GetValueFromJsonOrDefault] ErrorCode:0 INFO: Read Imds response field with Name:location Value: westus2
[2024-10-27 05:11:08.000]  [GetValueFromJsonOrDefault] ErrorCode:0 INFO: Read Imds response field with Name:name Value: amawin
[2024-10-27 05:11:08.000]  [GetValueFromJsonOrDefault] ErrorCode:0 INFO: Read Imds response field with Name:subscriptionId Value: 351651ce-5feb-4e59-975d-f1f344e2b717
[2024-10-27 05:11:08.000]  [GetValueFromJsonOrDefault] ErrorCode:0 INFO: Read Imds response field with Name:vmId Value: 22afd636-aec1-4782-9055-f85ea283dc20
[2024-10-27 05:11:08.000]  [GetValueFromJsonOrDefault] ErrorCode:0 INFO: Read Imds response field with Name:vmScaleSetName Value: 
[2024-10-27 05:11:08.000]  [GetValueFromJsonOrDefault] ErrorCode:0 INFO: Read Imds response field with Name:resourceGroupName Value: AMAWin_group
[2024-10-27 05:11:08.000]  [GetValueFromJsonOrDefault] ErrorCode:0 INFO: Read Imds response field with Name:osType Value: Windows
[2024-10-27 05:11:08.000]  [GetValueFromJsonOrDefault] ErrorCode:0 INFO: Read Imds response field with Name:resourceId Value: /subscriptions/351651ce-5feb-4e59-975d-f1f344e2b717/resourceGroups/AMAWin_group/providers/Microsoft.Compute/virtualMachines/amawin
[2024-10-27 05:11:08.000]  [GetValueFromJsonOrDefault] ErrorCode:0 INFO: Read Imds response field with Name:azEnvironment Value: AzurePublicCloud
[2024-10-27 05:11:08.000]  [SetImdsEnvironmentVariable] ErrorCode:0 INFO: Successfully set Environment variables from Imds
[2024-10-27 05:11:08.000]  [AggregateHeartbeat] ErrorCode:0 INFO: Completed heartbeat aggregation.
[2024-10-27 05:11:31.000]  [WriteStatusToFile] ErrorCode:0 INFO: Sending the status.
[2024-10-27 05:11:31.000]  [WriteHeartbeatToFile] ErrorCode:0 INFO: Sending the heartbeat.
[2024-10-27 05:11:31.000]  [WriteHeartbeatToFile] ErrorCode:0 INFO: Done Sending the heartbeat.
[2024-10-27 05:11:31.000]  [WriteStatusToFile] ErrorCode:0 INFO: Done Sending the status.
[2024-10-27 05:12:01.000]  [WriteHeartbeatToFile] ErrorCode:0 INFO: Sending the heartbeat.
[2024-10-27 05:12:01.000]  [WriteStatusToFile] ErrorCode:0 INFO: Sending the status.
[2024-10-27 05:12:01.000]  [WriteStatusToFile] ErrorCode:0 INFO: Done Sending the status.
[2024-10-27 05:12:01.000]  [WriteHeartbeatToFile] ErrorCode:0 INFO: Done Sending the heartbeat.
[2024-10-27 05:12:31.000]  [WriteStatusToFile] ErrorCode:0 INFO: Sending the status.
[2024-10-27 05:12:31.000]  [WriteHeartbeatToFile] ErrorCode:0 INFO: Sending the heartbeat.
[2024-10-27 05:12:31.000]  [WriteStatusToFile] ErrorCode:0 INFO: Done Sending the status.
[2024-10-27 05:12:31.000]  [WriteHeartbeatToFile] ErrorCode:0 INFO: Done Sending the heartbeat.
[2024-10-27 05:13:01.000]  [WriteStatusToFile] ErrorCode:0 INFO: Sending the status.
[2024-10-27 05:13:01.000]  [WriteHeartbeatToFile] ErrorCode:0 INFO: Sending the heartbeat.
[2024-10-27 05:13:01.000]  [WriteStatusToFile] ErrorCode:0 INFO: Done Sending the status.
[2024-10-27 05:13:01.000]  [WriteHeartbeatToFile] ErrorCode:0 INFO: Done Sending the heartbeat.
[2024-10-27 05:13:31.000]  [WriteHeartbeatToFile] ErrorCode:0 INFO: Sending the heartbeat.
[2024-10-27 05:13:31.000]  [WriteStatusToFile] ErrorCode:0 INFO: Sending the status.
[2024-10-27 05:13:31.000]  [WriteStatusToFile] ErrorCode:0 INFO: Done Sending the status.
[2024-10-27 05:13:31.000]  [WriteHeartbeatToFile] ErrorCode:0 INFO: Done Sending the heartbeat.
[2024-10-27 05:14:01.000]  [WriteStatusToFile] ErrorCode:0 INFO: Sending the status.
[2024-10-27 05:14:01.000]  [WriteHeartbeatToFile] ErrorCode:0 INFO: Sending the heartbeat.
[2024-10-27 05:14:01.000]  [WriteStatusToFile] ErrorCode:0 INFO: Done Sending the status.
[2024-10-27 05:14:01.000]  [WriteHeartbeatToFile] ErrorCode:0 INFO: Done Sending the heartbeat.
[2024-10-27 05:14:31.000]  [WriteStatusToFile] ErrorCode:0 INFO: Sending the status.
[2024-10-27 05:14:31.000]  [WriteHeartbeatToFile] ErrorCode:0 INFO: Sending the heartbeat.
[2024-10-27 05:14:31.000]  [WriteStatusToFile] ErrorCode:0 INFO: Done Sending the status.
[2024-10-27 05:14:31.000]  [WriteHeartbeatToFile] ErrorCode:0 INFO: Done Sending the heartbeat.
[2024-10-27 05:15:01.000]  [WriteHeartbeatToFile] ErrorCode:0 INFO: Sending the heartbeat.
[2024-10-27 05:15:01.000]  [WriteStatusToFile] ErrorCode:0 INFO: Sending the status.
[2024-10-27 05:15:01.000]  [WriteHeartbeatToFile] ErrorCode:0 INFO: Done Sending the heartbeat.
[2024-10-27 05:15:01.000]  [WriteStatusToFile] ErrorCode:0 INFO: Done Sending the status.
[2024-10-27 05:15:31.000]  [WriteHeartbeatToFile] ErrorCode:0 INFO: Sending the heartbeat.
[2024-10-27 05:15:31.000]  [WriteStatusToFile] ErrorCode:0 INFO: Sending the status.
[2024-10-27 05:15:31.000]  [WriteStatusToFile] ErrorCode:0 INFO: Done Sending the status.
[2024-10-27 05:15:31.000]  [WriteHeartbeatToFile] ErrorCode:0 INFO: Done Sending the heartbeat.
[2024-10-27 05:16:01.000]  [WriteStatusToFile] ErrorCode:0 INFO: Sending the status.
[2024-10-27 05:16:01.000]  [WriteHeartbeatToFile] ErrorCode:0 INFO: Sending the heartbeat.
[2024-10-27 05:16:01.000]  [WriteHeartbeatToFile] ErrorCode:0 INFO: Done Sending the heartbeat.
[2024-10-27 05:16:01.000]  [WriteStatusToFile] ErrorCode:0 INFO: Done Sending the status.
[2024-10-27 05:16:08.000]  [AggregateHeartbeat] ErrorCode:0 INFO: Start heartbeat aggregation.
[2024-10-27 05:16:08.000]  [QueryRegValueDWORD] ErrorCode:0 INFO: Query Registry for Key:SOFTWARE\Microsoft\Windows Azure\CurrentVersion\AzureMonitorAgentExtension\46.19.3.0, Name:MaServiceProcess
[2024-10-27 05:16:08.000]  [QueryRegValueDWORD] ErrorCode:0 INFO: Query Registry for Key:SOFTWARE\Microsoft\Windows Azure\CurrentVersion\AzureMonitorAgentExtension\46.19.3.0, Name:MaServiceProcess, Value:6028
[2024-10-27 05:16:08.000]  [FindProcessById] ErrorCode:0 INFO: Attempt to find the process MonAgentLauncher.exe with ID: 6028.
[2024-10-27 05:16:08.000]  [FindProcessById] ErrorCode:0 INFO: Running Process MonAgentLauncher.exe found. ID: 6028.
[2024-10-27 05:16:08.000]  [CheckIfMAServiceIsRunByExtension] ErrorCode:0 INFO: The MA process is running based on the m_registry
[2024-10-27 05:16:08.000]  [QueryRegValueDWORD] ErrorCode:0 INFO: Query Registry for Key:SOFTWARE\Microsoft\Windows Azure\CurrentVersion\AzureMonitorAgentExtension\46.19.3.0, Name:AMAMultitenantServiceProcess
[2024-10-27 05:16:08.000]  [QueryRegValueDWORD] ErrorCode:0 ERROR: RegQueryValueExA: failed to query REG_DWORD value, Key:SOFTWARE\Microsoft\Windows Azure\CurrentVersion\AzureMonitorAgentExtension\46.19.3.0, name=AMAMultitenantServiceProcess, error=2, type=0
[2024-10-27 05:16:08.000]  [CheckIfMAServiceIsRunByExtension] ErrorCode:1205 INFO: Unable to read the m_registry for MA process. Assume it is not running.
[2024-10-27 05:16:08.000]  [AggregateHeartbeat] ErrorCode:0 INFO: Configured MA Service is not running on the node.
[2024-10-27 05:16:08.000]  [SetImdsEnvironmentVariable] ErrorCode:0 INFO: Querying IMDS information
[2024-10-27 05:16:08.000]  [SetImdsEnvironmentVariable] ErrorCode:-1 INFO: Preparing to call IMDS
[2024-10-27 05:16:08.000]  [QueryIMDSEndpoint] ErrorCode:0 INFO: Queried IMDS successfully.
[2024-10-27 05:16:08.000]  [GetValueFromJsonOrDefault] ErrorCode:0 INFO: Read Imds response field with Name:location Value: westus2
[2024-10-27 05:16:08.000]  [GetValueFromJsonOrDefault] ErrorCode:0 INFO: Read Imds response field with Name:name Value: amawin
[2024-10-27 05:16:08.000]  [GetValueFromJsonOrDefault] ErrorCode:0 INFO: Read Imds response field with Name:subscriptionId Value: 351651ce-5feb-4e59-975d-f1f344e2b717
[2024-10-27 05:16:08.000]  [GetValueFromJsonOrDefault] ErrorCode:0 INFO: Read Imds response field with Name:vmId Value: 22afd636-aec1-4782-9055-f85ea283dc20
[2024-10-27 05:16:08.000]  [GetValueFromJsonOrDefault] ErrorCode:0 INFO: Read Imds response field with Name:vmScaleSetName Value: 
[2024-10-27 05:16:08.000]  [GetValueFromJsonOrDefault] ErrorCode:0 INFO: Read Imds response field with Name:resourceGroupName Value: AMAWin_group
[2024-10-27 05:16:08.000]  [GetValueFromJsonOrDefault] ErrorCode:0 INFO: Read Imds response field with Name:osType Value: Windows
[2024-10-27 05:16:08.000]  [GetValueFromJsonOrDefault] ErrorCode:0 INFO: Read Imds response field with Name:resourceId Value: /subscriptions/351651ce-5feb-4e59-975d-f1f344e2b717/resourceGroups/AMAWin_group/providers/Microsoft.Compute/virtualMachines/amawin
[2024-10-27 05:16:08.000]  [GetValueFromJsonOrDefault] ErrorCode:0 INFO: Read Imds response field with Name:azEnvironment Value: AzurePublicCloud
[2024-10-27 05:16:08.000]  [SetImdsEnvironmentVariable] ErrorCode:0 INFO: Successfully set Environment variables from Imds
[2024-10-27 05:16:08.000]  [AggregateHeartbeat] ErrorCode:0 INFO: Completed heartbeat aggregation.
[2024-10-27 05:16:31.000]  [WriteStatusToFile] ErrorCode:0 INFO: Sending the status.
[2024-10-27 05:16:31.000]  [WriteHeartbeatToFile] ErrorCode:0 INFO: Sending the heartbeat.
[2024-10-27 05:16:31.000]  [WriteStatusToFile] ErrorCode:0 INFO: Done Sending the status.
[2024-10-27 05:16:31.000]  [WriteHeartbeatToFile] ErrorCode:0 INFO: Done Sending the heartbeat.
[2024-10-27 05:17:01.000]  [WriteHeartbeatToFile] ErrorCode:0 INFO: Sending the heartbeat.
[2024-10-27 05:17:01.000]  [WriteStatusToFile] ErrorCode:0 INFO: Sending the status.
[2024-10-27 05:17:01.000]  [WriteStatusToFile] ErrorCode:0 INFO: Done Sending the status.
[2024-10-27 05:17:01.000]  [WriteHeartbeatToFile] ErrorCode:0 INFO: Done Sending the heartbeat.
[2024-10-27 05:17:31.000]  [WriteStatusToFile] ErrorCode:0 INFO: Sending the status.
[2024-10-27 05:17:31.000]  [WriteHeartbeatToFile] ErrorCode:0 INFO: Sending the heartbeat.
[2024-10-27 05:17:31.000]  [WriteStatusToFile] ErrorCode:0 INFO: Done Sending the status.
[2024-10-27 05:17:31.000]  [WriteHeartbeatToFile] ErrorCode:0 INFO: Done Sending the heartbeat.
[2024-10-27 05:18:01.000]  [WriteHeartbeatToFile] ErrorCode:0 INFO: Sending the heartbeat.
[2024-10-27 05:18:01.000]  [WriteStatusToFile] ErrorCode:0 INFO: Sending the status.
[2024-10-27 05:18:01.000]  [WriteStatusToFile] ErrorCode:0 INFO: Done Sending the status.
[2024-10-27 05:18:01.000]  [WriteHeartbeatToFile] ErrorCode:0 INFO: Done Sending the heartbeat.
[2024-10-27 05:18:31.000]  [WriteStatusToFile] ErrorCode:0 INFO: Sending the status.
[2024-10-27 05:18:31.000]  [WriteHeartbeatToFile] ErrorCode:0 INFO: Sending the heartbeat.
[2024-10-27 05:18:31.000]  [WriteHeartbeatToFile] ErrorCode:0 INFO: Done Sending the heartbeat.
[2024-10-27 05:18:31.000]  [WriteStatusToFile] ErrorCode:0 INFO: Done Sending the status.
[2024-10-27 05:19:01.000]  [WriteHeartbeatToFile] ErrorCode:0 INFO: Sending the heartbeat.
[2024-10-27 05:19:01.000]  [WriteStatusToFile] ErrorCode:0 INFO: Sending the status.
[2024-10-27 05:19:01.000]  [WriteHeartbeatToFile] ErrorCode:0 INFO: Done Sending the heartbeat.
[2024-10-27 05:19:01.000]  [WriteStatusToFile] ErrorCode:0 INFO: Done Sending the status.
[2024-10-27 05:19:31.000]  [WriteStatusToFile] ErrorCode:0 INFO: Sending the status.
[2024-10-27 05:19:31.000]  [WriteHeartbeatToFile] ErrorCode:0 INFO: Sending the heartbeat.
[2024-10-27 05:19:31.000]  [WriteHeartbeatToFile] ErrorCode:0 INFO: Done Sending the heartbeat.
[2024-10-27 05:19:31.000]  [WriteStatusToFile] ErrorCode:0 INFO: Done Sending the status.
[2024-10-27 05:20:01.000]  [WriteStatusToFile] ErrorCode:0 INFO: Sending the status.
[2024-10-27 05:20:01.000]  [WriteHeartbeatToFile] ErrorCode:0 INFO: Sending the heartbeat.
[2024-10-27 05:20:01.000]  [WriteStatusToFile] ErrorCode:0 INFO: Done Sending the status.
[2024-10-27 05:20:01.000]  [WriteHeartbeatToFile] ErrorCode:0 INFO: Done Sending the heartbeat.
[2024-10-27 05:20:31.000]  [WriteHeartbeatToFile] ErrorCode:0 INFO: Sending the heartbeat.
[2024-10-27 05:20:31.000]  [WriteStatusToFile] ErrorCode:0 INFO: Sending the status.
[2024-10-27 05:20:31.000]  [WriteStatusToFile] ErrorCode:0 INFO: Done Sending the status.
[2024-10-27 05:20:31.000]  [WriteHeartbeatToFile] ErrorCode:0 INFO: Done Sending the heartbeat.
[2024-10-27 05:21:01.000]  [WriteStatusToFile] ErrorCode:0 INFO: Sending the status.
[2024-10-27 05:21:01.000]  [WriteHeartbeatToFile] ErrorCode:0 INFO: Sending the heartbeat.
[2024-10-27 05:21:01.000]  [WriteHeartbeatToFile] ErrorCode:0 INFO: Done Sending the heartbeat.
[2024-10-27 05:21:01.000]  [WriteStatusToFile] ErrorCode:0 INFO: Done Sending the status.
[2024-10-27 05:21:08.000]  [AggregateHeartbeat] ErrorCode:0 INFO: Start heartbeat aggregation.
[2024-10-27 05:21:08.000]  [QueryRegValueDWORD] ErrorCode:0 INFO: Query Registry for Key:SOFTWARE\Microsoft\Windows Azure\CurrentVersion\AzureMonitorAgentExtension\46.19.3.0, Name:MaServiceProcess
[2024-10-27 05:21:08.000]  [QueryRegValueDWORD] ErrorCode:0 INFO: Query Registry for Key:SOFTWARE\Microsoft\Windows Azure\CurrentVersion\AzureMonitorAgentExtension\46.19.3.0, Name:MaServiceProcess, Value:6028
[2024-10-27 05:21:08.000]  [FindProcessById] ErrorCode:0 INFO: Attempt to find the process MonAgentLauncher.exe with ID: 6028.
[2024-10-27 05:21:08.000]  [FindProcessById] ErrorCode:0 INFO: Running Process MonAgentLauncher.exe found. ID: 6028.
[2024-10-27 05:21:08.000]  [CheckIfMAServiceIsRunByExtension] ErrorCode:0 INFO: The MA process is running based on the m_registry
[2024-10-27 05:21:08.000]  [QueryRegValueDWORD] ErrorCode:0 INFO: Query Registry for Key:SOFTWARE\Microsoft\Windows Azure\CurrentVersion\AzureMonitorAgentExtension\46.19.3.0, Name:AMAMultitenantServiceProcess
[2024-10-27 05:21:08.000]  [QueryRegValueDWORD] ErrorCode:0 ERROR: RegQueryValueExA: failed to query REG_DWORD value, Key:SOFTWARE\Microsoft\Windows Azure\CurrentVersion\AzureMonitorAgentExtension\46.19.3.0, name=AMAMultitenantServiceProcess, error=2, type=0
[2024-10-27 05:21:08.000]  [CheckIfMAServiceIsRunByExtension] ErrorCode:1205 INFO: Unable to read the m_registry for MA process. Assume it is not running.
[2024-10-27 05:21:08.000]  [AggregateHeartbeat] ErrorCode:0 INFO: Configured MA Service is not running on the node.
[2024-10-27 05:21:08.000]  [SetImdsEnvironmentVariable] ErrorCode:0 INFO: Querying IMDS information
[2024-10-27 05:21:08.000]  [SetImdsEnvironmentVariable] ErrorCode:-1 INFO: Preparing to call IMDS
[2024-10-27 05:21:08.000]  [QueryIMDSEndpoint] ErrorCode:0 INFO: Queried IMDS successfully.
[2024-10-27 05:21:08.000]  [GetValueFromJsonOrDefault] ErrorCode:0 INFO: Read Imds response field with Name:location Value: westus2
[2024-10-27 05:21:08.000]  [GetValueFromJsonOrDefault] ErrorCode:0 INFO: Read Imds response field with Name:name Value: amawin
[2024-10-27 05:21:08.000]  [GetValueFromJsonOrDefault] ErrorCode:0 INFO: Read Imds response field with Name:subscriptionId Value: 351651ce-5feb-4e59-975d-f1f344e2b717
[2024-10-27 05:21:08.000]  [GetValueFromJsonOrDefault] ErrorCode:0 INFO: Read Imds response field with Name:vmId Value: 22afd636-aec1-4782-9055-f85ea283dc20
[2024-10-27 05:21:08.000]  [GetValueFromJsonOrDefault] ErrorCode:0 INFO: Read Imds response field with Name:vmScaleSetName Value: 
[2024-10-27 05:21:08.000]  [GetValueFromJsonOrDefault] ErrorCode:0 INFO: Read Imds response field with Name:resourceGroupName Value: AMAWin_group
[2024-10-27 05:21:08.000]  [GetValueFromJsonOrDefault] ErrorCode:0 INFO: Read Imds response field with Name:osType Value: Windows
[2024-10-27 05:21:08.000]  [GetValueFromJsonOrDefault] ErrorCode:0 INFO: Read Imds response field with Name:resourceId Value: /subscriptions/351651ce-5feb-4e59-975d-f1f344e2b717/resourceGroups/AMAWin_group/providers/Microsoft.Compute/virtualMachines/amawin
[2024-10-27 05:21:08.000]  [GetValueFromJsonOrDefault] ErrorCode:0 INFO: Read Imds response field with Name:azEnvironment Value: AzurePublicCloud
[2024-10-27 05:21:08.000]  [SetImdsEnvironmentVariable] ErrorCode:0 INFO: Successfully set Environment variables from Imds
[2024-10-27 05:21:08.000]  [AggregateHeartbeat] ErrorCode:0 INFO: Completed heartbeat aggregation.
[2024-10-27 05:21:31.000]  [WriteStatusToFile] ErrorCode:0 INFO: Sending the status.
[2024-10-27 05:21:31.000]  [WriteHeartbeatToFile] ErrorCode:0 INFO: Sending the heartbeat.
[2024-10-27 05:21:31.000]  [WriteStatusToFile] ErrorCode:0 INFO: Done Sending the status.
[2024-10-27 05:21:31.000]  [WriteHeartbeatToFile] ErrorCode:0 INFO: Done Sending the heartbeat.
[2024-10-27 05:22:01.000]  [WriteHeartbeatToFile] ErrorCode:0 INFO: Sending the heartbeat.
[2024-10-27 05:22:01.000]  [WriteStatusToFile] ErrorCode:0 INFO: Sending the status.
[2024-10-27 05:22:01.000]  [WriteHeartbeatToFile] ErrorCode:0 INFO: Done Sending the heartbeat.
[2024-10-27 05:22:01.000]  [WriteStatusToFile] ErrorCode:0 INFO: Done Sending the status.
[2024-10-27 05:22:31.000]  [WriteStatusToFile] ErrorCode:0 INFO: Sending the status.
[2024-10-27 05:22:31.000]  [WriteHeartbeatToFile] ErrorCode:0 INFO: Sending the heartbeat.
[2024-10-27 05:22:31.000]  [WriteStatusToFile] ErrorCode:0 INFO: Done Sending the status.
[2024-10-27 05:22:31.000]  [WriteHeartbeatToFile] ErrorCode:0 INFO: Done Sending the heartbeat.
[2024-10-27 05:23:01.000]  [WriteStatusToFile] ErrorCode:0 INFO: Sending the status.
[2024-10-27 05:23:01.000]  [WriteHeartbeatToFile] ErrorCode:0 INFO: Sending the heartbeat.
[2024-10-27 05:23:01.000]  [WriteHeartbeatToFile] ErrorCode:0 INFO: Done Sending the heartbeat.
[2024-10-27 05:23:01.000]  [WriteStatusToFile] ErrorCode:0 INFO: Done Sending the status.
[2024-10-27 05:23:31.000]  [WriteHeartbeatToFile] ErrorCode:0 INFO: Sending the heartbeat.
[2024-10-27 05:23:31.000]  [WriteStatusToFile] ErrorCode:0 INFO: Sending the status.
[2024-10-27 05:23:31.000]  [WriteHeartbeatToFile] ErrorCode:0 INFO: Done Sending the heartbeat.
[2024-10-27 05:23:31.000]  [WriteStatusToFile] ErrorCode:0 INFO: Done Sending the status.
[2024-10-27 05:24:01.000]  [WriteStatusToFile] ErrorCode:0 INFO: Sending the status.
[2024-10-27 05:24:01.000]  [WriteHeartbeatToFile] ErrorCode:0 INFO: Sending the heartbeat.
[2024-10-27 05:24:01.000]  [WriteHeartbeatToFile] ErrorCode:0 INFO: Done Sending the heartbeat.
[2024-10-27 05:24:01.000]  [WriteStatusToFile] ErrorCode:0 INFO: Done Sending the status.
[2024-10-27 05:24:31.000]  [WriteHeartbeatToFile] ErrorCode:0 INFO: Sending the heartbeat.
[2024-10-27 05:24:31.000]  [WriteStatusToFile] ErrorCode:0 INFO: Sending the status.
[2024-10-27 05:24:31.000]  [WriteHeartbeatToFile] ErrorCode:0 INFO: Done Sending the heartbeat.
[2024-10-27 05:24:31.000]  [WriteStatusToFile] ErrorCode:0 INFO: Done Sending the status.
[2024-10-27 05:25:01.000]  [WriteHeartbeatToFile] ErrorCode:0 INFO: Sending the heartbeat.
[2024-10-27 05:25:01.000]  [WriteStatusToFile] ErrorCode:0 INFO: Sending the status.
[2024-10-27 05:25:01.000]  [WriteHeartbeatToFile] ErrorCode:0 INFO: Done Sending the heartbeat.
[2024-10-27 05:25:01.000]  [WriteStatusToFile] ErrorCode:0 INFO: Done Sending the status.
[2024-10-27 05:25:31.000]  [WriteHeartbeatToFile] ErrorCode:0 INFO: Sending the heartbeat.
[2024-10-27 05:25:31.000]  [WriteStatusToFile] ErrorCode:0 INFO: Sending the status.
[2024-10-27 05:25:31.000]  [WriteStatusToFile] ErrorCode:0 INFO: Done Sending the status.
[2024-10-27 05:25:31.000]  [WriteHeartbeatToFile] ErrorCode:0 INFO: Done Sending the heartbeat.
[2024-10-27 05:26:01.000]  [WriteStatusToFile] ErrorCode:0 INFO: Sending the status.
[2024-10-27 05:26:01.000]  [WriteHeartbeatToFile] ErrorCode:0 INFO: Sending the heartbeat.
[2024-10-27 05:26:01.000]  [WriteStatusToFile] ErrorCode:0 INFO: Done Sending the status.
[2024-10-27 05:26:01.000]  [WriteHeartbeatToFile] ErrorCode:0 INFO: Done Sending the heartbeat.
[2024-10-27 05:26:08.000]  [AggregateHeartbeat] ErrorCode:0 INFO: Start heartbeat aggregation.
[2024-10-27 05:26:08.000]  [QueryRegValueDWORD] ErrorCode:0 INFO: Query Registry for Key:SOFTWARE\Microsoft\Windows Azure\CurrentVersion\AzureMonitorAgentExtension\46.19.3.0, Name:MaServiceProcess
[2024-10-27 05:26:08.000]  [QueryRegValueDWORD] ErrorCode:0 INFO: Query Registry for Key:SOFTWARE\Microsoft\Windows Azure\CurrentVersion\AzureMonitorAgentExtension\46.19.3.0, Name:MaServiceProcess, Value:6028
[2024-10-27 05:26:08.000]  [FindProcessById] ErrorCode:0 INFO: Attempt to find the process MonAgentLauncher.exe with ID: 6028.
[2024-10-27 05:26:08.000]  [FindProcessById] ErrorCode:0 INFO: Running Process MonAgentLauncher.exe found. ID: 6028.
[2024-10-27 05:26:08.000]  [CheckIfMAServiceIsRunByExtension] ErrorCode:0 INFO: The MA process is running based on the m_registry
[2024-10-27 05:26:08.000]  [QueryRegValueDWORD] ErrorCode:0 INFO: Query Registry for Key:SOFTWARE\Microsoft\Windows Azure\CurrentVersion\AzureMonitorAgentExtension\46.19.3.0, Name:AMAMultitenantServiceProcess
[2024-10-27 05:26:08.000]  [QueryRegValueDWORD] ErrorCode:0 ERROR: RegQueryValueExA: failed to query REG_DWORD value, Key:SOFTWARE\Microsoft\Windows Azure\CurrentVersion\AzureMonitorAgentExtension\46.19.3.0, name=AMAMultitenantServiceProcess, error=2, type=0
[2024-10-27 05:26:08.000]  [CheckIfMAServiceIsRunByExtension] ErrorCode:1205 INFO: Unable to read the m_registry for MA process. Assume it is not running.
[2024-10-27 05:26:08.000]  [AggregateHeartbeat] ErrorCode:0 INFO: Configured MA Service is not running on the node.
[2024-10-27 05:26:08.000]  [SetImdsEnvironmentVariable] ErrorCode:0 INFO: Querying IMDS information
[2024-10-27 05:26:08.000]  [SetImdsEnvironmentVariable] ErrorCode:-1 INFO: Preparing to call IMDS
[2024-10-27 05:26:08.000]  [QueryIMDSEndpoint] ErrorCode:0 INFO: Queried IMDS successfully.
[2024-10-27 05:26:08.000]  [GetValueFromJsonOrDefault] ErrorCode:0 INFO: Read Imds response field with Name:location Value: westus2
[2024-10-27 05:26:08.000]  [GetValueFromJsonOrDefault] ErrorCode:0 INFO: Read Imds response field with Name:name Value: amawin
[2024-10-27 05:26:08.000]  [GetValueFromJsonOrDefault] ErrorCode:0 INFO: Read Imds response field with Name:subscriptionId Value: 351651ce-5feb-4e59-975d-f1f344e2b717
[2024-10-27 05:26:08.000]  [GetValueFromJsonOrDefault] ErrorCode:0 INFO: Read Imds response field with Name:vmId Value: 22afd636-aec1-4782-9055-f85ea283dc20
[2024-10-27 05:26:08.000]  [GetValueFromJsonOrDefault] ErrorCode:0 INFO: Read Imds response field with Name:vmScaleSetName Value: 
[2024-10-27 05:26:08.000]  [GetValueFromJsonOrDefault] ErrorCode:0 INFO: Read Imds response field with Name:resourceGroupName Value: AMAWin_group
[2024-10-27 05:26:08.000]  [GetValueFromJsonOrDefault] ErrorCode:0 INFO: Read Imds response field with Name:osType Value: Windows
[2024-10-27 05:26:08.000]  [GetValueFromJsonOrDefault] ErrorCode:0 INFO: Read Imds response field with Name:resourceId Value: /subscriptions/351651ce-5feb-4e59-975d-f1f344e2b717/resourceGroups/AMAWin_group/providers/Microsoft.Compute/virtualMachines/amawin
[2024-10-27 05:26:08.000]  [GetValueFromJsonOrDefault] ErrorCode:0 INFO: Read Imds response field with Name:azEnvironment Value: AzurePublicCloud
[2024-10-27 05:26:08.000]  [SetImdsEnvironmentVariable] ErrorCode:0 INFO: Successfully set Environment variables from Imds
[2024-10-27 05:26:08.000]  [AggregateHeartbeat] ErrorCode:0 INFO: Completed heartbeat aggregation.
[2024-10-27 05:26:31.000]  [WriteHeartbeatToFile] ErrorCode:0 INFO: Sending the heartbeat.
[2024-10-27 05:26:31.000]  [WriteStatusToFile] ErrorCode:0 INFO: Sending the status.
[2024-10-27 05:26:31.000]  [WriteStatusToFile] ErrorCode:0 INFO: Done Sending the status.
[2024-10-27 05:26:31.000]  [WriteHeartbeatToFile] ErrorCode:0 INFO: Done Sending the heartbeat.
[2024-10-27 05:27:01.000]  [WriteStatusToFile] ErrorCode:0 INFO: Sending the status.
[2024-10-27 05:27:01.000]  [WriteHeartbeatToFile] ErrorCode:0 INFO: Sending the heartbeat.
[2024-10-27 05:27:01.000]  [WriteStatusToFile] ErrorCode:0 INFO: Done Sending the status.
[2024-10-27 05:27:01.000]  [WriteHeartbeatToFile] ErrorCode:0 INFO: Done Sending the heartbeat.
[2024-10-27 05:27:31.000]  [WriteStatusToFile] ErrorCode:0 INFO: Sending the status.
[2024-10-27 05:27:31.000]  [WriteHeartbeatToFile] ErrorCode:0 INFO: Sending the heartbeat.
[2024-10-27 05:27:31.000]  [WriteStatusToFile] ErrorCode:0 INFO: Done Sending the status.
[2024-10-27 05:27:31.000]  [WriteHeartbeatToFile] ErrorCode:0 INFO: Done Sending the heartbeat.
[2024-10-27 05:28:01.000]  [WriteStatusToFile] ErrorCode:0 INFO: Sending the status.
[2024-10-27 05:28:01.000]  [WriteHeartbeatToFile] ErrorCode:0 INFO: Sending the heartbeat.
[2024-10-27 05:28:01.000]  [WriteStatusToFile] ErrorCode:0 INFO: Done Sending the status.
[2024-10-27 05:28:01.000]  [WriteHeartbeatToFile] ErrorCode:0 INFO: Done Sending the heartbeat.
[2024-10-27 05:28:31.000]  [WriteHeartbeatToFile] ErrorCode:0 INFO: Sending the heartbeat.
[2024-10-27 05:28:31.000]  [WriteStatusToFile] ErrorCode:0 INFO: Sending the status.
[2024-10-27 05:28:31.000]  [WriteStatusToFile] ErrorCode:0 INFO: Done Sending the status.
[2024-10-27 05:28:31.000]  [WriteHeartbeatToFile] ErrorCode:0 INFO: Done Sending the heartbeat.
[2024-10-27 05:29:01.000]  [WriteStatusToFile] ErrorCode:0 INFO: Sending the status.
[2024-10-27 05:29:01.000]  [WriteHeartbeatToFile] ErrorCode:0 INFO: Sending the heartbeat.
[2024-10-27 05:29:01.000]  [WriteHeartbeatToFile] ErrorCode:0 INFO: Done Sending the heartbeat.
[2024-10-27 05:29:01.000]  [WriteStatusToFile] ErrorCode:0 INFO: Done Sending the status.
[2024-10-27 05:29:31.000]  [WriteHeartbeatToFile] ErrorCode:0 INFO: Sending the heartbeat.
[2024-10-27 05:29:31.000]  [WriteStatusToFile] ErrorCode:0 INFO: Sending the status.
[2024-10-27 05:29:31.000]  [WriteHeartbeatToFile] ErrorCode:0 INFO: Done Sending the heartbeat.
[2024-10-27 05:29:31.000]  [WriteStatusToFile] ErrorCode:0 INFO: Done Sending the status.
[2024-10-27 05:30:01.000]  [WriteHeartbeatToFile] ErrorCode:0 INFO: Sending the heartbeat.
[2024-10-27 05:30:01.000]  [WriteStatusToFile] ErrorCode:0 INFO: Sending the status.
[2024-10-27 05:30:01.000]  [WriteHeartbeatToFile] ErrorCode:0 INFO: Done Sending the heartbeat.
[2024-10-27 05:30:01.000]  [WriteStatusToFile] ErrorCode:0 INFO: Done Sending the status.
[2024-10-27 05:30:31.000]  [WriteHeartbeatToFile] ErrorCode:0 INFO: Sending the heartbeat.
[2024-10-27 05:30:31.000]  [WriteStatusToFile] ErrorCode:0 INFO: Sending the status.
[2024-10-27 05:30:31.000]  [WriteHeartbeatToFile] ErrorCode:0 INFO: Done Sending the heartbeat.
[2024-10-27 05:30:31.000]  [WriteStatusToFile] ErrorCode:0 INFO: Done Sending the status.
[2024-10-27 05:31:01.000]  [WriteHeartbeatToFile] ErrorCode:0 INFO: Sending the heartbeat.
[2024-10-27 05:31:01.000]  [WriteStatusToFile] ErrorCode:0 INFO: Sending the status.
[2024-10-27 05:31:01.000]  [WriteStatusToFile] ErrorCode:0 INFO: Done Sending the status.
[2024-10-27 05:31:01.000]  [WriteHeartbeatToFile] ErrorCode:0 INFO: Done Sending the heartbeat.
[2024-10-27 05:31:08.000]  [AggregateHeartbeat] ErrorCode:0 INFO: Start heartbeat aggregation.
[2024-10-27 05:31:08.000]  [QueryRegValueDWORD] ErrorCode:0 INFO: Query Registry for Key:SOFTWARE\Microsoft\Windows Azure\CurrentVersion\AzureMonitorAgentExtension\46.19.3.0, Name:MaServiceProcess
[2024-10-27 05:31:08.000]  [QueryRegValueDWORD] ErrorCode:0 INFO: Query Registry for Key:SOFTWARE\Microsoft\Windows Azure\CurrentVersion\AzureMonitorAgentExtension\46.19.3.0, Name:MaServiceProcess, Value:6028
[2024-10-27 05:31:08.000]  [FindProcessById] ErrorCode:0 INFO: Attempt to find the process MonAgentLauncher.exe with ID: 6028.
[2024-10-27 05:31:08.000]  [FindProcessById] ErrorCode:0 INFO: Running Process MonAgentLauncher.exe found. ID: 6028.
[2024-10-27 05:31:08.000]  [CheckIfMAServiceIsRunByExtension] ErrorCode:0 INFO: The MA process is running based on the m_registry
[2024-10-27 05:31:08.000]  [QueryRegValueDWORD] ErrorCode:0 INFO: Query Registry for Key:SOFTWARE\Microsoft\Windows Azure\CurrentVersion\AzureMonitorAgentExtension\46.19.3.0, Name:AMAMultitenantServiceProcess
[2024-10-27 05:31:08.000]  [QueryRegValueDWORD] ErrorCode:0 ERROR: RegQueryValueExA: failed to query REG_DWORD value, Key:SOFTWARE\Microsoft\Windows Azure\CurrentVersion\AzureMonitorAgentExtension\46.19.3.0, name=AMAMultitenantServiceProcess, error=2, type=0
[2024-10-27 05:31:08.000]  [CheckIfMAServiceIsRunByExtension] ErrorCode:1205 INFO: Unable to read the m_registry for MA process. Assume it is not running.
[2024-10-27 05:31:08.000]  [AggregateHeartbeat] ErrorCode:0 INFO: Configured MA Service is not running on the node.
[2024-10-27 05:31:08.000]  [SetImdsEnvironmentVariable] ErrorCode:0 INFO: Querying IMDS information
[2024-10-27 05:31:08.000]  [SetImdsEnvironmentVariable] ErrorCode:-1 INFO: Preparing to call IMDS
[2024-10-27 05:31:08.000]  [QueryIMDSEndpoint] ErrorCode:0 INFO: Queried IMDS successfully.
[2024-10-27 05:31:08.000]  [GetValueFromJsonOrDefault] ErrorCode:0 INFO: Read Imds response field with Name:location Value: westus2
[2024-10-27 05:31:08.000]  [GetValueFromJsonOrDefault] ErrorCode:0 INFO: Read Imds response field with Name:name Value: amawin
[2024-10-27 05:31:08.000]  [GetValueFromJsonOrDefault] ErrorCode:0 INFO: Read Imds response field with Name:subscriptionId Value: 351651ce-5feb-4e59-975d-f1f344e2b717
[2024-10-27 05:31:08.000]  [GetValueFromJsonOrDefault] ErrorCode:0 INFO: Read Imds response field with Name:vmId Value: 22afd636-aec1-4782-9055-f85ea283dc20
[2024-10-27 05:31:08.000]  [GetValueFromJsonOrDefault] ErrorCode:0 INFO: Read Imds response field with Name:vmScaleSetName Value: 
[2024-10-27 05:31:08.000]  [GetValueFromJsonOrDefault] ErrorCode:0 INFO: Read Imds response field with Name:resourceGroupName Value: AMAWin_group
[2024-10-27 05:31:08.000]  [GetValueFromJsonOrDefault] ErrorCode:0 INFO: Read Imds response field with Name:osType Value: Windows
[2024-10-27 05:31:08.000]  [GetValueFromJsonOrDefault] ErrorCode:0 INFO: Read Imds response field with Name:resourceId Value: /subscriptions/351651ce-5feb-4e59-975d-f1f344e2b717/resourceGroups/AMAWin_group/providers/Microsoft.Compute/virtualMachines/amawin
[2024-10-27 05:31:08.000]  [GetValueFromJsonOrDefault] ErrorCode:0 INFO: Read Imds response field with Name:azEnvironment Value: AzurePublicCloud
[2024-10-27 05:31:08.000]  [SetImdsEnvironmentVariable] ErrorCode:0 INFO: Successfully set Environment variables from Imds
[2024-10-27 05:31:08.000]  [AggregateHeartbeat] ErrorCode:0 INFO: Completed heartbeat aggregation.
[2024-10-27 05:31:31.000]  [WriteHeartbeatToFile] ErrorCode:0 INFO: Sending the heartbeat.
[2024-10-27 05:31:31.000]  [WriteStatusToFile] ErrorCode:0 INFO: Sending the status.
[2024-10-27 05:31:31.000]  [WriteStatusToFile] ErrorCode:0 INFO: Done Sending the status.
[2024-10-27 05:31:31.000]  [WriteHeartbeatToFile] ErrorCode:0 INFO: Done Sending the heartbeat.
[2024-10-27 05:32:01.000]  [WriteStatusToFile] ErrorCode:0 INFO: Sending the status.
[2024-10-27 05:32:01.000]  [WriteHeartbeatToFile] ErrorCode:0 INFO: Sending the heartbeat.
[2024-10-27 05:32:01.000]  [WriteHeartbeatToFile] ErrorCode:0 INFO: Done Sending the heartbeat.
[2024-10-27 05:32:01.000]  [WriteStatusToFile] ErrorCode:0 INFO: Done Sending the status.
[2024-10-27 05:32:31.000]  [WriteStatusToFile] ErrorCode:0 INFO: Sending the status.
[2024-10-27 05:32:31.000]  [WriteHeartbeatToFile] ErrorCode:0 INFO: Sending the heartbeat.
[2024-10-27 05:32:31.000]  [WriteHeartbeatToFile] ErrorCode:0 INFO: Done Sending the heartbeat.
[2024-10-27 05:32:31.000]  [WriteStatusToFile] ErrorCode:0 INFO: Done Sending the status.
[2024-10-27 05:33:01.000]  [WriteStatusToFile] ErrorCode:0 INFO: Sending the status.
[2024-10-27 05:33:01.000]  [WriteHeartbeatToFile] ErrorCode:0 INFO: Sending the heartbeat.
[2024-10-27 05:33:01.000]  [WriteHeartbeatToFile] ErrorCode:0 INFO: Done Sending the heartbeat.
[2024-10-27 05:33:01.000]  [WriteStatusToFile] ErrorCode:0 INFO: Done Sending the status.
[2024-10-27 05:33:31.000]  [WriteHeartbeatToFile] ErrorCode:0 INFO: Sending the heartbeat.
[2024-10-27 05:33:31.000]  [WriteStatusToFile] ErrorCode:0 INFO: Sending the status.
[2024-10-27 05:33:31.000]  [WriteHeartbeatToFile] ErrorCode:0 INFO: Done Sending the heartbeat.
[2024-10-27 05:33:31.000]  [WriteStatusToFile] ErrorCode:0 INFO: Done Sending the status.
[2024-10-27 05:34:01.000]  [WriteStatusToFile] ErrorCode:0 INFO: Sending the status.
[2024-10-27 05:34:01.000]  [WriteHeartbeatToFile] ErrorCode:0 INFO: Sending the heartbeat.
[2024-10-27 05:34:01.000]  [WriteStatusToFile] ErrorCode:0 INFO: Done Sending the status.
[2024-10-27 05:34:01.000]  [WriteHeartbeatToFile] ErrorCode:0 INFO: Done Sending the heartbeat.
[2024-10-27 05:34:31.000]  [WriteHeartbeatToFile] ErrorCode:0 INFO: Sending the heartbeat.
[2024-10-27 05:34:31.000]  [WriteStatusToFile] ErrorCode:0 INFO: Sending the status.
[2024-10-27 05:34:31.000]  [WriteStatusToFile] ErrorCode:0 INFO: Done Sending the status.
[2024-10-27 05:34:31.000]  [WriteHeartbeatToFile] ErrorCode:0 INFO: Done Sending the heartbeat.
[2024-10-27 05:35:01.000]  [WriteStatusToFile] ErrorCode:0 INFO: Sending the status.
[2024-10-27 05:35:01.000]  [WriteHeartbeatToFile] ErrorCode:0 INFO: Sending the heartbeat.
[2024-10-27 05:35:01.000]  [WriteHeartbeatToFile] ErrorCode:0 INFO: Done Sending the heartbeat.
[2024-10-27 05:35:01.000]  [WriteStatusToFile] ErrorCode:0 INFO: Done Sending the status.
[2024-10-27 05:35:31.000]  [WriteStatusToFile] ErrorCode:0 INFO: Sending the status.
[2024-10-27 05:35:31.000]  [WriteHeartbeatToFile] ErrorCode:0 INFO: Sending the heartbeat.
[2024-10-27 05:35:31.000]  [WriteStatusToFile] ErrorCode:0 INFO: Done Sending the status.
[2024-10-27 05:35:31.000]  [WriteHeartbeatToFile] ErrorCode:0 INFO: Done Sending the heartbeat.
[2024-10-27 05:36:01.000]  [WriteStatusToFile] ErrorCode:0 INFO: Sending the status.
[2024-10-27 05:36:01.000]  [WriteHeartbeatToFile] ErrorCode:0 INFO: Sending the heartbeat.
[2024-10-27 05:36:01.000]  [WriteHeartbeatToFile] ErrorCode:0 INFO: Done Sending the heartbeat.
[2024-10-27 05:36:01.000]  [WriteStatusToFile] ErrorCode:0 INFO: Done Sending the status.
[2024-10-27 05:36:08.000]  [AggregateHeartbeat] ErrorCode:0 INFO: Start heartbeat aggregation.
[2024-10-27 05:36:08.000]  [QueryRegValueDWORD] ErrorCode:0 INFO: Query Registry for Key:SOFTWARE\Microsoft\Windows Azure\CurrentVersion\AzureMonitorAgentExtension\46.19.3.0, Name:MaServiceProcess
[2024-10-27 05:36:08.000]  [QueryRegValueDWORD] ErrorCode:0 INFO: Query Registry for Key:SOFTWARE\Microsoft\Windows Azure\CurrentVersion\AzureMonitorAgentExtension\46.19.3.0, Name:MaServiceProcess, Value:6028
[2024-10-27 05:36:08.000]  [FindProcessById] ErrorCode:0 INFO: Attempt to find the process MonAgentLauncher.exe with ID: 6028.
[2024-10-27 05:36:08.000]  [FindProcessById] ErrorCode:0 INFO: Running Process MonAgentLauncher.exe found. ID: 6028.
[2024-10-27 05:36:08.000]  [CheckIfMAServiceIsRunByExtension] ErrorCode:0 INFO: The MA process is running based on the m_registry
[2024-10-27 05:36:08.000]  [QueryRegValueDWORD] ErrorCode:0 INFO: Query Registry for Key:SOFTWARE\Microsoft\Windows Azure\CurrentVersion\AzureMonitorAgentExtension\46.19.3.0, Name:AMAMultitenantServiceProcess
[2024-10-27 05:36:08.000]  [QueryRegValueDWORD] ErrorCode:0 ERROR: RegQueryValueExA: failed to query REG_DWORD value, Key:SOFTWARE\Microsoft\Windows Azure\CurrentVersion\AzureMonitorAgentExtension\46.19.3.0, name=AMAMultitenantServiceProcess, error=2, type=0
[2024-10-27 05:36:08.000]  [CheckIfMAServiceIsRunByExtension] ErrorCode:1205 INFO: Unable to read the m_registry for MA process. Assume it is not running.
[2024-10-27 05:36:08.000]  [AggregateHeartbeat] ErrorCode:0 INFO: Configured MA Service is not running on the node.
[2024-10-27 05:36:08.000]  [SetImdsEnvironmentVariable] ErrorCode:0 INFO: Querying IMDS information
[2024-10-27 05:36:08.000]  [SetImdsEnvironmentVariable] ErrorCode:-1 INFO: Preparing to call IMDS
[2024-10-27 05:36:08.000]  [QueryIMDSEndpoint] ErrorCode:0 INFO: Queried IMDS successfully.
[2024-10-27 05:36:08.000]  [GetValueFromJsonOrDefault] ErrorCode:0 INFO: Read Imds response field with Name:location Value: westus2
[2024-10-27 05:36:08.000]  [GetValueFromJsonOrDefault] ErrorCode:0 INFO: Read Imds response field with Name:name Value: amawin
[2024-10-27 05:36:08.000]  [GetValueFromJsonOrDefault] ErrorCode:0 INFO: Read Imds response field with Name:subscriptionId Value: 351651ce-5feb-4e59-975d-f1f344e2b717
[2024-10-27 05:36:08.000]  [GetValueFromJsonOrDefault] ErrorCode:0 INFO: Read Imds response field with Name:vmId Value: 22afd636-aec1-4782-9055-f85ea283dc20
[2024-10-27 05:36:08.000]  [GetValueFromJsonOrDefault] ErrorCode:0 INFO: Read Imds response field with Name:vmScaleSetName Value: 
[2024-10-27 05:36:08.000]  [GetValueFromJsonOrDefault] ErrorCode:0 INFO: Read Imds response field with Name:resourceGroupName Value: AMAWin_group
[2024-10-27 05:36:08.000]  [GetValueFromJsonOrDefault] ErrorCode:0 INFO: Read Imds response field with Name:osType Value: Windows
[2024-10-27 05:36:08.000]  [GetValueFromJsonOrDefault] ErrorCode:0 INFO: Read Imds response field with Name:resourceId Value: /subscriptions/351651ce-5feb-4e59-975d-f1f344e2b717/resourceGroups/AMAWin_group/providers/Microsoft.Compute/virtualMachines/amawin
[2024-10-27 05:36:08.000]  [GetValueFromJsonOrDefault] ErrorCode:0 INFO: Read Imds response field with Name:azEnvironment Value: AzurePublicCloud
[2024-10-27 05:36:08.000]  [SetImdsEnvironmentVariable] ErrorCode:0 INFO: Successfully set Environment variables from Imds
[2024-10-27 05:36:08.000]  [AggregateHeartbeat] ErrorCode:0 INFO: Completed heartbeat aggregation.
[2024-10-27 05:36:31.000]  [WriteStatusToFile] ErrorCode:0 INFO: Sending the status.
[2024-10-27 05:36:31.000]  [WriteHeartbeatToFile] ErrorCode:0 INFO: Sending the heartbeat.
[2024-10-27 05:36:31.000]  [WriteStatusToFile] ErrorCode:0 INFO: Done Sending the status.
[2024-10-27 05:36:31.000]  [WriteHeartbeatToFile] ErrorCode:0 INFO: Done Sending the heartbeat.
[2024-10-27 05:37:01.000]  [WriteStatusToFile] ErrorCode:0 INFO: Sending the status.
[2024-10-27 05:37:01.000]  [WriteHeartbeatToFile] ErrorCode:0 INFO: Sending the heartbeat.
[2024-10-27 05:37:01.000]  [WriteStatusToFile] ErrorCode:0 INFO: Done Sending the status.
[2024-10-27 05:37:01.000]  [WriteHeartbeatToFile] ErrorCode:0 INFO: Done Sending the heartbeat.
[2024-10-27 05:37:31.000]  [WriteStatusToFile] ErrorCode:0 INFO: Sending the status.
[2024-10-27 05:37:31.000]  [WriteHeartbeatToFile] ErrorCode:0 INFO: Sending the heartbeat.
[2024-10-27 05:37:31.000]  [WriteHeartbeatToFile] ErrorCode:0 INFO: Done Sending the heartbeat.
[2024-10-27 05:37:31.000]  [WriteStatusToFile] ErrorCode:0 INFO: Done Sending the status.
[2024-10-27 05:38:01.000]  [WriteStatusToFile] ErrorCode:0 INFO: Sending the status.
[2024-10-27 05:38:01.000]  [WriteHeartbeatToFile] ErrorCode:0 INFO: Sending the heartbeat.
[2024-10-27 05:38:01.000]  [WriteHeartbeatToFile] ErrorCode:0 INFO: Done Sending the heartbeat.
[2024-10-27 05:38:01.000]  [WriteStatusToFile] ErrorCode:0 INFO: Done Sending the status.
[2024-10-27 05:38:31.000]  [WriteStatusToFile] ErrorCode:0 INFO: Sending the status.
[2024-10-27 05:38:31.000]  [WriteHeartbeatToFile] ErrorCode:0 INFO: Sending the heartbeat.
[2024-10-27 05:38:31.000]  [WriteStatusToFile] ErrorCode:0 INFO: Done Sending the status.
[2024-10-27 05:38:31.000]  [WriteHeartbeatToFile] ErrorCode:0 INFO: Done Sending the heartbeat.
[2024-10-27 05:39:01.000]  [WriteHeartbeatToFile] ErrorCode:0 INFO: Sending the heartbeat.
[2024-10-27 05:39:01.000]  [WriteStatusToFile] ErrorCode:0 INFO: Sending the status.
[2024-10-27 05:39:01.000]  [WriteStatusToFile] ErrorCode:0 INFO: Done Sending the status.
[2024-10-27 05:39:01.000]  [WriteHeartbeatToFile] ErrorCode:0 INFO: Done Sending the heartbeat.
[2024-10-27 05:39:32.000]  [WriteStatusToFile] ErrorCode:0 INFO: Sending the status.
[2024-10-27 05:39:32.000]  [WriteHeartbeatToFile] ErrorCode:0 INFO: Sending the heartbeat.
[2024-10-27 05:39:32.000]  [WriteStatusToFile] ErrorCode:0 INFO: Done Sending the status.
[2024-10-27 05:39:32.000]  [WriteHeartbeatToFile] ErrorCode:0 INFO: Done Sending the heartbeat.
[2024-10-27 05:40:02.000]  [WriteStatusToFile] ErrorCode:0 INFO: Sending the status.
[2024-10-27 05:40:02.000]  [WriteHeartbeatToFile] ErrorCode:0 INFO: Sending the heartbeat.
[2024-10-27 05:40:02.000]  [WriteStatusToFile] ErrorCode:0 INFO: Done Sending the status.
[2024-10-27 05:40:02.000]  [WriteHeartbeatToFile] ErrorCode:0 INFO: Done Sending the heartbeat.
[2024-10-27 05:40:32.000]  [WriteHeartbeatToFile] ErrorCode:0 INFO: Sending the heartbeat.
[2024-10-27 05:40:32.000]  [WriteStatusToFile] ErrorCode:0 INFO: Sending the status.
[2024-10-27 05:40:32.000]  [WriteHeartbeatToFile] ErrorCode:0 INFO: Done Sending the heartbeat.
[2024-10-27 05:40:32.000]  [WriteStatusToFile] ErrorCode:0 INFO: Done Sending the status.
[2024-10-27 05:41:02.000]  [WriteStatusToFile] ErrorCode:0 INFO: Sending the status.
[2024-10-27 05:41:02.000]  [WriteHeartbeatToFile] ErrorCode:0 INFO: Sending the heartbeat.
[2024-10-27 05:41:02.000]  [WriteHeartbeatToFile] ErrorCode:0 INFO: Done Sending the heartbeat.
[2024-10-27 05:41:02.000]  [WriteStatusToFile] ErrorCode:0 INFO: Done Sending the status.
[2024-10-27 05:41:08.000]  [AggregateHeartbeat] ErrorCode:0 INFO: Start heartbeat aggregation.
[2024-10-27 05:41:08.000]  [QueryRegValueDWORD] ErrorCode:0 INFO: Query Registry for Key:SOFTWARE\Microsoft\Windows Azure\CurrentVersion\AzureMonitorAgentExtension\46.19.3.0, Name:MaServiceProcess
[2024-10-27 05:41:08.000]  [QueryRegValueDWORD] ErrorCode:0 INFO: Query Registry for Key:SOFTWARE\Microsoft\Windows Azure\CurrentVersion\AzureMonitorAgentExtension\46.19.3.0, Name:MaServiceProcess, Value:6028
[2024-10-27 05:41:08.000]  [FindProcessById] ErrorCode:0 INFO: Attempt to find the process MonAgentLauncher.exe with ID: 6028.
[2024-10-27 05:41:08.000]  [FindProcessById] ErrorCode:0 INFO: Running Process MonAgentLauncher.exe found. ID: 6028.
[2024-10-27 05:41:08.000]  [CheckIfMAServiceIsRunByExtension] ErrorCode:0 INFO: The MA process is running based on the m_registry
[2024-10-27 05:41:08.000]  [QueryRegValueDWORD] ErrorCode:0 INFO: Query Registry for Key:SOFTWARE\Microsoft\Windows Azure\CurrentVersion\AzureMonitorAgentExtension\46.19.3.0, Name:AMAMultitenantServiceProcess
[2024-10-27 05:41:08.000]  [QueryRegValueDWORD] ErrorCode:0 ERROR: RegQueryValueExA: failed to query REG_DWORD value, Key:SOFTWARE\Microsoft\Windows Azure\CurrentVersion\AzureMonitorAgentExtension\46.19.3.0, name=AMAMultitenantServiceProcess, error=2, type=0
[2024-10-27 05:41:08.000]  [CheckIfMAServiceIsRunByExtension] ErrorCode:1205 INFO: Unable to read the m_registry for MA process. Assume it is not running.
[2024-10-27 05:41:08.000]  [AggregateHeartbeat] ErrorCode:0 INFO: Configured MA Service is not running on the node.
[2024-10-27 05:41:08.000]  [SetImdsEnvironmentVariable] ErrorCode:0 INFO: Querying IMDS information
[2024-10-27 05:41:08.000]  [SetImdsEnvironmentVariable] ErrorCode:-1 INFO: Preparing to call IMDS
[2024-10-27 05:41:08.000]  [QueryIMDSEndpoint] ErrorCode:0 INFO: Queried IMDS successfully.
[2024-10-27 05:41:08.000]  [GetValueFromJsonOrDefault] ErrorCode:0 INFO: Read Imds response field with Name:location Value: westus2
[2024-10-27 05:41:08.000]  [GetValueFromJsonOrDefault] ErrorCode:0 INFO: Read Imds response field with Name:name Value: amawin
[2024-10-27 05:41:08.000]  [GetValueFromJsonOrDefault] ErrorCode:0 INFO: Read Imds response field with Name:subscriptionId Value: 351651ce-5feb-4e59-975d-f1f344e2b717
[2024-10-27 05:41:08.000]  [GetValueFromJsonOrDefault] ErrorCode:0 INFO: Read Imds response field with Name:vmId Value: 22afd636-aec1-4782-9055-f85ea283dc20
[2024-10-27 05:41:08.000]  [GetValueFromJsonOrDefault] ErrorCode:0 INFO: Read Imds response field with Name:vmScaleSetName Value: 
[2024-10-27 05:41:08.000]  [GetValueFromJsonOrDefault] ErrorCode:0 INFO: Read Imds response field with Name:resourceGroupName Value: AMAWin_group
[2024-10-27 05:41:08.000]  [GetValueFromJsonOrDefault] ErrorCode:0 INFO: Read Imds response field with Name:osType Value: Windows
[2024-10-27 05:41:08.000]  [GetValueFromJsonOrDefault] ErrorCode:0 INFO: Read Imds response field with Name:resourceId Value: /subscriptions/351651ce-5feb-4e59-975d-f1f344e2b717/resourceGroups/AMAWin_group/providers/Microsoft.Compute/virtualMachines/amawin
[2024-10-27 05:41:08.000]  [GetValueFromJsonOrDefault] ErrorCode:0 INFO: Read Imds response field with Name:azEnvironment Value: AzurePublicCloud
[2024-10-27 05:41:08.000]  [SetImdsEnvironmentVariable] ErrorCode:0 INFO: Successfully set Environment variables from Imds
[2024-10-27 05:41:08.000]  [AggregateHeartbeat] ErrorCode:0 INFO: Completed heartbeat aggregation.
[2024-10-27 05:41:32.000]  [WriteStatusToFile] ErrorCode:0 INFO: Sending the status.
[2024-10-27 05:41:32.000]  [WriteHeartbeatToFile] ErrorCode:0 INFO: Sending the heartbeat.
[2024-10-27 05:41:32.000]  [WriteStatusToFile] ErrorCode:0 INFO: Done Sending the status.
[2024-10-27 05:41:32.000]  [WriteHeartbeatToFile] ErrorCode:0 INFO: Done Sending the heartbeat.
[2024-10-27 05:42:02.000]  [WriteStatusToFile] ErrorCode:0 INFO: Sending the status.
[2024-10-27 05:42:02.000]  [WriteHeartbeatToFile] ErrorCode:0 INFO: Sending the heartbeat.
[2024-10-27 05:42:02.000]  [WriteHeartbeatToFile] ErrorCode:0 INFO: Done Sending the heartbeat.
[2024-10-27 05:42:02.000]  [WriteStatusToFile] ErrorCode:0 INFO: Done Sending the status.
[2024-10-27 05:42:32.000]  [WriteHeartbeatToFile] ErrorCode:0 INFO: Sending the heartbeat.
[2024-10-27 05:42:32.000]  [WriteStatusToFile] ErrorCode:0 INFO: Sending the status.
[2024-10-27 05:42:32.000]  [WriteHeartbeatToFile] ErrorCode:0 INFO: Done Sending the heartbeat.
[2024-10-27 05:42:32.000]  [WriteStatusToFile] ErrorCode:0 INFO: Done Sending the status.
[2024-10-27 05:43:02.000]  [WriteStatusToFile] ErrorCode:0 INFO: Sending the status.
[2024-10-27 05:43:02.000]  [WriteHeartbeatToFile] ErrorCode:0 INFO: Sending the heartbeat.
[2024-10-27 05:43:02.000]  [WriteStatusToFile] ErrorCode:0 INFO: Done Sending the status.
[2024-10-27 05:43:02.000]  [WriteHeartbeatToFile] ErrorCode:0 INFO: Done Sending the heartbeat.
[2024-10-27 05:43:32.000]  [WriteStatusToFile] ErrorCode:0 INFO: Sending the status.
[2024-10-27 05:43:32.000]  [WriteHeartbeatToFile] ErrorCode:0 INFO: Sending the heartbeat.
[2024-10-27 05:43:32.000]  [WriteStatusToFile] ErrorCode:0 INFO: Done Sending the status.
[2024-10-27 05:43:32.000]  [WriteHeartbeatToFile] ErrorCode:0 INFO: Done Sending the heartbeat.
[2024-10-27 05:44:02.000]  [WriteStatusToFile] ErrorCode:0 INFO: Sending the status.
[2024-10-27 05:44:02.000]  [WriteHeartbeatToFile] ErrorCode:0 INFO: Sending the heartbeat.
[2024-10-27 05:44:02.000]  [WriteStatusToFile] ErrorCode:0 INFO: Done Sending the status.
[2024-10-27 05:44:02.000]  [WriteHeartbeatToFile] ErrorCode:0 INFO: Done Sending the heartbeat.
[2024-10-27 05:44:32.000]  [WriteHeartbeatToFile] ErrorCode:0 INFO: Sending the heartbeat.
[2024-10-27 05:44:32.000]  [WriteStatusToFile] ErrorCode:0 INFO: Sending the status.
[2024-10-27 05:44:32.000]  [WriteHeartbeatToFile] ErrorCode:0 INFO: Done Sending the heartbeat.
[2024-10-27 05:44:32.000]  [WriteStatusToFile] ErrorCode:0 INFO: Done Sending the status.
[2024-10-27 05:45:02.000]  [WriteHeartbeatToFile] ErrorCode:0 INFO: Sending the heartbeat.
[2024-10-27 05:45:02.000]  [WriteStatusToFile] ErrorCode:0 INFO: Sending the status.
[2024-10-27 05:45:02.000]  [WriteHeartbeatToFile] ErrorCode:0 INFO: Done Sending the heartbeat.
[2024-10-27 05:45:02.000]  [WriteStatusToFile] ErrorCode:0 INFO: Done Sending the status.
[2024-10-27 05:45:32.000]  [WriteStatusToFile] ErrorCode:0 INFO: Sending the status.
[2024-10-27 05:45:32.000]  [WriteStatusToFile] ErrorCode:0 INFO: Done Sending the status.
[2024-10-27 05:45:32.000]  [WriteHeartbeatToFile] ErrorCode:0 INFO: Sending the heartbeat.
[2024-10-27 05:45:32.000]  [WriteHeartbeatToFile] ErrorCode:0 INFO: Done Sending the heartbeat.
[2024-10-27 05:46:02.000]  [WriteStatusToFile] ErrorCode:0 INFO: Sending the status.
[2024-10-27 05:46:02.000]  [WriteStatusToFile] ErrorCode:0 INFO: Done Sending the status.
[2024-10-27 05:46:02.000]  [WriteHeartbeatToFile] ErrorCode:0 INFO: Sending the heartbeat.
[2024-10-27 05:46:02.000]  [WriteHeartbeatToFile] ErrorCode:0 INFO: Done Sending the heartbeat.
[2024-10-27 05:46:08.000]  [AggregateHeartbeat] ErrorCode:0 INFO: Start heartbeat aggregation.
[2024-10-27 05:46:08.000]  [QueryRegValueDWORD] ErrorCode:0 INFO: Query Registry for Key:SOFTWARE\Microsoft\Windows Azure\CurrentVersion\AzureMonitorAgentExtension\46.19.3.0, Name:MaServiceProcess
[2024-10-27 05:46:08.000]  [QueryRegValueDWORD] ErrorCode:0 INFO: Query Registry for Key:SOFTWARE\Microsoft\Windows Azure\CurrentVersion\AzureMonitorAgentExtension\46.19.3.0, Name:MaServiceProcess, Value:6028
[2024-10-27 05:46:08.000]  [FindProcessById] ErrorCode:0 INFO: Attempt to find the process MonAgentLauncher.exe with ID: 6028.
[2024-10-27 05:46:08.000]  [FindProcessById] ErrorCode:0 INFO: Running Process MonAgentLauncher.exe found. ID: 6028.
[2024-10-27 05:46:08.000]  [CheckIfMAServiceIsRunByExtension] ErrorCode:0 INFO: The MA process is running based on the m_registry
[2024-10-27 05:46:08.000]  [QueryRegValueDWORD] ErrorCode:0 INFO: Query Registry for Key:SOFTWARE\Microsoft\Windows Azure\CurrentVersion\AzureMonitorAgentExtension\46.19.3.0, Name:AMAMultitenantServiceProcess
[2024-10-27 05:46:08.000]  [QueryRegValueDWORD] ErrorCode:0 ERROR: RegQueryValueExA: failed to query REG_DWORD value, Key:SOFTWARE\Microsoft\Windows Azure\CurrentVersion\AzureMonitorAgentExtension\46.19.3.0, name=AMAMultitenantServiceProcess, error=2, type=0
[2024-10-27 05:46:08.000]  [CheckIfMAServiceIsRunByExtension] ErrorCode:1205 INFO: Unable to read the m_registry for MA process. Assume it is not running.
[2024-10-27 05:46:08.000]  [AggregateHeartbeat] ErrorCode:0 INFO: Configured MA Service is not running on the node.
[2024-10-27 05:46:08.000]  [SetImdsEnvironmentVariable] ErrorCode:0 INFO: Querying IMDS information
[2024-10-27 05:46:08.000]  [SetImdsEnvironmentVariable] ErrorCode:-1 INFO: Preparing to call IMDS
[2024-10-27 05:46:08.000]  [QueryIMDSEndpoint] ErrorCode:0 INFO: Queried IMDS successfully.
[2024-10-27 05:46:08.000]  [GetValueFromJsonOrDefault] ErrorCode:0 INFO: Read Imds response field with Name:location Value: westus2
[2024-10-27 05:46:08.000]  [GetValueFromJsonOrDefault] ErrorCode:0 INFO: Read Imds response field with Name:name Value: amawin
[2024-10-27 05:46:08.000]  [GetValueFromJsonOrDefault] ErrorCode:0 INFO: Read Imds response field with Name:subscriptionId Value: 351651ce-5feb-4e59-975d-f1f344e2b717
[2024-10-27 05:46:08.000]  [GetValueFromJsonOrDefault] ErrorCode:0 INFO: Read Imds response field with Name:vmId Value: 22afd636-aec1-4782-9055-f85ea283dc20
[2024-10-27 05:46:08.000]  [GetValueFromJsonOrDefault] ErrorCode:0 INFO: Read Imds response field with Name:vmScaleSetName Value: 
[2024-10-27 05:46:08.000]  [GetValueFromJsonOrDefault] ErrorCode:0 INFO: Read Imds response field with Name:resourceGroupName Value: AMAWin_group
[2024-10-27 05:46:08.000]  [GetValueFromJsonOrDefault] ErrorCode:0 INFO: Read Imds response field with Name:osType Value: Windows
[2024-10-27 05:46:08.000]  [GetValueFromJsonOrDefault] ErrorCode:0 INFO: Read Imds response field with Name:resourceId Value: /subscriptions/351651ce-5feb-4e59-975d-f1f344e2b717/resourceGroups/AMAWin_group/providers/Microsoft.Compute/virtualMachines/amawin
[2024-10-27 05:46:08.000]  [GetValueFromJsonOrDefault] ErrorCode:0 INFO: Read Imds response field with Name:azEnvironment Value: AzurePublicCloud
[2024-10-27 05:46:08.000]  [SetImdsEnvironmentVariable] ErrorCode:0 INFO: Successfully set Environment variables from Imds
[2024-10-27 05:46:08.000]  [AggregateHeartbeat] ErrorCode:0 INFO: Completed heartbeat aggregation.
[2024-10-27 05:46:32.000]  [WriteStatusToFile] ErrorCode:0 INFO: Sending the status.
[2024-10-27 05:46:32.000]  [WriteStatusToFile] ErrorCode:0 INFO: Done Sending the status.
[2024-10-27 05:46:32.000]  [WriteHeartbeatToFile] ErrorCode:0 INFO: Sending the heartbeat.
[2024-10-27 05:46:32.000]  [WriteHeartbeatToFile] ErrorCode:0 INFO: Done Sending the heartbeat.
[2024-10-27 05:47:02.000]  [WriteStatusToFile] ErrorCode:0 INFO: Sending the status.
[2024-10-27 05:47:02.000]  [WriteStatusToFile] ErrorCode:0 INFO: Done Sending the status.
[2024-10-27 05:47:02.000]  [WriteHeartbeatToFile] ErrorCode:0 INFO: Sending the heartbeat.
[2024-10-27 05:47:02.000]  [WriteHeartbeatToFile] ErrorCode:0 INFO: Done Sending the heartbeat.
[2024-10-27 05:47:32.000]  [WriteStatusToFile] ErrorCode:0 INFO: Sending the status.
[2024-10-27 05:47:32.000]  [WriteStatusToFile] ErrorCode:0 INFO: Done Sending the status.
[2024-10-27 05:47:32.000]  [WriteHeartbeatToFile] ErrorCode:0 INFO: Sending the heartbeat.
[2024-10-27 05:47:32.000]  [WriteHeartbeatToFile] ErrorCode:0 INFO: Done Sending the heartbeat.
[2024-10-27 05:48:02.000]  [WriteStatusToFile] ErrorCode:0 INFO: Sending the status.
[2024-10-27 05:48:02.000]  [WriteStatusToFile] ErrorCode:0 INFO: Done Sending the status.
[2024-10-27 05:48:02.000]  [WriteHeartbeatToFile] ErrorCode:0 INFO: Sending the heartbeat.
[2024-10-27 05:48:02.000]  [WriteHeartbeatToFile] ErrorCode:0 INFO: Done Sending the heartbeat.
[2024-10-27 05:48:32.000]  [WriteStatusToFile] ErrorCode:0 INFO: Sending the status.
[2024-10-27 05:48:32.000]  [WriteStatusToFile] ErrorCode:0 INFO: Done Sending the status.
[2024-10-27 05:48:32.000]  [WriteHeartbeatToFile] ErrorCode:0 INFO: Sending the heartbeat.
[2024-10-27 05:48:32.000]  [WriteHeartbeatToFile] ErrorCode:0 INFO: Done Sending the heartbeat.
[2024-10-27 05:49:02.000]  [WriteStatusToFile] ErrorCode:0 INFO: Sending the status.
[2024-10-27 05:49:02.000]  [WriteStatusToFile] ErrorCode:0 INFO: Done Sending the status.
[2024-10-27 05:49:02.000]  [WriteHeartbeatToFile] ErrorCode:0 INFO: Sending the heartbeat.
[2024-10-27 05:49:02.000]  [WriteHeartbeatToFile] ErrorCode:0 INFO: Done Sending the heartbeat.
[2024-10-27 05:49:32.000]  [WriteStatusToFile] ErrorCode:0 INFO: Sending the status.
[2024-10-27 05:49:32.000]  [WriteStatusToFile] ErrorCode:0 INFO: Done Sending the status.
[2024-10-27 05:49:32.000]  [WriteHeartbeatToFile] ErrorCode:0 INFO: Sending the heartbeat.
[2024-10-27 05:49:32.000]  [WriteHeartbeatToFile] ErrorCode:0 INFO: Done Sending the heartbeat.
[2024-10-27 05:50:02.000]  [WriteStatusToFile] ErrorCode:0 INFO: Sending the status.
[2024-10-27 05:50:02.000]  [WriteStatusToFile] ErrorCode:0 INFO: Done Sending the status.
[2024-10-27 05:50:02.000]  [WriteHeartbeatToFile] ErrorCode:0 INFO: Sending the heartbeat.
[2024-10-27 05:50:02.000]  [WriteHeartbeatToFile] ErrorCode:0 INFO: Done Sending the heartbeat.
[2024-10-27 05:50:32.000]  [WriteStatusToFile] ErrorCode:0 INFO: Sending the status.
[2024-10-27 05:50:32.000]  [WriteStatusToFile] ErrorCode:0 INFO: Done Sending the status.
[2024-10-27 05:50:32.000]  [WriteHeartbeatToFile] ErrorCode:0 INFO: Sending the heartbeat.
[2024-10-27 05:50:32.000]  [WriteHeartbeatToFile] ErrorCode:0 INFO: Done Sending the heartbeat.
[2024-10-27 05:51:02.000]  [WriteStatusToFile] ErrorCode:0 INFO: Sending the status.
[2024-10-27 05:51:02.000]  [WriteStatusToFile] ErrorCode:0 INFO: Done Sending the status.
[2024-10-27 05:51:02.000]  [WriteHeartbeatToFile] ErrorCode:0 INFO: Sending the heartbeat.
[2024-10-27 05:51:02.000]  [WriteHeartbeatToFile] ErrorCode:0 INFO: Done Sending the heartbeat.
[2024-10-27 05:51:08.000]  [AggregateHeartbeat] ErrorCode:0 INFO: Start heartbeat aggregation.
[2024-10-27 05:51:08.000]  [QueryRegValueDWORD] ErrorCode:0 INFO: Query Registry for Key:SOFTWARE\Microsoft\Windows Azure\CurrentVersion\AzureMonitorAgentExtension\46.19.3.0, Name:MaServiceProcess
[2024-10-27 05:51:08.000]  [QueryRegValueDWORD] ErrorCode:0 INFO: Query Registry for Key:SOFTWARE\Microsoft\Windows Azure\CurrentVersion\AzureMonitorAgentExtension\46.19.3.0, Name:MaServiceProcess, Value:6028
[2024-10-27 05:51:08.000]  [FindProcessById] ErrorCode:0 INFO: Attempt to find the process MonAgentLauncher.exe with ID: 6028.
[2024-10-27 05:51:08.000]  [FindProcessById] ErrorCode:0 INFO: Running Process MonAgentLauncher.exe found. ID: 6028.
[2024-10-27 05:51:08.000]  [CheckIfMAServiceIsRunByExtension] ErrorCode:0 INFO: The MA process is running based on the m_registry
[2024-10-27 05:51:08.000]  [QueryRegValueDWORD] ErrorCode:0 INFO: Query Registry for Key:SOFTWARE\Microsoft\Windows Azure\CurrentVersion\AzureMonitorAgentExtension\46.19.3.0, Name:AMAMultitenantServiceProcess
[2024-10-27 05:51:08.000]  [QueryRegValueDWORD] ErrorCode:0 ERROR: RegQueryValueExA: failed to query REG_DWORD value, Key:SOFTWARE\Microsoft\Windows Azure\CurrentVersion\AzureMonitorAgentExtension\46.19.3.0, name=AMAMultitenantServiceProcess, error=2, type=0
[2024-10-27 05:51:08.000]  [CheckIfMAServiceIsRunByExtension] ErrorCode:1205 INFO: Unable to read the m_registry for MA process. Assume it is not running.
[2024-10-27 05:51:08.000]  [AggregateHeartbeat] ErrorCode:0 INFO: Configured MA Service is not running on the node.
[2024-10-27 05:51:08.000]  [SetImdsEnvironmentVariable] ErrorCode:0 INFO: Querying IMDS information
[2024-10-27 05:51:08.000]  [SetImdsEnvironmentVariable] ErrorCode:-1 INFO: Preparing to call IMDS
[2024-10-27 05:51:08.000]  [QueryIMDSEndpoint] ErrorCode:0 INFO: Queried IMDS successfully.
[2024-10-27 05:51:08.000]  [GetValueFromJsonOrDefault] ErrorCode:0 INFO: Read Imds response field with Name:location Value: westus2
[2024-10-27 05:51:08.000]  [GetValueFromJsonOrDefault] ErrorCode:0 INFO: Read Imds response field with Name:name Value: amawin
[2024-10-27 05:51:08.000]  [GetValueFromJsonOrDefault] ErrorCode:0 INFO: Read Imds response field with Name:subscriptionId Value: 351651ce-5feb-4e59-975d-f1f344e2b717
[2024-10-27 05:51:08.000]  [GetValueFromJsonOrDefault] ErrorCode:0 INFO: Read Imds response field with Name:vmId Value: 22afd636-aec1-4782-9055-f85ea283dc20
[2024-10-27 05:51:08.000]  [GetValueFromJsonOrDefault] ErrorCode:0 INFO: Read Imds response field with Name:vmScaleSetName Value: 
[2024-10-27 05:51:08.000]  [GetValueFromJsonOrDefault] ErrorCode:0 INFO: Read Imds response field with Name:resourceGroupName Value: AMAWin_group
[2024-10-27 05:51:08.000]  [GetValueFromJsonOrDefault] ErrorCode:0 INFO: Read Imds response field with Name:osType Value: Windows
[2024-10-27 05:51:08.000]  [GetValueFromJsonOrDefault] ErrorCode:0 INFO: Read Imds response field with Name:resourceId Value: /subscriptions/351651ce-5feb-4e59-975d-f1f344e2b717/resourceGroups/AMAWin_group/providers/Microsoft.Compute/virtualMachines/amawin
[2024-10-27 05:51:08.000]  [GetValueFromJsonOrDefault] ErrorCode:0 INFO: Read Imds response field with Name:azEnvironment Value: AzurePublicCloud
[2024-10-27 05:51:08.000]  [SetImdsEnvironmentVariable] ErrorCode:0 INFO: Successfully set Environment variables from Imds
[2024-10-27 05:51:08.000]  [AggregateHeartbeat] ErrorCode:0 INFO: Completed heartbeat aggregation.
[2024-10-27 05:51:32.000]  [WriteStatusToFile] ErrorCode:0 INFO: Sending the status.
[2024-10-27 05:51:32.000]  [WriteStatusToFile] ErrorCode:0 INFO: Done Sending the status.
[2024-10-27 05:51:32.000]  [WriteHeartbeatToFile] ErrorCode:0 INFO: Sending the heartbeat.
[2024-10-27 05:51:32.000]  [WriteHeartbeatToFile] ErrorCode:0 INFO: Done Sending the heartbeat.
[2024-10-27 05:52:02.000]  [WriteStatusToFile] ErrorCode:0 INFO: Sending the status.
[2024-10-27 05:52:02.000]  [WriteStatusToFile] ErrorCode:0 INFO: Done Sending the status.
[2024-10-27 05:52:02.000]  [WriteHeartbeatToFile] ErrorCode:0 INFO: Sending the heartbeat.
[2024-10-27 05:52:02.000]  [WriteHeartbeatToFile] ErrorCode:0 INFO: Done Sending the heartbeat.
[2024-10-27 05:52:32.000]  [WriteStatusToFile] ErrorCode:0 INFO: Sending the status.
[2024-10-27 05:52:32.000]  [WriteStatusToFile] ErrorCode:0 INFO: Done Sending the status.
[2024-10-27 05:52:32.000]  [WriteHeartbeatToFile] ErrorCode:0 INFO: Sending the heartbeat.
[2024-10-27 05:52:32.000]  [WriteHeartbeatToFile] ErrorCode:0 INFO: Done Sending the heartbeat.
[2024-10-27 05:53:02.000]  [WriteStatusToFile] ErrorCode:0 INFO: Sending the status.
[2024-10-27 05:53:02.000]  [WriteStatusToFile] ErrorCode:0 INFO: Done Sending the status.
[2024-10-27 05:53:02.000]  [WriteHeartbeatToFile] ErrorCode:0 INFO: Sending the heartbeat.
[2024-10-27 05:53:02.000]  [WriteHeartbeatToFile] ErrorCode:0 INFO: Done Sending the heartbeat.
[2024-10-27 05:53:32.000]  [WriteStatusToFile] ErrorCode:0 INFO: Sending the status.
[2024-10-27 05:53:32.000]  [WriteStatusToFile] ErrorCode:0 INFO: Done Sending the status.
[2024-10-27 05:53:32.000]  [WriteHeartbeatToFile] ErrorCode:0 INFO: Sending the heartbeat.
[2024-10-27 05:53:32.000]  [WriteHeartbeatToFile] ErrorCode:0 INFO: Done Sending the heartbeat.
[2024-10-27 05:54:02.000]  [WriteStatusToFile] ErrorCode:0 INFO: Sending the status.
[2024-10-27 05:54:02.000]  [WriteStatusToFile] ErrorCode:0 INFO: Done Sending the status.
[2024-10-27 05:54:02.000]  [WriteHeartbeatToFile] ErrorCode:0 INFO: Sending the heartbeat.
[2024-10-27 05:54:02.000]  [WriteHeartbeatToFile] ErrorCode:0 INFO: Done Sending the heartbeat.
[2024-10-27 05:54:32.000]  [WriteStatusToFile] ErrorCode:0 INFO: Sending the status.
[2024-10-27 05:54:32.000]  [WriteStatusToFile] ErrorCode:0 INFO: Done Sending the status.
[2024-10-27 05:54:32.000]  [WriteHeartbeatToFile] ErrorCode:0 INFO: Sending the heartbeat.
[2024-10-27 05:54:32.000]  [WriteHeartbeatToFile] ErrorCode:0 INFO: Done Sending the heartbeat.
[2024-10-27 05:55:02.000]  [WriteStatusToFile] ErrorCode:0 INFO: Sending the status.
[2024-10-27 05:55:02.000]  [WriteStatusToFile] ErrorCode:0 INFO: Done Sending the status.
[2024-10-27 05:55:02.000]  [WriteHeartbeatToFile] ErrorCode:0 INFO: Sending the heartbeat.
[2024-10-27 05:55:02.000]  [WriteHeartbeatToFile] ErrorCode:0 INFO: Done Sending the heartbeat.
[2024-10-27 05:55:32.000]  [WriteStatusToFile] ErrorCode:0 INFO: Sending the status.
[2024-10-27 05:55:32.000]  [WriteStatusToFile] ErrorCode:0 INFO: Done Sending the status.
[2024-10-27 05:55:32.000]  [WriteHeartbeatToFile] ErrorCode:0 INFO: Sending the heartbeat.
[2024-10-27 05:55:32.000]  [WriteHeartbeatToFile] ErrorCode:0 INFO: Done Sending the heartbeat.
[2024-10-27 05:56:02.000]  [WriteStatusToFile] ErrorCode:0 INFO: Sending the status.
[2024-10-27 05:56:02.000]  [WriteStatusToFile] ErrorCode:0 INFO: Done Sending the status.
[2024-10-27 05:56:02.000]  [WriteHeartbeatToFile] ErrorCode:0 INFO: Sending the heartbeat.
[2024-10-27 05:56:02.000]  [WriteHeartbeatToFile] ErrorCode:0 INFO: Done Sending the heartbeat.
[2024-10-27 05:56:08.000]  [AggregateHeartbeat] ErrorCode:0 INFO: Start heartbeat aggregation.
[2024-10-27 05:56:08.000]  [QueryRegValueDWORD] ErrorCode:0 INFO: Query Registry for Key:SOFTWARE\Microsoft\Windows Azure\CurrentVersion\AzureMonitorAgentExtension\46.19.3.0, Name:MaServiceProcess
[2024-10-27 05:56:08.000]  [QueryRegValueDWORD] ErrorCode:0 INFO: Query Registry for Key:SOFTWARE\Microsoft\Windows Azure\CurrentVersion\AzureMonitorAgentExtension\46.19.3.0, Name:MaServiceProcess, Value:6028
[2024-10-27 05:56:08.000]  [FindProcessById] ErrorCode:0 INFO: Attempt to find the process MonAgentLauncher.exe with ID: 6028.
[2024-10-27 05:56:08.000]  [FindProcessById] ErrorCode:0 INFO: Running Process MonAgentLauncher.exe found. ID: 6028.
[2024-10-27 05:56:08.000]  [CheckIfMAServiceIsRunByExtension] ErrorCode:0 INFO: The MA process is running based on the m_registry
[2024-10-27 05:56:08.000]  [QueryRegValueDWORD] ErrorCode:0 INFO: Query Registry for Key:SOFTWARE\Microsoft\Windows Azure\CurrentVersion\AzureMonitorAgentExtension\46.19.3.0, Name:AMAMultitenantServiceProcess
[2024-10-27 05:56:08.000]  [QueryRegValueDWORD] ErrorCode:0 ERROR: RegQueryValueExA: failed to query REG_DWORD value, Key:SOFTWARE\Microsoft\Windows Azure\CurrentVersion\AzureMonitorAgentExtension\46.19.3.0, name=AMAMultitenantServiceProcess, error=2, type=0
[2024-10-27 05:56:08.000]  [CheckIfMAServiceIsRunByExtension] ErrorCode:1205 INFO: Unable to read the m_registry for MA process. Assume it is not running.
[2024-10-27 05:56:08.000]  [AggregateHeartbeat] ErrorCode:0 INFO: Configured MA Service is not running on the node.
[2024-10-27 05:56:08.000]  [SetImdsEnvironmentVariable] ErrorCode:0 INFO: Querying IMDS information
[2024-10-27 05:56:08.000]  [SetImdsEnvironmentVariable] ErrorCode:-1 INFO: Preparing to call IMDS
[2024-10-27 05:56:08.000]  [QueryIMDSEndpoint] ErrorCode:0 INFO: Queried IMDS successfully.
[2024-10-27 05:56:08.000]  [GetValueFromJsonOrDefault] ErrorCode:0 INFO: Read Imds response field with Name:location Value: westus2
[2024-10-27 05:56:08.000]  [GetValueFromJsonOrDefault] ErrorCode:0 INFO: Read Imds response field with Name:name Value: amawin
[2024-10-27 05:56:08.000]  [GetValueFromJsonOrDefault] ErrorCode:0 INFO: Read Imds response field with Name:subscriptionId Value: 351651ce-5feb-4e59-975d-f1f344e2b717
[2024-10-27 05:56:08.000]  [GetValueFromJsonOrDefault] ErrorCode:0 INFO: Read Imds response field with Name:vmId Value: 22afd636-aec1-4782-9055-f85ea283dc20
[2024-10-27 05:56:08.000]  [GetValueFromJsonOrDefault] ErrorCode:0 INFO: Read Imds response field with Name:vmScaleSetName Value: 
[2024-10-27 05:56:08.000]  [GetValueFromJsonOrDefault] ErrorCode:0 INFO: Read Imds response field with Name:resourceGroupName Value: AMAWin_group
[2024-10-27 05:56:08.000]  [GetValueFromJsonOrDefault] ErrorCode:0 INFO: Read Imds response field with Name:osType Value: Windows
[2024-10-27 05:56:08.000]  [GetValueFromJsonOrDefault] ErrorCode:0 INFO: Read Imds response field with Name:resourceId Value: /subscriptions/351651ce-5feb-4e59-975d-f1f344e2b717/resourceGroups/AMAWin_group/providers/Microsoft.Compute/virtualMachines/amawin
[2024-10-27 05:56:08.000]  [GetValueFromJsonOrDefault] ErrorCode:0 INFO: Read Imds response field with Name:azEnvironment Value: AzurePublicCloud
[2024-10-27 05:56:08.000]  [SetImdsEnvironmentVariable] ErrorCode:0 INFO: Successfully set Environment variables from Imds
[2024-10-27 05:56:08.000]  [AggregateHeartbeat] ErrorCode:0 INFO: Completed heartbeat aggregation.
